Name,Location,Locality,City,Rating,Cost,Place_ID,Photo_Reference
Local,"Scindia House,Connaught Place, Central Delhi", Central Delhi,Delhi,4.1,2000,ChIJL8u_hDb9DDkRI1vFuCQrbIs,AdDdOWpN1-XWwq8OPGR1pV3cgSsf6EpE4xHtGHdgNvJjU0GOUd6Ef5vChPrmBmawLEU-tmPq79KKikOh6cSV-geGX2Qs41PqiWkv1d42jLmCd447xMd6FBMAIdhAdOcZaGZt1CN3UJ8Qx9K7OUlIj7_OXiToVTwvRJJ6gP6y918AWfx4cmOw
The G.T. ROAD,"M-Block,Connaught Place, Central Delhi", Central Delhi,Delhi,4.3,1500,ChIJ6QJTLjf9DDkROZVJmD_ulGc,AdDdOWpvSEt01msMSQ5OXEhcW8wLSkvWr4U2bRXHy9j5-sUnrkWrm4k99q_X2butoJXGJPnptDbeFj9A7sovz8XvGCdGlmBKNo08pvpIn6_XqsaJRfPQIHvQEciYGzN6hLFG46xha70y_jzuJ7vLJ2arm-A_nehTl17prlsWavlZttyUMNP6
Tamasha,"Connaught Place, Central Delhi", Central Delhi,Delhi,4.2,2000,ChIJ52Rpnjb9DDkRoefV8uKYSDA,AdDdOWrHOB722oqG5hxHBquCOabv3T1WRPxEnXirSLcsbdpbrXX-Ta60WRVMU4X_niM0y0evJtrSj97UMszT2ZG0GCQaYJQWbQxYQRbif9379ZYQ5GNZ8FAcK8pYDxvStfqrgB4y4uumg1MS99-HwjddRKV9RKtDEbtKMdYzc-zfGaW8s5pb
The Junkyard Cafe,"Connaught Place, Central Delhi", Central Delhi,Delhi,4.2,1800,ChIJR7ouiDb9DDkRoG-ENHESjto,AdDdOWquM3P0fC-0sn0_uRADkiAMc2fMJfIlmfuJ3gmfGxEVK8F7G9fVLHx3_Q_5ajKoWsN1fKShP28636s0dIGjhRi3Jaxhzh8MlAo68m0NdTqyoSoRfc3uWJgAMF6qqa2PKSq6ktWSs4XzrdkfFIr91jbGvuxwrj7bS_10lBhya-kduX4t
Chili's American Grill and Bar,"M-Block,Connaught Place, Central Delhi", Central Delhi,Delhi,4.4,2000,ChIJyzQUHgQbDTkRGGfb0vxDQTA,AdDdOWrV9PA_bCbtSiE-LY1y7S3qxm9fjZLXY7WhW7sCH4EBss96pZLt6a-P-QEVeBiFgpblt6Z98iSIBCasDREboqGQDU3YLNleIrdOYSaFAA23ckoFd072KEFplMzu_-kX6RkHLwmKIfaPQTlUSBhf_-DVZrZLJEwrR7db3oVKS_h11L8b
Ardor 2.1 Restaurant and Lounge,"Connaught Place, Central Delhi", Central Delhi,Delhi,3.9,2000,ChIJB0d0Yzb9DDkRZlFjlp7t-P8,AdDdOWrVxOmrUn0lxld_BKowqrxEkYqarmI6Dj49sxGlmnEC1q91T7TFICR5wAQFMerBCn-WTaqx1zAGG52R6g0W_k4lTekFU_mVMiVMvXJe8CeVe7qdMJ-z1tqO5mErfj1iWwg090V2upTCyZDpDh0FyJUcYMcx4yz8jHHvx0nW1mKytMVM
The Luggage Room By Sandoz,"M-Block,Connaught Place, Central Delhi", Central Delhi,Delhi,4.0,1800,ChIJYehaLjf9DDkR4jj6xDzDwNo,AdDdOWrzrOnxvud4JWcEp3BwN_A22gIhkcic6DHWc_7qXHeX2Nhis_0nZr4LjHww2BMpRP66XoxcuaJYQeZch8n9cD9dWxxAkOJMvmY84QA65If-5dKtJ9HqawddDasR9AuwKXWdo8iOAoTkqEGaBoA22WJiTSqnSMKFpVYPlq2dvcANRpT4
QBA,"Connaught Place, Central Delhi", Central Delhi,Delhi,4.3,2100,ChIJV7ZZJxH9DDkR4ThNy_PPlY4,AdDdOWrSQYZ4JZTTbq-ryuissRMdyfgNBlZe0D_Frhiiiao6JwpHnPJx0HjGg6aqtEuKTYKb46psmJWY3xojrpBTsCXi0PgpjiSkDHXnmDNxeAu-A2xOgi4V_e_9iAVd-NlBQqRG_yMLHixb3EqyALpivgrsZYHqzfBPyddROt0obcZSTeCQ
My Bar Square,"Connaught Place, Central Delhi", Central Delhi,Delhi,3.9,1500,ChIJUeNzGjf9DDkRhmYHRS-vR-I,AdDdOWov1PuIhZZGyHYF709ro2wLj0L9JO6IT1786JVkX48Ccmxb5_p8SwmWSqfjJ8IiWtrkgjzWBqQQCR9mYLM2Lu-B-G0_xhdyaxSM0778X-42HfI2ruPvKOOPZdLorD-gJzsp1CDMmQcVb7N6dDoTQtfW653kXQ9D_020q653Qr2bQNtZ
Ghoomar Traditional Thali Restaurant,"Connaught Place, Central Delhi", Central Delhi,Delhi,4.2,1000,ChIJRYszW7j9DDkRSxpjsuR9REs,AdDdOWp7xY1U27qt5rC6Oayfc_NiPKqPH-PK0GC_Z6Nrd_81DJeDyHC099kMQhDomtJGYICwrqtbN524kGHAvE_q9ZTA5P33j9y2L-XOSE6whGDLuqItKEDgN5HrOrXmaXovzSYSDjtNhN5Dm7yF_b7NeCp9KU_egwbWTfTdDqm5c0Gg1oQ
Station Bar,"F-Block,Connaught Place, Central Delhi", Central Delhi,Delhi,4.1,2000,ChIJf2ivlf79DDkRNgVyDkuGs7s,AdDdOWqZhAmDp50MzzLILoeMfJ8ow4nxnriVgCUkFvcDnOticTe0BWOZD3QBVMRnRXLO65H0Mbqc_GRU_jaC1qHX-DeHyaCVbZyIjx-qmPBJxAeasGKm8jmeXu6FGl3Gv--WUgktkIrCsQQzbRhadTh6h96YtqOjA7k-VJUJrWPAVUbxHLJ1
Warehouse Cafe,"Connaught Place, Central Delhi", Central Delhi,Delhi,4.1,2500,ChIJU2Dbcjf9DDkRkxy_f7bRvfM,AdDdOWoIs34UhecZH0xsDVE5YHXIFtLMf9C_peV65lpIw5SrdotRskNANu5qEcBDEQBKCnhbUfGlVAPv38io63Rkr-OCtRarMcwgdbJtwcSXKXQhT_xE-h9j6KvaUGfafAX_1Bd19Fwn96_Et0XOMTIw0jwIstpR5LgmQPC3yEERwlpQqw7u
Padmanabham,"Janpath, Central Delhi", Central Delhi,Delhi,4.2,700,ChIJTWBy_B7jDDkRI7OyaQA7F6c,AdDdOWoa0atJJB8jWvqd6N0UVxzJDLFOsUR3hesmojA1YVuSAPRCZ68QFkbPt0A1oSTvBgpZY5Alz1VndHZ0qu9a4x4OiAgKBJM-0Dcly5lGGXaAlxbgAHmQtRZPIk8xWGaqx7ymimi-7GdrZuSb3PnrWGAnVZmj36gZUyPv7JzJ5QOJ7wL8
Unplugged Courtyard,"Connaught Place, Central Delhi", Central Delhi,Delhi,4.1,2000,ChIJlW15fDf9DDkReQEHAQy4h_4,AdDdOWqNSKFp1eq03X6aTIyZDaBKOXMbfna7g0A5jPVMwTFhgzNaFCE32MYg0pbLPFJLsUu642LFDoeGvWQSZwgfSDxbOvdqj8QfeQ--e4GeVCPQd09b4ASZx0SR63Cbp0sbH-mrKUfJ7JUHQwfggoNIDCw0lQLHGxEEkOsuJSNrMkxyEdkU
38 Barracks,"M-Block,Connaught Place, Central Delhi", Central Delhi,Delhi,4.3,1700,ChIJRzcLMDf9DDkRQr1ZHyrC8WM,AdDdOWqUmvki_llW1RgHyD_OY_XFOC54BuZjD-m1D4dMBpi28DR00rlxVFDTZAEYpulSzWsLqTiersov-4CKdWXNpWU68Rj-18CjGsawiR-ccycjO3OERkfniwK3Pj99uIkwWas8xIRJQXTUWJ38IT64qL8r3mWkUr4fLYEazeEWcF4mg3_Y
Ministry Of Beer,"M-Block,Connaught Place, Central Delhi", Central Delhi,Delhi,4.0,2100,ChIJvf5v2kn9DDkR6m-lNFj2vvE,AdDdOWpGggipXuQ_MZCC6M3DUvHH9l1-sFTiT6orJj0_mH-c2TCwgi4GxR1QkNYrT39EZdMMe7Xr0YXGdjU5TOVImyQJAsHmSj-ySu9vzSBln_Lch-af_2P5xrRV2S4IrofNxRKuzxRdRqdGMwJUY-DpG8rLOv6Z_9iYbxPvwMH08Luwlas7
Sandoz,"Connaught Place, Central Delhi", Central Delhi,Delhi,4.2,1500,ChIJmxWbOEj9DDkRnll1p98TTvM,AdDdOWoVIG7nXkOs9CNdISscZwOJizSXJS_GMFeWAaGcLaAGzmig52R6IEoajQ5tSxk65fgqrDGCQQ6OzaDtrarIRbuEaG-v0goQcE1jjbvSlx-kftspEJ7AXib0OQ3dz2UP-SgsdUjJ86N92XgMBcBd2GZpHqp-xewZmQu9c7Mp7Nwouq0
Farzi Cafe,"Connaught Place, Central Delhi", Central Delhi,Delhi,4.2,2000,ChIJhSQX4zb9DDkRWCjFRnNLnyA,AdDdOWoE9Utz4zNCh6HZwZpGqUrxBOqh_OBHn4-ddb7mKcqg-FnZlZXVsFWw4jvEpgZCk5bZXCH4ObnmO0_ZXtDsA4J21aTZYAeJUB2tv3ZHER3GSCFdhbdk9CzPeIDZ8BsvRiNGir5xwJuvIZLbRGkHAQo--CDdq05NlM3tFUqqqk0Dl24x
Openhouse Cafe,"Connaught Place, Central Delhi", Central Delhi,Delhi,4.2,2200,ChIJZYWaxTf9DDkRWQYeSawJetw,AdDdOWoo7NHcTwNUE_5Pm_zRZksxqodtEyp7FxCweRKkSDZ8BKMvdr-5wpF08OWZmwegpdPfBQyZyDT39FyxAJXEBcou-FOsCra_i_YiR7cYA6iAhWyCs61SNCkc8kXaDGkpWAzggiQzuiGpiDjXg-nlTpnuYwi-NkGSm1Jp5rqyaH43ypUb
Lord of the Drinks,"Connaught Place, Central Delhi", Central Delhi,Delhi,4.2,2000,ChIJH-pizUn9DDkREnUDT6t4d1o,AdDdOWpvEMq5cP-oiTXYS7JTeyfPnRqFPNTrYdMLc-VUHEDZql5FZ2n8kFv5DqOZsEvkKiy6Tgqc7OlF_dyn0o0cHGdmiI4r0D6xd5rE6Ktb3JD1CXhpL5tJ2_AgWyOTwNdcA9Z_4bD_UX8NE8OIwUJOUiSQNF-E9tpCbBD4df4YUx20e5TA
Lazeez Affaire,"Connaught Place, Central Delhi", Central Delhi,Delhi,4.2,2600,ChIJoRkkjVwdDTkRAIIDsYsFGo4,AdDdOWrlS4alWoqyzbyIjwAKlv6KnUeqoMzc4aPe0urv3aQAVNOi5esYdObhONp8xfHpVNZfrTQsXufoW_I6V9l-QkD4gAKmrbz6x10MTzpIikqaC3vjAtKaMNgQEH48rrRNLK8mKfFvNrfPflDdEcApwmPa6ZtSIk0j8vdkoy-SOU0kunYE
OTB Courtyard,"Connaught Place, Central Delhi", Central Delhi,Delhi,4.1,2000,ChIJ_Ywrhmz9DDkRuWVXT-NjHc4,AdDdOWrlf9YT0SfiyiDcLMXBZ-uwLImF9Hum8KQXUYJGwmw0cuRKWrTzL4EXSA0JI-1v8x5XpRpfCtMaPB8_2rB0Dg4nb6EtrZikDvusvTnOSz3kLU_dVvzbpMbce7L6K-alG5yM0iyDIDk3pt-U1d8bqDvD6k7hbX6vN0CIckzRZITnPqYW
The Darzi Bar & Kitchen,"Connaught Place, Central Delhi", Central Delhi,Delhi,4.1,2000,ChIJqea9Hjj9DDkRpPJegcap2Ro,AdDdOWq-Ixz4xcz2TTmuh0FAnRlv4_-7y-QoFs2SOqcZJ8RABUTmFLxtaxJgE2K6-hFW-SZmGo_8Y-S4IHnHZlJBDGV_xjzkMsz09knzNJuJLxtXKrKbBxq4qQfJKVNyXN_H0W4Fg9OZ8pBClfQJqmdtjqVWo5aCwCiG_1ag6JNQXyPcwdi7
Route 04,"Connaught Place, Central Delhi", Central Delhi,Delhi,4.2,2000,ChIJZ-rDgDf9DDkRmOC8Wwb7iJc,AdDdOWoACLyuRNM6V7wG3gbeocgqjtR7k8ApAbgEh-K7NKd1RiVi6v3Zcn_AOl8fwQyTD3hQ_vyWT1dT7YyXwVfFqqQdKRSo3DPBrf2L5QMn3zzD8xMHhOFN76_prqB6MUDkVCcBfCap3LPaZzf-B-7tdEEhr6IGDhFfP__8QVSZFAKjvxeN
Kwality Restaurant,"Regal Cinema Complex,Connaught Place, Central Delhi", Central Delhi,Delhi,4.5,2000,ChIJWQ9V4kn9DDkRsAy2dYHprgw,AdDdOWq35agbhVkWtbFW9au_KQUSMwPI8N8bQP2EP_1QZfIkocZO92uc_7sHiCyFv_Z6ZlmL5vkSYBngKJ3fyk4ZBp4JHTF4ubCCHAR4GBlk2Fk9u3jt4qAYMxcFDqCyDPy-XOwFA303bx79Jk984NI7uwNTrNbzAKhAi9lLOL4VSHwiuWFN
Castle Barbeque,"Connaught Place, Central Delhi", Central Delhi,Delhi,3.5,2000,ChIJF1hd7vn9DDkR9jLETNcoSgA,AdDdOWr8IFPwr0YU3zvzfg5CwVZNU1aycZmRFvxLI_-lhV0QkpKjWdecSARG7fZifA3A-i-jrM4smI15OGj09t7RdliiSk_-5ut9E4_zKrWVrE0is-S30wSwlfq_sc5m5g8ToX6uFH2OX1qrMlT4r9a-uMS3XKuyumlwppC5216HuawGD29U
Teddy Boy,"Connaught Place, Central Delhi", Central Delhi,Delhi,4.2,2000,ChIJmQPF43YDDTkRFKM5tX10OjU,
Tamra,"Shangri La's Eros Hotel,Janpath, Central Delhi", Central Delhi,Delhi,4.4,4000,ChIJO5BCXDf9DDkRICL3HR_Jge4,AdDdOWq1D2N-r1-i1zjPPNAXsk88TR2UeNGG7Tc0fSHoPFjwWJhjYI9kwTrJEhX3pY3hnLtO1dppW6L6YYtuNZr37SyHb9y58BGuvBdG5tVEjKsCAkxMmQpjP0_TJ9zlhbfw-Gdp_pIivgfy_D9_5odxg3eSMpDXAN30EywXYvDBZ35KQICH
Cafe Delhi Heights,"Janpath, Central Delhi", Central Delhi,Delhi,4.4,2000,ChIJoaEEyDX9DDkROpxbk37EdOM,AdDdOWq3AmC3DtcIR_AOxnQ1gQ9yGfYK7X4nv2GmXvqqSoNgCikqI75lvAWeCA6WY6MBe0r1DZuZFo62JZUwKY8uxTsdqPgq5gQNfvTE-ufQhkPfreUY1LmxVZYTulUvriOpq1fogPs3UQLeLlAw7evcYx4IltjSmnraLOydcCxagb2Waunu
The Imperial Spice,"M-Block,Connaught Place, Central Delhi", Central Delhi,Delhi,4.4,2800,ChIJiZGnnE79DDkRfY6k_eRBW1k,AdDdOWpnKXXPQi214koFH6lQJhW-2QSWxee3WjSOGdxRzXCM_sCIvBarQUcJ53YNehf_lGapDpWtx_Qc4PGFj0GFBOFEsEg7tui9fLSPCoWp0zodYkk4CqrTYPW80jmBe9ztX7NO-LTKnSrKDrP0k0BIlfpx7j9-vzgXbPCClJCm56AQLEC_
Informal By Imperfecto,"Janpath, Central Delhi", Central Delhi,Delhi,4.1,2400,ChIJMUKhUjT9DDkR1sWExnQFcHU,AdDdOWoWRfA0YgwvPkjnyfbXvunMgxjnzLFydBWsvm0v7BRP8qAiggJMtDT7Mw-bc0VuEa2AW_8ll9bxWY--HnC8_Pt5JVh3niRpe8RQix6SKdBteRurtbyYrGxOKuzXMySOmWNZOWh8dljne6d7K26DmibXQV083d_jAHTOCqP21k7eDQPi
Boa Village,"The Exchange Store Building,Civil Lines, North Delhi", North Delhi,Delhi,4.4,2000,ChIJhy8iP6T9DDkRnLke4myrzAw,AdDdOWrZphJ24t1F-s50GZSnNO_n-v3ZaVMUouhxDQ7Wz-SFLnUcvTRceeDgAld_10o0zUaecHFHcC9TUDx-5Ewy-k8qChOula7kvSr1ZYXBz934dImIdyUpdbZbRhNoI4Pg9EPo9bQcl9JJMwYCYY5fHbNnKAP-7wgUYA07pyAGB8dQVuZz
Cafe MRP,"Connaught Place, Central Delhi", Central Delhi,Delhi,4.2,1400,ChIJNY7MeTf9DDkRJqa3dEMRVwU,AdDdOWpGn0HCPQcx6hi_yciwvD8ktMsGajNwS0RaK1Mz5xU_yzSASTyojl3P-eGDT-d6anwzohE56LA6paxGKm0rzPZVL1Fd-nZgNLU5Iu-R9sjv867EFnLfECmL22Rob606uKn0G5B3-vVI70IsyGd7RITf1bSyEXymBUTW03hFPfkD99Bl
Caffe Tonino,"PVR Plaza,Connaught Place, Central Delhi", Central Delhi,Delhi,4.5,2000,ChIJCVd4ITj9DDkRvVKGQ1YGcXA,AdDdOWoV6oDk9Sdn5lpZn2bjtJghKXJsZmpZ3rK5g9hIyR1KO1N0rTjffVyb2Tq3PxOcbvn58NgnUs86VsrgxMSEWN1SnC7bQTfbpXKHOj0M4wESBcEXaxVVea9D14ZUYShRzzSQpvl9XzxSSW_LHmtBMt72ut5yrjErofuFUQ9mq2sqLce9
Desi Vibes,"Connaught Place, Central Delhi", Central Delhi,Delhi,4.2,2200,ChIJtV_VYTb9DDkRsZ4QPQTZIDU,AdDdOWqm6mJLQKh9D38sAjZT69Kxn173ir42R1-03usreixClzHvuI_P8GqkgL7LUCrxy-lNuAcDsbWItl0N1r3kMk9R2y6HjxEz47fpJu-KHPTek4kfYHFi_pjp957iaxSYJaPztTWSAZkYEeAficq5ehiYeiIIDEqW22tPUntqqoYBumNj
Cafe High5,"Connaught Place, Central Delhi", Central Delhi,Delhi,3.9,1800,ChIJM8l1xrv9DDkRe0fnwjzyQ1w,AdDdOWoFV-p4WL2HiTlSgZX01M3rwphWfsXvqHaXJWdmBVTTIWrH4Bmm9UiR7JiVFYlaJEXdM_m0lyytY-D3Fs5GkMXtumli-1u0JFYLe4V43u6kQqFlQamlHAsPoYJw53RAYUyVoIb8965NvCGJTDFVrhyoclc-NCY5TzODzvsXfapB4wvm
Master Of Malts,"Scindia House,Connaught Place, Central Delhi", Central Delhi,Delhi,4.1,2000,ChIJ16WDmzb9DDkRNArYPtJqGk0,AdDdOWqLNbnRNkX_xHiJBPKdf2FDTo1QmDMWgCM04hn3Dw5W3MReZveIq25epPJLB2NrlJ6ORex1CST2qQ8gsN1Tf37jWeJMaXAHqEsPTNsb6IG0gAumYav5WNL11Noatyolgfydh3HsUux06VR1B1l9QG8gtkZ_zYsVJ14px1bzW4GQccHb
TEO - Lounge & Bar,"Punjabi Bagh, West Delhi", West Delhi,Delhi,3.9,1200,ChIJ5U4n2DwDDTkRrlDj7uXptgQ,AdDdOWohmiYlwHZr3w5ppE2mgtk3Kd6lGL-dEffwYE_RZBAsc2P-GvoaXVm-51WzwwgAkD9jzx_amcgyQOoqtt7HKcmt8HM9R0uw1mtXqEr4t3NGOJamNaTz7Io1ejcAkz8EvwwiFgx4U2Rg7WHS2QN82FzDcoVi4hzp6Ksf95Yzf-PkS5L3
Connaught Clubhouse,"Janpath, Central Delhi", Central Delhi,Delhi,4.2,2500,ChIJ9dD224D9DDkRJDrsR0EJT_I,AdDdOWqoUf4A_3raF4hBxPBuJj5wKP35iDRMc7vOG7D6YS9oEmpgg7poIiGgxi7QfkU9_qz9cCK0jXT3eakyX6oOfc_SiPchii6POwLXXq7IFDLg52JLghWkBkyv1vBUFGaOvCLBa5Ofbt17kMO15wVHagGntdOPMtPNYstrC-R6siIvRgB7
Cafe Hawkers,"Connaught Place, Central Delhi", Central Delhi,Delhi,4.3,1200,ChIJOwLavoH9DDkR42u4Q6yggps,AdDdOWqrCt09rfvVUIukEeDIcY3SMOQI3TxJwfVqurEWcTRnAd0RHK0_na9CdBp2PENpQv8ctThw1qhX3LW8u6ZMJtqX9VFS-U3vQ8puV3TfWt18qvExfA9VQRbECQX1K0ZdPJgImoX4k9JFVyULWmFrcsZRpfltoM1MznHK3NOSTNUR8GIg
Dhaba Estd 1986 Delhi,"Connaught Place, Central Delhi", Central Delhi,Delhi,4.2,1200,ChIJN9LgdkFmUjoRcocr0OWf6YA,AdDdOWoSszCtluzgLq_mh_oCimhmQPim5QfoP4cRnYL_jBFncVxBg1c4LqBSY12LxNn4UJKIWzDFcfsmMRoXNbHLyr2bPrn6fbq5JZIPnBWQc2DSbdzqteMkQX4AlfbhrHVdDhsHsCi99o_e-9ptdkWTBjzUeIelmWRiFTYLUCDyq-XImHI0
My Bar Headquarters,"Connaught Place, Central Delhi", Central Delhi,Delhi,4.1,1500,ChIJUyhDZjb9DDkRAv1G9gvCLlg,AdDdOWqyxnDVfQjo40JSwxTWQxofQJFP458f9PwR47puifvdHfKona3d-PET2X0GyxJZel_5N_vNN53qHdLeWdpG8ayaRvAGkG10YQ2FYO0QgooD8GXTIAG6h6ER4bG2EEqpecxbEg_B1bI6ycbKE-_MjAzYf1C_eID81ybu5vhggRELZX0F
Zaffran,"Hotel Palace Heights,Connaught Place, Central Delhi", Central Delhi,Delhi,4.5,1000,ChIJ58WOcjf9DDkRPKuduyUfwA8,AdDdOWpdopMplxCDb_cDwLNJLNc917tFPPXCQ8YMjKT45AF8CPofuiFyMxVu6ks-9cBezOyv4rEbw8wnhq0WlYUSGbwpcmN7An1fr2_0-9E17UhomBt3CrrK6M4l5q4t7Nf3UOmnMROrd3qHFJz0BzqZrFewFMjudpsrnIBZHtd3m3IBi5Dy
Oh My God,"F-Block,Connaught Place, Central Delhi", Central Delhi,Delhi,4.1,2200,ChIJOZCq8Db9DDkRpV3pTDz_ois,AdDdOWqUa-oeRxP0Cc4UvJOuSYTPnBeCTzEx_3BRSKOPdq5rCHgK3v_22idx3HvL8uIe9qqlocHm10A2F4MKFpnH78wkKFmhSDxYLKJV84iGMLhk1V98fUDeoKAf3Xj_wC9bFMFgGixxDQ0p5UcC1TrNrrGyQQlCS3dpHoE_N7hlNk9IcNrG
Daryaganj,"Regal Cinema Complex,Connaught Place, Central Delhi", Central Delhi,Delhi,4.1,2000,ChIJI-J1Dd_8DDkRBfKom8aB724,AdDdOWq8qQswEM2KRt1x_9Mt4IpZ74etiFySCsOeb6QuJQp8L7Z02ChXLOt1fiYMzH4Nvs4TGmMnYLtlWuZ18FSUNPstrJbhJQ8NRpfmH0sAigS5J2itPxXc0KvaHS8JSKmKBkM54uW_WGh3pfTlSzptVCfRs8nVz4cwTy5CVoddkXVNR4cX
Berco's,"Connaught Place, Central Delhi", Central Delhi,Delhi,4.3,1500,ChIJtQffHkj9DDkRTL-OkgPgk2U,AdDdOWqpCWgnfoOHBDShJzk4lr_1k2d7KWxsiI9vLS1Tz5vpFSpl2rt2nznXeN1jex2gs2zoRN3cd9BoJK0GikPZg2B0FJaBJd7f9DP7Z2v9ey6YA4ZoyVA_ARrl1LAoPF2lhWUDw9ce1XnS8NS7bMAXYp2R4xNgFJ8RxUBfUb6yQJ8twv2s
Barbeque Nation,"Connaught Place, Central Delhi", Central Delhi,Delhi,4.4,1700,ChIJy0njiDb9DDkR-9nuP9aWDc4,AdDdOWq1PzDXnBff4evmOrzPoIwHiNV_EY9EeF35TmKjfP2YTyLpsxFtTCfXzg1WmSGqC5Hh0S8vjOTY3qZ9WnZnSn24rxocJLMmbAZePvxklZXjUCRLWnU6h8gULrRXNk-gl-LZQ4a2JGRZRJ4nzE30Vhjg2CImjElnbgc1k5kNNq-FZwuN
Bagundi,"M-Block,Connaught Place, Central Delhi", Central Delhi,Delhi,4.3,1000,ChIJmR8xTvb9DDkR-Lcsw34Xxf8,AdDdOWqX7UZMbx6bmsnIbJ_fbFdXgV9EPogPOHY5WIptGI9BzxFOGE_u8vG0loTDTsNUmY_unuYEyQJM3v-mvuVraqC4h8Xc9v-LEA3eLclfgID9IMT0jHOKHZfLDuXxLn66KOQiWsXn_4ZqOb_YvC025kH8dkwdpQEJYWbyd3m8UrzBZ0_C
Biryani By Kilo,"Connaught Place, Central Delhi", Central Delhi,Delhi,4.1,800,ChIJDzwv5Hv9DDkRRov9sszqTjA,AdDdOWrNorZz6FqDtXLLzmfsbSqu4fWAx8gIZOZOM5_4Q7l6xFR9DkFqEUnXZojyi_Z_wU-3VKSBQbq61kif8wldE8WfMrHbHftJUgPdmWoRJU1pHngDY8Ue195Cws9lBuRKux3XFyfyMAXp0wNLC9R8tueB8c799ZZRfIi2z5ZxVX8Pc3Lx
Sincity,"Connaught Place, Central Delhi", Central Delhi,Delhi,3.8,1800,ChIJ14WfaPL9DDkRFgIUecXWyDU,AdDdOWr78SGKzSm6abjrEDCwDpSotccntXa7Lvb42DUJOcyYVMES6efqajlUFiZDOal77a2mzoLKDE_IuQnoGtyfCcQ6TKLl3NbYvb0ePMy_cr_780Rp0JA-lpyoJ0VHxyCo9ezttwzwWTdYJZ97Wd9c0TsUFn0fH3yha0ozfhPLDsYYiL16
Naivedyam,"Connaught Place, Central Delhi", Central Delhi,Delhi,3.8,500,ChIJbWk_eXXiDDkR6MiDYMABPiw,AdDdOWoLyPTofE9yYH3y2fwN6tZtuDT1LtUBuvhNJoicIzLF0Zmpx5qKvAXzMaT1huElXbfBGN_qslTDKlO8lh9knjYZyQx2ZIIYhrpVaNf65xtSgqDySXlsjg-sLNRXIYEUwwNvH8lLrFwFLop41gdtJtRrvb6E5_PgMJjpRH7jNwEAHKsW
AIR An Ivory Region,"Punjabi Bagh, West Delhi", West Delhi,Delhi,4.0,1200,ChIJ6cTkoJsDDTkRB4lVfSUh4Uo,AdDdOWpt_qBEKrb7jYnEUhe2smwjN2NlbEyTv2mISXD4NQxRqJfNCQkd7Sl-xHq-g5I4hAqFVVYmuw3dQDHrTVmZrfeQrIiJPn5RxV_c4bevILJZP6P6DovAlLAi0vwk_utTEg2RCTANa71yrFighstdu8n45WgJFUMjwCN6HrvULTszORcA
Punjab Grill,"Janpath, Central Delhi", Central Delhi,Delhi,4.1,2200,ChIJk3p_Gun9DDkRsdWli_EpjyA,AdDdOWoKC217j_Q_eB-meSZKVfWYdZSWdSadmucVfgLIYALVnCdLQowSdH4wa8Osg4uKZy4tpjM--fQ8ubeBOi2IqkGEKG80vmZXupGMcL_sE0e-cmermFZmDvtf40la7ixaDf1LROma1cvoKVbrELuc-mc8xuwdpzfL4lRWEBps3LMZmQJQ
The Immigrant Cafe,"Connaught Place, Central Delhi", Central Delhi,Delhi,4.0,2100,ChIJXyn46zf9DDkRNDwetzt4xfA,AdDdOWpa6ASmZoeG-euKNyTqMeA14s4lS-5AyXscvgWab9472MmYtdq7y-k4rDLan-Paqjbg_beH5geeKBwe8VE2Z-rZsMhSn0JROP349BJ3TLKXw_87t0fVm0-N-gjOhhBnRXiaq18IU-sy6iWOQza8niT75DGgbrfZmQVAp9mnZDgSIGN2
Pind Balluchi,"Janpath, Central Delhi", Central Delhi,Delhi,4.0,1800,ChIJ8RzMx_n9DDkR-YWmadnxKhk,AdDdOWqSCpb0zFwBLZgS8nZyKg5jbq5qRu8MtQ75-Fx4grcBL5H-15gikg4kULAl6TNVPTROSqWiSAEVSeK09nOMqazZ8NbAZDOWgJDptnTacIkAT9krKbrRldQrb6Op94-0K7gfrj-h9HcBPfI5ZPH70nrphxbiL_jzbyQJrEFaFfosHsX0
Bo-Tai Switch,"Shangri La's Eros Hotel,Janpath, Central Delhi", Central Delhi,Delhi,4.1,1200,ChIJY3nB6Y7jDDkRR2TONLEEgcY,AdDdOWoti13dDkUdT-vfm2QxdhU_lYWs9vJd-Ma2kN5C4Xr25MIPFMLhPluTksh5iuDU2Gll3iM7bVAK3tp3-YpPvLwLCrk-YbFJiz8D20mROCG6qN84MJYeISUhpoMu3avYNmiBXVQF2U0JF8Shz3MSx_60AuJBoA3oRkScP4Wws9kQdH3d
Taste of China,"Connaught Place, Central Delhi", Central Delhi,Delhi,4.1,2000,ChIJN5nOjjb9DDkRb6akhlJ5aBA,AdDdOWoCTp0W_w1iZ0gVco90z9fIZH-DZJ8DYJwR7aMUBPvwMr-9l82O1sWaI-M27F-fjvndIy6UPwstSr6wz4mkOqSIJr8btyQEYnMDgAt-89OAx4I3CT9Dq3nKPaUMbruMp6UxFRoFegPm6EfREQo0AKQNxZ5robTEl9qnRAnrUoWa3fTx
Blues,"Connaught Place, Central Delhi", Central Delhi,Delhi,4.2,2000,ChIJX8aDCjf9DDkRHe4bK8lmpu8,AdDdOWoS-NNNFV5of-9oajZc-XB5jSbPufKFeN5JR6Tx7yWs6pfnmtjJFGze2Ez8Aq0wDJGQNI0oXqVj73X39GnS7CXItC-K49MqvEp0WUu5cA2Kam7OwI4sRcK_0Dy0GpkUD9w31wDvXMROVDotR-XrXHg2ch1c0q2wsMJ5b5Z34no4astk
Taco Bell,"Connaught Place, Central Delhi", Central Delhi,Delhi,4.0,500,ChIJJ9EDcK39DDkR6pypVBmjLHI,AdDdOWpNhJ_f7hLAv26hXg-opj95gYgdZE0dKJfQkVRI7Eu5QQer5-vXU7peSjuAPdD3__DwA42xjQsHa-WKxLGWj8ZN-1DC4xScthBjwag1EPbLk6vbiVHOLAsgf6gPmGJZ32QZrm5MErBydUNOhTmZkOzzcUzXR35qh4ztgf3ODlZCphpc
The Host,"F-Block,Connaught Place, Central Delhi", Central Delhi,Delhi,4.2,2500,ChIJL3p9fjb9DDkRWXXyKILenss,AdDdOWolGjy7rswXzfS_PaPSDo-nOT_KF3nKiQ2IKH0v7jiXYhRDo5OgIgCl_V_Wz8-yowDESGBzK7lYeAqqP19i8iVBYhLs7PUr27Cty47cCG12DO2uk5QDFg6Or4J3iJ_Gq22cHbZ31kL_bPBkf-PxSIkYAaTTav37SUiOhe9W1y8uQVwz
THE ART HOUSE Restaurant,"Connaught Place, Central Delhi", Central Delhi,Delhi,3.9,2500,ChIJk8-4XHb9DDkRAFXwKkQIgCA,AdDdOWoHYmatqE0dZLTRICrsoZwJelDk8UwnbjQ6b_4wUfup_SecJ_UmXT3TIrNlmTXsBFCgKwUVgImF6-ZaCRkXyl01r46i1FUhxQ1yJtVA4mCR4nPf2Xcr8vAxByp9MR5vt6AwVUCxfG8nh1LuLVbHB4mqZDQWLCofKRBHslVUc5ZJLrRk
DR Zombie,"Connaught Place, Central Delhi", Central Delhi,Delhi,4.1,1800,ChIJv-vGgIX9DDkRwgF9stiqCcU,AdDdOWq_saySY6WuAugRRlV1S1_ij5Zz1X95RIreCkc3XXnIVD0ZTseuWnId75DrVVkuLcadI_WZ0gYKrM8u2QGLeVe1a0YR702UZeKrMTvP3zD7QtGIJoTSn4tOKcr1d7hl3cTsA7ayMmmljqYSrsO1XaZCfcx6OvKAbk_SXG1UZ0dZZq7c
Wok in the Clouds,"Connaught Place, Central Delhi", Central Delhi,Delhi,4.4,2200,ChIJIeXyFpgDDTkR7cUvLmckGA8,AdDdOWp2GCoNVvNVOJigPTpuL3sC7ZPLVUktRE-cIBWcW3BLmeJS4gsCJnI8fdg0iOgC6iAnygDOU6eeULnJTEHauVYgtnIp-b5CoHYGNMG-8JIhjW2Vd-wHDfMXrzJzU1Jtdg3Kkee6bneC_zIzvypvahoPMULcOF2emZO1kpk0yv782JY4
Kinbuck 2,"Connaught Place, Central Delhi", Central Delhi,Delhi,3.8,1800,ChIJD2MN9xv9DDkRbzclYug2imA,AdDdOWo2HBVmYPmQ36T7-0YsoY6O1Z6ld3uNsLfW2a6ytaakC7pPP06Zx_2wcmUNhmxUnQcR1ghCS7Yv23ukoyDHan2Uyfhmf0FdPRsCTIwPwMRrI4ah3FQg6RkYunc-jOSrqlS8dVXILmeOreSLuTdNOsv3MRvGQnmh7rpxzhP75wGWGRQ6
Ranisa,"Connaught Place, Central Delhi", Central Delhi,Delhi,4.4,800,ChIJXcy0w9b9DDkRLo6sAnE_0YA,AdDdOWriMmd7YNProv5WQH4HMDayut-V-yK6Q9NxBrrw2hjhMtekyjMMDccrWwdH-DoQKMhYAixP5xjh-Qovk76m52OZ2_Q__E-Q0dOuPqFTK-yEXHCIFVcFSoyrNVzYOrRJKWIN9kMfxk-ucZCFF8jmbaXCLGyYgeMerI7s917sBgVqAO0r
The Embassy,"Connaught Place, Central Delhi", Central Delhi,Delhi,4.2,2800,ChIJBbcQEjf9DDkR7cw4CTgppxU,AdDdOWptHwhwfviGEEdaLin9Iukev-60zLLr-mox-MjIc0v4Jxud3BB-zcMiD-K6xYQMw3JoMN3FCb6gO3WHY5HMD7RQmCokAYkpxlZYPRTNmtnEfrkYDMR3NJBoag_prTXhhJSUvkO6Nax18_Uek2wyxjq3o1RtavsaNaxIfZX4JAtAS4Jp
World Of My Bar,"Connaught Place, Central Delhi", Central Delhi,Delhi,4.1,2200,ChIJPRsJMAv9DDkR4ZQHAjvM7ew,AdDdOWq40jvyO0OskNuI8FDU8G3-x4aASMJ6ZXa8PkgEBJG22muE6EXi_nwsgGL2WUsjBnPukXEtK1nxTqhrlc4avh5naLBZyQskMLBtGdGEF27-ytRGk4EUoltj9p31pOxx6E4Wjmgq9VGr3tjWPQyv51ZO4ciCqrFvqdp2qbMAp8GQzThL
Biryani Blues,"Scindia House,Connaught Place, Central Delhi", Central Delhi,Delhi,4.2,1200,ChIJZddqJEf9DDkRAHhz7lKg9Mc,AdDdOWpNM15Oh06TfrJQrebuZgHyhVQNIHV72kqXfmj0VLWwNQUDzz-3A7okGn0bY5Feo5-eshC3pIemN36-5zRXP7mZxAx5StyyYro7JlPassjKSINNdm-V9IrCcu5NNkU9NMm6CjUnKYkAdZqS0g2_o1Hc2xauAz9s2WgPyeHe8pDlUpNL
Chaayos,"Connaught Place, Central Delhi", Central Delhi,Delhi,4.2,500,ChIJQ2on-Tb9DDkRd_muXoI-9BQ,AdDdOWrE5sxxuKfzvkpfdLTW-UNKZUu1DPee0QX5tlI7lGjoTmLtxhMZbg9-Ou2e8wQe4GwVIq6WmX5iwSnfMwzrokFcq6pl00WfILchTcfsoHmNBUzNy_zARUHvNfLGUytNXPXHuJL2LAnlomsmc1Gqzw90kJfgf0_UFA58by4YrtWFU8kG
The Great Kabab Factory,"Radisson Blu Marina,Connaught Place, Central Delhi", Central Delhi,Delhi,4.2,3000,ChIJNw7hG0j9DDkRDyPeVzC4nzc,AdDdOWq5pilKhsgV0x7-yhCwOV7wsYNUXX5u_IKdbZB0d3wX81giHQ0UPcVg0BQVsCaNP16RiWW40vQuZGAHqSdJCrihh71zR9DFCt6qcGss0xw_ykOhDx9Fw7clTQXrnyq3LmiRJD0-l-Tr0Du60BTSIe38Q00vrUo-s5_9i24JEFy6LY2n
Khandani Rajdhani,"Scindia House,Connaught Place, Central Delhi", Central Delhi,Delhi,4.0,1000,ChIJbXEPiocDDTkR4pvZy5D-qUk,
Chaayos,"M-Block,Connaught Place, Central Delhi", Central Delhi,Delhi,4.3,500,ChIJQ2on-Tb9DDkRd_muXoI-9BQ,AdDdOWoMeozTcEOZyPVXD8BIFBkFyARdPDfaxBhIVPOFIJ6bNfFa5UnWCTkZAyWdXNOpWSl17U8nJvK30KBu6jMQEgjcpo6u5GFTsFceihOa4ZpeTQb7iOpiyetLCDK3BTUVuGdnDgTve4fuUybxsEGIRXVQSJv9wD_FXQVAD2ybXo_9igbP
Mughal-E-Hazam,"Connaught Place, Central Delhi", Central Delhi,Delhi,5.0,1200,ChIJD36Kl2b9DDkR_G5re3cS2N4,AdDdOWo40ixLRhj6qt6Nj-cAHIfG5FWwy4Qr-dJ_VUqPODQgGFZGRxd7RiVStKUBuCHnHKytR1PA9n0A6hGIf1Ybu4dxF2KxtCbZJhJnYvf_x2jn5hzhnWpbFow3iBGE1AtwUlw5q8PykrfuYiv9uMxelMYjMHxkm5eVcJOds1POapWr28ip
Creme Borne,"Connaught Place, Central Delhi", Central Delhi,Delhi,4.8,500,ChIJ1QmBYDf9DDkRF4EGIFzLn-M,AdDdOWoGvDIMH1Rs6iNeUovJ492gXGwRHghpTPJli6dpCdzacwSBVlkWbWsyNuWiEpXQ7HOhiGmfNMmVKKjNm_1IJw3g33qb0pydYfsYAPue2iUQsKWkAe0JmpqpIJUsi_3eJZG9baliTbjOxi1SrKvy1CNK-r4iut30bwVFSaDx275VQPJB
The Imperial Cafe,"Connaught Place, Central Delhi", Central Delhi,Delhi,4.4,2500,ChIJvcO4Hj_hDDkRPCFQ_1UiY6A,
Sorrento,"Shangri La's Eros Hotel,Janpath, Central Delhi", Central Delhi,Delhi,4.5,4000,ChIJqxZShMriDDkRpKWstdJgQTQ,AdDdOWpWsQNrqm4PCK74Zfg5D85smyTSSmvbfn3Sa169nLC7K4lt7uNLvaItRPRpM4-406F6vG1ol33XPQJv8aRX-0Uak0uCEjTTcSCZPn8GnR9wEvDUxva9UNwKzkArQFfG-prh4FtgHWBXlSdt6b15OR8t-VeHlAx7XoyWv6sCpUDgzQ5z
Handi Chhadeyan Di,"Connaught Place, Central Delhi", Central Delhi,Delhi,4.3,800,ChIJW7XWXzf9DDkRjUtQmcBWoRE,AdDdOWpEkTRh5_wbrsSxGdXs-lAHhZG8l2opQmlKIGEjIfWCI52bOOaWR2Afa_6TdllHSQ0c0n8IEEKRlDND5qZ4T8VobjANAzopvtJR1zA8IU_lVosBFa0KXPseollVHLnJxlpFrJS3gIuc8DNnlslcmOGoAdU2EpXHc64o3eOvahXOfRj1
The Chai Story,"Connaught Place, Central Delhi", Central Delhi,Delhi,4.1,400,ChIJrfdC-jf9DDkRDmUMSZmkEqk,AdDdOWqET9a-domLfAA0vm_y_M6eYh69xDCgUhb4IpqdVjyr9wpnelm_7yvd4rhlaGVoZDTye2M8FDys04S4v8pT5FjmGpRJ-uNRxVDmTd8Ar0OfDmoZWaLZ4XTnnJDURNQZeVwD8ShKWe7XT3P5gmBYdXw5STvXDImBYyZkxi8jCtOr46hO
Fifty9,"Radisson Blu Marina,Connaught Place, Central Delhi", Central Delhi,Delhi,3.7,2800,ChIJ1aqqqjf9DDkRKsrV2eAT8qQ,AdDdOWo8xVT5bw3xCUZ5K76g9oSrmCHkJBbw9IUhNmuPAhs1MjM3O12RkHHNgFKhW9wFYp_CKF6fOXLzmrAjTMIN3jY5K1l4YY3-pvM1GAsFJhpYkDGBM9EI_hmjZ-DPSRB4Kf-sLSxHXKDjvZ25YqE339f9l-WSeHE8PUegv7kV3t2Gvthq
Shang Palace,"Shangri La's Eros Hotel,Janpath, Central Delhi", Central Delhi,Delhi,4.6,4000,ChIJGxdfhMriDDkRdEeuGm_NaYY,AdDdOWo5EsCkzGlbDivnjO5t8y514ct-86KqMREYcxnlt_ObP9W7UB-AWXkXyov-hQJ4d0quRvczaLwWzuk5jsrlyB_wUh6mhL7_PohBD6InkzFNYqV3JEmIuZ_PFR_4it5c4jDolhvoqYQv7XhzJZ4tYJ1Z1AAtSIQncRkoztWfjrg8TDZN
Veda,"Connaught Place, Central Delhi", Central Delhi,Delhi,4.1,2700,ChIJkZedEMjiDDkRTRaqQAiFNi8,AdDdOWr1CJi1V14yYEZGHIqMkvBWplItAUCQOefJGAhf3T4XpGmxx2p3vb3mOhNRZfyyrEbLTDEYGHZ7uPRBYLEV3PWlaImq-DcYhbLogcjn5Dy1kxlSyjElFj5pVNwNvIX658yUhoM3kXUtfktji7dNHD1cdWge8D1TBxfswm3-H-KDpBym
Baluchi,"The Lalit New Delhi,Connaught Place, Central Delhi", Central Delhi,Delhi,4.4,4000,ChIJRQNVljH9DDkRSAlh4YGzEVs,AdDdOWoekqEyvGkJ5_4GBr3k1wmydIpjVUzDaQy2Wb_K1gofvydia-t3G-rEOKo6txivHdOjySINbgjYxBmlxj5Cu4p8feGj7IUbH2QEkrF-0Y1N0sxeatsWLoDi9X1mJvexODznOH1ohMJlcEDwpC8RzLWtPWvnwursOsM9-7MUtUMp1bw8
The Connaught Bar,"Radisson Blu Marina,Connaught Place, Central Delhi", Central Delhi,Delhi,3.7,2200,ChIJg3MP3Q79DDkRSVK9Ss1RPV8,AdDdOWrmJtlbdV13pmeNCjF4JGZtr0fqzIwz_NiMLGDGPQ8ZHcRy0z-TeWLVLlrMW-4somiXQoopBgQWmvx7jHh4qBVmUFtENWDeXa7koyG_ALJvTyC46emywOjZAwxeQgTDSSQydgNUXRXUy3_iDLeJzZdH1W64qi4VGb92YnOceeTazWwq
Kapurthala Kitchen,"Connaught Place, Central Delhi", Central Delhi,Delhi,2.9,1200,ChIJEZwHcQP9DDkR-xbYphWXHtM,AdDdOWoj-UIr8Zn1Bqdw8VBvPnEc80tF2mzbZTLjelUKndp3M0oTZ1M1RGU98vPWo-zYl7Jmzbwof2dqiRVjVDh0A0zTYKXGqcQzUWO1dUoon8UarxrmUs6iyY_FVl9uEhnXg0F-7pRz72mhjz22xanC7ztWrWpZgg1fQqVzTNtH31IwQwj_
Bistro 55,"Paharganj, Central Delhi", Central Delhi,Delhi,5.0,500,ChIJK0_RSGz9DDkRZY5SwhqRrDs,AdDdOWp7ZwQkQEZbDvsCfmpeGM9xgoo9gsrEM0wrSW3Z5EfY9Juk4QK-wauWv8hDe6bwlDf9y_7UP76fY9jzntOmgdL224XztnxCICepIIBJjuzhGnVnyfiP2qcVWsKyhp7YjFd29uOwDNV-kzOxdIp0AhcrygPLQvuzNSvaBtXTo7XPHgr0
Giani,"Connaught Place, Central Delhi", Central Delhi,Delhi,3.0,400,ChIJ_VQEYvrhDDkRAAAAcP0V5x0,AdDdOWqeos0VdjXCOiF7y7hZC3ozBmtel5JF17NKtKv-gcBKMECds0m8cNTMdujcXgyQmOtGLpdkizWdy9FlHkhqIvGsmjR7_v1n8_JrQQYDptQNTV5RidB0bhiEeyLX4Kw2v88KwQe2RYq_Vl64ihfisuxmRIi_IFhgBZAxlzhYk4vfMxit
Mamagoto,"Khan Market, Central Delhi", Central Delhi,Delhi,4.5,1500,ChIJ0QjkF-jiDDkRM6GgdVPQqoE,AdDdOWpuUQfCxKaCoQR3afLdTgPdbFxzL3J1RKB9pMfwoDqbayqEi8v6DMXmsuZI2Gs8kMy118PgCmxy75xauk9SKMP0xlP-fj2MoYfDYx8WyjRaTGY3hPNz06VNgD_6_EyXnRbD9BgtZcYY9Kjn9MqgenyWihou2YKbMLF35aq_CIglS4t3
Cinnabon,"Shivaji Stadium Metro Station,Connaught Place, Central Delhi", Central Delhi,Delhi,3.8,500,ChIJcSxj0U39DDkRmGWBeJcs31g,AdDdOWqn4LECKBD7nNQAF4tnKw7RuFJn8QvDEzLnhbUrhfeQ8YroppkNXmWQlqiafVWyr4rJcPh0h7h9dpqPPcXv8WSzSjH4D-qr-n_WsjRyySkLwQxnmDRiMxzkdX8953wn87Zij5qIadp8ZwSD3UmcztuuaHKXFJ-vIXqN_-JTsxHgruAx
Fat Lulu's,"Khan Market, Central Delhi", Central Delhi,Delhi,4.5,1500,ChIJ7epNhwniDDkRnogq_8AqQtw,AdDdOWpPUKPyMJOamAE8ne1eGP0pdK0koajl01gl5rQnfSLzdSIKhZ6cc8XPHrZbha_y7k6vbMZLBSCp9RzLkzG3EAAa6Jx_JLxH9TfgV8MW9-qPFHalfWgXGSW-cST73hdRlHLJ3HFEtLTfKDSuHaELe9_mCxiXO4dyT6Fs4hd6PH_2OuLX
Pikkle,"Rajinder Nagar, West Delhi", West Delhi,Delhi,4.2,1800,ChIJ490ii2sDDTkREFcu00RGij8,AdDdOWr2DA4DOGbPwBQk9AER9_cZewKXDFjU0dpDGG2_qkcALcxeAoB_yUTliguXVHIkic9G23u0tCh-Om2IJY2ugijGk7Vxlw7MhPdXnUraQd6QaGgX4wp9pwYMlMFSFeZveukFkDxI-54yJk5KWNYEGYl7Zat5d5sMqUMcU6EkoCFUIiB3
Pindi,"Pandara Road, Central Delhi", Central Delhi,Delhi,4.4,2500,ChIJ4cGusFP3ZxQRiylydpgVif8,AdDdOWqATclKr6RkfznPHH4i_NbgmqOXjctgrueUNM72T2fb1-me9gK-HrwRtXBB0j3XeC-pMMkFAO-92lPi2voeM4gdd6sCyoMcvSp9uMrV-Dv9FFvTeRyqDUVzmppGDhCflCTmZIUd0UErnYHw5mVdmj7C9f14kvm3BfCo-v7pc9_sVBJO
Cafe Delhi Heights,"Khan Market, Central Delhi", Central Delhi,Delhi,4.4,2000,ChIJoaEEyDX9DDkROpxbk37EdOM,AdDdOWrfQGI09RYG7Ol6P2PvTuDLBicMKYqGcGgQLFsjgXC0AyRF__dJCOp5yvfonEkqqHiRzRCvXg3vUC-m5o9Y4nNlcuBwznPTImkw8af2_jnaQk4qxslfMG9RGHH2JUhP636nrSt8Tk_MbS7dnndrlJEVDMIjAzQ77vGEp6X2VCTg4NWB
TOS - Take Off Scarlet,"Punjabi Bagh, West Delhi", West Delhi,Delhi,3.9,1200,ChIJZ_1cAaIDDTkRDp4O64Mp0eM,AdDdOWrzSwpx--ge-hHwVyV3e6N8OQsDL3xPwBD6CUJoc0CoMHZntEvK2TXLttgvRyklUiYq0lyu-slt37VU_dU07iP81GheEkGKzK6bCuzu4rVZzh0HDz7vNOC_A7Q_gp6aGcmCJcRAyMOdBBBzKV8kdwyWkMwMWuCrXnX49lz44dMPLV4
Veg Gulati,"Pandara Road, Central Delhi", Central Delhi,Delhi,4.4,1200,ChIJxXii03PiDDkRCQfUBYvlTjQ,AdDdOWrXHntauC3t7bk-scQvR3en87D3uEtCV9ilm_yFTdB_NJ7uSLvYygw0lmZ-c6GYR8TrE1tnsgJCmuGeJldaC5rDdLs_V38Os1fRtTWWQPejqn-33qqN3xKsDwmFzHHH4UfF7YW_m3tY4g2SOaXqR00eTa0jBBKii3yZrMkiE9GlFVFB
Judge & Jury,"Vijay Nagar, North Delhi", North Delhi,Delhi,4.1,1400,ChIJg4ojva39DDkR0UFxvvpsT2w,AdDdOWp9CO8jqxESwm7DECIrzlNAMxRyGVMetSo9xDaaYrc0xEDyW0m33HhA8rkWLQlluxqkOaI7WAcAU79wjXOlzB3qjtJT9G4isMwmciCmWq9GVEbAy8XLbUOkwSSNAo04ehU2C8NfE3iwPLEE9s7MyLnq2I0dGTlJZKNwt7X0IWLO3K5Y
The DineRoom,"Punjabi Bagh, West Delhi", West Delhi,Delhi,4.2,1000,ChIJsSBIDFoDDTkRn9I3YZBLQ-o,AdDdOWo6-m4QUfn-2XI6NG6_r1ypBN_UnsdGvArHZpmbq7HS3BIASruc8fhws1J_7la0sk0HGk-sR1QJKFjTCQQwIFz8eCsbnAKpwEAK5Ph5IZDX8is4mnfWXPvRlFpTPu3mOs3rY4xKo8UIXco8xrXWbVAJJNyHbssBioMJmanMRXpGBm1N
Qbic Cafe,"East Patel Nagar, West Delhi", West Delhi,Delhi,4.3,1200,ChIJxRzXBvgDDTkRRTuk2s3sdkY,AdDdOWrIx72z1mUn7nWNTApaYhduxwOxaz8vwutn0i6V7oB6J0RVZI-S-kQZ-H52DUQ7mRVTgh4uj45C8LsWWWe4Kt6ekvfVOuP7RXuQeDrFw1fH0kRcvhV-BhtCtMsM3Cy0jtq46zEmt8yYqzUM89anRKJxc8EvAyHySbq6WmqsSKpEBFyN
1 Oak Cafe & Bar,"Defence Colony, South Delhi", South Delhi,Delhi,4.2,1600,ChIJFypRFE7iDDkRbolC774I4FA,AdDdOWqzVY3N5AYj98UmbpKZZqNBDxmck00x5Ly7LgJ5jm6zaTHb64iWNT2sIAkFArJEG2UNiDv7fYYQ0pmcX5C2yQKH7z7EZ2dXHFghUebInLq1zbb_JyOIJ0OUGxojHWpx9GqHzy8DqIwqvi-FHUuNgYAmTVc8YFcu7sks1K_KEjOe0eOc
Zaika Foods,"Daryaganj, Central Delhi", Central Delhi,Delhi,4.0,500,ChIJeWo5piD9DDkRQ7cAssycT8Q,AdDdOWpIKHcMCiyMtK1LSMEIAXjKDAvqPzvxnlGZusrki_CWyrMC04KB75-GUZCpU1YCRzvo-k2vfIj0l3dF2YN3IFv13gwfH8DEpr9f7B61EMG9IwDKo1YWP29s4DN8gcILKtDVvSQ5totI0RFYRDu5e4jZq_85cN7YrxE7HGB41QZ6DTBh
The Chatter House,"Khan Market, Central Delhi", Central Delhi,Delhi,4.2,2600,ChIJKUqVV8_jDDkRUGY-FfTpap4,AdDdOWrl_Y-riB8Mwx_WsX9vwvaNlBQYqHdh-VbunAW4FZkL83qkqyRSrUupawNRMSh02Oep3KqVC_qf1GeHrQz575d5Z31NojgsYdHSROctux_RlFNpYNNftOqbH8KwX5rkKmnLNrqNrVV5VzvIP53cxyw2T95TTpm9w5lASHR-pMfnjIXI
Dilli Gate,"Daryaganj, Central Delhi", Central Delhi,Delhi,4.5,600,ChIJ14PN4hH9DDkReTIuMuKvW4I,AdDdOWrNOYyKgVVHj3xkTcMkRsikSX2BCyxhzZtHoMPAvLU29Vk6mSuzP-uFiGzhJJQHBLSokn_CG0OWVb6PclnPhbBQSinxjWm8Y7Njj9edvofGKYBtnEAtHAvUjRLPSyXvNvefThHqgOoCIVzrhMvdjXlRIi3BFCiyRcb6nSJe37OLVdSo
Imly,"Apsara Arcade Mall,Karol Bagh, Central Delhi", Central Delhi,Delhi,3.8,800,ChIJUzd4-Fr7DDkR6P4qjKiPbrs,AdDdOWr6l_HSQh0uUGdeOyPnWLxOlqBKlXO_tE1EiCDH9MrpEVCHW3VeEOl4VEz5p51TCeiCcXUYj3_y0RKtlMJ4kU_5wrg-fWhE9XtgPw3RN0_8QflcKMo_y13HtGc0U93FPTfq1i8nOoqSSV9QdxB9G-B4TMYBFVfX3R-mXuBFVGtXUtTB
Ichiban,"Pandara Road, Central Delhi", Central Delhi,Delhi,4.5,800,ChIJLz76lNziDDkRw8baWGF1R-M,AdDdOWqEQZnbaPGBZOcVMuct4fq3vs1_qIYH3HzFymFzn6o3T0utrLiji_I9hAK-F-8WIr2n9VsO6kryeR7eirHNNJK2LX7V5yEHWDCU_HU-3y2JP92hkjEiCASOQkzFz1ket32lGhBchKzLLmKjXzzeU1-IXOjg1rOFijjdTYTjhkmAYe6B
Talli Station,"Rajendra Bhawan,Rajendra Place, West Delhi", West Delhi,Delhi,4.1,1500,ChIJmUh95ccDDTkRFb10YPKApUE,AdDdOWqvrMYgHCDFfqYkPxCFQWnNz1RtHMB5bPyWEEsJo5e8jV79vcHtZkPqN0OM9KegPUOiPfGnTjm3gHPh7eZj2Nj-quR9QVOMCiZBYo0oOJsDHCNci2YAHuafnpG9JcaYRblJLT4KmBnWLctgtQhcogYdSEVqAWbFy3AEYf14ltxcV0TY
Sly Granny,"Khan Market, Central Delhi", Central Delhi,Delhi,4.5,2500,ChIJOR96IYvjDDkRQ9yeudLRe6A,AdDdOWq9WauQIRN6_Tm03G-gEM6ilhSlWHQ1N6Uga1zUEAVfpHoG9LLBnsju6G5h01Vf3UowDQEcFGlm_Na5zhiUDQq2ODixyuqsNECxzOPZdKzY2Kvt5ceVMBdjZI_2PfjJA6_cwM2q4NYeK0Xhj02FCWqvP16TRlwa_t5Z9niOBkHxjdgw
Naivedyam,"East Patel Nagar, West Delhi", West Delhi,Delhi,4.3,500,ChIJbWk_eXXiDDkR6MiDYMABPiw,AdDdOWpyRG4S5TZw5cTd9f7JDRlYR2x_j1tgEQOmajc_xeoPejhIJ_lHWXcoyzs8Vqx-LG2R5ipaHC1HnIVl2bG4tIVWP1YXReVt6XYwRzOdywT3YC6r4zPF2dUOFsCpviVXIwH4Bd0ZEomXvx-fEThOekKRd-sASgF2_2OMOicgxoikhuX8
Lanterns Kitchen & Bar,"Rajendra Bhawan,Rajendra Place, West Delhi", West Delhi,Delhi,4.2,1600,ChIJ-6XuBZYCDTkRzRo4PiUTNYg,AdDdOWr7J_BLZN5FS1LmTb5F9QTwCnwwJJ5e3eOi9RlfIIVFll-ElMBU07JC_zozc8F7Q5kngTO1y6zOxlqktloKoHfn8f6kN2ON40WRRqq8_5RZUgvebmJ61anA7HGY0fBD_DZTq6RA8g6uJvOKAP8bRRe5Mc339FsPPNdEJsrPM_e7N7la
Gola Sizzlers,"Khan Market, Central Delhi", Central Delhi,Delhi,4.0,1200,ChIJn7nQ1Dn9DDkRvv88RE3orZw,AdDdOWooZioF2eQmvXT5jp0dkFqBcxE0SzqpBbqrQ8_cGeaZoCilujXa6kIj-sAEjOEGFi4r9muJXazXG4UIOKfEKI-qoIAy4NWGdXg9rACf-bT5S7L-4SsJTN5KpIcbXnQtB5HTznEohpuJue3QDExkzE-ldnDFD6Uy5s0B-fvPzgVQBY0t
Out Of The Box,"Khan Market, Central Delhi", Central Delhi,Delhi,4.1,2000,ChIJAbM0teniDDkR3tszjDvd0kw,AdDdOWohwCeDnsx53zdnrN8dXgVgaSJiKllPr263XoI-NFeuJgLJd3CAvIg2srK-Qn5FzFGPIINGgG73ydpZ5-BEAnXOrJ2_qeBv9ps3iSROcvJpQg2aUDsnVTqmAyrit5jLX_DjpJjLBzFlVvs84n-qD-FnzvKrMG3VM8hK78n8k3TrEfsr
Wok in the Clouds,"Khan Market, Central Delhi", Central Delhi,Delhi,4.3,2200,ChIJIeXyFpgDDTkR7cUvLmckGA8,AdDdOWo3GRn4LUZt_Qu6Uc2Qzh5wUrC1x7wxBC90o15yR_S4aUAwZ0K9O-GKqHBG2QSv7QmebtjQBZOBT9tA49eh3GDcRMww4fZLPbUK_ybD7ggNXYfSMn9Py7c9OBfyxnaV8mwwTN5zN97Dm38lFeG2a_0YAnOk3dDtrobxx-6VuRw8ewg3
MGM Club,"MGM Residency 19,Daryaganj, Central Delhi", Central Delhi,Delhi,4.4,1800,ChIJ5axOM9n8DDkR2ZrbjAxwbbU,AdDdOWoIDvzQqJzvwBgFxWH0XNNuiQCTHQRcd1WD7TCv1AgODC8etqigInPnP4rxaj_0jAKya_SiUq4RiPjNwlj6q2Wpro5XFj2jZkTnF7ZmThGydzIAFbOyT3rnB5U8Zy0_p7qJCIHZm4dHsjPx8jWtvv1eUBrOES1Rnl6ieiqpYLiZevvZ
Sandoz,"Ashok Vihar Phase - 2, North Delhi", North Delhi,Delhi,4.3,1000,ChIJmxWbOEj9DDkRnll1p98TTvM,AdDdOWprpu0OKO_sI0DeQuBigW8GvabuAA2VFzHWym4x858velLwh1cSIwT6wufsKXdXTrMb7xXziArkC5CtTJQx9iUf94kwaYnsUKhSAOpPYcEPq-dYimz06smao1FEsxyqajHNCZkH4_xEy_z0RfHn8jaFJm5XcdzHijakNSsvJhSRV7k
Molecule Air Bar,"Green Park, South Delhi", South Delhi,Delhi,4.2,1500,ChIJN1SIK3rjDDkRzjxyhER9pyE,AdDdOWoHfP2rLEyUqMQ3_1Prx8n1D1Uu133vLp-qvj8bVqxwDPG4uqdKYtLL_ItdSUZgyxCgTY-6w6W0XKqTNnnso14wRR0Raxym7kKL8KYomFlD6WBjNZnJWVVwsc-2GjCecLh5DOxqMSiI_nNMRppLjPiTweMxfqSebZsSTQdd6j-IJkon
Spezia Bistro,"Hudson Lane, North Delhi", North Delhi,Delhi,4.5,1200,ChIJvyWZQUf9DDkR60YGW4b3zlo,AdDdOWoJtisY3vM8I9tzxNDoH_ANrEpJVVQlPIUmEj4o4kQpMzYIAFdTqe7AgFwxfilhOA0BNChelKEUtmzqXbchUpsJuXdQIa-aDx47AOXsmWPscVKmIhbIM-w2_fzrKRFkPpFGBEpTbwFr1x1HNrrOBCymoRtlmxKvdlO0aNtXFhG9QxjI
Clue,"Punjabi Bagh, West Delhi", West Delhi,Delhi,3.9,1500,ChIJneKER5MDDTkRlUjE3cNL01I,AdDdOWr1BeoW-zuyOpDaweLMUZ6O1oAnQZBHEpwBUreXnFmHhq5doqljQC0HVDjHjqRYa4sdGSzEnjY6Nr4PIFLQYHdLpY1WBsGkaPkIvYSpClI5z2i85s--JrNbWlviHaIVFCUKQ_8CXjIf6fw__qCaObv__7OU4DVSPtvRobwECo5bcNLJ
Thalassery Restaurant,"Rajinder Nagar, West Delhi", West Delhi,Delhi,5.0,800,ChIJw0dldsv9DDkR8-lxRugBuZ8,AdDdOWqwoovlGcww-ABJG6xL7lvwyKFG6M566iNZHbrn9tcWz0Lg0O3-coc1HIEujkGJPr-c_o0iMMXFd_n4qyszDONaLm0bLGV59Ph9g_drcU5r80ueLwdi0hfjpYfbpOYFn56InXCB07CfIArkg_8vxclkhpz4TVOaQUb26ltTrrd8O25b
Anglow,"Khan Market, Central Delhi", Central Delhi,Delhi,4.3,2200,ChIJxSzSy73jDDkRzOB3EPHfNVo,AdDdOWoINuXdKyNTfOHMAShFgw0GJCDZxVTrLovUNOjgzaR1n-wG3nNeOSmAq4n1avCOGrsvbqaozkhQwlipJO_t69SxvFCqBnuJYDYJ1Vhzri_groQd1rs-l7npfpicBuo6LTH8WX4SmgJE1PL-adpRUPYUTFaY-3ggwRf5vdiQKM3qiKKp
Yellow Brick Road,"Ambassador,Khan Market, Central Delhi", Central Delhi,Delhi,4.4,3500,ChIJE_sfpcLiDDkRP5MvLop9SFU,AdDdOWrrvvnDNqDYPB-eIukdu0u4b7FDEsUJznt5YnGA_OMENqOHWLFBlFANADEwb4hu_K8gesBdSQC_Y6gvnzvGC0yf1fd1uggGFFpqkQX8m6YJp__6LzUl_AOMzEY1y3xrIA3qwM7WdJr-AOCJiVYRJWrVchHGmgRbi0i5j1cnTyP6vlCg
Suruchi,"Karol Bagh, Central Delhi", Central Delhi,Delhi,4.2,800,ChIJzYS4Lp8CDTkRcofd0LAa0Iw,AdDdOWrJfBHdDQ5n05aHPPVFJwui89B-ae2gLoeO-n9IITieIlqNounKJTTxb4EPhYQMjPp2UKGcijLb-v4geEmcuhMtEHIfPF-w5__ka-fe-qqcc0t0Td4FK2AK5CslVIx2oEp9wYbOuM00S1xYB5nve25k_KaGeWuzGt-hduqRzqDBZeNC
Sevilla,"The Claridges,Aurangzeb Road, Central Delhi", Central Delhi,Delhi,4.5,5000,ChIJVcHd4L_iDDkR53MlA_ArT8c,AdDdOWrB6GxELkoymDz3By8TddA8HrS6ZbffdNLoF1UznoteGzg6CBh33nQTGXHYRMD4okPI6ajaENk8x2BK0PqRjEENKjs3odBRFvCDDcXxE5k7diRRVsBP6r7GfkrYivvc7ZVxN5puV1_XfcN9w_OKkPi7E0jPugjt1zBXXexTzdTCo6VS
Sandoz,"Lajpat Nagar - 3, South Delhi", South Delhi,Delhi,4.3,1000,ChIJmxWbOEj9DDkRnll1p98TTvM,AdDdOWo1KtBgMPIg7iFeOuKryaf7SDjqgJmkkf6dY4HhngLNj-8M3eehuA1kDWAIZT5bsNECMUPvIKPPwSv1bTdwStML3CLTxQh8P4h_ErgoiAXqCrkj6i_ZEak4rXDAdaWIPioOdf9xcHIOjPtOxpaxUt9E-DW9u7JgMkjAh7TtaPvjz8g
Aura,"The Claridges,Aurangzeb Road, Central Delhi", Central Delhi,Delhi,4.7,4000,ChIJlWf2IUD9DDkRfZW9nRTykIM,AdDdOWqBFGoZYN9CN9t_Zcj5WCGxUfgXb2FQEN_GGLA_q6-QlFZFyNicJIfHUCtP3TTuVZkMTZW39NQyv6-7O0I0dkYF17hDfsG90xqOcwxz7neIOKfiImxJU2RYj4yGrer2J7vDXHjVhunp9BDAFTwHcGph2OByeIUo9qYnK6XxicmB7uuM
BFF (Beer Food Feast) Restro Bar,"Karol Bagh, Central Delhi", Central Delhi,Delhi,4.1,2000,ChIJ2xpeuWgDDTkRW3nE_oNJ_0c,AdDdOWoF-EB3R23wh7hgB4BLRQYXYBOvupNyafjtKSh-0nWQQWql4J5HTfTDZ-1A4s9YkAQwwa9klqIEcQVFBrUlZnWzXwgL3ZffFE99uvc1imv22zf-lklrgYERF0UoP-iE4mVRr5YTX8fiPyJAiR2GbIkMdjkC7qUoKk4AdJsdexkc4450
La Vie Pizzeria,"Khan Market, Central Delhi", Central Delhi,Delhi,4.3,1500,ChIJIerzPOjiDDkRezVrTNNGeRY,AdDdOWp0YE09pbM-5nzpjFmgQvIXH3bs3Hxur_6218rvLad2BEXuBtF3tAL2a43lkktSat5fMI11l2vqlQGYlwEEU2ce_W3QV9cuHjzQkOKsJvUJllgU_cmn_KpJpoHgGrMqPzm3NozlATdiVyzqt8eHVFNYSEKWFU0FhqvC99cSjdrr896E
Punjab Grill,"Khan Market, Central Delhi", Central Delhi,Delhi,4.1,2200,ChIJk3p_Gun9DDkRsdWli_EpjyA,AdDdOWqbSo0QhGVoTWwKt965nmKC1aC8euBvYRqHxRBF5lVhdlTZv9TydArTTWSR3Y0_4E2rO3LUQba9vf-_5C3ng_wiHRLFWzwV1JsrbUgFVwEt0aTGO7Dcnrp3ZxigDleC3kx6hgfOk4pa1sSABjpUCwiPsRKYI4AoOE-RLp9lO9yWPPt8
Castle Barbeque,"Pacific Mall,Tagore Garden, West Delhi", West Delhi,Delhi,4.0,2000,ChIJF1hd7vn9DDkR9jLETNcoSgA,AdDdOWrfZ4IiQsspTvhWiRHxIP5Ef69WKi4zL4TvQMpEDmNd1sqcj-CtiP9HYzfmGJyzNRxRgvbimZI-IRKk9GLgGl4o-SCdQELUpjD6gOuaeinTz7dXsUqqk7rAFbHB9KEeWl7pkM2CycPfk6IzV_4EbI7ealRA26GM_e7ImMl60gTFxkBT
Lazeez Affaire,"Malcha Marg Shopping Complex,Chanakyapuri, South Delhi", South Delhi,Delhi,4.4,2600,ChIJoRkkjVwdDTkRAIIDsYsFGo4,AdDdOWrYrf6nKVIwy7IIvqxbP3MUglvdmDDvKVErbu2ReLk_s6WtdaHu8zgLvK0-gcuC5e1gLtR9oa58VUT-ZpJpI-Lc4No74tBYpXlmLWXVx4i2oTyAXixGOWvl1IBWqZa3HbnRIyGvTJDWMgWuaap1Ew08PfoIT5IRVSza251Bc9zO1wyB
Gola Sizzlers,"Preet Vihar, East Delhi", East Delhi,Delhi,4.2,1200,ChIJn7nQ1Dn9DDkRvv88RE3orZw,AdDdOWp6YEbJELZUXaHELNwT94jeqzmUK-3SjC0W3VSU7LBT8ukEo-GXX4phhHiP6E3arq89nAX3mlwkzrvXNZGWFHITfiggtC56zHk8a3hBpRK0JLRWlULBV8duXueDAcjp-sZB5BbCRzDh6LXnAn7y5fBHPcv5SPiSjnIvUJMYofGuEX4m
Socia L Affaire,"Karol Bagh, Central Delhi", Central Delhi,Delhi,3.6,1500,ChIJ_5idDmgDDTkRMxTChfptX7s,AdDdOWqpRlvQqiU5-zIqqYR1OEaVp5bG8qrpFAde-kFfpLZ84MOS9Rq8fTH5oEsttxRVKuebBWvcxPN-R66sqKRVA4_mmV0i_jZlY5HOWtvBXcx0xZ8eOtrvuzptQXqTbUvvA8Bv0wBhG6bdl_9DQhbFH9GNSr5BM2Kg08OBCOImgKe0t4n5
Jade,"The Claridges,Aurangzeb Road, Central Delhi", Central Delhi,Delhi,4.0,2500,ChIJAa9zcJXiDDkRMcIEQhCxNX0,AdDdOWpF66Bcj-9zY7IkAl0pXH-mFRLx1LqZhAthDfrL-0PfmRBw2SCcj9HOEeQy39CteovaWjr1kF7iGIlWbBEkssrpAj5Ob-Hwc0lJrjHUdy-euqCrk6LExXMCEpvRSASO0AR75vWZrhWcwkYQFWHuNDN8NIFUimXNxY23X0dUSYvctnmX
Lazy Bear,"Hudson Lane, North Delhi", North Delhi,Delhi,4.1,1100,ChIJ-R4PItH9DDkRoooWjhxHGmc,AdDdOWpcrPvG--V_7CEeQD5XFFnmH-mSHYd5KuBTDR5g0J_e76mZprsz6OmzPQ07AaLEpacsiQ6jxcoj2wup5ZD1KyJlrct_6Uch-hibHCTvSxjUhd823sPDh_A6fzV7B6v473XIVjj92LC2yfF7VF77GdoiVYVISkfWJZlddSoOZlVsaNE
Local heights,"Punjabi Bagh, West Delhi", West Delhi,Delhi,3.8,800,ChIJMcqYU2YDDTkRtGyk-VKdJsg,AdDdOWoe7ZD3ewsPqP5BwTw4TPBgqincy1HUEt3mqBsWm6zh7JcGfipjfXyuIh2rKML05BnP-__fkwYZp5lo83A289w8c48jnZVIDQhixIGu-lx-eg5vJ1Ow9c7PqfOMEKLj3H7TnY8v_D-qndNVp16bBABHkasEoOi1yOnLropIuriEWkLS
Kaarobaar,"Rajinder Nagar, West Delhi", West Delhi,Delhi,3.9,900,ChIJn2f4qiYDDTkRuqj45l8xMwE,AdDdOWreHmzI85rZMGcc1OZg1xXdQezDj70VZ2VllMYypkFmW6parcq30SGpkAdSOsxMeW7Kncj4lnBm11NSSsZf0-0cAaDjsraRKnJuHQ9SOjdTMSQKjysyYlfUDnR3XOn_rjNnzIZj476KqiMfeSAGUZ4RS5gzTdmqHOB3tu_-TtUQkGU
SAZ,"Sundar Nagar, Central Delhi", Central Delhi,Delhi,4.2,3000,ChIJUY_XorjjDDkRG8CSp3nU37s,AdDdOWqvEnUihPw6LF_L7FTRXVnHKaAOU5XfguJOqQBIKIQe-gFNIMNrXAZVCbdOwIBtszeF4jopFOH6rxyriC3XDTlYjPGLBxPZFaviJqlNKpgnIGbO_OaB7DG0pG0Gzer23IGJvXQQ8sQxtgKQDuG_H_RlKTzFDbkBEG8sIC2Z9a0JIZEi
The Waffle Co.,"Rajinder Nagar, West Delhi", West Delhi,Delhi,5.0,400,ChIJBQ-pyvP9DDkRvOI5-wT2tuA,AdDdOWqkUTujwRKsNZSlh8rN5DvHFqENoDwxs53YWSeX1d9z6TBUf6Xa1wwVvXsEti5tX6ErfG_j38Pd6M9gQB19NanRy-vGJZA3X28qPsWy89oa_jSk-univBTbw7KTsJJWhh_rnKkB48R_sfJ7gyBgQc3GJvzww-XnbD4fuHUpTGx9pbTA
Qubitos - The Terrace Cafe,"Rajouri Garden, West Delhi", West Delhi,Delhi,4.1,1500,ChIJzXWUO24DDTkRB0xsX0H3irs,AdDdOWqOBIVa4ru3GO2r0RrCmleIwYIzJjUv4TgKPI1sh6IIk8c7pu0oSN_wwZRezhHI8-tS1mpU6lTTsGAZqmFCc9YvWDnRR0os0yUFx7RuN0ltY8fJXE994hjOfm5h4p_WrlR4W9xa6JiI7oU3drX3KCDDoSmW1BZ-hWSkO14JDU_tJ0Uz
Bell Pepperz,"Community Centre,Ashok Vihar Phase - 2, North Delhi", North Delhi,Delhi,4.4,1200,ChIJkVfqvxACDTkRzqehz0qKKkE,AdDdOWrMt2zRccR0fGqXi8rpjA-UUg4ukNSkcoxwv3jv9TOijjhzBGlZlrgcWRE8EMZTmyTNeTo6ThmFKx2DrqGsyWjJgmttLYnFAGfBOHeIsivbf_eYZUAh3emdBwcfDK_3b6NP2oedFiS8n6OKrIHVXmjniUd3IOrlgC-XSM9UuzV9Fuab
736 AD Cafe & Bar,"Vijay Nagar, North Delhi", North Delhi,Delhi,4.2,1500,ChIJf3RTkzv9DDkRBOJn3OqAkTw,AdDdOWqD9qAn8M0F9BDWEDeBEZrrMqlho1um4Kyf3ypEjqU4xCV4ORPB-Crm5v8OZnRbVnK4wqFoULhAKNzHQhkmIsMDDprViQoZ1bQZY60ksO83RXdaEuI1fD1biBM3m6a69nsc9IJYlvsIt4U6TQGM5bwknOcU1mQ29piPZXqA5buYfoZH
Jamun,"Lodhi Colony, South Delhi", South Delhi,Delhi,4.4,3000,ChIJx0C94vPiDDkRA5ZcDrX8lXM,AdDdOWqmX56e0UMuu8okvtmH7w4ce1njh-Tila4O2P7IM59qrV7hjvrRbg04qdrX32QIFUounugt_OhAt7F4ZHf-us1zlPImC-vtYIDkiVV1FG6OAzOk4FwZLyRbIiskYtZlC-wC9eMVGYCKKKgW7cTpsPbaPJOHUs0ZqrDOS8lD_vkozeAH
Ping's Cafe Orient,"Lodhi Colony, South Delhi", South Delhi,Delhi,4.4,2100,ChIJCWkUAfTiDDkRDPqIZjWQM00,AdDdOWr0xd-wchl32s_wcu3slbdrkhFhJeRxtExeu_FcTKHJC_evOwO8A4wZLJ74nPsfYnpgGwyMZyPN-1TDOOjo2tZiJmMCY3HjDqIPrAgYh6vrh5_RU1-bkULTh8ql2BkR6kjL_8sjpwN1lRcbSTrwwAH_3OqzNIb77mLkKXQCA3LhYyqq
Maini's Green Leaf,"Unity One Mall,Shahdara, East Delhi", East Delhi,Delhi,4.3,1000,ChIJtdC4GMj7DDkRv9DJQxdk5WM,AdDdOWqntaU4cuaN89-zp0mZp01MeJQGnVRJ07kCME5Rem96jwVACP6AYLg5Y7alXW4iCBL1XX5IXmY6bc9r8De7L0TAQYb_zXsMMsgnHoz8W9xoF9yekYBRuO7P6Qu8gsdispdbieyGJS5414-D1syKgmWBtmjl4sr9AH_7YLwVeTUXCOcY
Elan,"The Lodhi,Lodhi Road, South Delhi", South Delhi,Delhi,4.3,4000,ChIJXbk-0OLiDDkRn54NHAbmF-A,AdDdOWpP5qDtaaOCe91UVmR_rv5VDiro-Hm6NSYEI54KT8QMPxclYQNtLGIef-UKVELol5wXsrgUcckHgGk72kvbejGR25J0-FJqZSuTmAs7rFsZl43aYmf5zu2ED7aM5nRUcmnpRZLw6lc3K_BHKeADlrOKfXFEareWInpJhINdPuqKnm2Y
MKT,"The Chanakya,Chanakyapuri, South Delhi", South Delhi,Delhi,4.5,1900,ChIJBxEIXr0dDTkRbpFIMe9LhBc,AdDdOWo7GOnUYlQnsNAAgrBO65LxYLb9ZqMgeh9AwqA6OX5rBNwSbtl5yBJS_0k0oC7j45zFJz8xQorQeURNjscddr0y3YI9n-k91ZMJB1LFbt_YyH2nw4bIAAAGadXAP8X51BUkDyXYyw0JJtfnyiMZImpjrN4tETM6AFMwdQkFj7Z3Gpei
Sandoz,"Karol Bagh, Central Delhi", Central Delhi,Delhi,3.1,1000,ChIJmxWbOEj9DDkRnll1p98TTvM,AdDdOWrqNCn-P1AODwkmCvB3co1EhDJ765OWeL9uD5abuJ0ht_vgjj0Ucfdi4liG7tdgXech73wggwW7zCQjUOXAHXDrjh6GRB0Pso5OG9FTde4LD7KQGnsiEg-pvlQEulwUP43eIICTfTbeol8dI-soupeJcnKFcXoik6_nABo4zIaYa10
Guppy,"Lodhi Colony, South Delhi", South Delhi,Delhi,4.3,2500,ChIJl5jiWvHiDDkRbl0bC-x1uYQ,AdDdOWpiBHDPV0fKudOmRqJSauHDeZF-jA6l_4eTLTGWFnvtpP5d0SiQUI9S1H2hVE_uVzqv0M1dSThrMWraL3GO2tYaOjvpPnG_O4mVFdfZZBM7nHapRBiou8hgI9qjLZDaA5ADmh4_9CD2EuGq6wo5GAEFA2uysuyq4EojlArMZeqfQnMB
AlKauser,"Chanakyapuri, South Delhi", South Delhi,Delhi,4.0,800,ChIJv7TPv5gdDTkRWou5UCOM5FI,AdDdOWqbG4_OjSQnLplbsLyspW_N3vkMFwVNKyvPRaTlfNgArFxff9imPw5o7cbNRVAkJc0AnctxAlXuLcxBobx3bfHZTUZ8GCzJMw9EMp8YiAYKzYYWshlzgVZLoBeiFOql3WsCBMXQXfQpPOaaszgzdky4eYf4xkaeS9AFGNXLwX9XA7Sa
G2 Cafe,"Anand Vihar, East Delhi", East Delhi,Delhi,4.2,1600,ChIJCWkDwC77DDkRi3DJByKyDaE,AdDdOWq90xS997ijqPTrVRXCQ1isXjOlaqGrmd2ohmDv3bxIvJ8NrzKZtDD2bODECUmyAC8uhAbW2wG0WyfYMxGaItDW8vghrUjRjOeU6TsZ1MKofy8UiEMIEPMiNBwq1JulfuYCPo4TnBHBcdv8shSacGzz7BEVuX2EBVk-XE4XleT2sDTC
Breakin' Brew,"Anand Vihar, East Delhi", East Delhi,Delhi,4.6,900,ChIJ6arzKxb7DDkRFv7pifdetNA,AdDdOWrtle5n-bQlzcRAjDpPB3Dvspc7ZJ4DRnkkmaoLPxBT7em_TYgsBcmUSR-5TaNFpDY3h0MqDSKvPqlPs0FVKWXnbGaHNR6mceqW-39uOgd0QyOdZAVXk4vMxseesSsO8OfwvqiTK-IXnEv_JUNBlWFo-Ye1sRYOi2M6q9aKlkWEFz-8
Kake Da Hotel,"Rajinder Nagar, West Delhi", West Delhi,Delhi,3.6,1000,ChIJ04WDWzf9DDkRMfumzM044fk,AdDdOWoBRvltdProWgYOyHd4ovVOzrZM-PrTVhnsDnxTc8ZHA5Ly6MbELtqaxto-x9KlaBmz_Cc7y0LSSG_7fEP_iof8eDcNMTJr2esUS3R8QtKRa8D-j3prulQymHlHjML1cXWhy5vGbcGpRsv2NTYQ9zNFu38bRb9IQCr4K3IixrwWSQqd
Bake Club,"East Patel Nagar, West Delhi", West Delhi,Delhi,5.0,500,ChIJKxVFie8CDTkRDfIbGWBvlSU,AdDdOWqKpb2Ih2jnsrfAbzEBeYuedaAsbCer0Ciu9kh0Q_nu5yVj7eqA77X9nhkSk-rJQ934rpBIG-mX7xgkp4KnJprLF2E6ciH9ccyCKO79NOArMhCPBuu8hwpTPvnHl6MWt8OV5H3HGYJu882_l7DViqXNHse5DnqLXFlMSbieRTVW7We3
The Sky High,"Ansal Plaza Mall,Khel Gaon, South Delhi", South Delhi,Delhi,4.2,2000,ChIJk7EPcETiDDkRnvPO4raPAa0,AdDdOWokxJhZoS4S1tEZIll6Waze9chWLuXJZYKtrSub6iZRVufDguJX6iChYeIdIvRBuHtcYZCPTkS1On0Rhtgjzv6JOwXAADPDdO0oj6YpRI1c07LzvDt7ZRx99308zqb-ZakbJ5M8795CSXHpMFukuapwydjIPnjaf_MOaQh_7ATtK99u
The Salt Cafe Kitchen & Bar,"Preet Vihar, East Delhi", East Delhi,Delhi,4.3,2000,ChIJVVUlhWr7DDkRc-bEeVoh_kc,AdDdOWpRByUG26maMYaP62JUzJ54fngS5ZqVXslgCS5eDA1VRk1sE0qDGpNCTJPqp1-l4GJdzvZJ60zv0YwZUFwwolBE0ii6lSABPJMARR8hYn0lygM_jP5ZsvORh6t7cM0GaglzsH2U2UY-SSg4rtYc0fRpSXiEGXv8RdIWjiMGPnYO7-KT
Sana-Di-Ge,"Malcha Marg Shopping Complex,Chanakyapuri, South Delhi", South Delhi,Delhi,4.4,2200,ChIJMXfgAKXjDDkRTgQ3t7KAidk,AdDdOWpGIZHzgyoEQgEL0EiI5Aj0HKCKanrcxU6It_SLHqc7T3_uD5MuRryzWZb0MlSWt5qxqgjazlcXyB0Iof2Z8XojqzzGqLM6Bg3A8Ndc_dGXwoMbW_snAB08kKWgyHmK4g_hQfiPqyF1nx7LVQWju89zLqR9Vwohwsoblj0A3VncQkRW
Anardana Modern Kitchen & Bar,"Preet Vihar, East Delhi", East Delhi,Delhi,4.3,1700,ChIJbTCqygX7DDkRIhLsAiAmrik,AdDdOWqWIg_xBSvR8rRCxnA1W8mOkmwvbnYpgr_xz5pTy1N3HA-9Jvo5-8yfEa3eNlh3mlZ-FU17ISQD7hHdt27BSCTnvlXMC5yUTYEJ-rhOE-WadmuXzSXaKvku4-ZfEjcRAq3FW-0_VmVUZ9XKr8vpjAeju60TWXcjEkdf5WdPjFtTmAiA
Perbacco,"The Lodhi,Lodhi Road, South Delhi", South Delhi,Delhi,4.0,3000,ChIJCXIDRuvjDDkRYgqiaR76EP8,AdDdOWoQs34sfxuGYmeF7JQOqN9pYj3ZjQpN7maQHJTjd9fCbYI_LfYzW3sG1bA6qsuRrGDP2G3PVH-zhzjHrj-3hAT_k6Zgtblf6AoC5C2ztuWMpPxUXyM1RuldZd1Raguc4N7w4CmCxVJn5CZaUirpASxsiGgXSrqlb21NzOss7pnN-g8T
Uncultured Cafe & Bar,"Kailash Colony, South Delhi", South Delhi,Delhi,4.3,1500,ChIJ0QjjKjXiDDkRZWCPzsZV-EM,AdDdOWrTh7I96cAlvmCD0ckKLfdfdO_n3WasazW_IYWM2MtSsOqnjClzUjwCXxiaMdHfxzqZxvD3pcjdc3ReuvqWXhtOeRFx9eEZ8wHFMd0WSSWjFKk3G7Uk5ZcPrawumDKco3v3bSFYIsB6r6yOrhlbXpzDvlFtEm9WOzjj-jHLeid-gK5K
Elma's Brasserie,"Mehar Chand Market,Lodhi Colony, South Delhi", South Delhi,Delhi,4.4,1200,ChIJeQh00fDiDDkRBqm41s9M9Wk,AdDdOWrxb6E0w452OBjPjM4aw1sQo8TjPRr16oFqjn07CmPORst82iSDp33nBGyZkt14GB7e0aSbgTMYVmagZWUtvdKoR2yLAYEPuU0QjOxhCmQCCP8pEPCyDmEimg48bKqK9ji4niShtfrll89f6FuNs07inF_tnzxtFIK80t0HMvPUMJIc
Verandah Moonshine,"Punjabi Bagh, West Delhi", West Delhi,Delhi,4.2,1500,ChIJGxOp6qoDDTkR1b7lmPKdc6U,AdDdOWoX8hS7cguxNBwPusL2CbeY7a9v2rP4Yu60XCHkqMgdI-77fZp-SMoQnWWPyva4YHHB53bY-zw0oIkAQgQ2Ww5k2fIVQqHAfCWGzzPxK7RI6_-jDutUFTiWNSeQ6t7hXnxaVYzueXXFUOtwH-fDfzm0D2TJ2pA6YBATCRZMqTj3Y-sl
Breath - Fine Lounge and Bar,"Punjabi Bagh, West Delhi", West Delhi,Delhi,3.9,1200,ChIJ52BidysDDTkR1SFbssLNZR0,AdDdOWqyYtKYzXDZQecHzMA8l1WVDkQkPgc_86tAqVl69d3C0piVjxNyh6EcKESXGhTNgtN0mRI7pp3B6RAJAHZzgPqAO4D_kYjHjiYpBJ8NOk5GlQZ-3UedFFZdUKJPiKDzH79G0VsbqMV8RmvtFt1AnC-7cvZh_WLoEV6oecuNTFvt-Gz-
Pinjore,"East Patel Nagar, West Delhi", West Delhi,Delhi,3.6,1000,ChIJUX8Lid-NDzkR-ZEmEZQoVeE,AdDdOWrK7oDyMM2j_Wy_t8n9kSodkgaFsbOG2omYb4BdZQQwqEFj_Teve1dZtfr5d5n1saNdGTxDfGp0td35gnoyhB11nmMYY4473pu2XDWKipWbsmlBagHLxFjkAiOZ1YJUzg8-RhO4H7OhGl37Ssl-wpLiF0IuanFkGU6Nn41teMe7mMH7
The Barbeque Company,"Jail Road, West Delhi", West Delhi,Delhi,4.3,2100,ChIJx_VPB_v9DDkRGVv-MN_91uM,AdDdOWqKuoXcMxuRjU5prpZCvYCitWEi6fQGlYf472QPKN2p_GWcbffFePsc72cKHCftFyYWa4-zfs_appdtqvfxs-xrxEn9lO-NGRIieXRcT4OqZXn0CYQsr74zVxKmeOeDIDShEKbqfJ7oHCIHk1J61YrI8rtatdVqnZK5umbarCcEZIMh
Xpose Lounge,"ITL Twin Tower,Netaji Subhash Place, North Delhi", North Delhi,Delhi,3.9,1700,ChIJr4nA3Bz9DDkRd55yZvYyP0U,AdDdOWrP9wnfeP57spfUohQhGrtQ4Z_Xn2m7Y5Z3rrcScShNMSNAFSTqhzIaX7IWNe7DaDGJGKNV-24GarpWzhPbNb-MLc_tEwpOfU8CH36-PrzT4HdI7TiM5SZaSeTYMuVryT2Su-n5rMtyJ8g_CN6DC1yZs1mQfjnA1vQ-z7AuyQPt-KBd
Berco's,"Kamla Nagar, North Delhi", North Delhi,Delhi,4.1,1300,ChIJtQffHkj9DDkRTL-OkgPgk2U,AdDdOWrGupmb2XNGmnZHFsEdoSlPwiGmHgNgRaMRtjlY4X4i658yJ_oSgfmiCzu4esCByl08Rb9PThPJ7V6WYhV5L7iljx__8Cn7Sn4pXnxSnnecVV7t7jDqi16o-NVaDkXT1fu5mYAfgoWuo_16pC0A8MIvGuKRLzsC7Tct8xFfXutDWUyK
Gyan's Restaurant,"East Patel Nagar, West Delhi", West Delhi,Delhi,4.1,800,ChIJq6qq6pMCDTkRM-Xpxacs8nY,AdDdOWr4gQaVVbIowzCNsC2cU0Y4221JHdD9uDgI12_D-pMIOOtpBb4i48cTEZl9GRfxE83ApWIElv0YXTwuyINKRtLFmidR7UE6bNlcQW1PYCLqjxWUC30u9zGYOrg9hpsbI3DEf7mvcoHXyl8o97Ylq3vx_Hpl_AAqOW8na0_L5uxQed2a
Housefull Cafe Lounge,"Hudson Lane, North Delhi", North Delhi,Delhi,4.2,1800,ChIJsWlOvtf9DDkRXRWieSdr-Qk,AdDdOWrP4g74FTkzbvrviI1u7kYMEUIfyJWm62Wa_HxGDDOGEfzTjc6n-H7fyOBftO-8uiANOyDZVS2L7BYh1Ux0fF8aZi2w6iwZVps2GNvja2fY1T7aAbxD3PPE87GQSW4V6JKfLf9EENjPGJoLC6gXcFLt7Wpamp20_-qNuSWn60Q2caM3
Taco Bell,"Kamla Nagar, North Delhi", North Delhi,Delhi,4.5,500,ChIJJ9EDcK39DDkR6pypVBmjLHI,AdDdOWrJAug_zi3nQ4cN1mGwIJv402tYgVsNQ3nKYtRIPhjlnvT3-gbwEoaZRsqDqzCuy0jxT56FGDX-hdXGsPIaM1cOnwwd05uV1RUMmCvHMGQfA1NabylPzoiXMRVLVGuF752FsASGJOiH0m5tnRCju-t5nsEGJjOcCkeaT5dgqnoMX8Ux
Sandoz,"Rajouri Garden, West Delhi", West Delhi,Delhi,4.4,1200,ChIJmxWbOEj9DDkRnll1p98TTvM,AdDdOWqK3nYQZ32lYwer4eFSXDdwwJx_DzRLV2cY5fFv2TyieD9TtMC_R3jzL0b0lwNKVq_DDHoMN9Yf6J4S4vCx7eW8jIxdJTJ8H6cgNgyCBzFbo6L1gp9gqQ_WWMS5_nCKx8j-15_oWZdmdFvuRFAKRbtS9xKCVrRxgayV3kCUKp9SyHs
Off Campus,"Satya Niketan, South Delhi", South Delhi,Delhi,4.2,1000,ChIJqQq8dxMdDTkRA18Q-1b5hWk,AdDdOWoD9oOc9tPbjcZqzwaK491opIhmlNMh5RdmzYNM9VQ0IsKAX4ZsHVlW-H1uTPYp46oDFSGoEs0XCjJAZXyR9hpXRKzVl82YuFXUl2axJaeLSw69h5I6N1yjEASbfZ9NMkQsPQmyojFBRwohcmnvCkTUx4npPyVdnuqak9D61PWZ-xqn
The Yellow Chilli,"V3S Mall,Laxmi Nagar, East Delhi", East Delhi,Delhi,4.2,2000,ChIJfasI5qn8DDkR0CdNAYz8rrM,AdDdOWrCEqGxr3e67Ay3C58gKJKJsckVy1RXTvvfcsKoXgmRTg9rNB45jorkEwE2HdXBF4w5KiwR3sOHHjXLk5TClpQBuwrLo6c74yttDAWQA_RCsX-zP5oWi1yUPWyqbgyK3Y-VcrcqPvov6HuIHnB3bZnaVPxO5UYD5Gn6VZfN55nunsqE
Gram by Taksim,"Ansal Plaza Mall,Khel Gaon, South Delhi", South Delhi,Delhi,4.1,2200,ChIJ_8rAIk_iDDkR3wJXSGjavFU,AdDdOWokgy_6j0zOUGvG0xOeCOl2iEcb4CJNLeLTRYSomNZ00LRZ-k7lKuubp9vhvlUCxzlSH954KySUAw0DKvgkemnndUoFH_qkZkEjcQfKIzmbQYn4Fm3_1e2pSJrLauvTGTk0VLtVhjrzk0A8AoxUwTdXnhV2a6SMriR-PtY8XltNLBG2
Xero Degrees,"Satya Niketan, South Delhi", South Delhi,Delhi,4.4,900,ChIJkSxM7Tz9DDkRZ7flRoRMI8c,AdDdOWqvcx_mvMxWpkJ2nXIW2mx9BEdjcxy9ARzdsOqtobQ5jvgA7TFEYMvW54-MXx6CfutAelCz3bx-Ez0RCA7xwYfvAS9rxq4Vy0Q3l6gb3hEHlsbpPYvSy13O9BDNvnqL1WI928OggTnfIt04ArLp3VQFwBVUU5os3eP_tBZFfF7Lpf6I
The Barbeque Company,"Karkardooma, East Delhi", East Delhi,Delhi,4.3,2100,ChIJx_VPB_v9DDkRGVv-MN_91uM,AdDdOWpNsQZmx0MbcZNuvk-r3po0SzoBSHk5JEDIx9_iuacCJeY5D1tQBFxljQMq0Vxuee61JFjiJlc613KT7iJAd-_1GAMYxKP2RVKrEdC-ig1_I_ndC1gzFmz7uAotqU_bFVk9ZblN-sjwYc4TIQom11an9dQKXAz57O6zxTpFuCO8YZLG
By The Bay,"Hudson Lane, North Delhi", North Delhi,Delhi,4.1,1800,ChIJA6pLJCv9DDkRbdZtJn8Hb0I,AdDdOWqIlnU_lT558TeHfloVzCM-PqlyagUjz3_XtAsOQbDiaPrYE9G1oDBhiGiZzt-OlvcoE3SU04RmtLnSGs6GgXzYugD-uoiCuXnhkUcTPtTGTmXLvkLO3wZNSgn-McJskERPPpPx9H0BnQX1D_Ca96o2BrY0ENuQCfm2wPspxl1K62yB
Cafe Delhi Heights,"Unity One Mall,Janakpuri, West Delhi", West Delhi,Delhi,4.4,2000,ChIJoaEEyDX9DDkROpxbk37EdOM,AdDdOWp56ldSMIAcnFRuVWgRSa2JviAN5F3Qdfe9sPZkmhVWDoKpirL7u-hrBmWj9tg5eQ5USdQ8k_6EmTyZi9STyap4TNrDP6Z7qi2ljv8-sBxeCiGnBSr-FUFecQUZNbnPDmnVm49-aGJeVlVxRF29H0X0uDY5FWBhvApZ4yzPl8RRT7hD
Cafe Delhi Heights,"Sangam Courtyard,RK Puram, South Delhi", South Delhi,Delhi,4.5,2000,ChIJoaEEyDX9DDkROpxbk37EdOM,AdDdOWo8icgDS7BAl5CiCHsjQM-X6wmVmf4ywsmL9PvM1q-Gl7GHU8PHEoWsC65-TmrK43FkwUeUNBF690EuopIN6I1phrnaR7hpyhr6DDfnAuAmAcWO-KVCvNKpHem56anVP920Z1EbjINl8PVskBeFLhsKkOO5pP2xn9lT_ZN4t7pDF5EJ
Chili's American Grill and Bar,"Pacific Mall,Tagore Garden, West Delhi", West Delhi,Delhi,4.5,2000,ChIJyzQUHgQbDTkRGGfb0vxDQTA,AdDdOWq4ilMc-P9nzC8XAPdED5HFO0ac5p5uI0lY03vQfSECLxL7LZ0R-ciMLMDTF_vgAjAlhovGaM742bxKsdHezKePezrU0iBELAB_fYaduiaa5c1wqpNsvKbKVewIS1mAglGwwpxDu4WszxEvyHkWLJ9K2IzjYkJ5FYljjC5aULXHQ89q
Vikrant Cafe,"Kamla Nagar, North Delhi", North Delhi,Delhi,3.7,700,ChIJe2Rfxoj9DDkRiQEm52QcjUI,AdDdOWqYBiCKhrSFcd8jm1oglBT3yc49tgpOQ0KlR5yX8N6AaYtv6MN804MYWnL9ukoQuozCfk-TD4ZCGIqX42XUwqj_uM9J8rAFqZCZGzfXFitBVSM7K0NX9i7CndF4sKZpv1DsRav_vRZ5Mh745UjVckWFCB_ePhnIBR_uSFMtEM8xPNGG
Tippling Street,"Rajouri Garden, West Delhi", West Delhi,Delhi,4.3,1800,ChIJcYwe_20DDTkRpXYvsBXNeiU,AdDdOWrjrbcpnR_6jRnI5gvvgPqaqnWmvS-vYlU405DJcikKgZ7AdpQWjfWOhm_nwQw0CY5Zy0PnmBZo6sYMk8tB4p6nWV57pkK6COm3X0QFj3kMA4PgQ4YB9OX8n-7j7e3nVu8Y7kHTHizhxQQ8x1XqEh7hMQMk1B_zjb7uqBFfPlTI2aUo
The Bowton House Cafe,"Satya Niketan, South Delhi", South Delhi,Delhi,3.7,800,ChIJn6tKr8sdDTkRRYY6bSPGY3g,AdDdOWr5lTaPUvDO_RT2XJ2ILsXypO8iNvkJUYu_vk9NbhHoXP73IaxZhRX3afaX0qlhEpTuuEPWQXYr6fEEbtzXecNvKH5kMOsQF_aEZrNaf7dWapvGjoE3TKGC01Ln07b1K7HpQpUJ-QzoT3rARX3EGyucqnu6_7fYVr0xGEbVPMoc_Ncu
Bhukkad's Cafe,"Kamla Nagar, North Delhi", North Delhi,Delhi,4.7,400,ChIJa24KGqn9DDkRZ01dC99jZd8,AdDdOWprEG4Xh7IUs7jIiG5OwJrXn6ul3KYgPvhtWddEe2s3lrhsJ5g6C4PaAksOPucO64ucdVdWQdDkdv72oZY4GMk6zt9QLn7XejaWryZkL1EgFj7L_nf4WZQVgB4T539mRin0G3xyV0CTSrKDarlBs-5-nF3ezUHVhYz3v_4l2KZNiWbe
JD Theatre Cafe,"Ashok Vihar Phase - 1, North Delhi", North Delhi,Delhi,4.7,500,ChIJPaUuBbIDDTkRpvgw_R5HG_Y,AdDdOWooN2b_jNz1T7cBkSJnahSVvHDdcvRyLMKLCQ5_PRwuutSJfpxAcKhEjrbqdH0pRKxkrj2UShVWIGPMTcUcbywApExvAdG5I0Iz9jjBuSwYuSBYJ0SnhJR22I3t6QfxjwjoasUKZ6IMwx1vqQFy894lyVxz6sxglVCFG-w6nq7bTdnj
Moti Mahal Delux,"South Extension - 2, South Delhi", South Delhi,Delhi,4.4,1500,ChIJAQAAQC3iDDkRRI4Xmv65fjQ,AdDdOWrvKSErAuhCBHygsNSQ1C0UVmccrYHGNj-OAZiO2QOZhQlNJ1ztUmaw_-qnMIUw3Lb-AyhHa73KH8bs-SS66UVCD6wVe7kXJuhhrAfXJ-hBwOZeyXlYIyS5MRngfvKxfliKgV6Zljydix49u6sEvWi5sPWGN04COFQ8dcVMFznsApHa
The Laalten,"Kamla Nagar, North Delhi", North Delhi,Delhi,4.2,1600,ChIJR7nbUwT9DDkR1bGbykFJbaQ,AdDdOWrE3qWzmpf-99aHdBqKvtxjuqGZ49nhXSVy7si76ohrfp1glessnnXtpbPNt9TyOWJDsiI6mmkEJLzuyD65Rzegvci3SfcitMKjS2WQj9F47I2yKM3O6GSlhe9nq3vRNYIhvGvb9Nui0UN6k4erxFg16QolBxVa9Wre4rL1qGftPKaA
Govardhan Vegetarian,"Kamla Nagar, North Delhi", North Delhi,Delhi,3.7,1000,ChIJ3wz0KwfiDDkR_LnQhFkZiaE,AdDdOWoxO_Y39XzfL8DHHagppioo8mZKXgiaRv0YBI2M_m5lNw6VO1oxy_BunGwmfmctWs9PH_Htks877emtrd5HSvFrXj48BqR1md2X2WCkjeNHv3GhiusHqMHg_m8Cbe14mNeI6rob--GDFbayT195Ku8U0oCG4JrawHtBUYTVX2g3fSzi
Sambookas,"DDA Market Complex,Hudson Lane, North Delhi", North Delhi,Delhi,4.3,1200,ChIJC3OxEhr9DDkRDjOj9V1NVYA,AdDdOWqeYe-L-3nPJWk_AcfXvnE7EYjDtLQ2bj3Vc5oxpUhT-BOuRzxb2qkEcEvOs6z0A4eoeCrK0-e02mLA2X9pqbC7SLvYHBVLU4-qzjsgwvPR8mzhK1YNLDPddPiHdGWYO44mzLVTq6O_9RXeV9TPkSegnXL3CIWLer9-ZL8Yu6C3JkY3
Clay 1 Grill,"Kirti Nagar, West Delhi", West Delhi,Delhi,4.2,2000,ChIJR8P03wUDDTkRK1hrp4k7Bss,AdDdOWqL5b_BgM-hhrgkHt9iPgdEwO-jVlBkhQ63OF-IuiWMKTm4m_kffl2sdH1vBvdiO8jgVoGBruXYQNPeL46DllyMDB6rw8oxXX5Bv9TKWAfLFD3DYQtpH-GlJ5dBvTMbvBThoM8L-UbXG9QvDb95c5HKvhUKZxEzlTrJNO1GstWa_KW0
Cafe Chill'm,"Kamla Nagar, North Delhi", North Delhi,Delhi,4.1,1800,ChIJRaFlqhD9DDkRMLkGo1uCjwI,AdDdOWoOyjHKj95O2RSKcnIM7tsynFI_25SeRz0Tm_lYLf5rtjkJkMFYTd24oRlbbR7dEUb0ikHzOXyXjE_-8yWvn56Xw0PcoLsowLDbAb_27QRriAIBU96dm5p2zWNU6RQ0lBpsN7HwZFt89t1ZqmI9R3874NIdJ7y-4zyQQxuw-IMiivNI
Imly,"Ashok Vihar Phase - 2, North Delhi", North Delhi,Delhi,4.2,800,ChIJUzd4-Fr7DDkR6P4qjKiPbrs,AdDdOWq0NmZCgY3haRJmbih2AGclFgZJVItlxGj1GleTiWdURbECQwBUxD_sRXB6cD55lKpBNA4bIqQkbfDbYh8kmgeyqpPi6KKV27cslLfhlvLb-QlG9WSwYhbaJJv5grTUn1ku8RKi2yE_nwB5kkRbMYjEy-paraW358UkOFLGnsgPmUlU
The Hogwarts Kafe,"Ashok Vihar Phase - 2, North Delhi", North Delhi,Delhi,4.2,1200,ChIJQf4d6EQFDTkRYVOVdLrq1Qo,AdDdOWrKxgMOznqSleJ2ydA_lb3GZp885Z9dI-9HytZeg6q0fa1pWMDqBc8DiKZg_rmPI7I0bfSTZj0SG7vnMHvMWiBqwEgZw1eaiGNJfzCn2M7IQ0_hZxTUOwy1Yn4p4aoX25tvDzdSQtrgM4a3YuWV5po-N61lz7YI11V4rN1ihkkQQUCL
Chimney Sizzlers,"Yashwant Place,Chanakyapuri, South Delhi", South Delhi,Delhi,4.5,800,ChIJ2dQF_XwdDTkRvwdbTbmt7DI,AdDdOWrQlBj0dTd403AKNTJ32owdHU064WItGGze6aGpt08ChF2aH1gwjGminHNPXM19ZXS6cHiq5NZ6n_FcjKWf6Fgn_-Kz1iHvs5kRL5ITmjEC7v_Qd7nG5do8UdDQWOGVefSySO6CkN954VTbhkxn1S6Wchua9kUmeF57zKSnMQw0UZCM
Sixth Empirica,"Punjabi Bagh, West Delhi", West Delhi,Delhi,4.1,1200,ChIJ-zLeAaIDDTkRQkO2ke3yD4k,AdDdOWqmRQQhzEiALZVRp5zw5F153CY3pcZANw2OO0G53KQvDK402KVGk8A0Qqf85I9KqaVlA_CFz72WFIlUHd0FtwfxQOFU35vHY8mHI-x7iZEFeUsfkm-b5gmxk5baih0UeNftZDTQ3NYt_Lg5AwJ_WJbm-LROJC7sWY0u3VM2iMYtyHFb
Limitless,"Ansal Plaza Mall,Khel Gaon, South Delhi", South Delhi,Delhi,4.2,2000,ChIJ8TlkFUTiDDkRanLtmIqC6BM,AdDdOWriuxN2_f60gZcaGQl53IIM3wPMR0a0b9aYAoaHDycLtYHMXAI0_E-pAgkrLCEjp2_dmqJNmhCu9ffxqSy0GgvJ_FhzKceeeTBJFiT9grIKo-GwdsH5b4NiKGDCx-FMHIisYwelG54IYtr0LQ3XYj9GanQlVxZ-oLj68mJSDR-ogw7M
TESORO MIO KITCHEN 'N' KAFFE,"Preet Vihar, East Delhi", East Delhi,Delhi,4.1,1600,ChIJfzOStlb7DDkRpgXdRs10_iA,
Tikka Junction,"Kamla Nagar, North Delhi", North Delhi,Delhi,4.0,1500,ChIJCYaM87ADDTkRCwKfJGfcBaM,AdDdOWpJABgAge5_9C-Jv36jaM8Yhx_D7I5Q0-n9Fo-13XAnmw1vMHfKYUpBSupejYPnJj2g9wyG4eZ6RzXf2NpC3eu4J6w2Y8QJnseIkO1FMSR3wZ6bF7O_0t2l1ewSoekRbJcY5s7vcCmtosMkuCGaztb0JwQhp3zThkrJ7qmqoGJKBWRK
Blackmail Lounge,"Kamla Nagar, North Delhi", North Delhi,Delhi,4.4,1400,ChIJR3O-7a39DDkRy0qFDtseFEE,AdDdOWpCeNGAuQFwbKGNGPsRDdl1v21PQ7u55APe-NUV4HLPfgWjO2POUEcrMruGblDBy5be_VYCwrrHCE1h15Zkzlq4LGK4xk2xEc_XdIuRh81wxeX-5I9ga9ojK8VCH_BfOZJQUYNwaOxqasVqxtw4NBbTNEGfZiHb-p1dNvVY_18yxmyV
The Flying Saucer,"Epicuria Food Mall,Nehru Place, South Delhi", South Delhi,Delhi,4.1,2800,ChIJSwsaXs_jDDkR4QL5428TkSo,AdDdOWo8eWldy0ZGtkWfX7ZFiaN_fEfCpqnu-iF7CbGc_gNpRigxjeobhbkAfZvvokprg4rKU8t07shIcNYKYUsRF0Kv8hd4q-g4kmX8zwK-85FZhMBPw4jl88kwk5obUqPeQNpiYh9aoC9BljSrghiYZj_3Kz1RBRFifpXypdhFGnTtd8Y_
The Crypto Door,"Vijay Nagar, North Delhi", North Delhi,Delhi,4.7,800,ChIJN9BkcpH9DDkR-pZZwu0R7vw,AdDdOWoElReF3_iTLACh84VzdOZc8QK2PmF001SYil1VlJPRKsq7x0uDzoyZSGUZZ_sz9S_B0Fi2K8vNzCDnSB7-BlsMYIbtfUgKEFmVmWTZk2bOkFRy01seOlcToX766yMfgdDMhWTHW245Zg9UhubdZegkRN0TtMxts1Dmbi-SlteA2Ah_
3 Friends Pizza,"Pandav Nagar, East Delhi", East Delhi,Delhi,5.0,400,ChIJwZIUGSHlDDkRFRTMHk7o7bE,AdDdOWq9JaBvFDfx6HgBoyGBX4im7Bvk_j3NIoC2CUqfGHtw0Jrhadj1S98tLyGOZ4QMVtetkffoXljtQpi11Ckggw0foIwKQlJYur1ZrdYUhrU2DDLJ27Iy3AZlOI-GGMenQEHjzyzKkeuOWzI-MJJRXitT1IKF8em7h8VHhwAuz0h_3kta
Moets Curry Leaf,"Defence Colony, South Delhi", South Delhi,Delhi,4.1,2000,ChIJ-3kLNFfiDDkRYdLqu4JAyhw,AdDdOWq47XN1SDMuXC71j4r0kJwmH2XpXlKmND_Td6O6GRtr7F-fzF-nOYbj1X0mhj2ZOvhFa9D-GaOfTawQinRS1RBg3oW3wApMdV1PzdMGo8v7VhtM_FPRi_VRKX4ECJtuOj7gU5EtW5IV-xdqRuJBXY1ccDSpDsy6cf2zOU0kEwbF3Uac
Le Cirque,"The Leela Palace,Chanakyapuri, South Delhi", South Delhi,Delhi,4.4,5000,ChIJgdrRr34dDTkROdxv-Qx2NB8,AdDdOWqQdPYr6Jw-ReuZHo2Iy1nZjEkKaTpcnK1fpHdW5EQhzmvaosDV2mIswHCOd3ohe0lYgXPMIqGWTnyh8AOv6rp80pV0TyQr15QERXXh0JppP4Aa8bTSGYYd7psbTIZssEPol7wX-jz8M3x3HJbmImZDnDd2OFhNy6mvfZk67_dqtXYc
Crazy Kitchen Rooftop & Lounge,"Satya Niketan, South Delhi", South Delhi,Delhi,4.3,700,ChIJqXfKpBMdDTkRQMKKsLUENbs,AdDdOWqr9-9j8gMl76vgiAomMEfTW9tJTYXKixDtbd6aEmS8xJfw49dVbbnmVwAnFSrogNIplg-s8PldAGbxm-_ABTalZJfnsr9CPgB26hz4L3qDbVgU1OhAwKAwS5SnINegjvWN76xFAjY-A3QSIkYOGCIAPYsdHxMN-e7K5pZiS-n6e2Eb
Wow! Momo,"Laxmi Nagar, East Delhi", East Delhi,Delhi,3.5,400,ChIJPfVoOZD9DDkRXFZjBAZ0htQ,AdDdOWrYu9RBrXy4PVgc_ruQU4Nj7F1pXHeHlY9QjDccBNvnUT0vH_JEfktfizNLS-35FPtWtFtX0QHcUC1bjdRBUB7Gr_2calwJU8N9n7muc4487q3O-sCkzslzNSh9Va684O3DEG0GCAQ8LU6OWAyyaRr_JZtZhmZb5kC21TLZZjI5Yeuy
The Qube,"The Leela Palace,Chanakyapuri, South Delhi", South Delhi,Delhi,4.5,5000,ChIJ_RRHrH4dDTkRRX7kOG2Z2AI,AdDdOWog93L32zorMi54OhfOaOV94bhIIMQgTkkj0uciM2j1zq_MpHAkiOcbt33rRm36oj5o57AMbL5tQf2NOrFk-603IKU266Wkr6frLlDIVsSwWq44uze5IIXUQXXGLUYE1pgYAm7iNh_lBwv4aNBKSsXnCloKnF_ntrgsVH4uoc5Q6-S0
Wow! Momo,"Kamla Nagar, North Delhi", North Delhi,Delhi,3.3,400,ChIJPfVoOZD9DDkRXFZjBAZ0htQ,AdDdOWpnnWh2yzzoumoCO4SHXa2C13rtDa_x0Nf-dCRQwA7If00pZ4Ji9laksCs6j73a3MLllCpxtF90Nz-zObpDM88gbRbU1wXtk_os59Q40oxFyon7No_WTShqb2p4Fy9fVVn5pg2yP1uLytwvnTUZHIxfWIQYMIayyGimiGkrobl3YhgQ
Cafe Delhi Heights,"Rajouri Garden, West Delhi", West Delhi,Delhi,4.5,2000,ChIJoaEEyDX9DDkROpxbk37EdOM,AdDdOWp8VeqBjWT4hZC9KFj0fnWvfYS_xI69RBz9COcozQM_ONZlqYe_oO-Plg1S9ni377eFMqTLFVkZ0Fum-28-qj8JCxV0Dkwya1tGqOQqe-Jn2uP1xf6TznR1GcyBihK-Oigflr-5Y5tQpYy_zKsVg21PpueWTjKK45BLrZ5nh0Mv4IdP
The Firangi Island,"Kirti Nagar, West Delhi", West Delhi,Delhi,4.2,1600,ChIJlRIunf4CDTkRLZ3HgyCNu3o,AdDdOWpjDQgaQ1As4OKBnKBDeD_Vi-O3iNtnRnc2vMLw2TmI-q269cjOQuUfT-n931GyabTNOGzHFqZW0JYqpFyUjtFCr9y9ossBuTECTTgFKTgS8s6dAI4XjhuXc3MFecCf07tXTnBHbN-OSKKkCinsBG22V6tYRIJklqi3pedsxkrBEFrm
Barbeque Nation,"Unity One Mall,Janakpuri, West Delhi", West Delhi,Delhi,4.4,1700,ChIJy0njiDb9DDkR-9nuP9aWDc4,AdDdOWouWzJoPbvJLRpROBtQnyoAT6FKFwDSAAji0y0MAjxRAoHrBeS89L3GkL3o_r25G0TmZ9YIZJHqJotUtBVNvwPXLrRFWzL7kE7fO5HwBrSE6rmqRhcv0dgr5jIJlMl2S0h1E0D1WSaNbRyVt6FpJHYuKdrt2S5fTgJOJZXzJ2l38I2T
Maestro A Restro Cafe,"Deep Cinema Complex,Ashok Vihar Phase - 1, North Delhi", North Delhi,Delhi,4.3,1300,ChIJf70EwxUCDTkRQHphBm6rQPo,AdDdOWqMvNidopY7BJ3ZsDH0lr-V-nM5WFoPGMxUsSmuTlnnQLWgQJnjxkzxo3aktmeBKAh8rUQQ8H-1omdwJImNVCHpUQ6-R90EFjuri1CLjyNihBEsWK9aSPBg2h9mJyBP7dKc8SYLFLRn6h_E5gzW7KKkMy6rNaUJEwX7G4ad2etYF65b
Antidot Waterbar and Cafe,"Safdarjung Enclave Market,Safdarjung, South Delhi", South Delhi,Delhi,4.2,3000,ChIJNTqmZMLjDDkRy4RRJZYsFeI,AdDdOWqhSdehBTlVsVovKcdjU6fr7QK2G9iAnZDQ295OmHlpg5B2pTxIMbbCmr7GF48z1yDEhvGCfOeWFltTB4xrOoj2393_thGiXSLpLGRynwTuc_PhNXo7zTEEnfIskEtnzE6xcq9QdZ-mp1D0S9RpBWT4bauaIrh7F7PN3FE4hNgUmKsW
Cafe Another Day,"Janak Place District Centre,Janakpuri, West Delhi", West Delhi,Delhi,4.3,1000,ChIJt4BbYd8FDTkRd2boa0GJYOU,AdDdOWpll3J7bAhgY191gvELQp-SsM5NQ40J2S0_-1FOvmiZnmPL8wiKDnTlcZpAdtc256XfJ10n2gC5dhw8YA9XDACuJYntJhdymJYth3D7jj1Ew9Te07p0iRYdkDt6PRZWnJmxLGqxUt8ChOKO9RRjRyxGqtUx0HfkOaikYPyZ7xPPzEU8
Wood Box Cafe,"Satya Niketan, South Delhi", South Delhi,Delhi,4.4,800,ChIJ7-bLZvL9DDkRenmMpIjMUzc,AdDdOWr1Yn4cuzUqj8yh_Agl8OSymxDEP1XXghJCEWBAr3ie-2yx_WF2Rp_I5m9w2XzqdfoP8kS8_WA60ssHHXjYJAYIQk-GgZ8ufTw76DGNJFm2gKWrNCx59CuoOMXzSQOY5wpm9v1BAtHOsKPcBnueF0t6E5SH-aIw1sn_j5_3XuJCOxE
Chai Mantra,"Vikas Marg, East Delhi", East Delhi,Delhi,3.7,300,ChIJqSZ_17H8DDkRXkJro-6ZFl8,AdDdOWpQX6oDyVi06oUzMq4T5zfte7bhnMK3ua5CJkRR4k_zbjImbBJBQgkNxAchHpnzAGU3YZI4C3rCUcbejIh85RgnMjIGoBNFf5YgF1bVaoEe-wJhLVBvDgz_AM6869Lh5WWWnMWaIAbEZPK5NdDIQtuwuAg8eSS7rR-qvlUCvf5nREI
Imperfecto Ruin Pub,"Ansal Plaza Mall,Khel Gaon, South Delhi", South Delhi,Delhi,4.0,2400,ChIJ7U7q4t_lDDkRqDXSght4mk8,AdDdOWoCZzSK6CGlNLDttFos7nTy0sL-q1dIo4gcvhyJC2HnFs8agCyilKURL6G-juwn2-efyH0a6-_1AL-9CngrILekEkx3YLPdrvPBowVf9mvPFrcHXJSxWfAyqry6Y0Majh8ug04_1dmcfLS5vV6klKATj2ux2Lb69BxqEspPDmxfN92N
La Piazza,"Hyatt Regency Delhi,Bhikaji Cama Place, South Delhi", South Delhi,Delhi,4.5,4500,ChIJ4VQOgoQdDTkRT9c-9Rkufuk,AdDdOWpzQeZoh1LrFiDKTLJRCAyrgIm9iCQbOTgOob_3QsWoAwBW1MTYUXkvpwJiQOB62d2Q-KLgFvy8uMS7ym9vvP8ui6GR0_yVqWWyC6j2Mg1pvG0DkPVQWrFrzts2VEgqHJeVikx1f_TJdGGiwPsI-UBZjTG_RVdypnlAfftM-N4xiugy
New Kadimi,"Janakpuri, West Delhi", West Delhi,Delhi,4.1,800,ChIJ63nLRqwEDTkRhle7tXGTsQU,AdDdOWpqqdQGqaeFDQ0rD1Z8MOmRD0R9nZwoOdmN4gcYx6rTiPlEbpAc4kMyHAR4caI8OL5mm4ApSMXyDtSCylyaRiWvY7LScaUIauCy9q4knoNUOK66SeIth38qKCyfiGjLL3YaVGciW1BtzxzlK-AxHF4bVPUcuyPaV6LatWdfph2GbFUR
Megu,"The Leela Palace,Chanakyapuri, South Delhi", South Delhi,Delhi,4.3,5000,ChIJ3zVtrn4dDTkRBtXqfz5rUuQ,AdDdOWqP3Va6pmZZec0Qs324onQKY4Duef3Us1Fl_7adjwM9bJNmC_92juDr7sUGnwdaMQSBzLFLpRCgKsc3VpcxBo6U-JHJYnR2Ha-FTKW_xMRj2iJJJMOq8m4KboYYJcsMTfphtcJ4Az0gmxPyOsy-wehRr7rj77eO6X5Vrj51F59o29nP
Cafe Diaries,"Satya Niketan, South Delhi", South Delhi,Delhi,4.6,800,ChIJgTtKxzTjDDkRvgXw_WFs7LM,AdDdOWrbfH7KdNya6Me1A8MtrPWdSmdvomYEe1xG4fKKPDRdn6edlN2aH81GZKXeofvSKBvG_Dr482l8kInqz08Hid480rXDf3SQoIc5LuPAUTnho3hZ_NknHH0Kaenj76yLu2lLNbHywpvz9rljBuan-eBaE4-QCbWdw7-mMkFLzw3sc52S
Nukkad Cafe & Bar,"SDA, South Delhi", South Delhi,Delhi,4.2,1500,ChIJn53cKQriDDkRD7O0Tc54Wiw,AdDdOWp7dQAQjBiLsplcZrT25Ot1kfvRYWl46Wakce5iMlNn80VwOMOzUVJfK3toQjTB0yvzw4VbWygy2dqGAw7laC7kOLxy4CYtEDzbIFEI04RNA-DG7R9N2IlF0TT9bTaulkAIJBq_mcxvAT1ga9BRWp1S6mQddrF8muULa-8XT98L-4ae
Daawat Restaurant,"Krishna Nagar, East Delhi", East Delhi,Delhi,4.0,600,ChIJldNkAMnjDDkRLAehAmG2DFo,AdDdOWosyStB21yqza5Ap70ghsG5tWLFaiXDl8S46PbVF10xbcOKz9WzQLFlIuMDUAU_TGiXlRxry9UsdtYMYTLJqFcZU3SIDeDE-vk_yODc5M-0jVRTKfp0LZNSrgWh8JeG1JOUbjbrvEtWeSduSanmV2HhVViiHqee5XslrBI60oLR99ES
Padmanabham,"Greater Kailash - 1, South Delhi", South Delhi,Delhi,4.4,700,ChIJTWBy_B7jDDkRI7OyaQA7F6c,AdDdOWoWn2FmFm4gSenfiAFiQVMs-RXlMxuXuwjbjKfNtnxT3X5gP4BK1ac-mGRMzfj1XeSgzJiXxepRxwYGZI2lwGQghCrjFIXSxjBOVyDbacU-3T0snfRInWWEaxwxoq8QresNJNejs_ZIQbnMgljkWmBIBPDMho_7CRoR7p3xqdAPSJwS
RDX Reloaded Restaurant & Bar,"Safdarjung Enclave Market,Safdarjung, South Delhi", South Delhi,Delhi,3.9,1500,ChIJOUis86TjDDkRDXYoh1VXrkg,AdDdOWoUwrzlxksFYyjQZoMLZy4RZUJTvMIIdF_72sbaXXoMLWMLb1590STNCcFh6VEp7ZNRkbFyNdoUP4T2afJjmoBQOJZOA7_OTooE7yJbhVye_nXxcSX7I-u9DRDbx4cOg2eN7SY21-6x0kp9T9PT3hoPSm2m_ECPn-QmR7iSNBE6dD48
Ghoomar Traditional Thali Restaurant,"D Mall,Netaji Subhash Place, North Delhi", North Delhi,Delhi,4.5,1000,ChIJRYszW7j9DDkRSxpjsuR9REs,AdDdOWqQKZJ_z8FOFaBGXgtsOalSzit2ZcPvqJS072knXVeUVcDwyJehlGm8H6Rl2gjEKzMbHUUsnnPptaB1CHW989uQoHJyo_s3rfEwG7-MwX3l5TuMWkm7BQ0fHCZ5rEk6ueYd1xaB6iWOnTmyWBLGy7lHThoEE3Nmn8UOw-f8raXn9gs
Slique,"Ansal Plaza Mall,Khel Gaon, South Delhi", South Delhi,Delhi,4.0,2500,ChIJ6SOAI7zjDDkRdUNw8raBOY8,AdDdOWpdaB0Q_4v71QT2c3UmxusnOIrWpWvCO9uBRbs1QT-zSbNqWapAe8dEBKYGIxB8gR4rq6yfi5CNFlv3MqmAWNtKU9udPdFa9J7lWJxkzemw2iibPQUU8vyAp3h0nLiFo9XkSOkGzT_nOPj13GzXJxvzUeVbvkZXWHzTjeNYlb4ZtMHo
Cafe Delhi Heights,"Pacific Mall,Tagore Garden, West Delhi", West Delhi,Delhi,4.5,2000,ChIJoaEEyDX9DDkROpxbk37EdOM,AdDdOWq5K-8-u4k1iD405ebsdAhNy-PH7A8swROBN6C0yLZKc_U5eh-OF-DVwztIIDOgFermJu_NiFeYmwKLZnPr6a2jhZD_bQ9dyvCNdgHOG9rQa9ImRiSwtnBb2zn3JcMnFTt-9TdYd_OxlX6INNm8tgyhw2XG_0IZwZlgAPd_LsHFOzhj
Shalom - Laidback Cafe,"Sangam Courtyard,RK Puram, South Delhi", South Delhi,Delhi,4.5,2000,ChIJD2nDu7jjDDkRXTDRNrJuEO4,AdDdOWqqEc4OjvFH7I0JHm5gFvKwLXw0sLYdJmBgo_gvZ68OVM6BCPDubNnWceH0JbFU1_B0kuz3QEuPvuu8zZ_YuomO_G82sjspys_Rwpx7d8EjArMLa0eJGYssMnKy0u7byYxZo0j1Nm_1A7yPIBT09vgiRl_qD9xuHtZLKCrJYoqQ1U_P
The Chatter House,"Epicuria Food Mall,Nehru Place, South Delhi", South Delhi,Delhi,4.2,2000,ChIJKUqVV8_jDDkRUGY-FfTpap4,AdDdOWrkqOs3_4P19Kh0kuB9Q8g1QMSiSrooLaIzkn0H38hbTVFR216erqLV6DM3Rt9c8t8bvCO3tUUUVODNgXIb-zOR5ykLuSWy_jN7OXiRoqyyL2ndtA1XfSXvLLk-niub8Qo5vRBORfPQF5ZBeN5CaZhVMkBPTz9qW9hboHVAs6aQ_3eZ
Underpass,"Defence Colony, South Delhi", South Delhi,Delhi,3.4,1500,ChIJraNlv6zhDDkRIb_Ue3wpcKw,AdDdOWoG3Ufnjf57Etx1GkZoPGUpnbyUnFuVttUb4CT9rzPw7fLDVm57EpOev2R0wup8An4MiJPdauyICYI3Esd7-5WHlFRznfeduRMO9DLviWRuDW9TkkjvzQObADLCH4KYfOarAWgl-eUw7p_AshoOWWjQ2f-pq3rWg7FHa_GfMaoV5dsC
Bottle House,"Satya Niketan, South Delhi", South Delhi,Delhi,4.1,1100,ChIJhZewGSUdDTkRYnWOKzZ-vOU,AdDdOWqEkmyGrJGfkHB_9Y_xdHXQV2nDVDXj-bf7yMUd8NiYXsjWSdesdSg5E0esWJlND2tjUn_TlBtKFTJZJvybRRlvLar9iqCR9CNIZriFgk5olXohBnzaiTEIiNKmr0NmycgVwFI6dSnLD9STUt0RiDZ-edoRfgqFg8OkBvK0MDPG6FEF
Three Tuns Cafe & Bar,"Unity One Mall,Janakpuri, West Delhi", West Delhi,Delhi,3.8,2200,ChIJbY2R4cAEDTkRmGDssH3pwDc,AdDdOWrsRcMA_N66jRUppBVUq6gPvIrJ6396OthHoo_PGxEkgN24udXriqy0qjj8PNvBVIUI3nhm0KkOCIbdwxD9yEF8_4HzmP5qpOlhTx0RamKt0p_d-zJS-Lvbft96I0iZE0Ggu_E9UXt1JhGT26Ct3KYqXGv3kjQ7b9UMePjqpLJHGAYK
Mystique Melange,"Ashok Vihar Phase - 2, North Delhi", North Delhi,Delhi,4.2,1800,ChIJj1OudT0CDTkRtj84wg-cCE8,AdDdOWrMV1yrajDScpRZ0dBZ3FB-U1mlZaH-cnrt2hoUuZwBh-420TQXS4EqPBm3xFqo_d5LakUu_VgbQLLS19B5QbdMBGIyfc5eBsyJV5fynMeXCBvlNTEH7ds7-2yeNcd1xemi0Vp5vt3n0QRA_7iBtgNId92HaCvp5nHZ57Teiu9Te_EY
The Turkey Project,"DDA Complex,Defence Colony, South Delhi", South Delhi,Delhi,4.8,1500,ChIJ373dGU7iDDkRvgFnRDFURWg,AdDdOWp-wTTAzGv7gaC6i6LxWNdugmnAcXXfGyBDXJlc6_7gIwxGT-dU9L4-GMuIHF85Xp_48odKDYGjdndmGy_qZd70xWmoMEOQfOg-Ix6oF8uPpO1llwX_gTzOs9LC-rOsFewRHTx_j5KDrUFTSIEMU9ft9WZCcUiFC7V5RC-nT5m2H8FF
Radio Station,"Kailash Colony, South Delhi", South Delhi,Delhi,4.3,1600,ChIJu5tOFcvjDDkRnsFqez9B3lg,AdDdOWramG9DGA8_A_2bZZyQ2LxlGbKGQM9P9-UsNPcZaqB_OdsGVy36n2ewdd0Y6GeRV7hPqrJrvnjWAXNJNqLITEmUqxZi39xsaqpKwZLY52NNHT1mNm0pH8XFdtnnvJe9t-wCkD_G_UNDLk8meWkrhk5WbSDFyqYyaaNPrvLa0JqBeI_m
Cafe Emoji's,"Moti Bagh, South Delhi", South Delhi,Delhi,5.0,500,ChIJWXPpmv8dDTkRxj--FVKxpZM,AdDdOWrdpJSAuHyPfNeQqRX5hyu9NAhOQGQ1jgbRfM0VVSfVXdOi6rGcPzytwxBLk0yZ-6GCkS4Dl4E2rDzj0f_-03TNd35hxznKP8W0wnXSv11ayJ5SfrgMDCcttMKaou1daDp3LuogyfmA_i0KsiOre9wcPaYXf2nFHKv22xTpi0NBXwdN
Nehru Place Social,"Epicuria Food Mall,Nehru Place, South Delhi", South Delhi,Delhi,4.4,2000,ChIJFc2bT8_jDDkRJAbqQAQTKtQ,AdDdOWq_dJFzamBsstc5WZC7heAaz8KD4lJHaEfAVju6pSa_W4LVtHy1Fn8apyYJH42rfr7x8CMcpB0AKtp9TTyhlZJw9dLy9x_H1m0nDoB3X6fIBKW9hIlUbW-9P25z-owdMiulOj5pk-rS4TVI-xp21uayQr4hkQF8TeNoLBqb1FUMgcP8
Troy Lounge and Bar,"Punjabi Bagh, West Delhi", West Delhi,Delhi,3.8,1500,ChIJm5hcMw8DDTkR09l_w3QO54g,AdDdOWptggyJcRUpvBBAFYU8LoLXDO-0x_ljz1MOA814tN3ear1fElV7estFSvHYV23XGP-UklXcvLtobUTCTy3FbVJA_fGUx1u6mlfXQGvoW6JwEVkZGtPMc9ueh3JTT_MnC-KIx_KoQOPxEq_kJA1zqpO-VTFdfApFxz6aXn-o4ZCMsoNq
The Race Lounge And Bar,"Rajouri Garden, West Delhi", West Delhi,Delhi,3.8,1200,ChIJvdLREjsDDTkRDyq-BcDOLh0,AdDdOWrut1b2LsJN-ytFFHgYujC9rW9u6c3mgP5s7p7EWJX9DWtyos-nwk5K65qwEQScmLEIEpD8fcigodJNqc9NCgYUrcowVN0Mw2qYppQr3JvKrAe5zzSLlevyyy0PhHBqWqO6vrfGap6EWbsAdqavpVhPy3k3JoWPdrrigUTCrGZaE7DE
High Bae,"Dhaula Kuan, West Delhi", West Delhi,Delhi,4.2,1600,ChIJVapVZC0dDTkRH3Q1bfQsEzU,AdDdOWpneya3U5o4Ude1vmDMOzypowh1P7pShMky9dM4TaxbboyhNod3RnpAzq7iZ_UK_lpCxjdOI8QL7RbnHGy065mHwJ0VYP0HZHCuS998RZ23anOyhEB1pC3tDGOUASibqgeeATvkyaVGrqWrv4tCyPwFI9sGnM4yXtfEu8qKyAD6ET7c
Pipeline Cafe,"Satya Niketan, South Delhi", South Delhi,Delhi,4.2,800,ChIJ98MlAl8CDTkRymJ8QeF6r8M,AdDdOWpnJlgpyPNzKUUtxb5x8hddpFwlPThXTMrdjilHQP_NSw6IPGPFEP8fJDD8vmYl8ywowuMt7pz9r2YizyVaAEJn-iVv4ORbGpbUqePGzAnvtKaHq8ZHNTDH-6ntLDaD2keCbbh67kgumYibG6MskZJb2Fr1uneEYtEGO-swR7IAMrbh
Talli Station,"Naraina, West Delhi", West Delhi,Delhi,5.0,1500,ChIJmUh95ccDDTkRFb10YPKApUE,AdDdOWryKXSBCMSMmXtNwWm44-Fydbiy7XaPoMXjborrGLFuScciUkaU_Bjw3DPQEv0MyT-icXkbGMsLdaBsFVRL5Kx8-vzCNp5yWcIHR0FzqyVmiKn0IjjNclvnaFOxvKqKzYHW2k-mRUCNe2pkUa4PYp_WiR_EcWIQgstouUxpbkcfarF0
Brickyard Cafe And Lounge,"Satya Niketan, South Delhi", South Delhi,Delhi,4.4,700,ChIJ2VuSXQkdDTkRrFec2ioIBJ0,AdDdOWo5OyzOxBWvGkyjhgwOb3V-QRbX75m00kNBoXT_EkWdAKM4QQf15h4-rD5ajCqdy8Th1d0fYlBs8SMCghji8iv8iJI8a7FG-7w_ODC8Isgpx5qCawob0WWctyNQe5ekwc4sbwGZGMT8er3K1pAV7GWuB_l4qahjzqZizQxroQ4oWKgn
The Construction Co. Cafe,"Satya Niketan, South Delhi", South Delhi,Delhi,3.9,800,ChIJdfj_uBMdDTkRFkZaz0lzdBQ,AdDdOWqgQOT49PdTOwszHFbTO9glJ_LONwZAtGgQi69Ye3vhnhq3MjmV7RzT7_AMkmmWYUkzMmmjjDOCc8KQ89kPF_Op6p4c5f7ikHivz6Yy_eZ93GgP8ueZ8QI5SHvpWUp7sHB5nn6gcWN_uCUyL51ZV_hPJCe-9nHOvKW0o8vUB-Fd0FeR
7 Old Town,"Hauz Khas, South Delhi", South Delhi,Delhi,4.2,1700,ChIJp47znBvjDDkRGpn2E36uBoQ,AdDdOWqgPG44qDFpgtclBK7DGubqxM7Ao--gJ7dEqPe3grhQ7fdZLh1jqUT5Z0XOoHz3DgysCaibLiqxCSC9aTajS8YsMzTQKaklcmkWD_azUujyhqEeafpPex0RoruTzUzRxloNJVJY4JXsLEyTSLTScNl6-MYida_PGzU2VzxnCv0vCEDE
The Clay Oven,"Hotel Park Residency,Green Park, South Delhi", South Delhi,Delhi,4.4,800,ChIJo6sNbHLiDDkRtrCuvesIdKk,AdDdOWo_OQj8fWblTHX7DBaKwey080iBI2uM2zanAfoXBFqQxZPsYmNBNc54kZ8zVN6Sfgoln4L0mnoBYlVqVwWv3NxcX9VdklU-fmgpsJFuXtlW4rTwa7-Tb9woP3VteX6M9-KpyvKA4BPJOh68-YrsDVe1CeYHgScUOD06h8Q1wR5rDM5O
Greetoz Cafe,"Hudson Lane, North Delhi", North Delhi,Delhi,4.0,700,ChIJ-wgPk339DDkRyM6_o7WfQXs,AdDdOWoMVhE02cYJVGO535O5_Gn_0y_Jzm1k1MFDQPJEI7wl5c3Ho-4uGFe_p_GiuYAuNt-oNOm_thv6WepHrfo8IAcxXwF_jC2OFKc6Y8Ju-6ZVr5QIYLVIaOJiG0Gh1JFtCHOm6cqQiwG-tJ6QnsNCL9GqRK90QU-rXdeFZtBoz3jIDAsy
No. 1 Uncles Parantha,"South Extension - 1, South Delhi", South Delhi,Delhi,4.0,400,ChIJ0UJnt13iDDkRqNctrZBilYQ,AdDdOWrnqVZU735J92WiV6BrReQ20fZ7Dp98Xj3RcThYSE7anlUBlPWpSMlGd5AgZiZ9EqsHQCUq1g1xB9zqtKFRP73_Hj8FuCwx32DdvNnhqyULHRgJ-l_7ZlBvyvNIOg_PTPrqsYoBHDqFIi2xjN8Gvm3rqlWPOEgq8VwnfUYFKiv7nhuP
Two Pots Kitchen,"Janakpuri, West Delhi", West Delhi,Delhi,4.9,600,ChIJH49eQ1AFDTkRy02EyY-p-0Q,AdDdOWpRvMcfYFWfGM8CSB72YQ_h_j06EsaYKTo0NlaBR1hmXpsIoRkxaf1S3TZatId2OvVWk9jcANG7zc9V7KYUx8KW0g2PuIjEP2frRCZfEye4yEFpyAHcEvLa1yK0-MtVYJO_1-eP9DmL4W9IC8Rk1qdF-7R7SDNaq2rnqB9Bdt5_LQJD
The China Kitchen,"Hyatt Regency Delhi,Bhikaji Cama Place, South Delhi", South Delhi,Delhi,4.5,4500,ChIJyYK5ZIMdDTkR3hLUg2KxJ5U,AdDdOWqGUqAV0YckmOSTBEcZQcEjjAgshP5ug7ctT8SZhrFB8VPQLqkixqe6ntblmeCfh1AoQErhsZTVarMT5uxhzdknfQ5odhBEPiVA8EMh-COPpIEmtrSUYjqj2sX8Ck7k3Mr6R22LlJeDfNB7DXCiJKgqX64t0KgAn7H1iiG0FyNp9AU_
Madrina,"Ashok Vihar Phase - 2, North Delhi", North Delhi,Delhi,4.2,2200,ChIJpaBEbxECDTkRHgnnU5_WTQE,AdDdOWo7hWTebRwLBcbXXYPjIsZOJs3KVERlwOynt1xTODDqkiwW3gc5XXmcZgXPGZg-Qi5LAjcVN15-09WrDtzgOcxrjQ2h1E_pdXuzLqBEpaFXE2AumPcrpXH1rJsmGIbWix87CeAj8aP3FeNPC6aeRBNqMUqCwy5RfUoK0HRWTCdCqydm
Taxi - World Food Cafe,"Vijay Nagar, North Delhi", North Delhi,Delhi,4.4,1200,ChIJSfWDZZD9DDkRBJHfwphLc3s,AdDdOWqmmPpy6cK4pU0YMMZp1Bi-CZqn0YLIAI7bDGsRHXRxUNF6R05gGyTiIDs8rlFvCKc4Li9G8Yid1llYG20ljj0ToiVF79vcYlFSTNP43c6WplSqb2-zn070QkaQpXhS_CIu6-saCYwnrlugaJjzVle6mwH7Mem_g3b0En_8R0x3nORv
Pind Balluchi,"Lajpat Nagar - 2, South Delhi", South Delhi,Delhi,4.1,1800,ChIJ8RzMx_n9DDkR-YWmadnxKhk,AdDdOWqNhoIi2m0XJ3hsl7nQl3T57uYmpMyRX0UWUDQ1qLM2GtTvwyIUpjAMAPfBIobnO9zfssToidUCoO3p0aaCt4-hhV0snYvwLsJbX-5JmTutKze9atV9rt4rhg13Gb449w0etB8QiAcWfhcBGwTqoZu-H5NN-SQnX5WX086g2z5Hq3DE
Fabcafe by Fabindia,"Lajpat Nagar - 3, South Delhi", South Delhi,Delhi,4.4,1200,ChIJLVI3R_lnUjoRfpKXEoGAois,AdDdOWpO_W2LosBvcuoKi4Bp_jEJt0--F9RTtEQBohcg0ZgjJUA51hB6y79lEqlIU36JqefXgQ4WXLY2w_2j_-AAoy-HH3Ed-6HJmKCHIy7j7Db11XpxWu9ePc4W6g_SR1RFq7nhGSTuAf0fLxTUbndDJ8809yGDpnVZmmb-m5a-mahnhxNf
Kabila Cafe,"Satya Niketan, South Delhi", South Delhi,Delhi,3.7,1000,ChIJVVVVVRIdDTkRsHUoV9WaeAM,AdDdOWoN140RDubkCFJd8fkIkRIa0uAqcGZVos2L06LV0PV2_wwIE0QNP4fPbXed_7FrsY1w_Mv3eugPfOmK5XvD8XvjZX1Q45vpJkZFk4nvZOPZMuHHTczDh8NsDvM-Y1OQMX_tu8MhhMl9fgrVivkIKB1xtB83bkFffftMMjEdiFDzSWP8
Summer House Cafe,"DDA Shopping Complex,Hauz Khas, South Delhi", South Delhi,Delhi,4.2,2300,ChIJ_V7EJA3iDDkRLLZLS6dJ4KE,AdDdOWoZhn5_vvb1nAokFbLi2xAn-D-gLeI_W-IR0uYFY949Hd5h_6w4DJmh2GYGryC2V3p_HyXICChO95CPhk7BroXnnkBhxe3SCFeEh2iIohK6Yco3Mhr-8HdXsznWqpvh0CQkcKQtfrTkzgPA_hL3SL40KpsjRQ93RgXAef15gc3sm1Ov
Full Stop,"Vijay Nagar, North Delhi", North Delhi,Delhi,5.0,1200,ChIJmYnUv7MaDTkRHkzzwhAr0v4,AdDdOWpt5txzYgtG4MPCZCW-Bwi9j2HKigimHlXDL06A1E9uZqLViZervHunIV1dB-ybXxnYwPXdvYD8PVf0eCDFX3PfkNCxKFvUU9e5VxmZ2avizgBDQz5BBqomyF0h7JkUJ1VyCTU6I0PVqtahnlWmfe-vdIYHql7FPJhFgHCTwCFiFqoz
Imly,"Rajouri Garden, West Delhi", West Delhi,Delhi,4.1,800,ChIJUzd4-Fr7DDkR6P4qjKiPbrs,AdDdOWqJV3833iQbLuFw0IrbLePVFh7KFEeOr16JSgNOZIyP3NYLkvjioaVuZOAZmdmryHMIQbE10VLpXWPNoncr8ux5fmOHUagIHZhWzwUwxN7cWpReLH4xurBJficQP2MygY0uH_cYBYfdW-MKT9GQX2kEVOIEjzO8R6OlpXysrLik5s9i
Mic Drop Bar and Restaurant,"South Extension - 2, South Delhi", South Delhi,Delhi,4.0,1000,ChIJGQUEwtzjDDkRqzN8RTrCCx0,AdDdOWpZL51s1aMknWofACfJiaDzqorCZQkPQvZuCmqIthZqIz7TvXaeg5vLKss3C5q80kO8vXDWZW5LJP1XHRrqIZzfWRDkqhyR9kUOLqZNTA8J0xt9VYiTkLvWC7qvElW6f_iLscRo2fpZXis5CQX2AlkA4U1ggFqcgdvgZ7975z3hR7Ft
TK's Oriental Grill,"Hyatt Regency Delhi,Bhikaji Cama Place, South Delhi", South Delhi,Delhi,4.5,4000,ChIJJ92Be4MdDTkR7Y0IeHTleKk,AdDdOWo-1jDFvpvZuK27JBrxiQd03r0mpjE7T8HCD9HqR8Nd3usvkW9AIbFgcJEFtu-CEcWckOwcqI205CZq6cbtEgH5Jb8Xj0nT6t_mnw_pJzV0YH6bRmAPWHCUNDG67We--WH46AiRLV9MCSQEk--miwg9KtoYz3uVxxGeesAZwLYan2Er
Young Wild Free Cafe,"Satya Niketan, South Delhi", South Delhi,Delhi,4.0,800,ChIJH6zB9bPjDDkRq3ZjB-IJwmo,AdDdOWrCDqE7kkuuJF4L9gQ3rSkKwi5Ni4T6wDB7ftLfdHB747G4XfNhsfsxqWMyFuoGPnkUj3zXzeCUQRyyFX-BW5HfKngTceOtOjb1L7F1V9xXpGscWVVcOs-4gY9-NmGImF9Yp6aoNCqg_xU_vBTkSmOg1ABq36RpBEGCBa6-wxAusBp-
Gola Sizzlers,"B.K Dutta Market,Rajouri Garden, West Delhi", West Delhi,Delhi,4.0,1200,ChIJn7nQ1Dn9DDkRvv88RE3orZw,AdDdOWoAsz2-fwibPD-YYa1qkTZdj5KxYOcExjMmitNYDgSwe2ejgih0HR4BgKgN6PP-Ds-sp3CiWTm6Z9tlIluL1iC17Agc6dSVMbHTkdneL28BGWKqXHaQJYppBjiwsQxsXsd4w7BSPJitaInt9M7nZFTu9YBbcQdBr07P1himHVh1XJGI
Wow! Momo,"Palate of Delhi,Dhaula Kuan, West Delhi", West Delhi,Delhi,4.5,400,ChIJPfVoOZD9DDkRXFZjBAZ0htQ,AdDdOWpMahfvwo6M3VAML0fnLs64z7UggJW-ydFjJ5mGbSnOli0Q7ZouS4FsJGNSeqxIkwyHJDEL_MaMJeh6Miwwtrap62N8qdJRA-MZPhTyiigWHIpaIFS1FBFL6ttBzbBA22tGrxT432vwSu9VkcwkKCcVp6haO5hc9r9TFh_nfRS1yj2h
Rustic Cafe,"Satya Niketan, South Delhi", South Delhi,Delhi,3.9,800,ChIJQ0F9JrgdDTkR59xPG7ehgbA,AdDdOWrUPDDfmOH1mHOBHU-U-k-i9GWc64i9entQlaHOvdz8cxt6Uwqx76zTs54Yd151Xbluvq7yalzk4vw67FOBbSigSFRyRmNMqjL6b7A1zFez9sG4LhdKBMPkhEYWdK356xk9FG3Ra96VtU4baoroff0LnTPdjFbnlHmUnwa-R1YeiAcC
The Branch Kitchen & Bar,"South Extension - 2, South Delhi", South Delhi,Delhi,4.0,2200,ChIJ0RVAEV3iDDkRCo0FQ3Ecg00,AdDdOWrz8WYfBVYjxUY96Z6w6VV4k3iGLcRO-Y1DSz9kb5I9dEnV3hbmt5yN6SzUoA0AgLqk5QM3bnGYAivyqX7oRNVXEK7sSDXTDgRO5uufJad4H7KRpIsA3pjVfrZDNQK0U4kqg4IWThjlzDjZZLrZPS7sp36Q6kcaE92G92xbIEqP-B0l
Seasonings - The Spice Mysteries,"Ashok Vihar Phase - 2, North Delhi", North Delhi,Delhi,4.1,1600,ChIJtXPIxBQCDTkR95-f09gur6c,
Kofuku,"Ansal Plaza Mall,Khel Gaon, South Delhi", South Delhi,Delhi,4.5,1800,ChIJ3__jQETiDDkRXzRR6BliL2Q,AdDdOWpAt3idUe9fgamSybBKdy4dPjkrIuu2GbWXfGLNw5PVJ096bNei7jgFVpxYFVnA-xKWBXkabuqzs-96j7bV5aRPmlVFIet6Omjy6jlWpMc_sNJ3lFE5Y04Q8Cn1IMjnJ-jvQrCNuIE7WPPjwR74ZfATxak3cfLPQ9wPA4KA8JciLCc
Infinity Lounge Dine and Bar,"Punjabi Bagh, West Delhi", West Delhi,Delhi,4.1,1500,ChIJTZNOtaUDDTkRnvUdskGvg2Y,AdDdOWpS7cdoSh58M_w889tYkT8g2LQ_Gdd-MU6UHyPkcmGm3v55Cm5qfpDImLDU3KAXwI-ZZ3mDGc3pSnOyJu7QCYqoWLIIn-CJaDiCevwJ2AYpeKPqFTZIIDe_HJu40qVUbfasTmTNQs6QTAxGlDbOzRtB2Ge1HYKQwjrdm6SjVjhzqMlN
Bhalla King,"Lajpat Nagar - 2, South Delhi", South Delhi,Delhi,5.0,300,ChIJB0mCmAXjDDkRqPVJwDnd--s,AdDdOWrO9Hwkt7NdvGxaGAvpTf2NcdkO5AoO3jhHGu6ce8XQbjv5Txx8XMZg2FvlQqHPflJCW3xw8_6nTOCOThD__YMvdtjPrYG45LHQGYRhuelN8IShAtbeLz8FkAOeHuFzBuGfrLvK2eUukUt8MQbsCRzfNSV1MC124VJ9wCpkhgnQJZYH
The Piano Man Jazz Club,"Safdarjung Enclave Market,Safdarjung, South Delhi", South Delhi,Delhi,4.4,2500,ChIJVbPuZnbiDDkRq5PIFxO25Pw,AdDdOWrOXRVHLMCyuZdiAraUHyP5dERjbGvfGh7Am8KsuNMC4-p5-2PrZUu9uSXjLKhfvdcJa2pJ-_Fwh045WxrPuSSivlWOxeXJGhGBfTQoQzoleQnnPSj-AsiRCrEC_T0ogvm_NzD1CSfGalYHE_dh195yihs53l91QCg6LZFIXRJi1ILj
The Big House Cafe,"Satya Niketan, South Delhi", South Delhi,Delhi,3.6,700,ChIJjbi_ABMdDTkR-1YuyHi07j4,AdDdOWpJelC3OHXjDWx1dIM30dgU-qAtG5BOdHYQhT8QPv0ywTT_rp038FGg193F4vse_aX685gLXwu3WZfUcPeSsxw7UloXZzbfi2uVSuvu7IXUjl0m3Y_71g1tYXtBJVC8OzQWQJmjE5EbtM30Ml1eeLQDKwSo7XxrssZ4OV64vnqQqGqR
Fio Cookhouse and Bar,"Epicuria Food Mall,Nehru Place, South Delhi", South Delhi,Delhi,4.4,4000,ChIJm06TT8_jDDkRLbbS4Ag3LsY,AdDdOWpo0sR3NaxZKBuz0yZ7WUFIYWztZ8M1rGzvBgzirmEuQu_virjdSmY85Siaj1YSkYjG5HOLbhkcBWnki6Nw6g9ht4Fx5bsQ1yEXXtDI4Iuv3rhqX3y3yQidkBuJB85QzLM9yNo1Juflk0mgwsIhNs0t__UYeU41RnBFcuiCccfI6klU
Annakoot by ISKCON Bangalore,"Preet Vihar, East Delhi", East Delhi,Delhi,3.6,500,ChIJcwKB51T9DDkR-daKAxfch3k,AdDdOWppVubzY3NKJFxT64t1ChVgU3W4ZbkkqKL8oQYcuAKF4QbDsX24HH_gQkO79S0bKSip7dYG1nsGqZLhhdC6MUy9aMB762aVR5vFWYiDJZzbOMafU0rGietRRTIlYSFwTztQgVwaWw-UyBd4x_pgcZYTqv8kHZE6NrJFEOJFUnZQhfVk
The Chai Story,"Naraina, West Delhi", West Delhi,Delhi,4.3,400,ChIJrfdC-jf9DDkRDmUMSZmkEqk,AdDdOWqyEYbQ6nnQBK1P5MFQZVu_MxnKRritVTF_L0fENkhh5--rW1VrlxtDP27ZP6Fg3UXD5UKgA6QcXj-vL-bnVLAj5iglQowkoeRevz9RBmnQEyywKk6cCSENAlCgAY1L_1LKMXDzEHDRG5tqIuYTLsfuOPEQEQfKe5xYh-Lih99CBPsr
Ziu,"Sangam Courtyard,RK Puram, South Delhi", South Delhi,Delhi,4.4,1500,ChIJZ8fOxJ8dDTkRUsYz78_EN9Q,AdDdOWo6ykqtdKMqIG6rP0vEaw2wy6KBLzZ97hIcWLPxhCZROXftGNhoi7MxrQuFroyfFuEYeu-NpS5ViGFzsWvVGI502UM2Sq_P_pCVVjxi14LvMLrfigZ07yXczkh7PpdmD7HIhCH3qpaX99w0hir4agqd38Y07bl-Q1dHpsPm0ce16olb
Meraki Cafe & Bar,"DDA Complex,Defence Colony, South Delhi", South Delhi,Delhi,4.0,1600,ChIJwZGQEU7iDDkRU08UBDrU7_0,AdDdOWp6w7_zyDPoMiXQMclF_4sd5Y4jWfnoz68M95Vzjfi9f5-8ceT7v4Zfr3zQOj4Y37aKihrPSQj8y20MLsUI5DppYiCOqmHvXcon1pb0WM_bPxbn573NUhHuDjZ4L0K9aWFlLpE06qHycI2zJCOBfMcoWidBTRcn-JMc4Yoy2Oe0XGhQ
Plum By Bent Chair,"Worldmark 2,Aerocity, South Delhi", South Delhi,Delhi,4.3,3000,ChIJs7l9DisdDTkRRP9ZIBHIm6o,AdDdOWrxFRQchRfzLK453lhzNeMP_AJj_4gdXIyN3PMXwXYu9aRocptWrDHDbVm0dbq6qu2hGy2GwguDh8twhCj47WY-csz1i3rWony9UbVYU3hCc-hwVqNb4iNZhDzhfa9iFpJ6GeIYCsneZHJcoK-ZYtR9J6xtTaWxxtJ37Wh91vIkKSNo
TBK Kulcha's,"Janakpuri, West Delhi", West Delhi,Delhi,4.5,500,ChIJfxKOOq4EDTkRCtCHeu7VaGU,AdDdOWqtbU-VECfbOzXA5xVzxwUpUHOpi9ymGY9gyGQtNQb9rVVMDJFJyqS5hR_jMhtxMtKMgo32_zmSZAYPCFx56QeW78svwLz06MEmTwf9IVXQeOBba99Cin-rPnn2jJ7hRBopFkIH1Ide38mjcsCsKidswjikgwhiEHsClDBjKVItFmSm
Da Safe Zone,"Satya Niketan, South Delhi", South Delhi,Delhi,3.6,1000,ChIJy_zZX9UdDTkRoH3gxiQxPM8,AdDdOWrjOwBA9pSa09srW5hfLHFeYjcffp_xWickBdcUN061Ll4lHAQnC2UVXi9Mb-p85UAumznyytVMZDRYeMdByfbjXb7ylFai6p35cZW19zQ2VH0_jjub3nsBYyOEwAHyWUeUvWmeUdYp0trOdLMX15mvCRIG8nc8lT9WC4WhHYpmmP5u
The Chai Story,"DLF South Square Mall,Sarojini Nagar, South Delhi", South Delhi,Delhi,3.0,400,ChIJrfdC-jf9DDkRDmUMSZmkEqk,AdDdOWpIPdvZHOzGznYOs7_SBPogOzMACwrVcRbTLSceX7-85Fbt8XJBvrkV1IS1sFQkgo-wfrJoOpU9aIUaJJbCyP3tiWFYw0JzLQmhWBsIQddu9yUaN016vlWc6sN92tKnISpPx3iANgzQCDsylQNNrJuqOPnk_okoZuhXm8EefeD7PPjx
Te Amo,"Ansal Plaza Mall,Khel Gaon, South Delhi", South Delhi,Delhi,4.3,2200,ChIJA2chn8XjDDkRQEWSQpg5fKg,AdDdOWrcq1Xza9trjt2OLhRCEJgIYFsLFUPFkykJ-M9EuMpGYTTfp9_n8TQCxRnOX2T-9_mMm9Cbh8Bb5nBualsM1Q9DZducqSv_2m1yHL4kCFLj8afy-FTiqRImGnIMQrLr50M-ukSyxCWY-j0_itcLZMeETIJOKEtVTH8hfOM4H1_lG879
Only Bar,"Bhikaji Cama Place, South Delhi", South Delhi,Delhi,4.1,1000,ChIJUeNzGjf9DDkRhmYHRS-vR-I,AdDdOWquG4spRz0UqSzFAsUODzDE297Yo0SMZB_t9LOZU_XifS2NGEtnJWolDcewbJMH5ovZtmuk6GNPKcJ48E3ORccgWLgnWokRNMsQaE4rYmwpvpxsmYfkh9vqjhFVz_P5Ohli_lfIVja1nk65bbOSjLKsmfFmluUiikn1NnLhRXaAjb_j
Amar Jyoti,"Sarojini Nagar, South Delhi", South Delhi,Delhi,3.1,1000,ChIJAUutqdriDDkRovwEl9XZq4k,AdDdOWrK7CgHPjaIzzXgh_AJRVlBCmFfIpGLJdrAsQVZ5jEqIP_wmsrSaGal0ZLUfsSBfSNbTD3NreAv6AYIxo18GbI1tsmx3XcgZR-cCu_CZbpjBEjmuOWUssPsWmxYVSaxWhvKzL5mHUDqpS2m73LfRUDFwqbubQU_dlrW2vLxRwsyXpI3
Seoul Restaurant,"Ansal Plaza Mall,Khel Gaon, South Delhi", South Delhi,Delhi,4.8,2000,ChIJQ6NXoUDiDDkRPXNB-Lo4EbI,AdDdOWr-izqY02YKugYZ0FzPlQxbHRr5vngw2ndZQ1ndZcTUQd0MNq6HjJAsRFi5Y1dVA4t2fFNFEmpnQ4W17KGoZD-hDT395ey5Yh9dElViKCPfpkIpSwg-RrKmf9NQ2P-oWuwyedLnxgYsM1xcLCBBF-ed5OKKNP3Ya1CoAteiPqwmrRwV
Frozen Bottle,"Defence Colony, South Delhi", South Delhi,Delhi,3.0,300,ChIJj_CTKun9DDkRS3vB5vGuOxo,AdDdOWpzKpZ7gf-6_Y1BlO7Up6uzOxtWGRAErAd51VZ66M3XnGdh1suv3sAqKu-Tu6_EVFjjRsRUPzZVdYAeM2OBS23vD0wOgxfpp4qCTTFlExiN18hDnGasHjeLq7FK-L2kxUWxe57DX9d5fVScK3Wfsa8n4PTUxkD-kGzZbZ-S9L8G3Gmd
Boombox Cafe,"Rajouri Garden, West Delhi", West Delhi,Delhi,4.1,2500,ChIJA7w63UniDDkR4SF2lCJBCuM,AdDdOWqZDCwB0o9omwNs5gKrjmIp1ltdUjAjSCeyh8j7BQBEupnkEE7ebAcKNTGE4NIxxTJzseQrOpjqJvyX2gYz0fu6mv0bhI2X-NBUZINqMZRNeONrl6N4SnSeQAt61EkJfp5w3N-WBgkFZq2CHoJpknXYciLmuHk0ZGtuhaUYn8UFp5kj
For God's Cake,"Hudson Lane, North Delhi", North Delhi,Delhi,4.5,500,ChIJbWE5SPL9DDkR_v5AkOqYQIA,AdDdOWp6xqHxa2gBBKYrkkHUCfmH-FKa82SIFZFwDN13lUq5D--MLBE7n1l8x6wce2Xys9NQtTNLYw3yiTAqCeQmjdyj4VNkkS0oFHnFgE1MKgT2vNQ-jDm0XSwIKHZ-qCsEwvoUlZusYS1eFktJ27YRd2dhTnQ6fDjKXLdP32FupAgzc24o
Cafe Platonic,"Satya Niketan, South Delhi", South Delhi,Delhi,3.9,1000,ChIJzev0_-UdDTkRO1fLCq4BS-g,AdDdOWo0TtuYDb7VER2hDDDAK0diLaSnjXepSZJiJnnyUZ_MEQO0yo6Kb_fGm-rX62nX_4O-BelDFHFsPWLfNUYj3EU-yDhDH6o7NsrgD7hKaS06MPiKpJsRhNX-DjVqiIQDXSG87ERR2fdEIvRTPz2BCKvP2zMbD2sfZ60ZuYqKGpa_H_QP
Chili's American Grill and Bar,"DLF Avenue,Saket, South Delhi", South Delhi,Delhi,4.3,2000,ChIJyzQUHgQbDTkRGGfb0vxDQTA,AdDdOWo6cDDHE8JpRLzBZRVvgUYjXGZ96V82wkvI2dZxchB-RURyGyGQBmrClB4JaR3tzL-0OLPNUlLoEZqwRlS1PHMp40fmItyPeDJof4enGFK889D9y-_15afSg68dTXuXQBzxFq3mA-FcVzcIBBI5TBKBpMYsHAzVxdJwtDIP-dY-DXNl
IKK Panjab,"B.K Dutta Market,Rajouri Garden, West Delhi", West Delhi,Delhi,4.3,1800,ChIJT74cbqQDDTkRPtRrZCvRE4Q,AdDdOWoUXA2pGHD1qQndaU-OPDRwUOEk1T8EAvL2pnJ3gIbCGx8hVf6RcuBi3phtlBOrSIL4zM3BsrOSEoW35cjpDbnnjifEs1DF-KA90d4HGjSnUt07dhWvhudDOPeuGyckyuxnzza8-st-4o5twjvqObNburxBSNedGAtic9qCOWr679F3
Raftaar - The High Speed Bar and Lounge,"Punjabi Bagh, West Delhi", West Delhi,Delhi,4.2,1600,ChIJVRcyB6IDDTkRVR0B9jWS7cE,AdDdOWpZdT8rHABl5dQdC6YgQx_3WielTvcooTENgLpZ8QfTEf8G6q3UbOTHdvh2tvxXb6sveYrbb_8cnGIhsjll_IzuO-zcAQz2l5Cw96o4x8NcnX30noLZlSb8iBnlRzw4ioqHYbUBocItUm65ubQ_rngc9cymhqHaDSmqBHWjkHxwwfF_
Stupid Bar & Kitchen,"Lajpat Nagar - 2, South Delhi", South Delhi,Delhi,3.9,1000,ChIJi7gpy2LjDDkRahdxS8kOgt8,AdDdOWow45vWO_hi0v4_oLpT64TRrrv6CcOnUUwmgcspMhavv0VlMb5tHMkuaSyph7GUgKIcLZ0QZ4NI0VEBwlUxBrHA9aM902KmCQAUdBnHcFMkf89S6gskZUXDGw-hN_JRN1klNlCeq8zTl7eTLk8-QDkthtGx8wDZBZeqnKMa1Xxkfi4-
Turn Up,"Satya Niketan, South Delhi", South Delhi,Delhi,3.1,1200,ChIJSeLPDBMdDTkRaejXTLCZmwI,AdDdOWrAmCLUm6RdggaMuFTdM7dPVCdIYUojJvd-ATsnAr8GLcmtnhZiBZ1X88ib67vPUQ1yx1Jl1fMcdMibanGYwz0Ve8vQyS-HXlwlBBB63vLeN31yqLfP8lfpv34WU--cEFSvM0pJHgV0OYOzG0tNu0w6J5ITdc1uS3qB0y7pJH6XKzEK
Ada'e Haandi's,"RK Puram, South Delhi", South Delhi,Delhi,5.0,800,ChIJq6qqag0dDTkR2lrCANWLlO8,AdDdOWogI_ke5atCwphaPaAsY2Dfnf-GwY96HtKybgoxYLgmXamMnr8_u5yEd548NdxCVDiqkE1WyWrDVwm6cCUiQyDVgDB1FIPwMdfW9Uo4vWhfZ7Jjv_ALIgapj16oevofPhTnyXkxLB6vlyCyX_qGuPf9xtKtHkZSMrG1qEZFuawb-FUe
Moh Maya Cafe,"Hudson Lane, North Delhi", North Delhi,Delhi,3.8,1500,ChIJS38E9u39DDkRkguae9T9HLs,AdDdOWqYI5ONSA_dhJtDKLIbrvntBRT-zcmlwcPvL9qo2gAbQhzD9vQPeL2RKOU9CEU2ubDrmDHjfKHY5gLV4Xx7m_0aUOoI4JWvMR3aF5cCraAh8MZcfh94XMpSMGXuV2LMcskQy2AM5MJdfKDnFrvESEfaM3dUQaMK0Y7jI_2Zr5S2GMhC
Cafe Tesu,"Essex Farms,Aurobindo Marg, South Delhi", South Delhi,Delhi,4.4,2500,ChIJUfN2Ow_iDDkRp100El3Xduo,AdDdOWq7u3XmF5pBqtLD23CmQGKDGBY07CSGIvK9Xd0kSum2WdkKXwYP2TCfybd7bKAKaQo2HSraz9PGxkayhE0Z7InqjHkJgEWaozbJzJ-DYUmqti7BdSxWf-C0Q5A4bpkYGn2_ZEAmDtAdQGvFRM2XPWKtgRe4TCdI3Sj5_B672NiqTNTb
Spice Court,"PVR Payal,Naraina, West Delhi", West Delhi,Delhi,4.1,1500,ChIJi-VJoCQDDTkRT9VVsJu4MlU,AdDdOWpvzBlubm2S24xrGuENkv8XEXo1mQGXrA6dkq8Xzi59piYxohYNXjpVoHlNKhwqJwuc-oxXeXbfl9XeDWkZ1RVlnZRh-PSa-uEYKDnWkbCT_lUQskwuiy8AybcDhJbY7v3Gz6CAB4bWJgYvyaCq2S4p1t74Kt6N9DsliRH32VQUQbmM
Waffle Street,"Janakpuri, West Delhi", West Delhi,Delhi,4.1,400,ChIJj8xNIq4EDTkR2rMxi7JN4GI,AdDdOWp5XzV3POjabHePNaZRiQ9jigz4qOVKV0CzI2aDdJIV5Al_T0l7ZGUUVhSzH6_LfUjHG15K7vAJ37BxULeJEd_z56FaX0QZ21qmEthTw7oV-5OhI0DFk_2AoQRWzgNGtTa6WEPJixYTJZpFPRTJU2dwXM5Bol7SDTeIIU3zF_kdTbpm
Dramz,"Mehrauli, South Delhi", South Delhi,Delhi,4.1,2400,ChIJGTL3JAYeDTkRoiTntt4reEo,AdDdOWo7wCl0s42SJ8Yachtm-zEqC_TTDHwEjYJKmVAWS-fOmUE0ShlQpJfDx2uspkiwHquGa9AzAPt4_fObzDDrssDEL2jvKhQZ8oVLk00qnycFUEVSTVwzzcSUNxQDUdkIhk--US65ZD9fqPCb7ii45soAE2vMnq8ekTE_o0DZYg_l3IVm
Sidewalk,"Hyatt Regency Delhi,Bhikaji Cama Place, South Delhi", South Delhi,Delhi,4.5,1000,ChIJR_W5FIMdDTkRakpz4UMG3Ls,AdDdOWqNo3yCPuWRaSR44A3K_3LT4Jm_1OwbpmtrVGkOfGvVia9p7Q0Lacl_4tIAUviNTm1nBplQSDmOdd7TQnPa6i11fLOXYIvMVP7DdllB42QlTZVuBbN69akrsOSfIo-cZSy9bdxpyx5ZgbPzziVXVbrq_jSd2mHpepFVsd38baZn8iHt
Cafe,"Hyatt Regency Delhi,Bhikaji Cama Place, South Delhi", South Delhi,Delhi,4.2,4000,ChIJgYWp8Cz9DDkRHGRazZ5BlZg,AdDdOWqO1CkZ-55OcHFnHAnSPmeaCTONgyWQqzO0Im_IkI4YUVzNG6pxclTQJhbxTRHPj6UgH1zxUpPV-hRZRtHPIPoTxWV7TFaTzFBfnPmVEY7h91qQGftqQ5oU1lVhQS6ehui_H5PdyVm31ooiGVxL7wPK7R49ccu_mJfGucZGDL96wrft
Veg Gulati,"Green Park, South Delhi", South Delhi,Delhi,4.4,1200,ChIJxXii03PiDDkRCQfUBYvlTjQ,AdDdOWpNtD1fK_cQ41BcwG5neI5TWOk3a8q6unmGxQIYYSLQqiD7XhbFRXNbRkz-LIKwo28IPh__d3bd_QXlSEVk2PYE6-krxA3s-BDTylLSz3skalWSuskw9aIb7hbd8w-N6k1E2-NvUI89wTNcTXeK3Grze_zf4VmGsrkJXDr_lTaYbYAc
Cafe After Hours,"Paschim Vihar, West Delhi", West Delhi,Delhi,4.2,1200,ChIJuz2BrMUaDTkRhnkvi2voMmk,AdDdOWrj2FVwJVpjVJsh9Y5IeZ2gbXXSdyTwqPNwIor9HV_EeA8p2jE9Mpx9q0Y5tTyCbLaSelrt3xX1r3vbj4OfnsDlio4HShHpxDPNmydzFzAntaOd_S6FKyTCgXMFhENrobny3Q6GjtC0kSJg2FIlN1S9pU0BQ8u0fYikVDp3PH_6jtEU
Pirates Of Grill,"Ambience Mall,Vasant Kunj, South Delhi", South Delhi,Delhi,4.4,2000,ChIJvZM56qAdDTkRf6PzmbH7FW8,AdDdOWrf0NYNGMecff_rDaUj30IhRm2H3jEiSONOw1pyrg_a5DVCJC41XRA_0ufyMBs-x5RAUAYrkecuq_hRf-qWZzleneBuR5ZtV0aT5qUm9nO7X11zC8K_5NC2rSMvdd_tjPmNGjPS-WNkvaZNKUd96zGvsCjwyZ1Husiry6tudKE14u05
Oh Boy Lounge,"Hudson Lane, North Delhi", North Delhi,Delhi,3.3,1600,ChIJ3YcYQ_L9DDkRBMckgmoVtA4,AdDdOWrKP5gVEvFbrgbmuSz861Yz5wYSds7xO4bVmjg8kddNF1JFvHmnOPfWYKmL5JGIumqzS_UGDUyjsJNMchJvJ7fz_Ndpk4_hQgUBWcXcI054wU8UtNzprWg0sgHGtAI3oZ4fiV4ckAhRAjIw3ctF0mn0gSGmFT6QSTV8dspfqR_WFwuW
Lord of the Drinks Forum,"Epicuria Food Mall,Nehru Place, South Delhi", South Delhi,Delhi,4.2,2000,ChIJf1T3UM_jDDkRDPkK_e3W_rM,AdDdOWrsIoBGktgSjRisHohXcdnXc_d2czVyZeb3lRnXXvvmHL1o3maLVX7xfrHdBMNApHR5ktwRQLh6D8mKcJHriA7p8hk2CqlYwLaIOIMW8Ch_ydHSbSFzm5--z88UVRFrVfCIiaCUA6WvfDxGvKLNtPhKxkq8Tw_p6qupI5VtgDjgPunw
Syrah,"Hyatt Regency Delhi,Bhikaji Cama Place, South Delhi", South Delhi,Delhi,3.8,4500,ChIJjaRqsG0dDTkRV9im4-6urEQ,AdDdOWq0lS9_ogz69wOpRV3YB4tWEo0HbrQFe1_Aa9CMavtzJuj9bhg1hyE12S89DisA44QEdD7jnjux8bFXQqQ_IzgovCMTPRMpjuiia9O7ETR3mV9mPM8tSSPBgvBSs5T5UFM-fQH2Z-chO9PPgkmifEin4hOPv3xtP80txPM7zd-z43cJ
Wow! Momo,"Unity One Mall,Janakpuri, West Delhi", West Delhi,Delhi,3.6,400,ChIJPfVoOZD9DDkRXFZjBAZ0htQ,AdDdOWobBsIi_vnSV5AlEvWtRIarnQOSv1iTgIBqLM4kv82wXW1TpKiMUWdqOhsakeQhhsuBefDJpsZCP8UDzcZS-Ww_-aZcCF0E_cRCG5Jsg8QNix_RzWWafn7LmIFzrsb0I2nwtV4vu66RYeAe64OLra-SWdgVfFL6WlDy6nRqfs_dAdZ5
Raasta,"Green Park, South Delhi", South Delhi,Delhi,4.4,2000,ChIJMZ8rQWLiDDkRFItFN1kx9aM,AdDdOWoJqtoTfjkFfIbowBivfTp_cBxHyBI3uyvLzQGb7qfmp0RmojmxUtURE_OlDOdiFmCIKFcvXerlHHR0FCxzAe0zWfuSjNESQa_a6O5yrDdPX76p0SfOB3gV4SPDsEbUF3x7tlIaCWssprDrRgaCxlxrNMmVQqlxUATFrWGvWUmojhXz
Theos,"Sangam Courtyard,RK Puram, South Delhi", South Delhi,Delhi,4.4,900,ChIJqVitxZ8dDTkRH-QhVMFCliU,AdDdOWoqZGz1MUnTyYk5IRMfHJOUZ4QixZKBnMUX_HHpY1kZff0vc_7lKPJOd_ypdT1PcVEzZXac81VCHI9EK4uA0FXMFEA76dzH8RdTR-YYe8mb8iLwFZG6OVyp27cCMeT81TJGPpwUpN3k3xU7fJqEPKxrUZhCLHxUUxZMAqVrycLkJdAk
Jazbaa Lounge and Bar,"Rajouri Garden, West Delhi", West Delhi,Delhi,4.1,1600,ChIJq6pqyXMDDTkRP-L08JcDxaE,AdDdOWoFRYRXUzj8-yLM5CoPsZQZtwoqk4rPrkSqFpF_HVU-8NE6u8hSnsCUwM5uI3KNNDEHlVmAjSviahtq2N8-fIxfteTbUhu3WDZZU-7IN_FYcKMC8DjYBj0Amar2U4JS99Izg-7TLk8pzdPWS0mCBQXdt3OrNSD5I8pu5b5OA321o7PP
Chili's American Grill and Bar,"Ambience Mall,Vasant Kunj, South Delhi", South Delhi,Delhi,4.5,2000,ChIJyzQUHgQbDTkRGGfb0vxDQTA,AdDdOWoLTiqOtSzoQwPsEET41Uw0GWwXZq9p08DtNGuxStKuhjRkXxwzEljBYK1hH6040aW-JwbHD8KLAL-vin0_mvhQdtBisso6fyBVrau9wrzCKcbbDqC6bYGZWRTp2emxSO9S5gCePtK9Dgrm4pM2GejishvdPQ3L-G6eCeuMGhjHnFBF
Ada'e Haandi's,"Moti Bagh, South Delhi", South Delhi,Delhi,4.0,600,ChIJq6qqag0dDTkR2lrCANWLlO8,AdDdOWrzAv2uy_cXvLRhiCYp_0gdIKrKBhUH1px1ZNbQEJaEOh2qtVdieha5YQLgRMhXox3aORdY5HQZEoYIvZzqA-zEioCyc1bPDWoh1LOSb3tzb24KjeLzjwKbgw2dd2zcYtMs00ibuulV3AseBCS5OJUgjb1Zxcw27D6sAP2eGVZkjQDr
Cafe 27,"Kailash Colony, South Delhi", South Delhi,Delhi,4.2,1700,ChIJ7aa5KcvjDDkRLBoEsGOmbLs,AdDdOWopayTaupeVkrakMGPAFPE-99Z7csTJP7eWS8ZFcT-ZhVLSS3yC6VkcQTT7mQ_zYFk-RjyF098puRQUTJba_nIE12C4NMru-s0MMwpwQD6NDLgzAqQ3-y14Cq5W7TDB4_D5ks1UbVsEaI7xSW-XwRoCh3d1KgfZxiuDB8DAvqdWebXT
London Street,"Anand Vihar, East Delhi", East Delhi,Delhi,4.1,1800,ChIJVVWVtmn7DDkREc2k5xsqCz0,AdDdOWr6wD5oHAypAoiNJwDxFHpR-V8VJjHpL6ChGRznPexTBmKXLPWF73gzv_w8Me6A7vVzlv8TulNk0YDs5nRe9F-tTrxd91mw0Md3HtlvkfeQ-VdGNWK0oz3Ov-Vh7M1XY4HWkHB4qnmxypFrvwnFdGIsB1Urzj56l9gvYNkPJVZl9Fho
KOST,"Lajpat Nagar - 4, South Delhi", South Delhi,Delhi,5.0,1000,ChIJmV8NNFfjDDkRWEIB9xlLJhg,AdDdOWqeFPwSgDOcilF2N3Jon-Ow144BFbFksiZ-FHQmyo3EG6WDKWdH9dY5kmeuM-qHEBWPwh1bAhzmO9qUPX45y0KrLWhycYjYLQ9GymLH4xLIUOxXVwT1VvECib-hfP2zUf-2zHamkmjiAdipmcfycSRJhbnldiPzXwFBLdyFWMh_Vpyp
Sandoz,"Nehru Place, South Delhi", South Delhi,Delhi,4.3,1000,ChIJmxWbOEj9DDkRnll1p98TTvM,AdDdOWohhJ1qJmDsuzDvy-V52ygbhtg0N_0GAV132MuV4tbrjXUSDuSmRyzKCiaKzRpXowkTvTxjsBl3DHfXwN8JNfD-QyF0KzXhrFA0gTmUSzqpZuRFMZv-A3limWEoHmZdA_8D4N2aw9rHnQdyy1CKbe0rYoy83659jVrmoHxDWEHKcgc
Le Chef,"Cross River Mall,Shahdara, East Delhi", East Delhi,Delhi,4.1,1000,ChIJvZDSCmn7DDkRNKQrB1-ir30,AdDdOWrKalIoW5Gix-9fBWnKRjaeLwCrJToBDydx1hg_y_BaXQNzUZtUe1nLmMRBRyamY7OhVKh0p5Lq0bkZVhhSAndNYEb3gmSn9yzUzae7Xpr-Qkv99hAi4-OFlK3wev0BzvYXujdlXo6OyoZhi0CNy8Q_kqj2A_IEb79u41Lq_XdEdVc9
Mad Over Donuts,"Lajpat Nagar - 2, South Delhi", South Delhi,Delhi,4.0,400,ChIJYXOcq7PjDDkRnAk4FF9dJew,AdDdOWqtmCFFq9AVxlcGIa3alsVUxAdVPDG2NVP0oRnex4-1db8Nvlke4s_WW7RWhKPVuFC6JF-02mfR1pigdINLaqO2hcgJZEGzt-cfCVGOMPSZiimt-4sgJT2Qae8WH17juKWx6Kb6kWILtx8_hmxeCuF6K4kdg6iwr3ihdtDr_rckemT_
Goosebumps,"Karkardooma, East Delhi", East Delhi,Delhi,4.1,400,ChIJAwAAH0X7DDkRXV2_-15XE_w,AdDdOWri9aAEjKSu8Jaf0NJwVrNoT1Wu9wGLi_tg-W6fmbwJbf3CEBclC7yD9XW9e8zx_WpZSFdmydIdUavAZPLRPT2o-6OS_JF8PIuGTWGn6LQgf7gP7zVIlRytl_n9BCR1W_gopOzbr1FjcNLJUwRNyHq3VF3-GlhW_1UFLvyQojAoTaMo
Shalom - Laidback Cafe,"Greater Kailash - 1, South Delhi", South Delhi,Delhi,4.3,2000,ChIJD2nDu7jjDDkRXTDRNrJuEO4,AdDdOWqfvSXoyF8RCnbKY4tvTl8uWrIO3ce2HLZ6Z_FnXkq4Y7_WD7cKLRTswfbvIURz4RJO6agpeRVF6-aoxlcB8Ebs13Lqx0yTIamVy7erhWRS3xQ_tz4iJT8UEpePikKz4ABElW78kxMr2Mfp9g8pyu5sb3xXa6sHx-gWPMA3N20jv_17
4th Street Cafe,"Preet Vihar, East Delhi", East Delhi,Delhi,4.4,500,ChIJiyJOrVr7DDkRZjkxMqto_SY,AdDdOWqoyGFbve3v-zWlmItr09MRytLS_jSmMjl09-SV0eDnGs2ymvez_taH4Gi-TsGQy8NCnWwqFZFtyqk6PqtYizIZBS_0vZ5K4gIVCgGgrHN31k4qYeHcOrPQEKg0r_yZK4_an4b7wMuvFPtrSN_bPUviAyQlZtdgxpeo5avUlBVyvyLS
MOC - The American Restaurant,"Mayur Vihar Phase - 1, East Delhi", East Delhi,Delhi,3.7,400,ChIJN2_vex_lDDkRG-eJtnFTvrU,AdDdOWqpuIUpQpLepozsjH7PpMfsEBZx5ifJEIthQryl40yU3NdI-EXMKHkQ1p_p093IJ_poeiwPLxoXNIZ4XUMfFpTQRiJTfx0nDOlJ2iZs37cBtfGiIbk2OHwKqge2dDYwStweGB_yDArgX0moPP4TwLrUp7EAsiysn8wC6H4W1B1AgR78
Naivedyam,"Hauz Khas Village, South Delhi", South Delhi,Delhi,4.2,500,ChIJbWk_eXXiDDkR6MiDYMABPiw,AdDdOWpZSNawH1thVgB3oQRkCKGln7IR2tcMsA4gtnonwiumyWlT9OT6VZWEq-sTCT665A0msUGOE_GBP2xaAseaz0FCx82wYfx8Gagwdqb6TQ1LJrLIJy0llfw-94JAYsgssdgknK1hSV4kdnHvwF6u1X3Ausvuu_1wAPnwjY7uwbCs10Vd
Drums of Heaven,"Green Park, South Delhi", South Delhi,Delhi,4.1,1400,ChIJU0799W3iDDkRNpGPSjyAwOQ,AdDdOWrts6t2BDs614fTxD9hQ1lOw2-s48hs7D16ACytUpRUlZIWnvo48kmzCY5FfIe56_262RwpdEwo0qT045wUTLL5CeWcO9dgHwfRwN-wXVY_OIVv8QAzjRhv9NCVqed_5OagoUQ4uCvlV7B8z3FfvuuyxPc-_vVQ0yw1GTENxrh2PnsW
The Waffle Co.,"Naraina, West Delhi", West Delhi,Delhi,5.0,400,ChIJBQ-pyvP9DDkRvOI5-wT2tuA,AdDdOWpEYKgFeSVa9XpcMglfNMtopnr2e9RZcMM0YGDiz8UtCowOqsjYtWl_4rUIGJHOExWhUoadQ2vuv2pQUktV4do0WbFGBI8sIfHjEWSIyI8WCgsCDtCJChU0HnFWz4bltM2xEYIBRK2B5FJgbZx8cn5TudRIUtUcsXoD00e0Ng4Y1eL5
Smelling Salts,"Ashok Vihar Phase - 2, North Delhi", North Delhi,Delhi,4.4,1800,ChIJ22epZD4CDTkRfUuSXhADCwo,AdDdOWoSb3YGYPfYkGGEFgNEcQ9BGN72gAxNgzrDHgpTAdnqosoINNGOKe3Nsoj6la_BT9DdPidgxC-CZ6zIf9zRx0PYcd8xXbifBql0nt4ZERJsgEPajG42TxN0HSd-flQX8gwlg4U7sQwvghVEorEKU_rs71NHTvlL7EfqqPZp8Pg1GJIt
Ama Thakali,"Majnu ka Tila, North Delhi", North Delhi,Delhi,4.3,600,ChIJMz-XHHj9DDkR5JDEfmN2urs,AdDdOWoKNbGA3VrCeJgYKZpdrF_-c9iooTLOl6qSvdratoEL6eWw7oCYjgsPQNCV6BjcDfP_iLQkRAtOBZziviFL0p01pHGZGKFC-uAc1g-NjPLqWCGwU60dHYN3gIgLet4lmXCEnCfgNI2-2qoURXqIijsgIdPUxCtmDqxEozzw1FAbKSWO
Gung The Palace,"Green Park, South Delhi", South Delhi,Delhi,4.7,2500,ChIJC-xqj23iDDkRW01pk9HAc-A,AdDdOWrPn8ebKK1yUOAjjMP6Qx5TLTY5RBB4OePenjomSZSFcvHFaucF8d6DEeqYLCV1Dx_31G4dKn482CK5sVk_b-gNQ7TCWR1rZtq_c5OaoZz93Qf4v6AoLIM2BK56Pn5mmHGjk4xG4y2ad0bDPVfZA0tvl9H08Ci_lFcv2kclnci8SFnY
United Coffee House Rewind,"Epicuria Food Mall,Nehru Place, South Delhi", South Delhi,Delhi,4.3,3000,ChIJIzFKnL_jDDkR98pkC-EotDg,AdDdOWp8ukJs9oBVcUloY3OhFFDmnEK6mHR5rMib6toZJAjuZ20T-HDlgYVIqeJyFt1_Wstz8d-WR6EArYIjBPHbZqH6ikl0wzw7ehvolsnAFu8HGWUkZ79XYYAWBxVOnJEy2MaYti8sLnH4JdVhezoKACf8pnP-laLiw3TQ6ywj4T6cdCPS
Miss Nora,"R Cube Monad Mall,Rajouri Garden, West Delhi", West Delhi,Delhi,4.5,1600,ChIJd2fyW9kDDTkRKbyG9HvDj1o,AdDdOWpw0Psu8S43PRIHedhNLscaMpNGxQwOpd-qCpt_dx4dFRjnzPRdzrYGe5Vq-f5Hr-mRWILe_kY-Xbf6D5VxSuWXDzyyg42e1pnFMIqdYK1NBgWYbQL03iXJ57sMXuDdxi2Co6bpLxxKovF0eWKWDHbTKMcVkVmEY2Bz49l0-oCsnviB
Cafe Delhi Heights,"DLF Avenue,Saket, South Delhi", South Delhi,Delhi,4.3,2000,ChIJoaEEyDX9DDkROpxbk37EdOM,AdDdOWoxNHkqvrmbwV8DiWI0iOXx0EP1BM7tmRuZM3NCyXCUtXJjz0RtOSPJpuCmCM1FW7QemRcxsDzXLupeonLre5zGB22UCW8bas9kozf6nHZuPDumbAWkp_91FRENiMKb3puLfiexuSjWYyGsOm59jPTpubINMruNdwgvtlH-1OLjZyTV
The Colony Bistro,"Lajpat Nagar - 4, South Delhi", South Delhi,Delhi,4.0,2100,ChIJFUM3C7TjDDkRVFN9_gyUSZ0,AdDdOWqNt32abmiQCKnogsYfeaNq23dvc7KfsqJTtpM5b9_QEMWtv3vvdIiFtL-VEZeSBsFN8hWEsTqU8WRhzy4DwZAbqQ-O6MAEjNHPX66hRW7kMC9w37WRRDyri9iqc01nSyykbdWIkWZht56wR9_42UnxItBde6RxhRjm-r9nLvQoc-RG
Pinch of Spice,"Rajouri Garden, West Delhi", West Delhi,Delhi,4.3,1800,ChIJbWjOxHMDDTkRrC54YTQ3F88,AdDdOWqpxBEvlo33HOmoR8LX-BxFWudG8_RPKuGcgvnyet95hjSztrg0Z-jvBZr18B4yegL-zKQ_cgH5Uw7udcUTgON3sJISUG8ioFTZUcASlSaq9eh8g70QIjmnHy437VIe_O5YtBy281n2GVqNUz18w0qaFwNF7s5nBGtwSz9MyuagBaq4
The Waffle Co.,"Sangam Courtyard,RK Puram, South Delhi", South Delhi,Delhi,4.3,400,ChIJBQ-pyvP9DDkRvOI5-wT2tuA,AdDdOWrCHD7PJFDoKR_RxWDhvAQoKGjLa3FxNaZlNqbSYPykq4bUY1PCdDWs_34MCaH7Tl-laiAIwfYwZLdKLE76vICteLQ8AYkT44dST56NQrO9gSQc69hbpWgrVtwv2VRHvlxhltxKZeSzwNoMzBXH65wH7XiKDsxQtDl6szM6ssb-MZzg
Roadhouse Cafe,"Greater Kailash - 1, South Delhi", South Delhi,Delhi,4.4,2400,ChIJSafV8TPiDDkRcSpYTB10Ei8,AdDdOWoWKNA2Q6GZ5cnV1yOB6zFt1ihJ7PbC3UfEzx4a8VYQQ-4S-SLTKc4ug1CJlLzL6o_R6gRfAemTKSy8YVGXtC48bh38utxISJV6JTA8paXz45WH9dZbOaJ7sib1im6BSUaOKRtTfyocuLUDHQk4jNOwwFJPR7VEQMghsqATvif0TR0b
Dhaba Estd 1986 Delhi,"Epicuria Food Mall,Nehru Place, South Delhi", South Delhi,Delhi,4.2,1200,ChIJN9LgdkFmUjoRcocr0OWf6YA,AdDdOWo8CYNJeM0NPVWKWvFS42qUzmjwIuq_sfu85ZJMpwVt1wWAe_UJiTU5bMyvWs1LuGhrueUz-PDgn4ox8jFG-X4eke6OBofma9FWVpB1uAVrXvXrsYbzLI3w--U9G1R4R5T9yT1SduzZV_1mAMOdGNtd12ZCEBIEEInO9josehZV6mMM
Lord of the Drinks Drinks Chamber,"Rajouri Garden, West Delhi", West Delhi,Delhi,4.2,2300,ChIJqfgwG24DDTkRYXj1h5MCBpY,AdDdOWp65huq7nYU-fhVzV5cWF6pMauGdQSXv91BZvbNw6nKRqfCj4uu9rz_ytzoKJxcVLagcwtmLGdkqAQvm_9glaRvz0RpZiGZI_sS4sYWYd7O5Uc8Lcq4fYMRfwaXY8rz25rIq0-8hOeXMD-MH-MQajtt6aXG-508jWJ-kSLAmdPZCyb9
Cafe Junk,"Mayur Vihar Phase - 2, East Delhi", East Delhi,Delhi,4.6,500,ChIJr8WY6aXkDDkR7_leejbIt1A,AdDdOWqMjCtTDW6OXroQRC-EAMz39FVh4KkpyilgRXSpQ9jncqIT6QoQgM8Tl7OLJstfkxhnsJ8YprdCMN4I8s2eq6B5WcMBOwm1SZ4oM-vlv9Tyw8ZseC6pZMCCf_gyjuPqZZnTJcGhYvCqFr-vtZG9pjDcr1fCyJdOXeAUkTuDQ6e1EJcB
The Snook Hook Cafe,"Kailash Colony, South Delhi", South Delhi,Delhi,4.0,1200,ChIJRYgf4LXjDDkRBxrk7FYpNd8,AdDdOWoMWezOPLEi_Uqeo6ibxuh_nWZmnHmJhdNXb-92ePZkOk3-q2rMSgjbq9slCI9H5je3R3yoQ3DyZx5sZp9pX2kFrNnAB7MCwmyS7fOJPtJDIec6BSYX6BUO-kICG_zQqyCabS8MUh80XGdaqaV9ZZk1q8f0DUicuqzbw6wznw7rMMXe
Kori's,"Safdarjung, South Delhi", South Delhi,Delhi,4.1,1300,ChIJzwsyF4gdDTkRXfa6DOmMkd0,AdDdOWokwvl1_jcYUZcR-KovUFmIomOcJLkKf1zHqaiWpkshVh5deikuRXCPVFYPP0xC2lnh3M3xq5Deqzo3_XuK2K3Eg_TKkSZJSrEtQKA3FQLbf0hwMWxrAzVoP4EN3JWZnkWOkr5jiIIuqHAED7tBl26D5hQwBWbu86UYn3-s96P7B8ec
Barbeque Nation,"Ginger Hotel,Vivek Vihar, East Delhi", East Delhi,Delhi,4.5,1700,ChIJy0njiDb9DDkR-9nuP9aWDc4,AdDdOWq0aYV3bJQAiRdiOqRRiLahxe5p8WGHwcrKfAVYPFTlzkOK5mXleKif-ybEK6cFj8e45uX2Whm2GACBcotFm9qE0b_J7Nb23a8tZFSTNjt6jhKgxsnGozH1Fl1F7tvvelPkFifBK2DachiBi1VOgqIlC06G-XMbdK5hY8z7zJsKsGrY
Nazeer Delicacies,"RK Puram, South Delhi", South Delhi,Delhi,4.5,1000,ChIJB84695odDTkR4cGhHwqGR_Q,AdDdOWoGCCLQFCZ5Uwt1zxID-4NTMHc9hua02aCAQ4JLYrvoKIWPcZwUeksI-88b-BoTfZwUWXU6w0H2qLzfK5N-gCX52Ptm2qZLBfA8YwC1G0HaCh9Rf7He7vFro00yQ7P6gN9gS4Q_1lo2mreVzIaD-Cg_WG9eAQgKRjOe5SG4uUkz_nkF
Tenali - The Andhra Kitchen,"Green Park, South Delhi", South Delhi,Delhi,4.6,800,ChIJ_1Gl74TjDDkRyJ8faycXQsw,AdDdOWoU_Tc96PCFBoI8KCfHjJT0yVwUx01M6uSNXBEzr_ZXNzi7iXN6WX7Lhm3GKtrm5AM0qfAr9Wo6KBAjnCCsnHT_RV2mRma9uTczq-KwjWpd9cuW2f2QWdgUaeGAeCCLLdQpyXj_ExN_fqfgxSNUCCnCAj5K5T73NEEACSTgK8fqwk_1
Kake Da Hotel,"Ashok Vihar Phase - 1, North Delhi", North Delhi,Delhi,3.7,1000,ChIJ04WDWzf9DDkRMfumzM044fk,AdDdOWpxugL2NPIlgGSDfxKB35eh0j6rlOxrWCtQXmFUwZyEi_r_ItcbVM922PJW_Uv8y4MwDcAxIg_OM05Y6nGryiGpLwrKLtTq7xh6EZkLdjqNPo_B0nN-e52S5S_fVVfhaY7uRA013BlevcT-4kdCKeqb_CEflctd-LZ6ifFQhBroLbop
NCC - NorthEastern & Chinese Cafe,"Safdarjung, South Delhi", South Delhi,Delhi,4.6,1000,ChIJh3GvXHgdDTkReaVMjsse8Go,AdDdOWqZMh0OuGxif-LOEcGrxr9QzFg_8A7jpGsf37FdJ_iImgVsk0opeABomEGysb-5CZySLZmbCWc8ePmueNd7fyUjaiwrRCW3aI42n90rwg3IiIttaxVGvSxHLUyBdbtOPUJyH6CYGsVj-gGOvFe2lMvei-8OZch0MH5ReH93R00rnBoa
Nagaland's Kitchen,"Uphaar Cinema Complex,Green Park, South Delhi", South Delhi,Delhi,4.1,2200,ChIJGy3rdHLiDDkRWIVMrrl3wYg,AdDdOWre5A0uJKGE4H4iP_fiYSzw1JWhA8-8mo1bk0tlg9EMVjjPxBDSZkJqa6jKPQ7TEseyf_TxqNuzhw3hcXfimwr53GUhqB8dvT90htJj-gFWjHICdNfdQyhMjL4dPUIeeCtEm_Nyv-pD2xysFWhhjxkt57nDCuo5VbeCcUsp2vKG9xE
Kitchen & Chicken,"South Extension - 2, South Delhi", South Delhi,Delhi,2.0,700,ChIJ____dLTjDDkR4lLIBWX0r1A,AdDdOWowMMam1LCAdR2gvo6LGpt2rgmj4l-hYmJKzQgmCycGv-k7n4Q1NTeOjX7GFQvXW2XGC0AYnfWk0zQnWtO7fyKv1i5YEX4zkCf-zykZcRVIe_TZKb-OqwH6w6kswLbOCnL4yyjIBncnASne98HDOG6YcjI_bs6GQj6nM1lHz6vcv0lX
Red Chilli,"Uphaar Cinema Complex,Green Park, South Delhi", South Delhi,Delhi,4.1,1500,ChIJs-gNFXsEDTkRrTUpJHlftHE,AdDdOWpKuvc-8EBCXMPQdSy7FQ7tO4mGP1YQw2jMPu27tZciBaEV5JoaZAizCa1t4WPuAXEYTdzgS-TpkXN6Z6w5kLfGsInoM-vgRO1jtp0-hMXNLAzE7D0S3ixQ-IBAo-H7M4cEUhyyvYrZNSkvpNiPwYXi217tj4pGsNs9Ahd76Cb_7sA
Gastronomica Kitchen & Bar,"Greater Kailash - 1, South Delhi", South Delhi,Delhi,4.3,2000,ChIJ7XjPCDTiDDkRWtZvva6OB7s,AdDdOWrudnpR-3_Bvyy_aB_liWxx4Vd0GZP8or-soqvS2zfJJCgfXJev2Clzq-kby5Bdn4fZvc_x_8qa0UwOg2ytfXhg4Lo4hgCieHDvg1bSAx1bqzpBZWx3T3xeMMt5bNIiXMQcvivZrz_KPhKtz8JqHGPJpW1pgA2fdEJ7axeLzYLJjwK0
Olive Bar & Kitchen,"Mehrauli, South Delhi", South Delhi,Delhi,4.5,3000,ChIJ_dAgW_HiDDkR3xsbkQeGqgo,AdDdOWpz1tVAxEcWYhQlK99Lu7MsT4q5jt0UY4ZtYv_OcESgfHrHgWXPOegfanMB28rVmoiUTivLRA1zRHPL4gNkP-kao331h7jI-gEhE7W3pyyJJcZ9PocpZTAwRNoK2ilh0PqCRYAl5-bV--B9gHMuRdfvpWkFDvm5ze20CLLHveiX1xdb
Dilli 32,"The Leela Ambience Convention Hotel,Shahdara, East Delhi", East Delhi,Delhi,4.6,4500,ChIJs9Zikm77DDkRKgmqPHIVzaQ,AdDdOWpJT1wW6pwlc8L_I1DN7isXnvB6uxY6HsSf42GeiYEIRQ1WcXP86qsbLWXYB6hYSV7a65twDzOqHZOZ1OQ_KygTiluv-fQtSARHTFqBP1EgZJudznDIEbJF5eq7LZeG78aH5QwdkhfrKxzexJy2kSBygUZAdSrM3fPg-E02dkAvEt0L
Bean Sahab,"Safdarjung, South Delhi", South Delhi,Delhi,4.0,600,ChIJZdbyoVPhDDkR8v05aFYLvTU,AdDdOWrZfqK1jz3nWoCC80ygg-kKNq3geJndQ9RaGJzxKfulEhvb3X8In6FNUje5-95DitxqrqLcoElnpPvLaaMXup1lXK1tgzttSWeh9uxxwqtcFML7ScO1BNW1QeA3hwX6LsURlF0PfzT-GOAE3LjxGpeVVliS-FmdgvpUBsYW4vy1hRfQ
Greenr Cafe,"Greater Kailash - 1, South Delhi", South Delhi,Delhi,4.0,1400,ChIJqVTYlnodDTkRv_lfOLsqwZg,AdDdOWqGG2mtWmYFseo-MuO2x8W40oEivZ34j0qzoOeoJt8Fe94z1XIhWcKra-nI_BiLz25-ruIPAd5zJ5S4zLfotPg04D4g_FASQdarLQgvZAdIeZE0bt2UhEbnfslLanmTfXDDCcPCOlCnBHjd3Ybi5P4uNEXiX5YMR06KNkYBXRnQOesR
Bamboo Hut,"Safdarjung Enclave Market,Safdarjung, South Delhi", South Delhi,Delhi,4.1,1000,ChIJr6WWFHbiDDkRWP2DaMtlzvo,AdDdOWofNRYO0OBdDkh43rJrCSPlmI8mFdfk6nI8dKB_u3IogShVKdkUJSU0JdZGL_eP61PHPCZq3npXQ_Lc4LbQwL8VbkrHl1dHnq6NtBsMcNqoy9_wKCNNi9WGp3omG9VxiRaaiNAf7iIKMxjs5fjuOEEbAsfnOryyr_mefBftJT5mAlg8
Cafe Knosh,"The Leela Ambience Convention Hotel,Shahdara, East Delhi", East Delhi,Delhi,4.3,3000,ChIJc-AB8G77DDkR6WTIKYpcgag,AdDdOWod2BMGcAfH1Uhi95JBjDwklwIjbeT8aVVaY5usyATu_cqelCAJSVHZ2U3oePUXYh8_wdva268L-dDheJi7TLYE_X4YwtQXvAwJtkkslYKq-lVkoyKk4kRtvrxWnIdbbldPcIHpy6TywKAjOg8JCpPNXxS24kXs0k00_2mFEYAq_Cw1
Grand Plaza,"Model Town 2, North Delhi", North Delhi,Delhi,4.5,1500,ChIJlfW6lAYCDTkR0VvGIJFTOpM,AdDdOWodaibaSyG2WAzYWe6fQkeeyQntkzm-SmvObsjb60om67SwWGc9IGPRMGQbqF7_HehtMb54nhHDdshEmNA1hl6fRbLPWwBhXxvai5ThEjPg5xvJrqTXbiLRv-nbdKcc_bd3rUTpIGiu65jFmBrdjn-Ydm0MJIacgdgMCRsRJ10Lk4o7
Sanjha Chulha,"Kailash Colony, South Delhi", South Delhi,Delhi,3.8,1500,ChIJPZv1_8rjDDkR2Kd6eNHTPPI,AdDdOWoJYNYkrRTvjHmGvMS-G4ymnign4UN4vuspm35JCox808tZ8tNnaVv290blkLgbHNXYz0MFREWLJxObocRHXFfvoq7vKlngT3pNetQsRsHnyN9hrOPrdVwWTbdrNGXyfcNBdn2IC6SLureKrv37WNIADyGxakmbio7IA9mj4XmuKQIe
Club Cuba,"The Leela Ambience Convention Hotel,Shahdara, East Delhi", East Delhi,Delhi,4.8,3000,ChIJt0ihahT7DDkR_l9vNr0bdxU,AdDdOWoJ60p9wW_vpVJfZcKSBnFWuzD-99N6dboE2Mz5MvVKuhOi5z3-MLaji3C8nlwBBHCK-8OaNkQh32ggbLWLrH8tieYDS19w2groH7FAKSv7D-Rk4j6TbHFxiDCp-Nu3cGP18c_7iN01OKVVuMO3hOMx5ru-bxcfL__aNbLO58FFjBjm
SKY HEART LOUNGE & BAR (MY BAR),"Punjabi Bagh, West Delhi", West Delhi,Delhi,4.0,1500,ChIJq1h9e7sDDTkRQi1lh57zM1I,
Shakespeare Cafe,"Punjabi Bagh, West Delhi", West Delhi,Delhi,4.1,1300,ChIJ9_7NAAADDTkRDtblpNRWDnU,
Barbeque Nation,"Netaji Subhash Place, North Delhi", North Delhi,Delhi,4.5,1700,ChIJy0njiDb9DDkR-9nuP9aWDc4,AdDdOWpP0hAyzC1xwAS9j3LKm82Rhjm8_NKfRpkgq3Om-yd9YfoWwAZLSd85XtbSoiTAVtrVoCbZW-8Tb_qgEBNHydYu5IV-vm34PswBgDaayhgCOaWdzhjgLZFjrHsVyI-MfxuuBIK09msqmsp6zYewN-GU6THWzD5ll4BbqAJHXqau6h5H
Platinum Lounge,"Star City Mall,Mayur Vihar Phase - 1, East Delhi", East Delhi,Delhi,4.2,1600,ChIJGcv7l4XkDDkRNxTY7dbDJ_w,AdDdOWrTb6KPhNY3e4MKGW6_cIRbQJWubkangzbGTKQOoyYcqO3cY8htI5YJdiqVjz4W30wmmbmBbHJ23PGm7eVPkWdMlNfN_J3bxeB2DVpb4eml20r31SgZGiWddrXZosymLzxrfKQ2ggtVFmSk0v9ymVqyUw0WJDdR-_EmdPL1LASODb-5
SGF - Spice Grill Flame,"Community Centre,Ashok Vihar Phase - 2, North Delhi", North Delhi,Delhi,3.5,700,ChIJK9b9ERECDTkRbO2dYRdmscM,AdDdOWqqWSrZCjeOWfjvhYOgSgznocXsaqWasH_1YfSfsH__52_lueachOhhBtmqVq4FcdoBwmYf_ztKDxnw39E3YI5ah3awsOW1ohcz6mNVf_ii2BC_sh45HgieMXFCWuQ2embH9vtHNdi0tsf9TuTQfAupnOOhYli90c55jLaLlj3KdUOD
Otik Cake Shop,"Model Town 2, North Delhi", North Delhi,Delhi,5.0,500,ChIJwS4DvWsDDTkRzzSXJDFpDzc,AdDdOWrXvGg63VUYVhUlj0bu6yV95tixcg1N2ra44bYnYrAnIcSi6e9wfW9m4zRimCVAXhUfiZArO8vy5VomdFWEeYKcXoQYe42R-yfcPsFX58dJrdlBgHqim5EaX7YJAzdF8-diSKPoEksG5CnwU89zzhGPlazn17WKSAXjYA9n-Oj6dMNl
MAD - Music and Drinks,"Rajouri Garden, West Delhi", West Delhi,Delhi,3.9,1200,ChIJ-ViQvZYDDTkRzxPzB96mzN0,AdDdOWqZCjsQcsSaBudhNtTd4Tp7vXM0lj9X5qMHAhF6Ka2cD1zY5h0TkmG5XL107ACfxQe7d7fVTCU7pVCCk_3yZDWoHmAwOBkJkZ9D8ZMnvfFPvM9C2UNyv257uaeTZ2Bd-to5QV2mhRIEiu2akAutmeUoZl2e1UlTizDPfsVftuQvliT7
One8 Commune,"Worldmark 2,Aerocity, South Delhi", South Delhi,Delhi,4.2,2400,ChIJtxBHkMwdDTkROmlWx2jXC38,AdDdOWpq6uPINJbxNgyoO5Gfk85surk_X_b7N7a-2ltjh18YatdIjrAUYSNd9rspaoqZH0uc1HBnSTGme0iL-mAbIMmcdboU7cpy-zUR2By9jxDk6OFUPNRVXbwrpYNP8C2guV_nyykN8DF9ns727vNns1-cLgJO5sXo7kd-gBnBO3sVgU2p
Wok in the Clouds,"B.K Dutta Market,Rajouri Garden, West Delhi", West Delhi,Delhi,4.3,2200,ChIJIeXyFpgDDTkR7cUvLmckGA8,AdDdOWotBzrusAn2vueb8dur8ThQD0tCqW5041BRJrN2ykD3dapF88E8SBnsoZlV850q-d518GhJNqZ48SyhldTl0wgxLRDIDCNT8KEjSOKpFXWeFWDZoli8cPJvLZyopY6_Mr_BtrbrUksVm3ojr2dETbMRVwm6ikDcLjvFOhez_KDfwhl6
Kake Da Hotel,"Model Town 1, North Delhi", North Delhi,Delhi,3.8,1000,ChIJ04WDWzf9DDkRMfumzM044fk,AdDdOWp6ndOMGAh8_rbt8EaEqpxl2kTZ1fZVO6yCX_c6GJ05n3-xyOPBfxO0xZOv2pbhc_omKPBEKFuOl3GJX-J_2o48my2o3yUbxfVSqyZIPEsKqYO0tCV33tz9oG5QbTCH22ji4RZm7rJcebcuo8Ue3edeWhijXZa0hWhcFhDRPi9UKAYo
Pind Balluchi,"PP Tower,Netaji Subhash Place, North Delhi", North Delhi,Delhi,3.9,1800,ChIJ8RzMx_n9DDkR-YWmadnxKhk,AdDdOWpNGwo-wtcU7BFWvgmyOtG-CM-lVHdGe4s3VhEPvqm4XbYv_sntG7HP1vVja5ivB0xLuWwuTf-wsqmw063WYq0kNbADN3FCnEaLWsT728qPzyBq_cMT9w-eu_56Pi9eVXmMOhHxtBOFbdAweEyTLwdpUDkXQ-62y4Tpc-VXPEG9w6Wu
Moets Oh! Bao,"Defence Colony, South Delhi", South Delhi,Delhi,4.5,1300,ChIJ074FUZHjDDkRqZuwrfAdsDI,
Bread and More,"Greater Kailash - 1, South Delhi", South Delhi,Delhi,3.4,700,ChIJEVfylKgdDTkRQ0BZEXF-BFI,AdDdOWoHDzsKm82tHEQyq3LdSNLHk1hZrSjTyTQiT1Ug4bWnBGmKkT3N8Eoi-to20jxTga8-ClbB1yR8gJI9zBQCpGcizQFMPqfhWG8R0vO-qBJVKaCCW7gccDHAGxZQjLE4t5llu08rIKk-mXgEcU5Dpe3heUrDaNApWhfCvCS60b9yyuty
Taco Bell,"Epicuria Food Mall,Nehru Place, South Delhi", South Delhi,Delhi,4.5,500,ChIJJ9EDcK39DDkR6pypVBmjLHI,AdDdOWoFVo6srUzqMuhbSQyJe7L-srh2gQAMRFI9Ct2EN7qwQVpdXJnKTahXa_hPd4RRuwbjav7Hmqv-TAj29MtSe0XvDgrMmtPCAjswVG7a12Uk-nun6Dfefwe03bkQM-sSue_av4-B1-4tlS8lP_x_ADbpHn21Kr_xpcULAlGcEdxNwM-p
HUDBA,"Greater Kailash - 1, South Delhi", South Delhi,Delhi,4.1,2300,ChIJu1jz_jPiDDkRPJ-WjlFY2n0,AdDdOWrBbLbT-z0CYHsIKAwyfUc0VHW3LHX_BU1m2TBgTLQ6lghREvyWIjSBSKaV8q62dPWGN0FR0HD3E2LAXo0zh00IiDJTv0rVTFOt7mM1gwcJMv-jSn1hhRVigsxsdJONGJNxEsbdKZQ_ZB4uC9fFy1eWikONri_oVW__PquPWDWAOlw
Upgrade Kitchen & Bar,"The India Mall,New Friends Colony, South Delhi", South Delhi,Delhi,4.0,1800,ChIJ75c2Q37jDDkRJci--ZmnK74,AdDdOWrjZyRUNQL717JQKjtzSAW9rmCZ2gd7vJZ31F8HHW8sZ-VDkXILh_u2hurcJXRCjTt6EsrLq8PAsEam55JIv6Y63zvwlvklaAU17k8Q9SrfKY2AKiP-9YpK2Rt_AT0MW-6yEkUgFbwiRwMdHd7VPlUQKDd92c19N8Sqm5n5n7z7FosJ
Kaafila Rest 'O' Bar,"Karkardooma Community Center,Karkardooma, East Delhi", East Delhi,Delhi,3.5,1700,ChIJDWCTom8DDTkR0RqLeP9l_ts,AdDdOWoCeCr59mM8j_eSxl7z0iR-B-8kI2bj8Oq39ORrkPaLyh30R6VVlb8PjvCeGl-LIzh1Tqu1Igp29gHxYo7IT2wX40fVhy2l90f4AehBv3wTJ4SkcqQL0sG8XDAP0-wAQKggOVM-B8q7qgkKAtDi0rOPZgGm31G_MTb5szCqP8Tr3ZdW
"Elma's Bakery, Bar and Kitchen","Hauz Khas Village, South Delhi", South Delhi,Delhi,4.3,1500,ChIJq0F0hoodDTkRMh9S-dkMz_g,AdDdOWrTKzU2FjGsMYS58va-e20a7tZAXzQSbNsRG0fA03jVgdZdfQ5XY3giwyft---pOXQnK6t9BM8P9yxhhjrZg2KJtX7ryLTDmdv3BXhh7-wKLCk6kRacwNspztiilKifCzKXF1xLlnFxNecwwb0B08CDA1axGeV72Ol9xWYWjZt3g9Uf
Six Degree,"Safdarjung Enclave Market,Safdarjung, South Delhi", South Delhi,Delhi,3.3,500,ChIJcfYBcHbiDDkRjesuCfdHHDk,AdDdOWpO6xA2IXBQDCLtU8spUCBrTo5w54lgxNTeHVzWCivL26jORNE5E9DHy0HbJvORwDqjEcTiL-xZU44Wg_jcNLdG921TtP3W3oQ_ibKX9irWS5RCiAPxq3vnpMD4CqvTaeW7YZ0BowDv6UaArV3R-OBTC5_KYcD3YVX33eRPueouNz8Y
Cafe Sandoz,"SDA, South Delhi", South Delhi,Delhi,5.0,1000,ChIJiQPJ6FX9DDkRVpDdFhXVmlc,AdDdOWoKlyInV3LFz_ukbHNiAWQPVLcit00ErCkoYViw-gmSW5aB0PHR5vAV_dHwLo6kI-ruc6qd4fWKtZzGzSV-ywo6lZMpcZAe98MfOS-XDPz4jCbLXeSnHlL3uC0if3UJz1d1hW7nq_OsgcxrDeAeWOI5lAxSQEDctNYRbrOaPVoi7ZFX
Big Fat Sandwich,"Hauz Khas, South Delhi", South Delhi,Delhi,4.4,900,ChIJgwcE-hLiDDkRMjJSVEJgpY8,AdDdOWrUMnIotg7Y5h0DlJnO_G93fI2fwU1KC8R26_-0m78640Svpwm6eBGhNSJ3Ql2AYf-fWasOY_HLN4ldxCbsHyRzRoJ6Y6fM9s3UdbfYRhYjP-goEAPhuMyqgTUsD9dmgky794gtBc6fBhd3tjU299rXC0sEN-wJHYYsQMeiF0CXaaA
Cafe on 3,"Holiday Inn,Mayur Vihar Phase - 1, East Delhi", East Delhi,Delhi,4.2,3600,ChIJTQezrojkDDkR-_tXGUrcv34,AdDdOWpYECirX2ndztuTkc6B6DsaD0_vNQJQ89g1OsxwAwabdDcW16mamxRyR2mczYR1y0HpU93SrEDeXVWt_ZakyGiQOtwSaut33IkBBJf5cqkAtY5ZfjGF_GXo8PaESkH69DNrOxM3dogoP6a03L7yxsDHwtAlXrRvL3AX9PB7BNhpcnag
Urban Room by Storm,"East of Kailash, South Delhi", South Delhi,Delhi,4.2,1500,ChIJa3souATjDDkR30WS9McBGT0,AdDdOWpKiEmiSiqfD4n5-Vrn0-DYr3nKlciDPMGMNAKFviUgNZFUvaRxD6isV2aYBvWk1iNQotLFUlRTb3gaiRjkFxLL9z9g6V2LZKt0_af7HF_mBYBmyJ-ViJWhxVJFNC55HDSNF-TK3NkxA1Vmc9rfsgHQ3JvRT8-1hA_nuwCaMzOy6CSB
Pind Balluchi,"Karkardooma, East Delhi", East Delhi,Delhi,3.5,1800,ChIJ8RzMx_n9DDkR-YWmadnxKhk,AdDdOWpgSZPAJn8u5HdbAw9hhyQc6WuhhauAbLkLuRJ0hUUeal733qQlZzT7JGMX0eObrgAu7nwbSnJ2HUxeqmfjlpsdle8leQt2B4aWk6fpDZPgWftCzTyXikqulmxkv-fPmv3fGTAGatvDqE1zOmNIWQzgTqe7Uo7HAi2nXROFe4sNtmhn
Anupama Sweet,"Kailash Colony, South Delhi", South Delhi,Delhi,5.0,400,ChIJQfpyOMvjDDkRi7iAejkIptw,AdDdOWof2skel7hxST8AxqsbcYKj1p0RhZZkhcYl1_i0g_KPijJ1ivt8i1Q_musx9vW8qdbDoqhRtoAY6r0uiaols20lQSUERjGuA-RIzisY8TEKOPKtN-A12W3fHo4UvtZDNTsO93TmHjdSZliNh15WBUi3VXqyHKS3m5_TNMk9qK5Aek8U
Talli Station,"Rajouri Garden, West Delhi", West Delhi,Delhi,4.2,1500,ChIJmUh95ccDDTkRFb10YPKApUE,AdDdOWrUV6Ce_K2C5tzHIl_CJtffMoU5STQyQqW8_gCEDO7TyIPoDYQICFKn-kO_7Dck5WnOfKEV_3AUgW1lZHrMqSKSKHJy3s3gZXDp4vc9XM60DKcIaZ8x_0enX7BywRQ9ZE4yU3xYiX4aY1QjETQpwtAQD4w-YjqeayAlV1H_4n_Ab_Ff
Getafix,"Greater Kailash - 1, South Delhi", South Delhi,Delhi,4.5,1200,ChIJAQAA8TPiDDkRKZsC3ANV_00,AdDdOWp1IQF1yVFAzMAM4lgHAgGr9KzXoWi0YxULlRg1yuogWJf9h_guoM9KuvzRt7oeUHi6Jk_sarwIKXyYqTMjQV8Td3K9DHBHUMDfL0Pa7Kl3t85ywOtP7hbz_Riz2wd_cJ6NKKnC_nOzlpaAq1v3xPKFXbj6_rN31oP65ebP6IVB019A
HKV Bar Exchange,"Hauz Khas Village, South Delhi", South Delhi,Delhi,4.2,1700,ChIJITd3q4odDTkRZRTB18LiEvY,AdDdOWpkD2DXQHmFw1hrI6vX2OjEgfEHBOhvpPIecMkrRIeoIKd1q4W47eQBQ8YZov4dpqJ5CeGrN6ro-lTZantl10VsjtWPbNgMTE_RXzOs1889F_JNdo25y_4BVtE4jp_CL3BfB09u6khD1ayw0QaJYogOeMFlZ43SldG5tUDDu2jGgtUx
Cosy Restaurant,"Hauz Khas, South Delhi", South Delhi,Delhi,4.3,1100,ChIJVVVVnoodDTkR_PdIxGy6v6A,AdDdOWoSAiySWx9c1TxVi9toyhGjehIG5H9f1MAYJfcSwTHQuQGmW2TCRbxDgzp0s4qsuWdU180jf4hLBUc1Cb8m_5aEoqmD4GEfefw9e-ZMvXQRmdIIwDwCpYUC71r7H26epdAQGafSMv62DcJhpQCICgmvsl6hcXcmw5GwHUhCEXawtQG5
Saleem's Restaurant,"Kailash Colony, South Delhi", South Delhi,Delhi,4.5,500,ChIJlZeVEVXiDDkRQI7CN05oJh8,AdDdOWqGLi3iKXxR0oFktQ7VYkMGrK6AN8tc_NqasWhVMnFvC0Hh5_bTqcnqNVtSUUqvz2FYXp7Vpy5k2HRz0B0vLagUIxjydS9rYeTi52bXAZdGkDi1oseqsZnM6Crg-6Qqxrf_cAZ3VmdpGMoCduESQlxDAGojMM1_XTk5gA8PJRxMer2P
Yes Minister - Pub & Kitchen,"Essex Farms,Aurobindo Marg, South Delhi", South Delhi,Delhi,4.2,1800,ChIJrwFRJA_iDDkRaILOC--bR7w,AdDdOWqzXGcCDnuUKpNAk90ngEPamLaq-2a6uq6IBf6VdjRcht_HLNtFcxjSRVwVSa0A_cTVf4UM5JU7ppGpE6_NkKiWgAy7hKatlrM5EN-gsT19vx-9p9q6XIySgOX2JQCyFKW1aAD0Tk4dLhClv_L-hAAqZTn31KXXP4Bv59KZ9kFvTyX-
Paul,"Ambience Mall,Vasant Kunj, South Delhi", South Delhi,Delhi,4.6,2500,ChIJq1L-GAQdDTkRyL7Qq4OexSw,AdDdOWqb6PBj32Cz1K2BHtSdOwEkG8UqKMNhMSUkvxP7mJOkqq6NLmQjYLjvf41uuTYxGCQPy0n0lql9U3p8BO8819tfLOHQ6UkNDbE0VNF-Xc2svdRG8oI9JyfzeMKRwkPslk0JwwZM_bANyNArKx6vtSpgxP6Ft3Q02lWKdoPphaH-PKvc
Good Food Cafe,"Pankaj Arcade,Pitampura, North Delhi", North Delhi,Delhi,4.3,900,ChIJofC3v9wDDTkR3-6n0n58lLU,AdDdOWoavIOqi9VwmSbhShNNUoaTI8u3WRUrQBnyYNxED4i3kkFkz0zKB45DbsQItgqrM0HBXvF715CLlFWd1LNABntSuI1HnuJ9lSBNXvNZIB84R8VwEOHz73e6fa77jp5vHmOgT3pjS5etDB84w7SEO2CiRHp6KBtlDwSeTEthwxgoHMQO
Saleem's Fine Dine,"Kailash Colony, South Delhi", South Delhi,Delhi,4.4,1400,ChIJlZeVEVXiDDkRQI7CN05oJh8,AdDdOWqUpYAlqyDlNbJHb61eXSg4XTLviWv8eDm83-ZwoZytXyfxDCZX1-ZKdwaF3b-SYc81B8-iT0yoI2KlQiIiqUvhTF5p9FluMGpWQeXQJicjjLWAQvB7FhtCiBRdEoUK2BgKpyzbNNn5pd_WPzcWahuY1ncvgZhbNAMb4rDhpkLwoNNt
Infinity,"Crowne Plaza,Mayur Vihar Phase - 1, East Delhi", East Delhi,Delhi,4.3,3600,ChIJPblp3pfkDDkRXVjCjv8jahk,AdDdOWqGVy0kN5_C9F_BJ28twio7UqmDvOVN6yF5gGwej_EsOdHXyHAqytHBEut1Y96m8wucquvn5wV6PiEB4e8zrJP-M1vju03Uc3R79JpGXwEje5Ss0hFquwpoM9So8YrtwMQxlLFwQSgb3LHt5RDKmoE2HDBFUZiXpuw92d0ef6jPaEjl
Fabcafe By Fabindia,"Rajouri Garden, West Delhi", West Delhi,Delhi,5.0,1200,ChIJzaTjac4YDTkRzJ5Ba9Pqisk,
The Rehab Gastropub,"Hauz Khas Village, South Delhi", South Delhi,Delhi,4.4,2000,ChIJ0YN9NKAFDTkRmty5qF15wps,
Giani,"Model Town 2, North Delhi", North Delhi,Delhi,4.0,400,ChIJ_VQEYvrhDDkRAAAAcP0V5x0,AdDdOWoAydEeBInHw-l-HUgdWWBzWqUA_rJS49Hal7nfbID-vZ4V0lXHiq52FCXR9Oa_Cv--EBD53B1aptoCFf3jY0kk2zS6QY6S0U7GtpWS3_wytACKGgD2kpEVP6eio1ffyV6CPb8c3f8jAI_tBcQWyIehRcSnDFUYd98WO8kZnWLKRbz1
Konfidential,"Kailash Colony, South Delhi", South Delhi,Delhi,4.1,600,ChIJ752k1D3jDDkRWy3HADMOsb4,AdDdOWrXoB1b5DQ80yXbUOcrCAY2jJBzC6uf2EZDurDt9CCRBgXoyapySYp4u3LToKU3gEX5DLyAHaJulgJZHUgIs7aTCaPLcfJmLeC6RFTSvIz-oAiibJVU_OUyWx7vIAisyOjEjPjqv3411Sh0R6QZt8DbFv6SJkEzxIluu_jl5oKV1eO3
Berco's,"Rajouri Garden, West Delhi", West Delhi,Delhi,4.3,1300,ChIJtQffHkj9DDkRTL-OkgPgk2U,AdDdOWomlzciJ80lJEerfhF3Ck36aZqrff3MNL87y2ex4GuXE8bBE63-1ZKwdeM4kivVUVkKWRoaIjXMl9iyoaQmpBRKNMs2eEr2GejCn-DfWE3nS_7QkRnbC8DDAMhcYp4nQ5n3hIH3uDRVJOgomcN2PLQY7-6NTGijlWQ49EILkYDBdrh8
Wow! Momo,"Hauz Khas Village, South Delhi", South Delhi,Delhi,4.1,400,ChIJPfVoOZD9DDkRXFZjBAZ0htQ,AdDdOWpSg3z-RgDod8Juie3rpA1ApS_WzG6o48_xgcXkLJRuZW_GsRVUx3vFlGFo6rm-X4ANvHpjK6VbeOZJMXkiAL5HtvxxzhT-xjaYfLTrc2FXtIrscREBV3x2x1xVMCOOPHX2eIpHK2CWh1BuHz0gbT_tA3X3C2iMkl1dMozPTg_MIG0k
FatJar Cafe & Market,"Kailash Colony, South Delhi", South Delhi,Delhi,4.1,1700,ChIJPwZ5AMvjDDkRUmI1m-WOC0k,AdDdOWrg0Jp8WdYONtcJvStFYwfQ8h4f1Xsv8xpIccZRlGgKXuVY0SPVpFxS-9bDI5f7HsvQQ7BGTsla2IDsbgcsDf3CPKyVyyYRCnSC_rGJ_OVZPon__adMcYmZQKhaxRumGGOqIxml5EHgW4R1VVO3tLuz80OFz_D7PBZqBPprq3HBYLRy
Baa Bistro,"Mayur Vihar Phase - 1, East Delhi", East Delhi,Delhi,4.4,800,ChIJV3qjGdblDDkRt8KKPLd_69s,AdDdOWoPBKAKmh0V64MLl7OEtMGNZQKW5HSVsWpPTM234CAC3d6gqohYs5E6eF-Z095Qexco-Y6O133Gd98EqUvdVqQjMnQK4bNPvx89GCkh911TcFMgxgkI5UvjciSzpbWxCexIfGvXYV3CYRypCDb8bWAFPFT9Kr_vzE_DY7B9HrSipruk
Vasant Kunj Social,"Ambience Mall,Vasant Kunj, South Delhi", South Delhi,Delhi,4.4,2000,ChIJNxCXig0dDTkRx3SSMrs6Ol8,AdDdOWronjrvqOu45uYSft86nFQ7c2HqzHby4KZ1uIqLMxrc8tH4Z6wADz6nMIT_VFMDa0g4wICJ9RC-yuKRINpJi2xgF3BQg8rNe0cv8iIdxbaGzpUbT0NW_82ED61jYstuWxNzovEi6TKhiRBYI2EPcdIV0faCzwtKS0gmSYAbkzV80oRZ
Threads,"Shahpur Jat, South Delhi", South Delhi,Delhi,4.7,700,ChIJ51tjSLf9DDkRVZ2qp0pJPlg,AdDdOWru3tkggzmjbMly1_WL7yzD_GX79nbSx1hCO7HKXNPvGcTcwo3HX4DuivMvqsK3QsuDWApwpisCjBwV7DYjLbW_6Jl9y_SG1La4eCwRzQsK1nRAlhxEciPxdrRV_s5It3oZZfxjFsWluUSyJni_E124HUIOjfhThlZ84rzbkw82C_rQ
Only Bar,"Nehru Place, South Delhi", South Delhi,Delhi,4.5,1000,ChIJ78atpzIcDTkRvysxJGG9-yM,AdDdOWqKI4vAi0id4hmPccOQVOyzMzBJc57AR71388qD5z_dFkejYUyTsBxykn-Qu4UddN9a5UazOFt1IvALTpldyds4v6K4yabUVkKpusvSmZmCdRhxXdV24emIv2Q0ZNWX-N3QMoJmcmv2RXhfeQNpQDTrySRV7ZlgioHSn6UTsPkPh_jo
Bread and More,"Vasant Vihar, South Delhi", South Delhi,Delhi,4.6,500,ChIJEVfylKgdDTkRQ0BZEXF-BFI,AdDdOWprW0aoMXSXJMmGrT0xjVAMp66RdPSy74EgXzpogidekg1zx2lxwIwOcxqAlfsuPkft7-Uer7N1b4M9fLL4ScMdERMoeWCJQUj0Y2GcHwhU-b_qBgOq8haDONCIT42Z_w83t6BGkSc81NnI7Z-MbNrYWZpHd6yS9VDByUc1dg1PBrqX
Defaulter Cafe,"Moti Bagh, South Delhi", South Delhi,Delhi,1.0,800,ChIJNTzLYUUdDTkRoaWyUH8JimA,AdDdOWrJO6wkHDhnI14Ryn5FVv11Dvhetttn-Ic8KhC5B7_h6WyJx2jj3bcN35j-Mv0VHln1CtcBaJe7AjYknV8pkwtlIrLZKFdPFeoFW_i-q2o7J_JSC8pvv4bbIvWpAwZ2Qf455YsZnItmtbofInogWBP_3U4C4O7jfw8STzqwYfWjgwk
Zaika-E-Dilli,"Shahdara, East Delhi", East Delhi,Delhi,4.3,400,ChIJKTeEVRL8DDkR8SQr-Er5AMo,AdDdOWrx3c-50G4njnY5r5ng1qVzKZuEXAw4zDgVytpFUC0tYvVFzuEjV9l0eSw2K56HovsphCkKoP01Ki-HoHXLZXtr0BxpB8NKWrgDpFwAY1C242bIPniBD-3OZ1QnSdlGKof_WH3UxV5MLRAi1jtvUz2GT7Ei4UJA1pl3XO4lUEGps-3o
You Mee,"Greater Kailash - 2, South Delhi", South Delhi,Delhi,4.6,500,ChIJQzbmsCziDDkR9S3JtkjL28c,AdDdOWq2r2PfWacdkOLFHasA-Xycaspcbnj9R_GpDAFIk9HVzzeIT2tqRDn_K9YmX7ojz2pnH2djv_XYkwYxlBHMwlNjZoYDpZOl702Vg9dWp3gHB_wO03H8UAVHl5L3EO74dqq5JZG9THUpkNfzO8DCLTgPcEurERnTHdN-4Fhem2f4NeUe
Mia Bella,"Hauz Khas Village, South Delhi", South Delhi,Delhi,4.2,2000,ChIJVXYjooodDTkRIr5IEbZVxEc,AdDdOWpbHUWOwoB7lRL6FviL61FqMeJoNlZ-_8gvr_BG-_2yXR8uBXWykdoarHV-CWMLWgxZBanHxTVkP-v4UsHr_e-yGwxGCvD2Kh7S5bY-dnUibuhsp4qW2awvF_kyz7RcIKCb-PwjOho7QjbeVua4mf8ha7maiHWojVy6qtcoZn2P02D-
Golden Fiesta,"East of Kailash, South Delhi", South Delhi,Delhi,4.0,900,ChIJK283Q63jDDkRXXYVnyAIxpM,AdDdOWqwqAthU0PxD8RPlah_c6h8QDLi4FNA1K3LZ3C-xpsF3GcOEmbXMhS1jepTB35mxvUUE_lii7peiFXMlN9NgGHO7SiVMELN42rWMj_tnsnGfXxv90ZTGPOczYydFTSJAUXii-lw3PLcw1JA1BDnwPHQ2cMWsEpE6WNnaMAGnhf84adu
Cafe Culture,"Greater Kailash - 1, South Delhi", South Delhi,Delhi,4.5,1000,ChIJtcPrkzPiDDkRnxN8u2vgLzU,AdDdOWqb3iemfo_Kumv8hPLnBazI17Z9D_D7V2POoSHR9jjiORUvClUx-eDE-SeiKgAb5G-9VKPvLbuhX9b1qEiu4IVa6WK8KubiCfni7pZkqcT6uFjUMakavnF_qQstMwc6KhwXWTZK-G2-W5a-ATyDrpiNeAgclXKHiZvS55nCEjlA3nYx
Sardar-Ji-Bakhsh Coffee & Co.,"Panchsheel Park, South Delhi", South Delhi,Delhi,5.0,500,ChIJVzKdPDMCDTkRm_ePwadpqbY,AdDdOWoDAShRDE83ib7jPP45RV8cMvf21kQ7W1622X7GDu3EuCn1MtCnOKv-CJu0sriYRa3uMBmvDOYNSz0OYO_YeMdD7gk15JNwdrDJO-3h6kvrtKtW59fyr6sFvvdN-5uSF-0EHXLmSC3dd-GC8xs_joiYyBZrRCHpM9StXaMPETDHJGJa
The Irish House,"Epicuria Food Mall,Nehru Place, South Delhi", South Delhi,Delhi,4.4,2100,ChIJ73QvTs_jDDkRPEPrr6bbU1Y,AdDdOWrc63WBVLyFIzSdYZ6lIOKTNNInkjZqcSx6rinPgH3jq4C5fr0u7V0sfm_1Gh29i5cu9cjUwovIi0bMzcIGjOaW9XPSQY2qyECDuTjo-DVbnLw2DR8N_QA8YZ_WTPBeJ9a8-UOVvXp6uTl9Qe_nG1-dHy3PZLuBzTllEZzVUvS_Iq5-
Hale And Hearty,"Hauz Khas, South Delhi", South Delhi,Delhi,4.3,400,ChIJq-ebeHbjDDkRMW_m2TZXU3M,AdDdOWqCYB1ieKlIoF5BfnwL7TAP1X_3U_7pwog2A6P2iTvDNP1IcNiA6LEn1cPX1crbYyg7OlqUi5L8EPs4qXUeLDDXahHoeRchuOXKMWD3i8LenUFKXOg3g2UmZ3uYr8m5UnFFHeWdqosgkHdLB7Wvr9nf7Z_QcNgEMern9cLlsA04cb1Q
Sandoz,"Paschim Vihar, West Delhi", West Delhi,Delhi,4.2,1000,ChIJmxWbOEj9DDkRnll1p98TTvM,AdDdOWoqJrUZP3qx0-BRB9qt_VCsBjgYK5u66eBTB3mVXQ2YFpgV-Xdz5ZWJFBdyxnG1sDC4RYGDAxpRNi_6P9KvOlI96TxuGUcOlikoosPO7NX-cdUVPodssxRKkOpPQ8M4EvpDlG8Jhtb6yaXhrK6k2Z-2kN5TSYMa5QNUIlYSrEtUcGc
Garden House Cafe And Health Kitchen,"Shahpur Jat, South Delhi", South Delhi,Delhi,4.5,800,ChIJ6dmb_RPiDDkRvrVsFeCfL9M,AdDdOWpDprjSm1LINCd4IEZp3B8ZIa0Eo-pGd9WfH7UDRku2RBRMjHQ_tCk7kkxWdaTWSIrnsEsh3W0dlCMUGlZUBOFvOXUmWtTmNRHLwh02Gxie3B5H1VmxXUpI1OwwMV9ScBLkEgL5BckWaxmbnqSp4-NRsewg--g6XdseCTbawKEt_Pl6
Sampan,"The Suryaa New Delhi,New Friends Colony, South Delhi", South Delhi,Delhi,4.2,3500,ChIJadZBZZPjDDkRSyPL_ZZfPYo,AdDdOWoByvB9M06-Qxa2LPqnSfxrRMXA1Fm8rcLuYNNMJsUI_7uMwIvg735z-s5UPa59PWVyBC0fu1i2t-Z18j4k-__TIVuAFEEmUghoXNAPaf-PIrYvWhVTaBz227JY_8OydFT65Qj9KLt4RULeV8AmO0Fl8rkUlUyh-m83ldOboWkvcAz7
The Backyard,"Punjabi Bagh, West Delhi", West Delhi,Delhi,4.3,1500,ChIJjyfb35sDDTkRRldrSgn3jJg,AdDdOWotvqfgXx-s2LoddXxYUSbnO0vfqiUDHgvmaX4aXicvW5IQwa-KEmA_97CXn4V4eJge1CdJvcmzZNj_8tUXRE4AiX7bmlMG_XQXg4ksVqGybnb-Bku5IYstZD90qhCoWtgQ12yZ2mMqD6AICJ1MRPaAI5yHA9ajqLOnWouBHMNAKvBH
Mad Over Donuts,"Greater Kailash - 1, South Delhi", South Delhi,Delhi,4.2,400,ChIJYXOcq7PjDDkRnAk4FF9dJew,AdDdOWrSp4MLN4E_O2HlsjeJTNTaX89996JwRvn9p0cLp9Yn9BPPttdhcIYuNv51EcfuWxFlz-DgqCgMav6MfOlFWUFZndjmhix-b5dcR60W7Vq77fI8rE-lChNzxRVFbQFMNmUdInUGT8Yujfv4EHqF9H61iRJHzW804D8TH3AiFlJY0Vq5
Mamagoto,"DLF Promenade Mall,Vasant Kunj, South Delhi", South Delhi,Delhi,4.4,1500,ChIJ0QjkF-jiDDkRM6GgdVPQqoE,AdDdOWqKnSmEN-SLZzv56YgUOKvWao5dZphYNb0aMdmQM02d72u4yM4vW2lX7WiuGtZ1cfP0rmLh8LLxWpZswDmfMG-ZD4x8XzbJRVnDr2H7FHMn4zEl-EA3kYSh3qG1ZGfsCXDbI4o7SSq3sGsc_Du5vDQPQIJsSTnHxsH-fTanU_yIfzww
Sura Vie,"Punjabi Bagh, West Delhi", West Delhi,Delhi,4.2,1800,ChIJp7ImdVoDDTkRyF6w4HHrRhk,AdDdOWrSIJ3eezddeZZ37zBpRELAIguAWolci2TfE6TzKNGxI6ohFkgX0u8RiIwRsCkQv5W26kJFek3LNHTqDghITMLuksTr3CWn16-CGO8JafBqEk7M7MDwikmi2I9u2u7coyr5ezXABkqzQFv_MrZbkrIuyA0AnAJN5nDfCN9BwYvwRoyw
Chaskaa,"Anand Vihar, East Delhi", East Delhi,Delhi,4.0,900,ChIJX5vanGv7DDkRvArfBNGrRvs,AdDdOWqFiv0bDjJc83rxfZ2gGnuP4kbn6PIgz-iyUnZkb5G4oWUOKM2fZ3LhGLNKbMCZ7EOAzlXwYlvJdAxi5dLESBL5H1_NpLirXSPkJUXb3-fLye8soBO_haMNsvzTC8oPJuYFuXIDf4P61z5GEKOBco7fYd-IHpNdhUKiU-WbzsGIdjFV
Fiery Grills,"D Mall,Netaji Subhash Place, North Delhi", North Delhi,Delhi,3.9,2000,ChIJzRt1B6oDDTkRPUE5-Sj_2Q4,AdDdOWqYmsW2IDL01CREJ-8Ff47p7yOWVtKRlFJKMJVmvJjreMHdhoHULBPSi83b0G16oikRufK_tc4R26eayjZLmZQVxYGQ8dBtoxfpse_FPs0PxDUr8kXit8YAbQ7XWDvm_F4BPL4fkAtvWV08Jf9CqSi-jeTCV6X5IMuHMm3cSmdbjYKT
Pind Balluchi,"Goverdhan House,Nehru Place, South Delhi", South Delhi,Delhi,3.9,1500,ChIJ8RzMx_n9DDkR-YWmadnxKhk,AdDdOWplJdOSx5jhtn_ynKz5ItIjxrFTkZfNpPMtKFVje4c-6LGEX-y7U3hZMwgCeeB2r5Q-Kt-0fwO8iBicGh8V6KXkXJFmVQdde0K1mM4hONrEM27W7xZkabq4AucZ9P0n2HjbxxPxyB3Yjb8NWs90dCCWjr25eukNrs5yCWLVZp1da3Qk
DANDY - The Fio Bar,"Epicuria Food Mall,Nehru Place, South Delhi", South Delhi,Delhi,4.3,2000,ChIJ159LK5TjDDkRv5HZcc9zzJU,AdDdOWqrlRe0LosgrCcEBmbxYeBRzwzaIAkaPF-JRfhhELdS5PG8B9-Vq1Yha_ZzWcALP8nLCRLy4RvAC_kApg0xVXiqEBZe8bE8sK51U9yvFF12A6SE3OWCFb48QlY1wICb5sISw6vWDT-Ul-To95M3ZJ7UetIyqq8u2MHwlPBLLrgy_JNl
The Passengers Bar Food & Drinks,"Kailash Colony, South Delhi", South Delhi,Delhi,3.2,2000,ChIJy2p-7grjDDkRL3wtSjIlQfQ,AdDdOWoeXN8zGf_eWxro4hgsInt-EnKJO2g-AyECvruASXJIZWcj3N3wnBndXk8oTvHMq_B8ek2eJwYBoJ-mfpSfAa3zsmDTEYd8g4v5ZDU1Y_VwUKqdpt-TaUpJWQakxd9NNo-LTrlHXaJJx08JJkWL0yOhRf-qiU0C1x1VPbC0Wg83iNxB
Band Baaja Baaraat,"Rajouri Garden, West Delhi", West Delhi,Delhi,3.9,1500,ChIJreHm6mvhDDkRB-ZVZxkzkOU,AdDdOWrZzxyd0vlHl-YNvVvUtOa-0anizb9H4h1UkZWgaXOuHR_2IYwK9hVBVpc6EwKbyg9TP3aCMDBrqfC8aLjrz5OEAKIcudemByClTcUjVTfSm8RC4mzP8rgj15j2PGRNxZUDE18v4958XMtGK1JZXM1SH1rfH18_GqxT5eIgTtKN9s_c
Punjab Grill,"Pacific Mall,Tagore Garden, West Delhi", West Delhi,Delhi,4.2,2200,ChIJk3p_Gun9DDkRsdWli_EpjyA,AdDdOWp-4yKpgPvZgCyjrUGRdaugvL5EA5tpDJc72k5gawE2q52odvbi0OcP87mRveW3ikem8r3ZDPStfs6A7oI1px-4o96iaFhrFlR94oHDW8k4qizVDmMeDj-TGIxq9i6JIU4zfANgzMMTZ2uO3CTpYSuUHWlEj_8M2I99e1nuACxaE4nJ
Helter Skelter,"SDA Market,SDA, South Delhi", South Delhi,Delhi,4.3,1800,ChIJXV3viLLjDDkRWHVhPzle0ts,AdDdOWrFrqjeKAQ9Ki26xakq0axEPz1cIIDXRjnpoOPRiFI9SQgLqq_7cB0c1RO0iosU89c28OA03zdt7GGViUYyeSFHOf6n2ZjsclvZdnzvNb0XAZy8Gy9qLyial3bWaLVLgI46togLVBwtmzcRimw1WSXi0dS8qKficltvGeFLCIqKOM1v
Punjab Grill,"Select Citywalk Mall,Saket, South Delhi", South Delhi,Delhi,4.2,2800,ChIJk3p_Gun9DDkRsdWli_EpjyA,AdDdOWqdhuvNDh0dLhoHoeG-FGVAGd083IJkCmfihqVf6roEybE8YstvXUB3Ug4aiXGtG-0sU8YWQ0-LwW17abjs9oZB-D4U0tYwOrYvCYgYJ3ocTWv0_uq_cwVqpf6HFRhppWK7PgfoLaKuvZkrpp25RfKCKjHjX9qu6XKII5zW5ps18d1H
Veer Ji Malai Chaap Wale,"Karkardooma, East Delhi", East Delhi,Delhi,2.3,600,ChIJs0nbcxP9DDkRzwTRlUc834Y,AdDdOWp2ni037Ort1vtGCbtEF3z2JoEri81my5AC-37OWFOfNcfxgALRqk83Ezgyx2jynDRhACh1vExxF33QW9W17BCxQ3Acs_oAYJWkMwPQ73DUU37p6AbRSFqLJSGZnkDYETYwyY6uBGUApYu5bRGU7x7thKcdcGBj0B14RUPtmFeODTSS
Greenr Cafe,"Vasant Vihar, South Delhi", South Delhi,Delhi,4.8,1400,ChIJqVTYlnodDTkRv_lfOLsqwZg,AdDdOWr89tpnPo9qE4X6EaYzgmotQdWJojjZ-ZR__n5hwS7EtFGp2dSMO_wUWAVUFglGMTm4AqRLuOVBjB2jVgS5O5s-8geJq65cYmaoh5pRobE0Ly2sITL4p6TC1nc9UNHKcUm7z37wSlsuxNlTddk-Cgh1w5EvsvVrLTbi0JUArpEQovHr
Daryaganj,"Tagore Garden, West Delhi", West Delhi,Delhi,4.0,2000,ChIJI-J1Dd_8DDkRBfKom8aB724,AdDdOWqtq9wa9vmOrEBP4qQ1_CKqMj87Ul4XKgyHsMe7wmi2P9S7h66lHbm0y4NrkORLKQF8ymL9Unx5Ewcert8T7_99qO9VD9O4zOTMRW-bwFx0ZWz36q4Rwx7RnnlpsYa-BJDuvNPbOIR4En903i1ILhipsc8t15tc-MosKcKsjgV9wj_i
Ambarsariya Spice,"Rajouri Garden, West Delhi", West Delhi,Delhi,5.0,1500,ChIJSXrKvRADDTkRK2OudVXII6M,AdDdOWr2kKnJs3R4wwKMnQpweIYkXVczhKWOIY105n-FCKfDPbEDJeic5aONYyXWQSDtroAXjrtRITh6BXetLM-yLE00ctxDkdRVaeI4uK7UPeC6bFxUL-mnQbLDF4tOKutzKOu9cf0mg_oElzRoArwS-lEmRg0XS4BW2ZdteTfCzKluSuOD
Spice Aangan,"SDA Market,SDA, South Delhi", South Delhi,Delhi,5.0,600,ChIJZ0eBhQniDDkRkYxsOuHqmrk,AdDdOWqx7x3ndXrhjny62Zv1SVecAgca50tEWqZY2Tbqc9MT8LQVo4Q6pTMQGjgylKEwiP0lESAMmiZHYDTcTAklJal9_seqLTBuMhWryBsaMOvpoFbSefOknPHxSjePj1yyt0N13M5EiUVzjjQQYM5-NZNCp8KxAPCHFxp3eVn2j5ZTvWgZ
Delhi Salad Store,"Greater Kailash - 1, South Delhi", South Delhi,Delhi,3.8,600,ChIJuUttPRPjDDkR71rF6IsoYRU,AdDdOWpHs09C1VWU2vf_bz3pghK7kMXqtPhB4tqpwW4Y2UVci_p3V5WQA9IcteHmS2s9aNm_QVTnVk_e7pao0vHfEebs47c9hwDbagy1AvmzuNG2RS8hhyPmR0K2D9uOziTme5axEnLBCG3UQoltUDkPqpmVI3ZcsPPgZn0XL_GexySMaZn4
Mamagoto,"Select Citywalk Mall,Saket, South Delhi", South Delhi,Delhi,4.4,1500,ChIJ0QjkF-jiDDkRM6GgdVPQqoE,AdDdOWqtFHHYBToSZmL8bhbYq2r3MuByDWOT1f2p8n3u5fSaB1inPJTBwYFWzqjwNkAn4ObrkITOkVKkWT1H64-Q0NQ2F01XRRAKgfP2_FFHTfrAJkIdrwkRApoJhZ-aoypsF8gB_VR4CJd3LZaBV4rLPlqufcFYi8y37uQ3jYA3IKk8nKEF
Otik Cake Shop,"Rajouri Garden, West Delhi", West Delhi,Delhi,5.0,500,ChIJwS4DvWsDDTkRzzSXJDFpDzc,AdDdOWrSsggMbeNGyYZnUEIFmuHOwJ7g7IFk58j4Nf7uyWcaB7EAcZVzefZP_ixfpro3Kv5GqUF2-X0M6FJCjn0czOsA3p0CAWHddXhKvW_SuYfv55PzLSKElj-mMvSkZ3XTkoZ3T4oqTfl59yZQp0tR4W5VS2uJqhIBc330cBUnjummpVl0
Chaayos,"Epicuria Food Mall,Nehru Place, South Delhi", South Delhi,Delhi,4.3,500,ChIJQ2on-Tb9DDkRd_muXoI-9BQ,AdDdOWo0ps2HrzgeLUPTElllxL7mLnYiN_K5CxOl2xpCKOp3RK9mircUG_wQhM5R0rXp0D5lLh7jnlJCfOidkpDIEVK6znNwdUsLU2ppIRCi0LAaPg4n0v7dWFXw1tfgOTM12zZNSTVl7YuoRT4-fmZ7-qkq1nDWX2lfr4LVlJspz2nVkBQe
The Asian Tuk Tuk,"Eros Corporate Tower,Nehru Place, South Delhi", South Delhi,Delhi,4.5,2000,ChIJPUJsWdnjDDkRSR25W9g44wY,AdDdOWrm-0EzR5brE_c9JBINkwD91d-rqFqQ76cvqn-pKMP_VzUbEWtIw-qkdRgIn2SW7m1jzPB4mh5OJIyC-uS2_PlVV6uQpxalDXNNoabFWEiwbW5KIhjFjxfvuiqo3QDb4YmaB2Y_3i8Dkpjp5KN5FSlq5Xm9lEV8sS-hx4i1ly0W3SM
Fly Bar,"Rajouri Garden, West Delhi", West Delhi,Delhi,3.8,800,ChIJtYn0J5IDDTkRSv6AHRORVig,AdDdOWrHoEJjLou-4LjZPtPjGwmYiQBdwP5fg12kJe-VAMvxeK12ICeBZfBgQbpn0fDRgNXTYhXNxnJMxjBV1UqgZdpl9DqetLPwqEWp31vNnGc2Y2TGXnmS-hQd1BuOe12m8yz2rn0zP5ak43lrjeI8jwH645eK_ciob7OiRzFcsFu-IKhy
Royal China,"Eros Corporate Tower,Nehru Place, South Delhi", South Delhi,Delhi,4.4,3200,ChIJw0qyac_jDDkRyBlYovjZvOI,AdDdOWo404FIEp3uSEhA2CoFSoqJwDVYEYjaV1fPKpGJ22SZTdwGbfEsZjEtJ_iOx-kKANBLuUbaknxJjMcNHOrRBOjGDoNsNTAS8a_Q2P5wYyFNdJretFkPO6hkBDKkmHicyE8N6wbglxHzhBc52Tot_tlr-Z0vsFp-5h_-F1M4fLBZuWNP
Chaayos,"PP Tower,Netaji Subhash Place, North Delhi", North Delhi,Delhi,4.2,500,ChIJQ2on-Tb9DDkRd_muXoI-9BQ,AdDdOWqnHWXRauKNXPfeifOx1YqX20JuBGwBmyBNXUJUa-8j_xtT8vnHZT2EDBgQNiNk4svch2KkX8VA3PPf9GQ4G6l6qd4t_gvIIksnl6M6QAyEwZYxLb8zGVivqdxkLPUpJfz9NeePviKO1sQcnnMWJ2CWOqXuw3yb89bmGoevVzb1-5dz
Naivedyam,"Kalkaji, South Delhi", South Delhi,Delhi,4.3,500,ChIJbWk_eXXiDDkR6MiDYMABPiw,AdDdOWruuJkVpLg2SyBSOk2u7RIUBeDv8GYYIeP7vOVPnDrK2v8il3PY52CTKvn1MN6dUEzDHnQQqlqQgx7LIpO1GJeaKTzCvU-WwS2wczHn00GGyE67PUKlUc2XEED8GQDTNJPrQ0as7t2PfrKfGeZdrSYvl4qGgSRlrUuMBhN6KDsdyo-j
The Gol Chakkar,"Kalkaji, South Delhi", South Delhi,Delhi,4.1,1200,ChIJl71DKpzjDDkRY-mz7b881wU,AdDdOWq6OnT8vgFDdPDv86LGBTgvSL6w-F8NOI9rM3hdIx_1lYhQiqQPW5IPp3tksjWjn7cMoZNHqdYVSOKXqC-AhCc78jXuCcQkJC-vZchfyCFdBKmLSU92hnqai2GuXFyf-0H5DX4mFSs3akAHprVCN1dK9YQt3TSBOnIXCY3y2AFKBd4R
Berco's,"MGF Metropolitan Mall,Saket, South Delhi", South Delhi,Delhi,4.3,1800,ChIJtQffHkj9DDkRTL-OkgPgk2U,AdDdOWo1wXkDmbdfHMw1p-XvxuhsYgIy2FHdmLFQPhMLmrHCbswHd-Yg4Trf4ltBkCL3VIfVaCcsUsY9SfelQxjq1FTlSq_H46FwznwQeSrZfV_7gIrtOrHgB7usgslPC8I0T7uWfevLT4dloCWxKLTu11Ns7rCVwyrhpiVE_wB-LvuNHV7s
Josh - The High Energy Bar,"Garg Plaza,Pitampura, North Delhi", North Delhi,Delhi,4.0,1000,ChIJES_s55MDDTkRfAO_LQCaFXE,AdDdOWoOjWhnfiWnGlHRJzDA4cxMSi__bV1yW87C_nhqqJJZgUgGruaVPLVZU33rB26qY1GN3cMLLPu0VmCOfyGw7XtvzZ2sXcPBr9oqMVAtqa0qdorOtr-MINfDYkG3kIxM94PSxTevyg5cgEvxPMZFCZWl2RpUA34e3_-h5no5yr2VeNNk
Heartbeat,"Rajouri Garden, West Delhi", West Delhi,Delhi,4.5,1400,ChIJF3WFst_jDDkRYX1fM7_Qnl4,AdDdOWpFx1H7TFcpFcGwe_o_KgmjdUDA-N1xkn60pvvPpLEgGXzpoU1NmH17k-hPPXrMEs6mW2_VNRfcE4lEgOsqYQFXdBixQdwWDduW68_WnpcNFQClWrSuv233r17o8NSOT4N8RH20gW90IdUvfTIH4ENCJxrF345pVDXvNGDnLs2xSoPA
Gourmet Greens,"Greater Kailash - 2, South Delhi", South Delhi,Delhi,4.9,2000,ChIJBREtLjzjDDkRINf7U4HkTQU,AdDdOWq4QpLynHYEOq4b6BZvCvbdgU0ObEEFFigCA9xAWhkaqI1q7oTdp9DfZemBUzycAkOlr7mFJef90J5f-dCMPt5g3LFWl1nf3an2fkg78LIzdGfXqRQdI6-QD8AHPtMf5ah-V4DOI_NdvWlAB7Hk49xxF147rJSsO6gknCNooFibUqCc
Empress Delhi,"Rajouri Garden, West Delhi", West Delhi,Delhi,4.1,900,ChIJJQwRgR8DDTkR4ytksa7r7c4,AdDdOWqOa3qTUACs1Am8wLrHqG6WxPjJwdkiypSOo4Ul4a2ISffW7KKJv44uvTur2srzj4ypY6TynOSii1w6MxzLfQgSXoN_QNdB4gfSYtg_8JJ_dsMHm9AM30pSXRJ0qEjWIm5OyJLknHtccEdgKIm_0m5RleI88q-VxnwtiZQpwf16g0s
Giani,"Punjabi Bagh, West Delhi", West Delhi,Delhi,5.0,400,ChIJ_VQEYvrhDDkRAAAAcP0V5x0,AdDdOWpLy-PGWPpl69Wf3R33QzT9zOpUDmptgqArEMePRVw0maz6zQSt1x4fyajyBNnH7N2Avxz2rNUuwaSPUJdLfzkUkGujelpoAMWt1G9FY9w6I5sd9r32_3SRpFjPCwADom9t5seXCAJ0NguEWeOpr2ueZHJPPfqm2kxtF4Wei1aI2peX
Mealodrama Modern Bistro,"Rajouri Garden, West Delhi", West Delhi,Delhi,3.9,1400,ChIJx4dPOm4DDTkRX0jl7uwzlnY,AdDdOWpop0tacYlEnEjsY0i9SBqEx4tPXcR-dQiiFdfm5lhfXIbjR2Nx9Jy-U7WyVFldyMk4d6oWdXDlDkrEDvfI5v4ZJeEzBUqtKESgzW7o5JJ4-3671ujwEpUzM7Ay28Wd9nJ4gRK80UAYFLpmzg8wXgkZoV236pyMaMrAzdQw-LTutKLI
Typsy Crow,"SDA Market,SDA, South Delhi", South Delhi,Delhi,4.1,1400,ChIJJ8vFgAniDDkRkiytReuOhhY,AdDdOWrvflME-LoNQS0Tq2tTtIEmz2FCpuMXENqxe0Je1cVI9WCGosweliJcAkm9guRkk77KI2FHM7a1ZF_rOfxS0pcstbVedrefg0PHB0hzkwuMjr6Ahrk0YXJg8C6bdU2I92IzJVI0Cc6ugrJpJJjrXlzqvuNxc-Qi0LtSjGCZjfMGYPXS
Beliram Degchiwala,"Corner Market,Malviya Nagar, South Delhi", South Delhi,Delhi,4.2,1100,ChIJh20emhniDDkR7mksu76ImeE,AdDdOWprwLpqANEmeF10ggotf3i7hcqGt1ecbmflJhVf1r2u9hIBUHM37nVukut3CD4tZdcoT_YB7OKnnWRxTXK97pouSjx6VHpY2EilkZoP5yYNeOKhofkh1H4Qe31Xxic8EKGSkH8q88mIx617DcykkDLXOxtjHq9mbF-NikJ7KQMIxSsE
Laidback Cafe,"Saket, South Delhi", South Delhi,Delhi,4.5,1500,ChIJC4Sg0X_hDDkRNluBZU7-dnY,AdDdOWoIdWADyhoNjhLuz6SzDFiU5JdWhE6CzrhFuqRP43Zpg3GsvOcwDROUPV6evWPiZkuzo16lIHOYVoTkB9iBdgw10SIqJ0HmBdP5dAc46VV_Lw9uz9-8iOqqFd6LLkjZps-Mmv4VpBtAQ7rPuQ6PzAHObcg8Q1TOslNigMd2Mp3SoxY
Berco's,"Pankaj Arcade,Pitampura, North Delhi", North Delhi,Delhi,4.3,1300,ChIJtQffHkj9DDkRTL-OkgPgk2U,AdDdOWrwR8kUTOV5GCZV8sA5H3Xr0Uyq-b2z6H-9Hfrx3mh8zKLzBqST-9pr1ITSi1ApogCXz-wldAOczqAzv6iJ4Hb9_JP3SGNftPxjzBisk5OgbJ0BiCwNosZbSJMyaoVq2wifw846Chz40DZbNkET-1JHNGH1wIDpbegH-0TOKGgWCdhb
Nimtho,"Greater Kailash - 1, South Delhi", South Delhi,Delhi,4.3,1200,ChIJY6ODSSriDDkRQuBR3-BkiV4,
Radioactive Cafe,"Punjabi Bagh, West Delhi", West Delhi,Delhi,4.0,1500,ChIJV43b17P9DDkRXHGnmPWrYRw,AdDdOWpqb18NhRLfa-hqSzslKNX5Vb4KAhVyKycYMi8Nzw0KToQfJuaMF9MqCMN-YpkvYTpxyOYLigkKDD5O14fmAC5oBL9e4-S2p5kLiZXCciZoeRlyIZrs-0LjXt-NNTRppsOmITDvMEFp7BxQOrYXuBtChhu_KehSj32B7SSjdQ2Uf9B7
Bubble Waffle,"Karkardooma, East Delhi", East Delhi,Delhi,2.0,500,ChIJRWGdv-XjDDkRDCwgwzK9MGM,AdDdOWqq35WsEXKnjiMPjjXq8LtfM5HqkGFJXQ8SqzMJp-vh27nEIKFjmA3uyJxG3ddzmgXbEc3G17mJbry3tB05NWBFd9AqukN7ba0b01bJllzRuOpsgsh7KyPT7WgrW4AqbdnN1occzclGhhmlEJGBHXa3FlDx6W94Ev5PwYrhauG2Lguh
What A Comic Show,"SDA Market,SDA, South Delhi", South Delhi,Delhi,4.1,1700,ChIJ-4y6iAniDDkRHXKQjEaSq8Q,AdDdOWo69Q3swITdCrjF2u_H7IRmwcO1kfx9sE7WeoiLzInuwqEytxNbNmH0b43Oyn9eBlx9R2xGsoKdXEz-XV5xjxFlGEsnV2LiNXGpY0sOooBDTqmj-975qJXPmsak2LLscfzbvhtz_TWiEas5SYgHpbV_t8sXcsKiL1gqib-7KI6c_Fw3
Cafe Delhi Heights,"Worldmark 3,Aerocity, South Delhi", South Delhi,Delhi,4.3,2000,ChIJoaEEyDX9DDkROpxbk37EdOM,AdDdOWpWSD22Cz3X0Wkvm-acwcZgcpzIrIXE4nv2irL32yGY0hfy3TX3VxiJlOweYHHgMXsy8tStSbeDA7XNTHm95Y4S_b8vPmlXkGxMAoCkfiWAdVLH7O9onlScTHCdPiKzKvEB3uY2HJClO2BYSO34fDJOu7qnh12_mpem1ffHnWet1EWq
Dhaba - A Punjabi Theme,"Rajouri Garden, West Delhi", West Delhi,Delhi,4.1,1000,ChIJ4ZdlDL0DDTkR7NaRtVN_ErQ,AdDdOWoBpsJ6qIkSNLl-P1W-ZvQ0Z8v5cekBlUKIhZujJvdtyyhACQxDoo7oAVIWbPhFxbbsvrXqVufrnq1iGpckKgIUlVLcZ8e1OEt-zqQrz2HXpEMPjai9wY-PoHxmKj47nSwTL-s0Za92NfUbx1GlLYh9Ttd4PmrF3kBzmd_JVcjOdOp5
Dada Ji Di Punjabi Rasoi,"Shalimar Bagh, North Delhi", North Delhi,Delhi,3.9,800,ChIJUUFvBSECDTkRATH_JK6buNU,AdDdOWqswmJUtCag836PXy7ylAFjcGI7xZiRQOrzVr7znHWWyoQ9UN0UcbaLjnlbIApVNS99mbvpUbMClPMkKmqoadnRl9tt4BsloSQfAeFBJsie9WbSdIVk9sCSIWbA-8MyyC2NVjBy1cknFz0ThtjB7rULE2iKzHThhDgBUSQZz7udHvXa
Del,"Roseate House,Aerocity, South Delhi", South Delhi,Delhi,4.5,5000,ChIJa0ba_GscDTkR27NgQJU9FT0,AdDdOWouMStyZzEk3E7n6_bQEdJlRtPulGlLbF88eEAMm7euVTK8FGqhARw6A_tS9J9q5wFLFs10-CZNLJrKNx_LiPSyEFGugOVC2Aj-qNuoRKBzaa05XI1ZkSanrq1juKvk7U8gi9AOZhYeRXPPIKacl-VWY7qmyO-SmKWra6xVFq5Gh1H_
Sattvik,"Select Citywalk Mall,Saket, South Delhi", South Delhi,Delhi,4.4,1600,ChIJueZhyJjhDDkRaWUB8lNEVlo,AdDdOWqkDq3v0gipfQWNSrptjkn3QCuFH_8DUJ6nXfEG1eknDTftaH0TEXIagWKeQybctdVajkLPqpsKptrsPGM7dq9sPNNCsN7g556dd2UHFTrIyg4_lObUhKtJGPmhL8AAiqyXkkb75Bimyiv6Q8NdM8UYmFeyVRMdsKjcZ5A09XFcNR0_
Pind Balluchi,"Hotel TE,Greater Kailash - 1, South Delhi", South Delhi,Delhi,3.9,2200,ChIJ8RzMx_n9DDkR-YWmadnxKhk,AdDdOWoWoWNJrFhiusBipjVXU_AHtLAqL73eH87Q8_OAMNAztrmeAlDC1APrtv-WZ1-sTQcPTIeWPsIlOBYGhOibG7V2s2L6VmBPN4No9esV-8c-2B8l1-2m2XrEEUkBfEBDWGbWaoUwwk9TYQx4p2xkg-jIdJ-RfDmqVHwhVZPzDrFpwCth
Healthy Chef,"Rajouri Garden, West Delhi", West Delhi,Delhi,4.8,800,ChIJqVuJhbAEDTkRmLZFrgtraIY,AdDdOWqlY3m8tmW9AnCgeBHoM3TKqTCvNI3DNA0imM_Mk0t4bJL5Kd1hd0w6PBfNDaRx5bNUvZCB7dVzR3AiuMFvOLzVgG-kX6PIW4kr9V34SQjNTQ8opQdDknLhOLT81l4T9R66W6SJ3t10YMDKN-37KBsmfQdAh9KFOjV3xVDxShX0QwtE
Dhansoo Cafe,"Tagore Garden, West Delhi", West Delhi,Delhi,4.0,2000,ChIJpQ0QAUwZDTkRwyDf-Arbzjw,AdDdOWrcOD6vTNGLDz5_ZujQF7HXoXm9Zb3U7kC0S0FOsPzv6K3Yg71UQfHFYJiUzdu9Rt7lwfNcFLWlWQOpylQyWLDnNHrKCiAFMTve2zA0xzupJE3YiQmI39fTl8XJP-UBJo2Rx4h5KMAr8LN4ygeclPGlbrZZESnkDNYpHoYyxey7XuVf
Sardar-Ji-Bakhsh Coffee & Co.,"Punjabi Bagh, West Delhi", West Delhi,Delhi,4.5,700,ChIJVzKdPDMCDTkRm_ePwadpqbY,AdDdOWq6M4Oe1t-voqPXIm7xxR8uc21OC8Y3yX9sGKUmXgp2GYEJFWTtZjxGUK0yy2Ecca74HIz1a8kdW3o3b_mmhRZSH_BIMOGNeema2if6PrHh6PXU_VlO-XcO6EapEa-H30vNSpG0aeNP8KoPGXu162HCFPFUreKH6G-IM7llKSylJMSp
The Tandoor,"Rajouri Garden, West Delhi", West Delhi,Delhi,4.0,800,ChIJD2LNTm8DDTkRlm2Ku9zPRXg,AdDdOWopi9ffRPERs3cEzG4PRp50XCwp8ePYacmpwXPaOrtKve-HbCNuYXp8gXrppbpNYGlu7hMwd7DOmCeOsBqRgxzeARYQIm9sABdDB80pwt4H5UVyXolwUAe-JoszsGiRtmdDsCYyzksOoXbn70s5TSayKPAbohzMm6M9bDulJEEM4L2e
Oh! Calcutta,"Greater Kailash - 2, South Delhi", South Delhi,Delhi,4.5,2400,ChIJWyVqV8_jDDkR-ImiinKQv28,AdDdOWoBySbXJvkRqK7mMaZfqiO21lTF00pAtMYDmo5MKaysF4Ru9scZlH2tSglUUJf2hHLYUS5Wv2Tvurm87JN9SjzfWguZ9_LA8KlvFaqkFTowkPXUA_1Rp_7TLsYwe1dHhfmuttFBrytG2X0J-tO2YhdwM1UX2qpzr05_FtvrRTG1fuKj
The Fit Food,"Punjabi Bagh, West Delhi", West Delhi,Delhi,4.6,1500,ChIJ-6y1dUzjDDkRJvwZWlSTWLo,AdDdOWqGQkj3FCv9hFZCYX9rQl9vceGOkG-Zg6VWnfZafsoktkWCeICd7Ou3iHCA9Ivrg53yXoAWkmBVtBpUplOFdx3I1Zd1EclMH2nbeo5oT3B9u_wRM9sss_mE5anX5NWDhdz80ssZ3wx8PTJDa1pWe177-jTTqJRWQvNULheovEH8c1uC
RP's Restaurant,"Malviya Nagar, South Delhi", South Delhi,Delhi,4.1,900,ChIJe27efiLiDDkRYpDMS5MjrbE,AdDdOWp0tgO0leASHNn39WJEyRwm6__Ka6N-cXcgot5eBwoNzlg_oBGFhetHSlk2WY26j3oG1vdZ_Jnyblav1K37-2XezAffnfaevPwTQViv7U2a3y0M3dHJhsAE23TrPCBCf6ZDPGdrRjfpgdV5hRslOXxiR0Ztu4grN51QZWs4WsEs-5hv
Khalsa Parivar Restaurant,"Mayapuri Phase - 2, West Delhi", West Delhi,Delhi,4.1,700,ChIJHf7eEFIDDTkRH7tiYIBtSAg,AdDdOWp8zQQr5tCxsqhwlDTTndtvd7pJ_CFTExkROTHKl7FIokmoe0hw32tSEvsLIyJo_As4lAn6w6GEH6CELJOskkZZDeRnGLoUfWk6sPH4zmhIdzKPJD7N0hoIM0f77Eu5O4SAh-KXPOJ80BpuBOfAoa-LfWu2pJPDeISAHvGXU-iLSgY
Havemore,"MGF Metropolitan Mall,Saket, South Delhi", South Delhi,Delhi,4.1,2500,ChIJQW1cWtviDDkR1hvMqob45qA,AdDdOWqT6dBeN5ghxGvhuojrHxBUtynGiRMt0TRvOfqskR7SPf-FCz9WZuQ5NxQRrDIFdyG2Zh2udFISfWzWbfHxDA7qJFCrAxoXK9QNpnKkIcmeo-8o8AhSE0w7G6mTuj_FdjfJFhmwYuLCkDKjWYgiXwi68T8rJxW8sP88hlbJk6rrqGB4
Ping's Cafe Orient,"DLF Avenue,Saket, South Delhi", South Delhi,Delhi,4.6,2100,ChIJCWkUAfTiDDkRDPqIZjWQM00,AdDdOWpzscexjnxByRDvGlNuirzESQoliNo4stjl9osKZoQaeKoUS5EvoRgHeSBT92LK9c7QzZM3kZ5JWtY9ER1zLZ9lI7lph46v1NUjliC_8ufrwSF_Ic5bRCno1HKf2CwaRyQUpidDEwJ-pQfrLxtupEbZ-2DRLkqvOA08zV6E67kZh2Mz
Tasim,"Rajouri Garden, West Delhi", West Delhi,Delhi,4.2,1100,ChIJOQxLjWoDDTkRE_7jBgN6Aio,AdDdOWoBZzKx7RPCvdR74YoYd0081fJx0cX2a-aWLgq0GCqY1wLLX4LjNl8hK469p5Ah3J189RDIsDWcfELO1J7R0s7MIRikBuXu-5BoUdxhS-1TGtRgiYKYgT_sjl9JcwgVLjg4bWR-UN1JSd7_uv_aBvwKN05feLaL6e_m-2pu3NcFUJWS
PCO,"Vasant Vihar, South Delhi", South Delhi,Delhi,4.3,2000,ChIJf4E3cK4dDTkRoDEOORhEAdI,AdDdOWojYpw-gqNShtAQlyiX2Cu2sUTto-P_P7eW8vK8SZfoCetFrbtPt784GwbmB6fceMoPyi4r4jdATsT_IYIyN0o8DWeYO3aFcIUOUNo2hnkh2zxcWjtnWrhOqPi2XEq17d2zrHTbLFK3qaNXA0ru_dXNJdIZ5kUhaFS1rDUc0lyvdkN5
Bintang Sweet Thrills,"Rajouri Garden, West Delhi", West Delhi,Delhi,5.0,400,ChIJ4R_OZmgDDTkRjcz6zCW6VXo,AdDdOWqH18cxlrDJr1NPDakjz7LvbBu7b4g1PrdE0BLFvyZUJyDTKhhBhNGgC0955uM9M5-WZuN7bWxsRSge_Oba9p6pf7Nz0DB-tXZ2Bpmj2C21rH-_r4BHwGbxK8xaZzIiRIKOA5lLpxGswiq0SG6Dj1flr806c5BWSXy7jZfEAjtHX-fs
Cafe Delhi Heights,"DLF Promenade Mall,Vasant Kunj, South Delhi", South Delhi,Delhi,4.3,2000,ChIJoaEEyDX9DDkROpxbk37EdOM,AdDdOWqfhVEZlj550DGdO7tDHWKoHHEVb1l5N5IiWtYhPEaMopLPdKcIL-NPoF9nHJIaW1_-RGbtiBgoVdDoyWlSfh5DlzsV0WQpKRzLPgAitvue5JcgKK7Lk84II1WKIfaQtGiG2aGOE0icdMMsN4yIeryU4LTOfoat56iqudwBZxcq-BQO
The Tummy Section,"Rajouri Garden, West Delhi", West Delhi,Delhi,3.5,600,ChIJjautsJ8EDTkRI1xz06JwCIU,AdDdOWq-NB1raf4ORw7oxebhvVdltPi07jg4lOYRlKSyrfqt_ZESKuUuC_Rp3vJHNIxQZ6fce7He8d34yUmsIomFPTozlYc8V6gEOt07oMmtx_qs1UvAixWdkRR2xCyPi2fFrDo_g1jqEp80sJruSLbdYziRmnF9iVyhQPMm37CMpP0duwBQ
The Blue Parrot Cafe,"The Orion Plaza,Kalkaji, South Delhi", South Delhi,Delhi,4.0,1300,ChIJsZ7s9jPjDDkRnKtxJ8UHxfY,AdDdOWrFM3Dyc_ZaAcMTkOMbfJSpAHq9i1uIU3FHJmARFIHuuVXkMFYzxSr9ehrqtjuUdodtNUuCDwWYA-oCxPkGRjKmauepjWPhX7j4lIx0xih1wnxQYBhzKuqLkbEc0X68b5fJ9VQpQuKNFkJhibfrfC_EznO4NLhcuLydCwwNJTlrzLib
FO - Food Overloaded,"Paschim Vihar, West Delhi", West Delhi,Delhi,4.5,1200,ChIJ_yVrzY0DDTkRNW1jyeAQ6Cc,AdDdOWpzM6C-696e16AVgkHCCRz9PeTVWPpkNROvQ9hlQoIkjjEyG-U2sBzbsu0vf2VDRjWfVwCVIKBp945f6aBnJj1ANzxfnT1HlZ_EMZsXkRZEgOoUmdic-LlZfS0_iajfFT-Y0iqfGGWGw4F65kG8V2X3ecmHiX02tw6qySshPRYWvab3
The Tandoor,"Rajouri Garden, West Delhi", West Delhi,Delhi,3.6,1500,ChIJD2LNTm8DDTkRlm2Ku9zPRXg,AdDdOWq8PMgtxZHNT5POasR9d8OBmoosDimwCRTC4nu7Zpu4fMj0Oew4z1rtJ0oLYcjrd4M22Al6S3mZ2qb6rera-NRWVdnAYMRFHfwC6T4os72p5qUc-YL1DCaVMhZ-1FYH-lK1Cwe1b8OnLdf8AdUXsznzyFMPlnFyoionfcu9VMnC2HTV
Underdoggs,"Worldmark 2,Aerocity, South Delhi", South Delhi,Delhi,4.4,2000,ChIJh7ArENMdDTkRtdHnM60dM_8,AdDdOWqQm4cZ_4Q0dni9vP7F0jRQL4uv5sInQpEMYRhckN18xLPpug8D3Q7D5584RYdhPOjTYScRorVW_I4HBDrV3y-AihFmKyEl-yYN69e9gWYBeQJfCKCMQPuaZvuw7w6gtsA_ZZX8AlFVhpa-ZG7QeALNXurum3NnV9HqsV0nDdvoAEbH
Doodle's Garden,"Punjabi Bagh, West Delhi", West Delhi,Delhi,4.1,2100,ChIJC6YzUu8DDTkR6urug55Sm4Y,AdDdOWoeC9u-f-0pNgLwIommeIYPXD-gCp-ilt4nyrd_EOPLmpniwmNJOvswt0E8KqlbcCsfN4d9wE8Luq3vzjyxSlvF7YdBClHmELa_G4y6HbXah5Nhl1vbrlAvuG0QVH0tl2fbQhCdia7FV20Rpsa1SZAyFl4IfWY0RL7jnJHnBaISAwpQ
Meethi By Wok In The Clouds,"Rajouri Garden, West Delhi", West Delhi,Delhi,4.0,1000,ChIJrZw4s28DDTkROlNBYDbzrr4,AdDdOWpXbPEK-hwXlg2GkjgQvh93xe__-V4VAaeLw9KEdbq_KzeHIBRQGcOP6JAnaECP8FKS6fPB_tiQRJPW5vA2YkVLcoCxwDY0LkFs7Rxu7-VyBiLQrgcPrNxlp46GLhNhLA8qDtwc-iGRJPBh3Yey94zH61im_d2pEtoUgbh6RhLBbz1i
Cafe Rendezvous Suribachi,"Corner Market,Malviya Nagar, South Delhi", South Delhi,Delhi,3.8,1800,ChIJeVm-FxniDDkRe3wSHpPkCmk,AdDdOWo84Ssbs2zY0RColedCV6FMSdAZnx0cozBNTLRdi4086JyM7rggAxQvBd_rOemWwSz7vXvYFMrySa8xp27mKksJpQvH6b_Pn8wG_LXgHuELQTfhziuvxHhqHxeTxaMwpDv8sr1VcKHPbNL7-a2DplKmJIWJvTa0xwON-ZVveZWr8EM
PapaJi & Sons,"Punjabi Bagh, West Delhi", West Delhi,Delhi,3.7,900,ChIJOSPTU5IDDTkR-O8FgJD8Pks,AdDdOWrMUIh018ibV8uWBdeMBUQMB5eRY6XxLK8n3GzvrkbmfFCob9OvJzvZc_ZkjXDfFngC1BHolgAxmHfV0_AlSZXgK0soRSgr6CWzUbC2tCPeMeInzSOhyjZ2FObWyDIK07_AgzlNi8rq7212UceOQ4zE1YOsR0Qfx_iUDViNli_kA0lf
Jamie's Pizzeria By Jamie Oliver,"Pacific Mall,Tagore Garden, West Delhi", West Delhi,Delhi,4.4,2000,ChIJn9vQTGsbDTkRdZ48aOVK3GQ,AdDdOWokxYDpmhTCgxp6NHA907640RYb-qTbAxuxCOMQd1PKF4dCYuMyV2rJ9dXA_7OLX8KlgszQANSr5Tc-F3rljgQNl3_Eqsjbo0gfM7dQlv8z5jWWa6f4xkP05KCuH_eOiK3G84gloUucJp8JZKsh5Wu27ZFVVw0O6pujhY6seBwiMfbw
AnnaMaya,"Andaz Delhi,Aerocity, South Delhi", South Delhi,Delhi,4.2,4000,ChIJ139372gcDTkRDKXqHQZ7An0,AdDdOWqzwzMcynkdS9HrG8RLOl_VkgsFvEXNBEn8ry4ZySBRawMlWkwOPsOtDI1yVgNTLsjfTYqpVfXXgZMaExajazR-b11yBL9NHA3xwHRX79pRorMtuO78NNF2Gzwo2Vg1Pnml7QDYFI71s7TwWMxWT3keDCDzfAvc0yvSUA-MeljI6jlD
The Waffle Co.,"Greater Kailash - 2, South Delhi", South Delhi,Delhi,5.0,400,ChIJBQ-pyvP9DDkRvOI5-wT2tuA,AdDdOWoNk9rO5137cc6lZBLcbvrWensjQIVRR29ggfUGNQdQmW3V_k1BC2Zf5P51aq1eF5DbWMLUDh1fGfCgYpEQ_MuOqhXrZiEyPoWnq3lw-1JBPRoixBWEn0qDsMtncrfwyymXX0HnNYi60h85Z8J-km-syA_YMA9XtPR0U0b8FNBnTJeD
Little Attock,"Okhla Phase - 3, South Delhi", South Delhi,Delhi,4.4,1200,ChIJUaSs9FHjDDkRD3xz8ymcBz8,AdDdOWov2vXdd7oGpOJ20e8WFbT8vIzsW4VW8Yh20VJkdt1jp3eI249h36KB5e-JTNbOO5PF1ZZiqLbN6ZJswMk-HeIydtqV5wmVqkoE3oldDVtaVU-D4cTfnNNtkBZDROGOrBOKIAUEK-3km4-UNF0Id4JRHbVGfYxX5sbu1x-wdR6fnOL7
The Waffle Co.,"Shalimar Bagh, North Delhi", North Delhi,Delhi,4.0,400,ChIJBQ-pyvP9DDkRvOI5-wT2tuA,AdDdOWrVheec6D_MaalIb8LsT4w183jJKO6pkwNApp3vS87dHu2QGit2JJiSpQ5bsO874jq2ct0jV2zRPFbKNRotdH3E-fBInlIkRFxk0YsSPsv5w2BE30FBMmbQzyP3k5UfQE1dSC0Pk-0UPG8XL1uwy2SRRpXp6MQYTBReK4qhriiMcS5I
Subway,"Karkardooma, East Delhi", East Delhi,Delhi,1.0,500,ChIJgZJ9xDb9DDkRQP6EPcTqN-g,AdDdOWrmAGXqpGpCMhA56gLKX3iFbMR_V5kQVn7748c7XQuLS7IVEjAZ2v8q-U8iE_ZVEa9GbHWlfUr24Kmtuu1FbS0XcnX2w66Rxt5ip5ATRMIkQP-bhATA9L_KlzDK1FdQCa9HQTb5-oyJC3gzF2qKi4-MoZEI3JJXusFVNMdOxgHjW5SL
Flavors Of Chennai,"Corner Market,Malviya Nagar, South Delhi", South Delhi,Delhi,4.3,500,ChIJrwEANBniDDkRcCde9fyoeOI,AdDdOWrExDQzyt6pMol1CvwUQhi0XWfOg1Vzb0_Rg0XqGEJQU2Tx3gnvze9-kNYmQHfZLz192vXEF5Hu7Eot8v9lmV9AW8tk70cabOtAPOoeOElAd8EEBroM5DT-iD4VtmWJ3T02yVhRpFZdl0ntBdd20CraePk5X7Hp2eVZHGSOxxFRyq73
Munchies Midnight Delivery,"Vardhman Sunrise Plaza,Vasundhara Enclave, East Delhi", East Delhi,Delhi,5.0,400,ChIJAQAAQKvjDDkR56m4_ERmpck,AdDdOWoUupyB62bGlHlLS2xmtfoAkIEv3RwUAzt9fKcfZaKjN7rVB_JfjbMjO3VSFetMEBpHrSTZgzw7Ux-0Xla8B2g2TSYrbMBxfuiZMaeRuRDGmEMG3TiGNMpG9ZgXR8ReA2jD7ipZtDV4hm-tmOPXSyQ2CQqldfNeXqZoaYUcNGgmwMA
AlKauser,"Punjabi Bagh, West Delhi", West Delhi,Delhi,3.4,800,ChIJv7TPv5gdDTkRWou5UCOM5FI,AdDdOWrznk54RSTLQKITnrWa5x3gKBlg-7ln9IP_a_7W_Uzmcnu5mb7KoF0ractQto9xdRej51RBRsmDL1ZZKcc4njPyMWh5sBFomTE0cTx8s6K3Jn6-L1Keh2YcOuOXP5XN8QDpYC-mKSGAvbqeP6uGtAYbl3ShxdBgASvwPHo9WgdbyhPR
Khidmat,"Kalkaji, South Delhi", South Delhi,Delhi,4.2,1000,ChIJxeHT2NvjDDkRSbi5tt153B4,AdDdOWosJA7bSaYBswNonla7CVQFYmNI4UYN7enamqpXxeZxX6OZN0T2BgTr4r1ZXfeXLq6STtGfDAhPMwsIsewEX7k9Jgg8rGuTGVOLxP5Uz9fsYztNlkW9POUNO-tyG5mKos9ogfq1jytMD0zjenIE6z0NCfropD26Mr-Q5k8njO7j7nJG
Smoke House Deli,"DLF Promenade Mall,Vasant Kunj, South Delhi", South Delhi,Delhi,4.4,2200,ChIJ9-ciyc4dDTkRK3M4GGPoeOc,AdDdOWoIATWAdgDIG4frpy6vNlBZ--94xjOFMbTP4JgrSG7Y4lBFiwcg8CW2P1LjNT0k-82i7JAJRjty-9aMiWJqANI_EdZtt-qtBY3fVL3DqQGDYJTDX_gJcARyHi9HcQEPe_qnfZr6k9pca-q5ag7NQ_AgT_Z9eXlZ9a_SjdIlVsvLjYj5
Khanabadosh Tavern,"Kalkaji, South Delhi", South Delhi,Delhi,3.9,800,ChIJwai4bNrjDDkR61YzOmUm4c0,AdDdOWroe9164aZqO7q6n7DV41f_66LBg2KEm1xr3CUlb2YE2vj_HqFcFdXRL9D7gMndPGwEEn7WjxikXrp1n56EZ6VJ1AeWdBx_cTlCu9J8SOAq5gzEF8XT38KyQDgP-W2JwMC1RHZ6MRDDIqtuRlXVp06YeKIO-u1QUapttA2VmGCIKWUu
Bokan,"East of Kailash, South Delhi", South Delhi,Delhi,4.1,1300,ChIJn8TqQ03hDDkRXABGmhOe0XE,AdDdOWo1eFvFyRcXB-DVmCmkHFnK6hZeJd6y8nxYt-h10k7gs6NKhdPYypR6SiX-qEbKnc_pNh6MybZym0JY2i6EfCUWrOJcpQd2NvCl_q6FaXTkPZm3s9IARXdjz6S6hqnxeaGGqE0uvfVYZ-eFMlH_KGs0fKHHaT_Q1tGphhQC15lKvkzJ
Chocolateria San Churro,"Greater Kailash - 2, South Delhi", South Delhi,Delhi,4.3,1000,ChIJp0c37jPiDDkRJX9MH_Sa86g,AdDdOWqthLcI9B1jE-ITKoDTcdT99XWqDstqBFdKpvti0QoOMR6NxUTDejS59MfrY4v9RvTzg2mwFD0fi2H4cKn2cpOmIsAvaMUEoPQbDaSqvchOQisiamsojyPoGyBhPdOMDTin3UPhZtzJbPjFElCPmpyBMarmSjTo7rWdHVICcuAkjGkK
Biryani Blues,"Corner Market,Malviya Nagar, South Delhi", South Delhi,Delhi,4.3,1200,ChIJZddqJEf9DDkRAHhz7lKg9Mc,AdDdOWoqYMsPjYrf0LTemxtrMkOcU_kRLxwg562lB5pJ_CXfKuXBrdMTH-dHFHhxfc4S3RQ-OT73T4Lb2uuHQcit3W416BDNlvRwPNpNiBJcU4JFIr1uvJ_Wq_H4fRANGtccfT7hbm8mXo94StLwQyR7j3b5i8JgyCnk805vbDC-nFxFK7gT
Waves,"Adchini, South Delhi", South Delhi,Delhi,4.2,2000,ChIJiZikYQbiDDkR0M-D1-BluCQ,AdDdOWrMiwBapqcTmMgy6bWCnsKGD5_0saqZ4q9NvVlsXWa1q8beAMXTS5h-zRTP8N7goWEbR8dcC56an-qGMfHzsL3A2pyHnVY3IJJC-HzOa_-pB7fK7RCP6CS4ZvqbV4OSJ7h2pY9xDmd830iPkXQaIhpRFwDowpeH6XoyRV7qmVU0XGM4
Six Degree Cakes and Coffees,"Safdarjung Enclave Market,Safdarjung, South Delhi", South Delhi,Delhi,1.0,500,ChIJcfYBcHbiDDkRjesuCfdHHDk,AdDdOWrMkPo_C8SbsWp3lbNsiVGcUGSSsAMz5GfQd7eS4T7lQphEauYgr1fVjdVfRtymd8sfRGI48gu3usYkKJDhvOB6s0NUIM9VV5UPCNCAw9HjlMbjImbYZr3iJmnOF9lZoMm3ttsMZT6LyW_qBVCt52hhQM99-Rx_yLCHOE-C3YC8Gi7r
QLA,"Mehrauli, South Delhi", South Delhi,Delhi,4.3,3000,ChIJ_e_8oAceDTkR1fpCeV9aYr4,AdDdOWoc0zKRFBhefftQ9a6Qdv6mZ14iT-SrYKIHASm5heWufNM3-rhu1nqdoU52CWmUA-uvTRrDNRwNuBEYnT2g8BjAYtOV724zDKabrS6lcPYoY2mqZ7WzYsTd0aNQLbI_laxnKDboCeG9B2m6OFGbX0lyoKUg39fr-zWUYfNGv-pkVAm_
Mughal Darbar Restaurant,"Punjabi Bagh, West Delhi", West Delhi,Delhi,4.2,1000,ChIJARWFJZkDDTkRqzkkR1gT-dI,AdDdOWqRLGs2XiadgkpktBlYMLJxo5JN_TEk0pH7NAxdU9S3bO82kU2bfYUSZrTvmkSkj9Ijv_p8_baZhyRTgENpEDTlUQiHiOdH911pWg6X74daPcTfPudRbem9sSN_xpfDAABizp4Is8nZ40Orf9zdh1OX970n2dnKhJL_eqUpjzgt3WFI
Stop My Starvation,"Corner Market,Malviya Nagar, South Delhi", South Delhi,Delhi,3.8,600,ChIJsZvYBRziDDkRvZfkcPqc50Q,AdDdOWqf7YEMs_XX12uatjkIHQgqJ1W7kMsWx4H5otaijTM3bVhgJ3HKm2GR9ZpBtOrxVvkQIAYfGaZalJFkEmnqHTtW4YhOVITq5oqo82pXZyLJJDszFVm36PCBEjBd_4dblWG_hWLVgEiYeMJay5H6C4huMCjAKbp1kaTuGLqjYFPhO_Sb
Laidback Cafe,"Greater Kailash - 2, South Delhi", South Delhi,Delhi,4.3,2000,ChIJC4Sg0X_hDDkRNluBZU7-dnY,AdDdOWpYENqGKDNXTQtDFDqGo15zfIiSVkiekGU5M9jABFS77R9rHW26MJXwtF7PB7x0k4Uza-vDG_9oFTr18nvDBurD9NWFIzpCFtlk6j38kCFXaH1Cy6U75nlkm8CLCoI9WnpG6OksHZdDARm7H_YCnQ3g0EXm_6enoFk96vX1QQ_6CbQ
Tandoori Brothers,"Malviya Nagar, South Delhi", South Delhi,Delhi,5.0,800,ChIJ56AaivbjDDkRlw5_GgoMcy0,AdDdOWq0llmKaWhfQPBp47u-vtcFeHsdau4DJUZp9Fll20KOy0qh_cY86WJ3i0ZbLoEiSYQgozZQXFDNZmumWFVX1kke3Ldx7T7mWHWRin7yRA9Cx0A4DXzTw8eIw6iCS20WykqgufXK1BT5pwTafC-L1eKEXIQxX1toF5Y_5UbnI8NBANC2
Sardar-Ji-Bakhsh Coffee & Co.,"Aggarwal Millennium Tower,Netaji Subhash Place, North Delhi", North Delhi,Delhi,3.0,700,ChIJVzKdPDMCDTkRm_ePwadpqbY,AdDdOWq2q9LlX9n3AeDWDSYjD5d_spmNqQY6ZlbBTg9-F538FEHrQqyjOa1QHa_SQpEMpYge3AnJ0Dsyc1Pkdy_JhXpJ8_GReLqweF8coqfiQl3dacClg8MvEfwS7VFvjpKcmnNKwGW__ommH7tTNc2_PCBul71qrPSiX1W4mNl6n1owkDQQ
Little Chef,"Kalkaji, South Delhi", South Delhi,Delhi,4.0,600,ChIJkf703XcEDTkRytV5hr8VGvA,AdDdOWqgVONS9BOm0jYORNhT45ipf512j5_gIVbHHjIQQBnHzRWFw9Qb8ujaaUrHNxV3732YviQGZP9S0pJsiDFKdtAHxbG-SdNQJM8844giyWpWASFkGYyZTywd9pQJkb3bqmIw5dMe9xDLMUxUKWHtvTa6iFAvuX2tmUC_VUB3q2BORWqx
Wendy's,"Kalkaji, South Delhi", South Delhi,Delhi,5.0,500,ChIJUzuF9ZP9DDkRg8DTk-rU-gk,AdDdOWqryBUUhIAYOj3B1iKVu5ppL8CiPJ66deMqapQF7oxxZTBP5xuwu23_onMltaoyd7npibccRzICppys2tLLetNIucYAIsr2D9KLc1hOKMAqhHEDrC3PZgcCESN4kkfxZ2lcyAjKSUHC2rPkHYMhBYb6yDYCkc3XHoqdgpfBuD951PmX
Food Sixteen,"Azadpur, North Delhi", North Delhi,Delhi,4.4,600,ChIJf298pYwBDTkRp3_qg6ToZ48,AdDdOWorMf2Vt-APPQRhIBjJx7FPUV5yipQToKMljj9lfx_JY8Xsv1nEiMXYGmMvVcE3ryPz6v7eENDhuhp12lOaWqbuHp59pDFPoGfXvqBw69kcvpVRJfBgGNgzrbWjU2az4KMZUT_s5QFq44aWeFFULOWzARzY6-DIojuYfcQH-l3jMJNr
Gaon,"Malviya Nagar, South Delhi", South Delhi,Delhi,4.0,1200,ChIJaxUwfvfhDDkRAKlTwMBNMmQ,AdDdOWq_cDIb4G5CRTXPl31mL4pVeuDN7h3W7GoruCRx6k5mnQisvu8y2LDX1gI4w-6wzvORSySj5nR15wxlbRrnQ95nMC4fgc5JK8-evkvlMSl8cYrHH1zA4jHGoTiN95BTi6w7WG1rz7LgyZ8XAUZzpa-xxVm0N50gf33D2tm9eT2WmVtC
Tikka Junction,"Malviya Nagar, South Delhi", South Delhi,Delhi,4.2,1500,ChIJCYaM87ADDTkRCwKfJGfcBaM,AdDdOWrL_vLQnAkQDjL9LDuLhVJ1WGZZWVCAv1RXp1IclZ5pNIsZ-DS4T8WhLX395ce8IXvqWSU2bGYNm10uEAUqHOf8lVXDKWdXtRXVrYxnC22-oYV0VG8YIM2vK4J7-Mi80H5U7eMqTED68vxZtQdgiw0LAjfcMBrleVjHQOS2Hosa6qpV
In The Punjab,"Greater Kailash - 2, South Delhi", South Delhi,Delhi,4.4,3200,ChIJ-csM2UniDDkRyGYV8Kw4Bp8,AdDdOWrhAQvxrDo1NTbyO_l3OeLMTg53JNYIK6dBo_CKoeeM3s52Ipe0HnfWPnQlrtMyl1Go5qljhmNnNuUI4VEQ8PXuuDOgiUFlOvfZODlnDcCFOqZVRjhLpsWekXJ2xQJo-7eHidGyrhsBFpZYGsAz8bZv4L6PZbHQYj32HGo7-EYs6W6Z
Barbeque Nation,"DLF Avenue,Saket, South Delhi", South Delhi,Delhi,4.5,1700,ChIJy0njiDb9DDkR-9nuP9aWDc4,AdDdOWqcfBAjCXTI3JgCuKY7FS5RTbTaDiaZQ0jtL3m_eZkuN5uALRWr8YNl_EDBcf22nlN1KNtbqxHhGUAIhDkIDnNFU5NaAoho1_WoOiL5u-uI8FU3BOxZbCNUpUvY3r5WMg98mG-uCr4jFFMnr0LaX-gz2dl29s5S4YX6i57UN9VPTIeK
Sly Granny,"Select Citywalk Mall,Saket, South Delhi", South Delhi,Delhi,4.6,2500,ChIJOR96IYvjDDkRQ9yeudLRe6A,AdDdOWrcCfhp4fuTwFVqeGlmdgkUMFvILvjckTIK-Z9AAM_Q5ywP6N1pXedQ6AXgSd9qUe7j-NS1w8MkpvUFipUIcBsy0OOBTxRiGkyOysYKCQZ0GSaD1NGCOaf6kC2sfNPRO34M72t0AcnPY5a--1iekaw9ds1SER6vcXZgLQHtzMCHHl1p
Soo Yung By The Backyard,"Punjabi Bagh, West Delhi", West Delhi,Delhi,4.1,1200,ChIJfTs64JsDDTkRZzyGfGtD3Ag,AdDdOWoQ-SexieySmj90yc2bmDaGN_7qMLZNe1ApCeh9acKk4HirPP7-HWdQ_jx9Mn9vhHRnxBSc7yWWXiaqXJzg0iM-5jJRIIGLJhKGWjsY-KrhUJI_Q4yie6z6TfSaiQ1gHF0x3bn6i4a8lU0FtEtWIfeJ_k0qg3aTt4lVMfIUgPfU7CPn
My Spice Kitchen,"Chittaranjan Park, South Delhi", South Delhi,Delhi,4.2,1000,ChIJ080CS9HjDDkRdnvK9DO3RjA,AdDdOWonRgpX2wVbCkCPZwc4wbsp0TwVl3flTeiG2af2341PvGFIHHLebsZn83t4L0g-4sGlL4F2LGIWqH2fdkmJt9Gvm9fgU8qlZF5wcLpwrjywBb2ty1cGuCujDcqZRwRBr3gRH6LZEhp-xJusyjJcsEhVZLCzE6fIrFD_gq6PfKopsNib
LIT Nuit Club & Bar,"Greater Kailash - 2, South Delhi", South Delhi,Delhi,3.3,2700,ChIJwQOzy9TjDDkR4RxxBvkh1Uc,AdDdOWq_Co3wpQxBNzKRBcFija2IlHheduMFMBl1rQFeZnYfk3GHfmKDDdwxWgFrDkOlv-KD4zSw0Cmw5vv6qek8K6Z1cHqNR_XM8oFYyxczWfamNNu9q6UqJyGPOy-60GIhADsMQ5AS-AzBIaVQ6l9FjwprZfc6WeVGR7zrrHr49gUgDv20
Yangkiez,"Malviya Nagar, South Delhi", South Delhi,Delhi,4.6,500,ChIJi78yFx7iDDkRuxspBwjMhd4,AdDdOWq7jKX5u_GFVSnGGIkZmQHLldW1Utuzprz0v6FFxxJ1l06SfPuqCLLpZYOcg4lrJvpJZ67EpSIX5Sm9gmzqv4P94u8lIPRGbdieyUjUaWYXzaALfZWEOjgzEf8BiLjj0COBEN7gCcNY3LJgAw8wD-TC0XDJ1OYPMn1u53-4b3vJ1O_C
Farmers Basket at Pluck,"Hotel Pullman New Delhi Aerocity,Aerocity, South Delhi", South Delhi,Delhi,4.5,3700,ChIJFYsRUmgcDTkRxYINO2Ebc5M,AdDdOWrh0x5AmYdsikem42nlNS5iLMsWvbhEsmI0v_uvXEFUZx-McVDa3K_TanXU8PiROay25ZbH_3nDNxrPllJ6edTDs6rEjN2MrsQHm8-4xbra1skW4XTjUaM4nMEbxHyBXKvpvUiXN_6-mc2FDisiKM_hZQu2s8EdDLfRoHGjZtFahR_h
Monkey Bar,"Vasant Kunj, South Delhi", South Delhi,Delhi,4.5,1500,ChIJ78atpzIcDTkRvysxJGG9-yM,AdDdOWqFjUpnUS0D2SiDgU47W3Z6hdpFGpU_g0Mt_ahs-bIHawiJarBbRwwaIVGQT8nIjKPGXXdVk6dLLpY-yNLmoMfMX_m2sD13Gc_M6sER03kx27FzVI17HlUyQOpi_GNVWxraL9G57UATBvAJStTA4U9m5HLDeLdURIQUzO18-ZlnjDXQ
Swan,"Mehrauli, South Delhi", South Delhi,Delhi,3.3,2000,ChIJFWEzGOYfDTkRTltytZvX9Sc,AdDdOWpGMDbvv8OqMyZ3rL5PqwlYWNzCyqN1jkDC2aRTzbPrxI5JgZ0ed19Ycjv71YLMUfwu7VtiwnmBOUq36izWeucjA9Nsh9DctY_wXkRdara_7Hm9i0VW3JHWQK5-Rvg-eljvNoByN5t4-ys1NuFVOak3bUav4xpHuY3BZ5EtGe7m84zQ
Food Uncensored,"Sheikh Sarai, South Delhi", South Delhi,Delhi,5.0,400,ChIJsW4V5WT9DDkRBaBFE_rmpyQ,
Chateau de Pondichery,"Adchini, South Delhi", South Delhi,Delhi,4.4,2000,ChIJawH3MQfiDDkRGE_5u9pi3aE,AdDdOWpY4Qt7hdpbuqWxfYwnBQtWzXvTMYrB0QRe8If4_o27rgEnVuaQbK4yeanTgjQN3QZUfKhJ_COctQTIl4uynJ2tLRNcaBurvCNR4hqW2iTdWEO5nfmij8A3KSMwrhE_DEyFCDw-itO78CrlB6UFbTs8Dmj6WAo87D8cVildVNYqYLXo
Social Street Cafe,"Champa Gali,Saket, South Delhi", South Delhi,Delhi,4.3,1200,ChIJZRF-DmnhDDkRExqsHaugbkA,AdDdOWpHrR0I3iIvDdjQZaCglkBtJ7VQrwVdnoKD-8hB_dJrsgIoSi1lvjC7zFzthXcTN2SH3DvF9rXxXviUhEIDTSTMD1o3WgvJ2PllXj3Bhg1vGY0ch-kTUM7BEAgkVG5dYaiGo96wZV9u98dPl0yIbOiKUtpN_Iy3fQBjho61uM_Ng9M0
Punjabi By Nature,"Vasant Kunj, South Delhi", South Delhi,Delhi,4.2,2000,ChIJW0XwiwEDDTkRxT84vkSTUNo,AdDdOWqrepVoauqeIVbelCvBgh_5z0jc_HmIQ-rg-sMPT7ovTs0gHKmE4TufgyRJXzRZ4mHgE5Y1HRqDPjZQ_zSbL2hga2KeUog9yXPeUhz1v7XogP5GgGVMLylYReyPeOHEYkN8e5ZXGNoqbmhJCHHK2eQht-CKNZuk59VUpMZytv1X6Tr4
Smoke House Deli,"DLF Avenue,Saket, South Delhi", South Delhi,Delhi,4.3,2200,ChIJ9-ciyc4dDTkRK3M4GGPoeOc,AdDdOWqx9keNyju7VNb-upsDbTbtzZhiaQgMgdaTWVZr5q5hoYj9ivkEnzl8PIhEdXLYtTQKIkeTTU9Z1u_tTwlwzAc_8kPOijZNXeNNafP-Kyob-hJIycPz1PKvGFPL3Cku-smCZso9T1w153KIvR_9BIxGsWz0I0DK5kkdbW08qffv9UE-
Kake Da Hotel,"Chittaranjan Park, South Delhi", South Delhi,Delhi,4.0,1000,ChIJ04WDWzf9DDkRMfumzM044fk,AdDdOWpYoWwsd-U_zbdA2TuoonqSYS8BFVMt53NYnqXDgKJc9YNXUTpPz4FHSrh5klUV25PSV5nBbggdVTowJV8nSwuZ3KKOC386YN9yLj57y1iSO9BmBNGXxnbUonbhV4QqzGtuKRtfyx2CrIO35hAiRonH3osDUNbupFGTWdC24fCSD7Ix
Big Wong XL,"Greater Kailash - 2, South Delhi", South Delhi,Delhi,4.1,2000,ChIJI2hRkYPnDDkRERnsKxiZJAw,AdDdOWpJAlYWN7Q_wtpysSo9jyC13JUdXTBRgSLIIy25RtzvNg19Swb0bUc9iw13SERCjo5x6W_6m3b9g0pj5kuogB2BeNyQ1VIKcqWYkxK5B4aYxjledPQCFp040QzuzrS0pYfS7mFeqawyKTQZYLuhfJmjYweAL7DAWRZR6NzZ3y2P7Ar_
Kylin Experience,"Ambience Mall,Vasant Kunj, South Delhi", South Delhi,Delhi,4.2,2000,ChIJgXaKdHodDTkR0FBqZgXKLcQ,AdDdOWocEzkG_GNI8RhienUFVPzbPIcFCYSU6C0adJUspTWlbWySzw7ooZnGNeQSPOZFRuMadF7Bhu-MCo2jPJML2qh3VhidpiaM_jWaxmF5tdVLsvGTFU8fXArzPFY9qLQBcgRzqsVZh54lXGiqF85IeszvVuNfYmC_amH3hZPgRLv5aCTg
Kiara - Soul Kitchen,"Greater Kailash - 2, South Delhi", South Delhi,Delhi,4.4,2000,ChIJ6-Be73_hDDkRRN3ST9KQlhI,AdDdOWrtAfvyPATEga0F0FXi03nSnok_EveqJzQQEi8dg2Qc1f8G4SAy7Sjijmk0qYbR7NzQHQrdKougv0HoVbyaV3V0Pp-pNfPX2k4RWVVYjYAqcmNUYM923IZhVHFEBzV-7wg4ZMIHg4K6yTKi3huDdknPUxBDA9CUNe1h2pe9vmXvqiRK
The Himalayan Kitchen,"Greater Kailash - 2, South Delhi", South Delhi,Delhi,4.2,1600,ChIJBwGC3n_hDDkRnN6LhwRfUj0,AdDdOWq9DPBwTk7vDTD6awPTdcXoB4UrpYU5Gujxze2jei0t6CIN44d-byPzgcWnoRHXA9pw11_LE0KrLw6lvbxJ-ryIlZvVN2lbBAEy0TC0zs7Qk2-Rmr06Pd5RLjQTt9-NOKoYUvtaVtaklWl5Kbi7notGusypWu4DbRljVLeFKbI82X8
Coffee Cafe 9,"Malviya Nagar, South Delhi", South Delhi,Delhi,5.0,700,ChIJ4VG8oIrhDDkRh9jA5wgGi7w,AdDdOWoHwrCBGAlve3Cbg2s78yxeKapSYX-Y0YfP8XioDD5G6wp7GaLxfkdADDZKPCvgW9LyK2K6IjMGqRRhmWLc-WitgMcEGhR58XZYcM0K6IndCVxFDSkptSW8ynoRzK17Na4dacOaeXlpL2sgsZoEtxQF-wz0D30fo1iSvDcjl0EKXxsA
Govardhan Vegetarian,"Adchini, South Delhi", South Delhi,Delhi,4.1,900,ChIJ3wz0KwfiDDkR_LnQhFkZiaE,AdDdOWrh1Ni8ObJ6wpOLK1q7kWYT80p8E0iyuYDkkOlXNNoYZRFwCaUhaN2PUlSTj4ggWepcOMO5z7Q5NM5XsRml6X610-0d0ZnEvPQ4lKufLTnwxJ0WtErux1pqZDTAJmm9swhom-c9_hbjV8OEZMrOxJVWyuMgzrkao6r6CF2YOyofXE4H
Shibuya Food & Bar,"Greater Kailash - 2, South Delhi", South Delhi,Delhi,4.5,1800,ChIJzcsXIn7hDDkRHYdRYj2vrm8,AdDdOWqikV0gy2SyCJ2fe45wekx2gNKRM1yW1BDpNkuSa1gZdkQdeIUTK1TQbvmp1TZtxkCEm9X7HMHcWRQ2hYcj5MRw4eWoq-N8myyeAPr66X5lhBVH08J_lyrWBtBv3ivARg63wpEDaF9f4a-WTdxMJXymLe4C8J1CNtxcLiE2Jkx3Ooye
Dhaba Estd 1986 Delhi,"Worldmark 2,Aerocity, South Delhi", South Delhi,Delhi,4.2,1200,ChIJN9LgdkFmUjoRcocr0OWf6YA,AdDdOWrAAuYrNhvfrV24hkM4VLt4XHlkdQeMwUYeiLix7hUaBHRniV27joK3G3y9xvQa3zbkCJAiwfUSYODy-hWXSKU2EDV6HjRGkYOYFZ0aeLYbfocQFAU9wjADi9_Vi4S4buMtbsYn55dn3wOAwNjxHswkUSwRbKX3pLPDNTOjMFPNlORr
Kake Da Hotel,"Malviya Nagar, South Delhi", South Delhi,Delhi,4.3,1000,ChIJ04WDWzf9DDkRMfumzM044fk,AdDdOWqq-KsHoWAzOeyXA_XA-WlAuSpC5EnAEBK8ITXI5ja7pn6xijZCE0rva7b0lplGm-L3geySuXVmFcCPh8AS8gbb0Q2rjoTK_wmHgCBL_70j1PVIYuk4xwg0pe_EUrkPx-pdSxifPfwqw_bDz-ENpuBESTQr8QivZ4I35zpxtkp2N0qd
Chungwa,"Greater Kailash - 2, South Delhi", South Delhi,Delhi,4.3,1700,ChIJyzpzmn_hDDkRzkhjqEyDLcw,AdDdOWpnlZ4rBjwc5C_6clcKeGHilFoHhIam_H6qcoM66IU64Qo7skGPGf8aPjR8eLHCQanLIW3kZOTw2KcqPIMMfhizPvOAExK5PnQ50D4ljQfNEgV-W-zCpztlAYJ_XnvinYNzMKULBSL20LsePQ6m-BCNzUbNUvn8mS37LSSaBZyyK2-C
India Grill,"Hilton Garden Inn,Saket, South Delhi", South Delhi,Delhi,3.9,2200,ChIJMQAyzfThDDkRFbBz3n-Vx-A,AdDdOWrohRWXIDVcLHkZU_MTdWqd74EUG06r4uXT6Tcp59gR82seZwcMMIOSiwL1c8wLk-p7Ehx1CE2oGF5Olv7Nd8Kg-Ot6onTsv_5Vukcpb0uwRykPh6uB5huApqUHvi2_j3bcbxN1RxHfv9lKO0n7-LFTegAzlqDrFbwSwlRpYqr_IP-y
Biryani Blues,"Pacific Mall,Tagore Garden, West Delhi", West Delhi,Delhi,3.9,700,ChIJZddqJEf9DDkRAHhz7lKg9Mc,AdDdOWrlpFaTyTQqF8T96BDQnss7QHS9z6EHrL3EdSOW-R02n5mhl8xa5xCg35Qr-N7CUSzkj_LXzCFnUb7ETjaOCIjI7PrhQ98kq7qtxq5KOQN9SWkDu8YH5vv8SIJXuA0qQcoxLxFflh9lNUo5Q4hjy0GaTQUbEx335g0VNFkj8688s2ZP
Joy Luck Moon,"Select Citywalk Mall,Saket, South Delhi", South Delhi,Delhi,4.3,2300,ChIJnRSdHIvhDDkR2dzeSif5Dl0,AdDdOWqCrpktnLgdNxCKBNy50iSdnXnOskOOldZ3njy4y3dmyId99PiGpe-K9DgvVjR8DkflodDr4NvA1XNcGD-AsHuPtE6j8L35aZqdS2lIo7ljQrSVfKRC9PMDiKgU1IEbKZsKe_XCo0SLaoBv1n1zgn6tDZKzz1kalS3am3S4pzaftj_p
Big Fat Sandwich and Pizza,"Greater Kailash - 2, South Delhi", South Delhi,Delhi,4.7,900,ChIJCchdcWXhDDkRC-A2_A66fls,AdDdOWrrGb1kaWY1ei0T7dvj3lFG2bsL_dvwxMStyfJD1CgAZAy6isardUt-z9Ot5uyy-fl8JCHZ3Qx9Ipd7VRqgAqvhiuuLDtnk_TOeIma9puKy37f-TPXU1bFE1G-fKv2cPXpbqmtwZp6lNYUjK_6Et7xaP3DdDeKRxi49P3XmG9VWVq2C
Truffle Story,"Chittaranjan Park, South Delhi", South Delhi,Delhi,4.4,400,ChIJ0fB6ZPjjDDkRCT2S1SJUOns,AdDdOWpa72bKGQCp9Qxm2GBnSXRS6zOpWi2hjJz4mc286krjDFESmgaHb-F6sSZdMyMnEj9SXsCRPHh5PE730o9uT8kKl2RXDgaeTB_345s9rUEtdEVj5hYlrnLzh3AT9DxQuAAouFLTun__jP3qzTDevHDiK_mHyQgoudtJLFG_rj23UtDz
Diablo,"Mehrauli, South Delhi", South Delhi,Delhi,4.2,2000,ChIJZX17fXYfDTkRxDMKcp0lHuQ,AdDdOWodL0taZakNVLr_nIKz2BApu8khE2AmjXEGuqV7PzVz4VvSoCRChEG3xwMcyMp4Mxtb12kn-cv3YpNKDBuxL-0LFPTMvR2EjHK4_u8z2v474tspT7kQSWwwjcGoQXn1Iw0ba0EGT9sx8e0h2DQS6PpKcKIR0D0uszKpsfquoaebxsnD
Jamie's Italian,"Ambience Mall,Vasant Kunj, South Delhi", South Delhi,Delhi,4.4,1800,ChIJJd6ouZYdDTkRbrOPdzNeHRY,AdDdOWqydOtS_4eRuiSNLOpR-SFXDGhPVjXTTbAqp0D20em1jJWwuGYPH-BzCKqpT4WrincyOG1BzC57s6AXhq5WpIvfLnoevoSHP9hI1rfgcw6eMmwJ_Zv5TybSJMLei8gsuAsx69oS_6mdNVNbw7yiieyUVXRdD-eZQkn1YRn0WCtEGgoU
Chaayos,"Greater Kailash - 2, South Delhi", South Delhi,Delhi,4.3,500,ChIJQ2on-Tb9DDkRd_muXoI-9BQ,AdDdOWoe4d0Z690bue5I7yV35IfIK35fjrjsbCJALPUbfConkVt-HEeuGyGgXG4lgU9Vby7O0HhbsJeIq8-GQ4x-11Y-bjKhuymO4ulggwC0o_PeU4AHsuLEWkUAV3YLw8sWjkqdDo9Hlm24ULxwJoJIgOR1jwtgVakRvmFDIx51zSjntbZr
Moti Mahal Delux,"Greater Kailash - 2, South Delhi", South Delhi,Delhi,4.4,1500,ChIJAQAAQC3iDDkRRI4Xmv65fjQ,AdDdOWoxrTtBTURa7y9DIyEZNljhXJxd20l2VwTNZQfA0pAaw10CFopIvHjzg3M6Ane2Q-yhCbEhOKljSVuJ6TqbZkk8zU_-IvuK29L17FbbTTI8-Pm_UtA68q__TQDV3u6TQ-vOhW4EL61gtOHk4WBg56rhjVsDjJzKLya31AQJ9UPtS93-
Taco Bell,"Ambience Mall,Vasant Kunj, South Delhi", South Delhi,Delhi,4.4,500,ChIJJ9EDcK39DDkR6pypVBmjLHI,AdDdOWoXO0NYleP-7DSykfXn73pzW_H-thEC_bVD1cnjwABh1g82KMrcA3nQGRLE9hS-TUzy0xUyB_qPgf_s_Ontk-6gDGXdRUzEd8w-PGq-z0WleUwKEf5h78QUk2QX8fDutbExl00wddm_Q2bLorGdv6bkeE4f7lHjffeoOOoGLTRhfpMd
Laidback Bar,"Salcon RasVilas Mall,Saket, South Delhi", South Delhi,Delhi,4.8,2000,ChIJkYTHlADhDDkRNDHrxeMPGho,AdDdOWqBZMxPopjO1V5gDiudE4Bbfcz-7vKJ5RgzHMyDPlawbhc7VLtPkWNdwa1LNUB_v4lD0OdjwEtNAPqAFUCjTF-VbipaQy62BarwJheJssIP_FDP3Jv72C67TGCa1kxOlXghqszvpzlBXqZjA4lO8pXVf3W9RZxP3sxFa5F6OIq7Gw4Z
Chaayos,"Pacific Mall,Tagore Garden, West Delhi", West Delhi,Delhi,4.3,500,ChIJQ2on-Tb9DDkRd_muXoI-9BQ,AdDdOWpUxoFOb8OUhhFlTybw_FyDFrhBK4msszrUCeIzCjYuoxfFc0iUxB347BiZDGRG4dq8TBMfd1F8xXHrF96nt3fuvwgDNSiNmQMWFKGqtIpHe928l-HuaP4bkFRrCirGNTarMShh4CYzVitTTgtEBT_1Ktr7O5XUj-akaE-PCw4HwgSK
Bo Tai,"Mehrauli, South Delhi", South Delhi,Delhi,4.4,3000,ChIJjTNwywceDTkRC5kKgXaDy8A,AdDdOWrYziA2S-2Sra47lz8DszW7xvTSxiYKBkr_crzqluKUsr2B-y2cxVeY9WrYn4AR4UdcSumGhyLW7oQWat0whcnJJxHciiVZTR2rzk2k-NuoQkE8wlsTJaeSn0cYlqPl8xdwGzMvmXTe8ocC2o4XXwgv5wToHIYkyY9DnuikrGLum0MP
Mad Over Donuts,"Pacific Mall,Tagore Garden, West Delhi", West Delhi,Delhi,4.3,400,ChIJYXOcq7PjDDkRnAk4FF9dJew,AdDdOWrkDdxJODmwWEZb1Va73tQldz9mm4Vxgs_TGt3AEv5VtZ_GTupwTdJzBCinvTjizMKTPeP6thyO0Qh1hEu2H2YPLdPQu11K1YHdoqam-7gT7jf7dhZSj0uZ6lbUMdXu6rhDBC44pnTwNfPwI_z0dgnESZj6cfgIoWVMToPLAZuZXVts
Ambra,"Greater Kailash - 2, South Delhi", South Delhi,Delhi,4.3,300,ChIJ4xrHd06wbTkRpL6PTIeqMTA,AdDdOWrnU2oGbrYL99NNxTHuTE1Ge1AcyPRZzME0riYfoR1NGpIWbuhdpIWAWcV2iBPDSokpj8fCfnhByW4Ni7kR1Lj9AxuXJzI5MU9UHtbdYDWA4REBO06N-4yCbehzHPO8yhEMZE2qNpXF3D2VK-L_nYfyTKFA5CvHvIWGjEv5CRyfah_3
Kylin Skybar,"Ambience Mall,Vasant Kunj, South Delhi", South Delhi,Delhi,4.3,2200,ChIJi0vo8H8eDTkR6vHuXmj4tVg,AdDdOWp8gUKTkVzXyTDylQLE2b-pGWSek9lZcsAtbEsxOkD9EyCMnuuPIHiicGrPkiLssnJsX80Hv9yjGRVqqqUYO1EcNZnWt-xWvAEsV0uZqVzI9i_ND3DXmiL-gbLedH9LNGRNSYj56sBr5KNd-bHMw6GOO1qe_YLHzVoHb8M_iK2Q9Iy7
Kesar,"Aggarwal Chambers,Pitampura, North Delhi", North Delhi,Delhi,4.6,800,ChIJc9EG2usDDTkRT78Tj-OZ3q0,AdDdOWpMZChXRdjWE3SZYm_lC4MuZtm6CwfTAgziIzgdE9q5tXCFS-_LJiPdgh1D1m4p-cwgacl_nEUzBZssGXkROygvSct7gqrdGTQT-T6gwlHZSYG6UPkTNQWbHeZC07fCuIE8shS8y-8ESgltzGGk-paMktYkA7QnMnqEWKuBhTE0av-8
Horn Please Resto Cafe,"Hotel Royal Castle Grand,Chittaranjan Park, South Delhi", South Delhi,Delhi,4.2,1000,ChIJQ0fj3NjjDDkRhx6alq2dsio,AdDdOWoWaguZxflzhQY03kXnAdqpDIRrGWHrTCm3Yauyv3Rs2fmwbic6CXNbRb4wsiuM4qMe5N9jf48t3PvxJZpGzStu_jRe1MuVyk9zy3_6jJj-6GFKFKxx63aoRNznXn6pKKigyPDCNT81qL7T0cLjyybd4wefxmSjnWgt2vAa5880XPou
Taco Bell,"Select Citywalk Mall,Saket, South Delhi", South Delhi,Delhi,4.4,500,ChIJJ9EDcK39DDkR6pypVBmjLHI,AdDdOWqeUthQziP-UpsxhAs7FmnHOu5TixRsDXQOr7XhejCeteDaJ9E-JSKcZSVtLQfumRMXy_h_oFEYdaJPa8xSjxMWRmZFacwIy5QrNrF3j26S1LgvQ2ap6yYRRrwjEzh0pbEG2fiEzR4r5OmtksEWKKVC5Jn5jiNf7dpcetemaTS-z3yd
Jugmug Thela,"Champa Gali,Saket, South Delhi", South Delhi,Delhi,4.1,1200,ChIJUSP0W-PhDDkRaMp5vi1wJhI,AdDdOWoOs_U1s6MehuAV7iX7qHJF_78bRsPHlUjdrKQJa6Lfz2kgOyvfcQ6S_wGRNyEE_C5EMoHhlR8koZbLObHHAWbSdhE3xQPP4pZy6rnxNCVAwGskFoBJmqCfitSjC-iqdu5cYOR1Kb6GGeWxghPKXyfMDHZaWsbe7LEsxyRiX7R98Z6k
Kabooze,"Greater Kailash - 2, South Delhi", South Delhi,Delhi,3.5,2200,ChIJnbszs9XjDDkRDPWFy7ZwgLg,AdDdOWrchthbeJTE18T2AUIphoiWxdK_4rFj9Ya_PNCFu2C5UDNrpE270rYkYlLqnYUjIsKP2l_M7HVjAxfp667ZjIsLmuZAPmwbiwZd0PwJwjLILwS0rdRV_xa-MMy3wekn-uUlP1LKLBvEVyVQIT-emHOrRUyOpUZoGmfbFJ-krXQ90Gah
C.I.A. Call It Asiian,"Greater Kailash - 2, South Delhi", South Delhi,Delhi,4.6,900,ChIJm6bh7TfhDDkR7gLP0kFSimg,AdDdOWqvUEjGERFk5xB_GBMAPsvxJt1qzhboSTUDy1qWqzcbIkaSqJqiyIfHWS4CR1t7JETPwMYS8aTeQRBAaIVEldVcD28heyuOvhJxzpmIYfC8srgtTPIo0yAbzsTmhapquK-9IsEFW54Qz9D28M9JaILIj34BJbJrgTLphxVpazgfh97Z
Le Cantine,"DLF Promenade Mall,Vasant Kunj, South Delhi", South Delhi,Delhi,4.2,2000,ChIJ4R5Y4U0dDTkRKhDXyIYNWWg,AdDdOWoKtRVajHlEXFvssiPfcBCiBP5elJMMa8ipdQ1Oz6TeyMYSHQDcmLr6uY_msmyPuGfeIorBwEFwXE_X0KH6eQCVMs_GbxPCV64RN8zv3FZdTpWYTBG_FfgGr38ib4xmOOR-5M-F3-YL_InSB2232czNtgKLoJiaLXZK4Nt5ibNVdBWy
Madly Bangalee,"Chittaranjan Park, South Delhi", South Delhi,Delhi,3.0,800,,
Tikka Junction,"Jail Road, West Delhi", West Delhi,Delhi,4.2,1500,ChIJCYaM87ADDTkRCwKfJGfcBaM,AdDdOWpJGD_1YXEhYedJzBTAvqBdRxnfqNmwV-D481EXUXJMhrVT-Swmlzaxqm2Ff-K5LEcJcsy7MOi_l0uyGs8aN_lBf0MQd45HMUbN05nvseJQWSRd71idfiQrWgqWOId9BymvylBVW9efON5cFpUg_Rb1uuPmpBR-83UrTLvQKLm9H-rY
100% Rock,"Ambience Mall,Vasant Kunj, South Delhi", South Delhi,Delhi,4.1,1200,ChIJ_Tnyzr4dDTkRiya7reO2Oa4,AdDdOWpxsT5baX7nNHmZdC52C46dej6Jq9Ic8FOjDI7qkSYFo0koZUka8OOC5ybM_GzoSFpxJzt98fjIkN-mOg4uF_Ku8wXWlf83-oBdfFS6PGGZkDGd7z_TrNSOsOAOctmqAvNiPW3cgGTqYciPno0RFgwC64zlhbU49G3xZP5z21Y2yiOv
Taco Bell,"Gourmet Hub,Paschim Vihar, West Delhi", West Delhi,Delhi,3.9,500,ChIJJ9EDcK39DDkR6pypVBmjLHI,AdDdOWpTUo_zfPVQlgUI-DVvz9s_IDE71SclqR6jFaWIu4NTr3Mln1mDSxWUUjtmd10lYWt5PHesAgF3Alh3t24lp4ArvvHqIPRKS0YtLA3xX_pwG5RqVB3yWM3-TnotvhPxk6k-lN8AtW9Z5xEwIj2cN6b1pKOqw7WzDWAhd8I3fJMprO_t
Farzi Cafe,"Worldmark 3,Aerocity, South Delhi", South Delhi,Delhi,4.2,2000,ChIJhSQX4zb9DDkRWCjFRnNLnyA,AdDdOWq3kA_FGdnslD7dKgttEsHdrPU7j-SKq9nXpkvmwP6-XRu9hbJhwUQMlytaackwK8dDfnOHf9-lygBZzyWSs91nvp-mMbsXaIxUSqe_5XFqxyaKdi5lBqB1E56O4EV27U02ehuKm4260kK7jEaEzlGyZUdHGLsrx5rAnh2pXNeMI4Ev
Cafe Me,"Community Center B Block,Janakpuri, West Delhi", West Delhi,Delhi,4.3,1200,ChIJReS1RvL9DDkRyn_K8yQUKhM,AdDdOWr7Rfa7PI2FBh4r_B-aTb7miTJIiMQzYK11CZvVNriFASxt3FzfFFhDWFaxDczNzKqF5Dbpw4YoXKeCHl1cUWi4w6fOCfCQylcnkwmvOHE2VagiwErqFcH6Gu1wAxeGPmQIwiGqft-PXC4DpeX1NBBqSY8C-ugRvAmkV7XSXNsT92jC
PizzaExpress,"Ambience Mall,Vasant Kunj, South Delhi", South Delhi,Delhi,4.5,1400,ChIJkcucQETiDDkR0YJVR4R8bGo,AdDdOWoeK9xekD_3domq3bACZuiPvtsy4jXjW-PSYZLxn3fLdp7OOrVRQwSBuZKXF2OEigZxSmuAlVZN-czWM8DpP-M8aPDUI8TG39Jlx4--E6FjVQVrF5K7dGPK5EDJyZSboJsaY4VlkkPEdRCve-_eNG7w37n7PvZioOhUcFuwOCbFPVKa
Shaolin,"Malviya Nagar, South Delhi", South Delhi,Delhi,3.6,800,ChIJ31I8APPhDDkRKnIAlQqGia0,AdDdOWpjfWZIXM_dymbJ63Xg1OElA6d5QAcTnracUIR0QroteS3RH8EgoFN1GD4aL-K5ROadWINYWBbcT7-JIrVRSUAYzyR1RRds3rvFhK6OdxFkQ8a8f_g2D7CVCqWnFRasas97WLq6VmiSKdUiDu9Xc5MI9PsEoYoMnl97-vgpKTaXG9X3
Thai High,"Ambawatta One Complex,Mehrauli, South Delhi", South Delhi,Delhi,4.4,2000,ChIJJWjGrxEeDTkR5gOdf_tx2s4,AdDdOWqcbRmLwT5rmEhyG7aXN67Lr01yWR2QUh-CuBCU0RvuscgH4_bvA_4J2je6lGS9aEY4XL5DQJEGLfND26_zs8U3CuAKMk3n8DrILL6eDb_cGgECAuhsH5QuV_2HCzTeki5S_v2WUw1w7CL-0XpVadhcQk-GLGxuP3eaomJ5uJzJmmb_
Jom Jom Malay,"Saket, South Delhi", South Delhi,Delhi,4.5,1500,ChIJf3TwbPXhDDkRP0Mrxykp2tw,AdDdOWppS6_BZAGXgkoNtVGcFOyGWqrXWzgzcfwTzHvQwL0ZfsKJwF5BzAqAvBILFTO_9axWIF42cJA7uf7W_jASpYQ2-hOccy9aPt986Iq2ckeFU4V-B-5uJxkyWh6I9tMCYJZD-gjU1w4hZI6f8-i-WYZf4kILwsOfgmFg6SMLhbbWTOtH
Krispy Kreme,"Select Citywalk Mall,Saket, South Delhi", South Delhi,Delhi,4.5,400,ChIJCfdM0orhDDkRcDtM_vJ3dz8,AdDdOWoYP0-uOxajp4PmGotNYpJTzmXxPFG3fWrIB6FbwDKKbgkxkZ6LEUlCyO-lHjj0ne0nXEcfWE97oHqBQegONEQLKMe4ez6JgVLJJUoRM2rsh78KshvW07Q2yxAOJJ02orlxAoFN5aOOULTNgXHI7Zv4VD9uKGhgFnrDYy7ZYB8N7ED7
Cafe Canteen,"Jail Road, West Delhi", West Delhi,Delhi,4.1,500,ChIJaTsS8yIFDTkRgZgGT2JaCJ4,AdDdOWq5n1MvT5_QPLpW10q8Rt6jZCd9RVOHRvcn9Mw5nhxSppc_Gt50cuwZZvaX7y_BqiqPlqH5VOKtCPcIE0jJW27zj2Grvd_MTTtOQZ3sLdFfrGBHg52wFf1NcBtnmFrPnjwduMCqA2auC_E8g-BjDXXP6Q48eq14lQCjb59Pm7gj19c
Kake Da Hotel,"Jail Road, West Delhi", West Delhi,Delhi,4.3,1000,ChIJ04WDWzf9DDkRMfumzM044fk,AdDdOWqcqbUxAFmRYxN05B27gdYyzMZWY4y-QxwuczBJP3c0DRNU1lC5QlnJgR7Ai70IgcyJcwBf0HXJemPXREFti8Ua_MEJ3fNZaoWa99eBKTWtUlJtmxwyde76fGebJHR6nv5NTjGQzSRHo9HaCoXBZB4-mq_YeYl2fkRlciuSvLT9Gx4m
Daryaganj,"Worldmark 1,Aerocity, South Delhi", South Delhi,Delhi,4.2,2000,ChIJI-J1Dd_8DDkRBfKom8aB724,AdDdOWpbMSWJkE-ZqzgbYWF70qvbtMvoUFonAAF_ihZcFSujrwI7xooEXwHbLdZXWLtjwd8gBBXyC2_fXGS15tXam8N9ZRIrCBbFkmZaFZHWxMl5pg_dvPuKwJ71d5CO9_xYFHLXn8w0ufsmfvBWivl-Kn5VI4H7dFnkzzH5dylQKVlFRqNW
Kartoon Cafe,"The Fusion House,Janakpuri, West Delhi", West Delhi,Delhi,4.4,1000,ChIJgxsytSsFDTkRgkoyiL0Fe6o,AdDdOWreF60Js5lOOV52DRavIDUoAE2itocy5VPaxNgBplAZrQQjqf9ccN_6_GCFQEGT04LGvO65jXxl-JgXqRt0e_PV5idws32GEQZxAMOA7nSOwiwHpCCCGSQ_XyKvfysTnXtU05yhRWNOtMH8F-A_xPaUaGNkODpq9uEYQ5MvmUHxVgS0
Bread Talk,"Select Citywalk Mall,Saket, South Delhi", South Delhi,Delhi,4.0,500,ChIJCbC_gOfhDDkRzmq2KQOsrpw,AdDdOWox6KW6mCzjOHKrRkiC3WQ4iGaz_5eCAlzgcYkO-vTbT5F6jBo1QJuJM7IpjJI7ZTTy_uqCOAg5HmablSdiDqy9dV5bfoXyacYswaox_PPMYj1KN_WZjcUPZy8cxlBEyaDFQaRj34yWyyCPxeOjMR6IUsS70xkjgNYyBqASLkSaFlmJ
Mad Over Donuts,"DLF Promenade Mall,Vasant Kunj, South Delhi", South Delhi,Delhi,4.5,400,ChIJYXOcq7PjDDkRnAk4FF9dJew,AdDdOWqjHHexGuJa9UB9OvHg7zzHyE3Lqarwi9j33EHNLtGJ38OR2UNa35OSU-Ej4yWVtHmVvNoR5SOE1Mdh_olckw7cX4xf-wQjpjg5cdWXdyr5uQmH8wdVZW7AG9RQ-8vWSAIhG_ng3RFcLkU2Inr590CSVZRXJ5d9ETxMPbfXox21h33b
Go Pappe,"Janakpuri, West Delhi", West Delhi,Delhi,4.6,1200,ChIJp_7ISQwFDTkRDX2x1apoM4U,AdDdOWrVNDvN4UG39YC-zMVykpRcpWj6lK7kgPhDguj-T9kbpR6d2aDiGd40ICkI86rgt0OvwBLFm1jv8q0nPlYq5nK01MPhNPKEatJ1167q752GRBDfXBLsYqS81bfgoXMtWuz5j19SOVoJnwFo3A1qcN4QXI9yxLhJAVbKv9NBCIpn7vUi
Sandoz,"Jail Road, West Delhi", West Delhi,Delhi,3.5,1000,ChIJmxWbOEj9DDkRnll1p98TTvM,AdDdOWphDbE-wmtWilwW1Xc4RU-ueksALmlHqqvcq1ZRcB7MJipVAO7DAG3zqA13_1xHSaDflAqlPaMgTNly3eZYfafe6tIMKiJdMCxvRBbNm7BI2t0P0smA0PaaXD8WGO80TEZQm_ELfz6b5lPrYZfOwPw-tRSelQaTQP9sQPLdCU3NxtY
Green Vatika,"Rohini, North Delhi", North Delhi,Delhi,4.0,1700,ChIJvU80xTwFDTkRXwbOZFuSQJM,AdDdOWoFMulbVL5CcH2VghwR0Bz7AewFMe8ZqO7C5QXV01NO9FG6PibplnNu69fBDHIDUUnpvU2V0ESlmizUeELyEjIrZrxjJOEcZen3oEjkVxqs_tmx4TG6Z0ThHlNbhXFxpIepPUUId4JABLBNC6gw7B0d2cpJ_mtqEJgwQBhE-t5h2Urc
Liv Bar,"Worldmark 1,Aerocity, South Delhi", South Delhi,Delhi,4.2,2600,ChIJ--8aoJgdDTkR8OU7_kK3mx4,AdDdOWqoIzazq66KXCLn6Jpl-z_nIMPF9IKq_LX03jUwJm2h67bdLt5pO2mAC1RLnKhXySNK6gviIxqup1IuQrEWyAXvCfHHPD_nplQjBtAgaO2etVbfwIvj47Hi9EAAxmk8zAMVc2SSeLY-aEQLgsZQhyPxfSP8JyePYALCAUvH-4ZUQp8O
Delhi Pavilion,"Sheraton New Delhi Hotel,Saket, South Delhi", South Delhi,Delhi,4.5,3000,ChIJLfRcaPThDDkROLoOlmt9ZyY,AdDdOWofROIR1AcDbTR0ODUfTXy13t97OQ8ngHG-ZHLb4r3m2oM7zqXXztQzQBT6upPfLFyPJlYnpTmeleDmDmaSNMG4OtrfVJEZGWA6mzZ2b6mNnG_iygALab35-TI8E8utHXO5gw_Oe2iLenOfBxe77e5a4QJOCGXd0J60MLFcU60fh2CI
Chaayos,"DLF Promenade Mall,Vasant Kunj, South Delhi", South Delhi,Delhi,4.5,500,ChIJQ2on-Tb9DDkRd_muXoI-9BQ,AdDdOWo2CZCvZor23uxySGTLKkN-8jd9b4Mu8pREVOdANCdausQIxb3oq-iY6M6N95vnGuLLeei35tYfjz5gDCsmR8jtjdV-8w-hzpYtY-v7ipLrrTc7T_G0Ozx2HERvQyyAjPYd0XfwU6Cp0Im2XZEVdmVdckNiYKaxks_sB2LENf04LH6e
The Veggie Bites,"Pitampura, North Delhi", North Delhi,Delhi,4.2,900,ChIJEVkhROcDDTkRIagPU-1sXLk,AdDdOWoQIJhkAia_8zP8pvc79XaELrOZ__FkY6wrua2toIUt61ONi34J33UQjLAOfoAEKyGbNgQ3EMgKXh3c08E5JtKoYnE_z1OpnAP72neGCqUFRGHwjMDEUDmF9sWoIW9ppuz9cXvJyFFz_OZXkbxVmMSIhNvAcmmuNG6DpbVAjxByBotP
MAI BAO,"Saket, South Delhi", South Delhi,Delhi,3.4,1500,ChIJewp1RV_jDDkRiDnYpOOWa7s,AdDdOWoAyjS9kj8iApmIY1EElcZ3OO25K0pfiJukWYtrL4FEq2dGdyH7wqTLB3rlXrm727SF8LLDx3U1ACj3GRSO9GMgKPbtwy4d4MRWXa64KtnOrixGqWfQxXYN7MFXCqr4FiReeVGWsBedgD7NBOJ8lCLaWgvRY_rULEYxqpwuq9pBkhaM
M Dosa Express,"Jail Road, West Delhi", West Delhi,Delhi,5.0,400,ChIJsTuEoVQDDTkRZhzb1OrnKlM,
Standard Burfee,"Jail Road, West Delhi", West Delhi,Delhi,4.3,700,ChIJA93xhwsDDTkRdwZfBgHyy1Q,AdDdOWqppZJMJneBlD6GZQbrCY6qdL_vHDAQAvHvyj1938NwoJcHx7ra--9qzWyetcgzVkjbaM9ZSM9OtTRiRrQyTb-KG_XeoPAesjfPtuWkgwHQe_uI5fKcfUfb0r85OKgL5YMVk5ISE-U5QX0dBbx-bi7l3TaNZULf_NSOQCbLhleAfXFA
Barbeque Nation,"Vasant Kunj, South Delhi", South Delhi,Delhi,4.6,1700,ChIJy0njiDb9DDkR-9nuP9aWDc4,AdDdOWr3kQi3gin8DnsGs_RxGkE1JR3LJT7ts2Ik2uOxthKn8tGArIyb7DCj9juwv_SqYRBRkVq6LB99EI8Kp9JeMrpJIwGVHBupUkrlATbw61cpspft7JFnvNAWPNZZmFVIEAMB6Vj0c_wi23bBdkpqdB6W7QZcmQUn7NWdLIIF3uDc01Zz
La Roca,"Worldmark 1,Aerocity, South Delhi", South Delhi,Delhi,4.3,2600,ChIJQbms4SodDTkRe91Pjo-EyCQ,AdDdOWrFws7F65p1Z7JIUiU47cmDiPCjojWHf43DXh5H4y9rZAOsY1e5h6UmZSYw7GsVPHr7bYDlkGURx39sks8SxjfYUeyMWoGHMq-MMdmcZjLG72huuh2ONmHuUk7u_zz70T_CvxyUOzVer3CavfrspPFcs8WgPA6a-Uy-KkvLfuLfJ8iJ
Noire - Live Kitchen,"Greater Kailash - 2, South Delhi", South Delhi,Delhi,3.0,1500,ChIJq0wIYLXjDDkRPeWAzAeBdSA,AdDdOWo2_3GeKwclGF3FGt66S-SdB_DnQwyVYPggz3z6Nl_e9zfoOEDPwi6hNhdQBOLfqYiZobdgkfjf0y-Dnyg9hkdAw7zFXLb8tfS_P1p5d4wR7mF_Awo_2l9Puhi8fvJFH3IYpYogoiBUiL79UMRe2a4yNg1S8Ud3cPfvIzQzbj-OO5xJ
Over The Top - BBQ Grill,"Janakpuri, West Delhi", West Delhi,Delhi,3.7,1400,ChIJjb8PUb0EDTkRLIP3MMaPWK0,AdDdOWrMUHneqzADi94h7EAZji0KTAw_hJg4yPTKvI10Jgg-xBUfFzzu6nAXMgWHuhxyLXnN2BRKH3VoAKCvY6zRV2okmO5XuqEhC6YngOmC_MCw-HGYAMU1bRbTZx6nlCtyaGNeOrHAV-tHYSzUsrwpCk1V7D13tfIfnK3DMRNSC9SOvWC4
Pizza Connection,"Kalkaji, South Delhi", South Delhi,Delhi,5.0,500,ChIJc8u_ROrhDDkRseRcJWcEZBA,AdDdOWp0uYKQSonRGLKul_Wzlsay7VpFNSXuSEYJKZYgg5Z3o54sARqMPHp-BXcbPbZvj20wM9z44Iq7YJOZiK2Jp9cvMTq8MWc3qejsHKKZPzUA--Al4DQaDGLIjGfcUeUmTu5kmARb782yigymOWxg4CyZgWnSJBXH_t4kjJd66ZwZktfC
Neon Cafe & Bowl,"Select Citywalk Mall,Saket, South Delhi", South Delhi,Delhi,3.5,1800,ChIJLRdwgHbhDDkRldIwQa4rU9o,AdDdOWodN_1BGiE9zpz2PG8u-czwCQ3gBXOHbekQCrgKxNrPAagodriOB_qbyLjaGXjikFNSD6pENCIEyRSIyuehOSm7q90JX5sVxTqTJ5GT7EKezt2opEHQ_nvbMog48AMBU2pUTrQqQev8n1WsB4NLAcv7DiAoWPMYsTqd5UXce9Brmq_g
Big Banana,"Saket, South Delhi", South Delhi,Delhi,3.9,1100,ChIJVemc9_HhDDkR6MJDJp6c3hg,AdDdOWoAzbuf2zBWmg6rasFQYftYKhdO9zGVxpdCvBQxi-mX3w9mTKEfNE0GhAP9eypq7F33Wb7lWFJN9QzQOLjmDx_Lr2kyXWv-Gg3easf9on_gmgScTdhenmdcvnV9irD6Hr__uDCkamG7pyX53QlA2nJlmTkQUFRdiuINBOFW9h8EnzPE
Krispy Kreme,"DLF Promenade Mall,Vasant Kunj, South Delhi", South Delhi,Delhi,3.7,400,ChIJCfdM0orhDDkRcDtM_vJ3dz8,AdDdOWrCGD_uUav6Vc9SkEH5cfmdlJJ2KotukRZhED1IXb-aHMBvMjcXVFxRHCCuyJ44pUFeqSqkbwIsnQpzd3APwaJSLUfSsQcAlX32QlSCi_1YijvWaAcvHMQgIovn1WKwwGN3UJ_4-wNoETfFTKZ9CVONN2rJWV3zqNOtFRR217ExNx-E
Food Exchange,"Novotel New Delhi Aerocity,Aerocity, South Delhi", South Delhi,Delhi,4.3,3500,ChIJockHsGkcDTkRAH3RpbifUEs,AdDdOWr7RsUC__Vw9E7sLHOzagtki06yGKOo0KGLrvSHR-2yZEcwXHTNf4jIKw9D8tah1PP4sebpqrQHl66cscwHVyHnSVaR743HpM24DWKpy77QOuRwblTy2c-dt-FrUWKyYZwm1zD8O-HCQ4QyIuPv3j4FeNkiE_cDVSDXSAK7jIzcIpz8
Giani,"Subhash Nagar, West Delhi", West Delhi,Delhi,1.0,400,ChIJ_VQEYvrhDDkRAAAAcP0V5x0,AdDdOWq3oIRT5l5sh3ZOAR94N1r5QDd71fn3P4flP-OpB0KmxTMyooDMmBEiBVnKfYKORI3sm47h6wh9HTvrjveseqaZ06l0cCBrkTiUI_bDOQSCcsaf0bMS8JlNqHWnADsaXEosJsxWMtb2SYhRyUGwwDwm7perRp3Xd2we_A_O5usm5xeS
Cafe Di Milano,"Dwarka, West Delhi", West Delhi,Delhi,4.3,1000,ChIJExtiU5QbDTkRAG2lcnSv0w8,AdDdOWoVml4qX7znIDNIF3l6lZvf_ercL7B0hXRVbeHOssPpKeUxMdGeDcr10kXGFfgDxojUM9ihXHKaWoPzhMXrQWDaxH4Ur5LgiuFGrJNjFbFRoCLVVf6I1686FtxMKf7YJrGyi-eoFjHcfqPYFjkND8tf9GnQN51NwZgzJWcD6Ch5YZgt
BonJuz,"Ambience Mall,Vasant Kunj, South Delhi", South Delhi,Delhi,4.1,500,ChIJsWsZvM4dDTkRVahEEjIz8JQ,AdDdOWpyVC9niJ9RYCuxihjoiWqvoTJGddQLRwjZMmNkgICl99yhNS4bGmrhlOcRcVENIR2tV445L51qd2ease-LvWJyVfi3nMJoPa-wO7HMcy31mXdDWFAkRmxq5cqDuHXUEFqX1sAZ6otiUh_hvFvBDIIkDzUQzN1jJc_6dwh8x_D7iOBs
Punjab Grill,"Worldmark 1,Aerocity, South Delhi", South Delhi,Delhi,4.2,1800,ChIJk3p_Gun9DDkRsdWli_EpjyA,AdDdOWoxxN_d12y92Tjdn4gstZT5Ak9eXQLldz-B5rpG1e4KZqXrpMqwNgAup9V_pEc90jGv_FGkJSv20fsK46C_0irXm8OWmuaR8sknaOw0q3AYytzCBTSKfJhHdeZFz2AEBVD9MpuO_Ju21m9fwkXG7k2sT9PwnAPFHb08XB2wdgGJAGVk
The Kylin Experience,"Worldmark 2,Aerocity, South Delhi", South Delhi,Delhi,4.5,2700,ChIJgXaKdHodDTkR0FBqZgXKLcQ,AdDdOWp38jQm4cwZa-TWt1x1oZI5wKNuvaXO8yw73p_RnVMg6N02ZruE3xbuvY5uPtyo9sBZOrKrv7mqNsDjE8RTbyu224oaOkUYfUSyc9vTQ3bx2Um0wMSZ-SicPqJtLuOVnR4pAp7O-jFTzecUWj92VgiXP7VKBYW4ugcudRQdWv7L-NFY
Nanking,"Vasant Kunj, South Delhi", South Delhi,Delhi,4.3,2000,ChIJLft_QqgdDTkRZWAO-oBJO0Q,AdDdOWqLkfyp55el813eBSekjVqT2M9Jfi_pRucenVsx4IRqyXKxH1OknMB99biv2aBCwNjTEuOMx7LlqEqFEPeLrjH6k7RhZBBVK4SHgc9cdPpOSurT3nHySy91-z4MFtx7sVjm1fHcN6vK71dWyDvxQTVZg2wS4MjQz65U5oxId5H4nfIU
Kheer,"Roseate House,Aerocity, South Delhi", South Delhi,Delhi,4.6,6000,ChIJ1b1342scDTkRD_OGYeO3hhM,AdDdOWp6_EX0r23rPLDhF_u_lBOO5XodYnjPGs9BM8GheAhsHQamkmrpZi9nVr87Cs6YbQHjduTm-1Y4C61Y81TzsNmFkrWi_-NABs0tsxPn5o1yX7XhzlgGXj1LgG2g_Z_2i96g4iQo8lRPfEivVoF5gL4iR9NllkgVJ8seOnFrBzgUXmrA
Kake Da Hotel,"Paschim Vihar, West Delhi", West Delhi,Delhi,4.6,1000,ChIJ04WDWzf9DDkRMfumzM044fk,AdDdOWonHWRyoTxRR3TWp1zNHA0y_jue3JfTIMT0HwPlIH_Mxmt_cIaAM8L5OVkEtB9-zESHgCZSNGqqfyrMvRYN9qYjyGB3jSEvzjJnRQsmmczAASaF7yDC_9ECJM9sKRdgd-sKaIGSfcAbzS2T87CV_Ivo26yOjT3IThgX1apDKN5HeZmj
CUE- Culinary Urban Experience,"Manglam Paradise Mall,Rohini, North Delhi", North Delhi,Delhi,4.2,2000,ChIJ8W27ci0DDTkR_CfLymS6VYA,AdDdOWqqw4s5IJdfZjnYwjHIcGkcAJ0BA5NA9y9gf04OKuRptJKdZIjb15QMFdxDCkNMKr7itGyJkUhfM_m8bNw9q_juQGECfm7VPKqAOcb8enpDgeY973sC8gh_jM9npxXDt4qNx4uWvcSXCCumf9meSQBX3sb0uNesAAn-UUY0u3j1SUDm
Dramz Brasserie,"Mehrauli, South Delhi", South Delhi,Delhi,3.5,1200,ChIJGTL3JAYeDTkRoiTntt4reEo,AdDdOWrVhpyEajPCV5tz02WeO1arOmzlmiigT8fZi7zNVSvLBt7a6CHImnHeaPzQGvC0Gde4POL52BEpu8iZ93M79wqInrHYDMIfv5WDQuZu0PJehPF_JtksD_WAFMKwM6m8ERBZYAPNYNG3hhTR8gpzb2DBCrUa9kqPp1DhXzgQm6Mm-fOk
Wok to Walk,"Ambience Mall,Vasant Kunj, South Delhi", South Delhi,Delhi,3.6,700,ChIJabK34V7jDDkRBnL5mChQOHo,AdDdOWprkrnxVsujoeX4IBPiHbIRVkQrKFLKVUL1Z27syjdLiyDvS9cerQSgx2z_rPlewxyck8UoGqoyVpZyZd6-1W9DyoIZn3v8bLDcg0hpJQO3QriAkfLIKuFS8qJQeK1HhYVTzeO2YIaSdIzcpopTAnrYV17sSTSlEPqT0vmWIBRcdB-I
Locale,"PVR Anupam Complex,Saket, South Delhi", South Delhi,Delhi,4.0,2000,ChIJ5eJilvDhDDkR5frZUIPn8KY,AdDdOWoxzHGc5qQkgCThoKwM1bSPo2ZvBGL7X1Fge-O7LI0UpMTNaKCxK2157yiMF_paN_l7CeebdkGI0qcyV25P4dcxHSMPcCkkzx0uUIeXXoKXq-9HJsr3TpeLNkAYAi2R3nYpY2uvjg909X0-0TZrT1cbDcbf1QOeaO20liEo0yQiL8C4
The Nerdy Indian,"Saket, South Delhi", South Delhi,Delhi,4.2,1000,ChIJ3YSYDIzhDDkRXG6-AftNm8M,AdDdOWqHlAiFDdSuirBwZ7Z1kM5otauf574vyK7LKDTrB3KNDYPAke9-MU3s3pCjt8wOmlvq6vlc4NtZsgYDe6joNJ6Uunr6yqkUvKWLzt0y9UmMrZGTD7hEQF1Exbz7s3GYTzWPb-gAFuxekIpQ6aR6S-dss95dhKPjEvN1yX3rSFb9UNU9
Imperfecto Shor Cafe,"Pride Plaza Hotel Aerocity,Aerocity, South Delhi", South Delhi,Delhi,4.1,2400,ChIJhYtkonIdDTkRIteoHtN2Tcs,AdDdOWr_BsKDr24RvQCtzqNjgrjyZMlxrlhX7ags7oDGbkrDdH-tW59ft8y_RihZs1L8yttwtXRWfSXqV-MpP2x8ejKEWNjzIOEvt722KnWGY3TS9yL9C2sLuQiq8J_QnQZ7UI-bdhmoyhU0_1XEmaX2H54m0xe9q4dhpQq8GBVk69rLrMW6
Reve,"Worldmark 1,Aerocity, South Delhi", South Delhi,Delhi,4.4,1600,ChIJs_RACwEZDTkR0G4SJXdwITM,AdDdOWpN4n5-uAfRAZdNKd9KT8qfJnrQC1MMXYFWdGerNIyBIDGYvf6llwC-6oOPqQ9A7g5WwMB2erj5ri79c-epPtDIUyytDwKwXA6IMcZeans54GJMhSWnNtRTyElWdpP563QkT8A4t40BFNBSqMKqmWv87w5WVZF9kzyRdZJWe9AUQhjX
Dilli Kanteen Kitchen,"The Grand New Delhi,Vasant Kunj, South Delhi", South Delhi,Delhi,4.0,1600,ChIJi-Ra1ZodDTkRyKF2xvE6dok,AdDdOWoB2YERXUhcq4ip1miwjlVVDUMj7ABNEWVPMhI9yzkOOw2JIv2za7ZdXkl9QmDviAxX5cui5KC9lXURPMWcf8PNDBR273M0jORnRmHCgIibDw0B7NJ0vnzLdYjRcgtaAhXBNnTmQbhLGgLSZVjEk0xG_RTOE2Suxi-ARHxVctnNLv9t
Roasted By Roseate,"Vasant Kunj, South Delhi", South Delhi,Delhi,4.4,1500,ChIJr-NOXdEdDTkRZhq9MSNI-5U,AdDdOWrQjCXcLFv2SpoGk429T6H1v4ZEx6hbbzQWxfWCudIWEFA_N270szB-sj52aaRoDQf--runce6dPuw0tZGzA3nMsprwlvHICp0DZ99PcYJsAzAbTHFHQH3n6hTVc3gMw9Ho8OlggiDAyML72YkZQNu5AgfbBKYMyqDsFSjqMyTgp-HQ
MOC - The American Restaurant,"Mayur Vihar Phase - 3, East Delhi", East Delhi,Delhi,3.0,400,ChIJN2_vex_lDDkRG-eJtnFTvrU,AdDdOWr2aUsTS6MzaIeLW-LKDoNn7r_Lgb7ir3wSNuvCD4G4FQBf6tzkXqxo8PUOdeXXdy6f4hlU6FsnLGye0mNmSLbKVfMnDxUZq8Bl4WUKKFtptu6mAiatjIlvQT0_JzfiBstUDyRCuML_EtLd8TmHuGCjrQ9fvyUEns-3T21UEvNNBNcM
Zooby's Kitchen,"Jasola, South Delhi", South Delhi,Delhi,4.4,800,ChIJp5NTylL6ZxQR4L5_NjJp0To,AdDdOWpX6e-k_vw_T7x88-A1VZyvZfs1yBIuoTjkDrDwlgUKFhY0I_7tgKej0_fDrd4nan_fdIV8bBmvDO7osZHerL_0GYdehnabymOdAumFqnaCknDEkAExT1EHeIM1UkvTI7xbL1J91rXCNd4hrn5rJDlQCdemvG-wC0R5gi-KamFHr0qK
PapaJi & Sons,"Paschim Vihar, West Delhi", West Delhi,Delhi,4.1,900,ChIJOSPTU5IDDTkR-O8FgJD8Pks,AdDdOWoz4_zGQ2pcsaqBrC7VX-yuL3SwLtmjOPoyDXk6lmkIKX-Dlm6NZVSHKPj5oCh-irit9iKnrKvSF365uc6dwfDYKKWd_3fbcz8e8taYYAUQKP5M2wr5b7if1Kkpywzm0FyKBm5oShcHrloszztLM8OGAclW6eApu6XsiGgfzgAw0LVd
Deli Belly Cafe & Bar,"DLF Building,Jasola, South Delhi", South Delhi,Delhi,4.3,1600,ChIJX-9OjAXkDDkRqpufGXG8Oqg,
NYC,"Radisson Blu Plaza,Mahipalpur, South Delhi", South Delhi,Delhi,4.4,3000,ChIJ0_xogh553IkRHG2HOQ6gzsE,AdDdOWojlgJ5iiAdqUBHMpA7Gt0-sbMgGBtPEfAXFy-c95vT-kUMZ7hz_J2opxpNqPMGBbTRSZ4hG-0plWP5LmfnqkPGJN9DgZx06tPXxlCgyhGymX-cR8kjc6SWL-Y5kxobc02l18Tj5z8ft_3T6D_JwRprk3UJlvMSw9uXgwn0N09B0fFH
The Great Kabab Factory,"Radisson Blu Plaza,Mahipalpur, South Delhi", South Delhi,Delhi,4.5,3000,ChIJNw7hG0j9DDkRDyPeVzC4nzc,AdDdOWpFocX5SlE7HmWV19dfyIcQf6v5WPntJ_alDaYd37_JoMV2zFdlQVHcI0QWPSiTY4nk9gyA5MieZKJhUSuDf9ToMFRmyfxeDRd-Hiz4fco464ibfIDMOqP-mSMiXmDJsD3S5Z5JjY5EnAl3xIjBIPNYxevoO8CCjimBpibNi_g5VEmz
Kampai,"Worldmark 1,Aerocity, South Delhi", South Delhi,Delhi,4.5,2700,ChIJl9ATbcAdDTkRnR8R1WyfpKA,AdDdOWqEJaCEwaeEIDoISOmOmbCpjwfQlijM3DqNwzoeBFdUNZxbnOSyUtrV7c65f1GTBPo9nTCMlt2a1QnQENB_3_0_iBo6EBtnL_EtHoNQpN0eI8GjPc25hH3WXmXnOsNG5kF4a_gqLnnbcTtyVusYxNMHlqZAEnLmaJ4xchIfSHnwclLz
Bean Sahab,"Saket, South Delhi", South Delhi,Delhi,4.6,600,ChIJZdbyoVPhDDkR8v05aFYLvTU,AdDdOWoX9Zer_ZOaDkgGTYDqCG1Z2LAuHJebTAQHc7HQd9JFbWCYRfnyL2TtMdfpYQXz0S6cq-w4IQAp4ovfP99mAXb68cOMbMtxuvlcH6f_ushBI_IbS0bwuXdBuh_U9eXOB8mqm9OfV360ECwXXqjWAwTbklKGhbdN-E9lbnUkA_kZDCC3
Nook,"Aloft New Delhi,Aerocity, South Delhi", South Delhi,Delhi,4.1,2500,ChIJO_OUAugdDTkRuEvRhC1h8Ug,AdDdOWrSDfaTqhy4-IDzHD8Z0-b87pVmIySdnQ4CqKAT-u9cDYcVLro9M46xllorpnPn5KsUN4FmF6l3G830XT9UOM9pl0iWHZSK7KPyTdmpSz_gl6jSESVzE20pc73fAZOK8c7vTcJK-sG9iBGq2n-8hheDgm2kxRyoz3IFjVGwiEQKzbN-
Wow! Momo,"Fun City Mall,Prashant Vihar, North Delhi", North Delhi,Delhi,3.8,400,ChIJPfVoOZD9DDkRXFZjBAZ0htQ,AdDdOWpcUDeODzh52jii6K2bj-ouMdBpGqUu89iIatSu0Xd6GlXig0lGqnzaW_UKNq7TFwzeUGJ9Lj_sJ1TqLgBR4h9ICVMe66RJsKHo5Lo0Y9QtiTd8bkkcwNrMZREFh7tNJ-0Ptui-MXZOtqd8HSeoL2TjqU7bRQM9Am9sSL_cGA5S_mLM
Singla's,"Tilak Nagar, West Delhi", West Delhi,Delhi,4.0,800,ChIJ____OyobDTkR801Kk4YnOvE,AdDdOWqDmCQvPtMesC3OvzRbro4PSLPXNAEjCyUD5CHrfNEkZrRAJFceYGCY7csl270SPaG5bG2-ocZYeb8vqnaHcSWrJLLzydNaoqgeNbuZ4pFrBe6LwnoCPTr6uQ49aagZ4qosO7wmdDFZf5IYyr8Wp7Bo7lEM6TI9xv-YUKp9E2S3hlN0
Edesia,"Crowne Plaza Today New Delhi Okhla,Okhla Phase - 1, South Delhi", South Delhi,Delhi,4.4,3000,ChIJ_____1bhDDkRQ2t7CmH6zUU,AdDdOWraMT-UrOzqAqD1R0Fbvnap7fGNbFSYldZo9D7CYqdsWmjL475zV70kxZP05BDcrfsaPVk8m1C4DO0B3leQeJptwAwLhS63J1Q4ewcU1JLnMxpzVsgtGA9Cnewps7bpOFKryBkZMUAjloUks8Gq5rYvABY6l85LBCRQFMogoYusHxgI
Kylin Express,"Ambience Mall,Vasant Kunj, South Delhi", South Delhi,Delhi,2.9,900,ChIJ7fIK0PThDDkR0k4JrwEEJbk,AdDdOWrOXbGYY03IS1hzzO2p_IGJ-a65nmtNDQnujgI6sh0Az1S2ks15sxr07PzCSnPcINPCSuDd4yOIfJ3OdbMHoue42PbuBixzmc0e3ajAgRrFnSa0n27vK4tQSt7E4KfRs2gzC4OVg0NZ_VAYWBqZLrNUe8HBvFYRkruerbs8xt9aeKKu
Fabcafe by Fabindia,"Vasant Kunj, South Delhi", South Delhi,Delhi,4.7,1200,ChIJLVI3R_lnUjoRfpKXEoGAois,AdDdOWo4WqtidEOQu6OLyCPyt6c4Yp-Hw3S7BgxhFPmskGfDWdVovVBVaX8RipiQM9445EeAE3Y12tgGBkUDqOtSXBKTiE-LxqvjavR42LU4TvBhY17uCRq75HgrNji_ZNaSnARg7xdkp_kA-1QbbqlEM2pB250QjE6J3FD43OuyPm15iF1P
The Tummy Section,"Jail Road, West Delhi", West Delhi,Delhi,3.0,600,ChIJjautsJ8EDTkRI1xz06JwCIU,AdDdOWpOjNwxPNZ59n6puM05b4jihcGnesROFcqBgABHQTfXwbOSB_mvtG7fwA2-zCA32pE0UddXiCX5j230199p8YYrEf3HsR9nSUm8bqAm_2pvyONnzpUBUvdbk05dyGQiDGyb2jPsW3AH43l6ldVK2wRGd1OYqMPIve83K9_Lz7rk_88a
Quoin,"Novotel New Delhi Aerocity,Aerocity, South Delhi", South Delhi,Delhi,4.1,3000,ChIJ91Qpt2kcDTkRS2-3xIGphKU,AdDdOWqFVlusQ_Dj8mvWFT8S1e8lSk1PxYnBlIr1Gv41zXdxy1Kg6KzPFyPnaKJ3ubA00bv25M2x2aJ2lMGfW7fc2bVySoeAHIeLRTqAjevwzgUfBq7fRZzFctikfZdqN_lUJsA8MMMAVWSGIx9khTCmm35AFFqbCwAk8dwxRdw8sDp4p7fY
Crispy Bites,"Prashant Vihar, North Delhi", North Delhi,Delhi,3.5,500,ChIJASLbpsoBDTkR1dReA_fdwxY,AdDdOWreTqfzuNo_6pTR6L4OzyCmNCIP-b1YW8YYtOc38XWmLR-_opFfcrr6WBUgAdnFfcai16CoCS3B2tWZT5ZXvUDCfAZ2J3crgs9iai6QirrN8twj8rfPF2S3osCcjPiWVtY1LG70piDJN3hU-zEOUfQyIBFGHIk8vlzkLg84aFQ-1wNK
Mesa Wine Bistro,"Aerocity, South Delhi", South Delhi,Delhi,4.0,1800,ChIJUT9oquEdDTkRPfLzTwMX3y8,AdDdOWpbyFq1ZxzvWpiD7VkpjlPyyFBBs9WhNO4EdNuZsQHRfAnlLfA95NT40YLFsf_23VUHsTuKuVuD3wMNixXJJYaNIj_UYqOFJoTknWcTpOeValjcLGV3smcXRCa5fVUnPioxCZ31fBk-GfwMWiAwc73xoNfhQnAzJ0WlmFRoRruavqlm
Monsoon by Cafe Lota,"Worldmark 1,Aerocity, South Delhi", South Delhi,Delhi,4.5,2200,ChIJG2qj-wwdDTkRayfNLQ0-lN4,AdDdOWrJLVIGEXITBGeONWZlpF4pfLCPyPd3b3Wx6RzwF7c6vWCKuuM2hXi7X_gb_X87X-krRLEg5FKo7_pGNwQARp4-n3IK91kufG45aP7JxQEHkjWbTrmG6wg9RcIkZp0aFkQkwtSol_sm0fiw-Gx3h0R1ew0sFoW5wYkk9GV5R__CYyYd
Mr. Confectioner,"Pride Plaza Hotel Aerocity,Aerocity, South Delhi", South Delhi,Delhi,4.8,1000,ChIJ8UyWnmkcDTkRGFANq2WtNYs,AdDdOWqWaveQrIuRflkSwt4TdAHyCRWd7LLHkMZ8GlF1xj35h3Ffc0yrWwojCZYQOZPmgLnx1382eFwX9YoHKGqfo4TCr_uZzOapaOFnqF0xp-umfQulAN6WJclbq76rX-YbbFwQmkwoLKwjpRfZG7hYBWoXvgW6tgNLkK19N9LPsd-xUVhz
Pling,"Hotel Pullman New Delhi Aerocity,Aerocity, South Delhi", South Delhi,Delhi,4.1,3000,ChIJ3WyBtWkcDTkRkuPl7oRXQ50,AdDdOWp7sgsGk9cMd-5YWWxmG-I_eBlGA6sY1MTmGCDlTdxACBaQMMmtJyTeWfKiAUZNEF38UZKF_ihIgM39SKup4bKcaycBZXZq4sLHArvvPJnOaniuBWFfXPkL5NUxZrUXAmnWCCJpw8kFcI5ZZrBIoYvzfrXgAo4foJgv3bhyEegLEX16
Cafe Pride,"Pride Plaza Hotel Aerocity,Aerocity, South Delhi", South Delhi,Delhi,4.0,3100,ChIJLTPUiNodDTkRcQKF3o_MiWk,AdDdOWrlEdkrlNnHxEGmFtbLqspRLax_3vaGLbWaGwGeN44EZEQbEV3BZsqXWxBPr22rl3zC0aMVfsDu0NsXoSl4y3EXebWV1Sd6Aa-ZjzVQFAfNQGAXYzNQK-9m_W3IcJVCWKuUFKAXjprY5_vuL_6mgg3o6SY39z1IH92bZ9FdSwFG1TgJ
Tummy Nation,"Paschim Vihar, West Delhi", West Delhi,Delhi,5.0,800,ChIJd4vnKZQFDTkRivoLxAo2LrQ,AdDdOWosvUosRB5qjwgsXB7WGZa9xpT50Y0gLU4b0OgfzeljI84KmY2JuaThJwXe5DfxojOAoqW8_52IKYgiM1cVdhnfjDZGnjYVzI9hif2NjH9S3kANSXSiI5afHhSnWzXCBRiSIIz8WGmrYFFHWliclDuQVpXMgossl8I5PuzoCm6MKsXM
Barbeque Nation,"Unity One Mall,Rohini, North Delhi", North Delhi,Delhi,4.5,1700,ChIJy0njiDb9DDkR-9nuP9aWDc4,AdDdOWpQrf2MRVjB-deZ4GzpUlI5ol_gGM4GYv0GilyPjq4Wv4IJvXIdp8uggvLF8aayVvLOyhkbXXD2Bov_sZUblVExv6EcO2H7AWsYGoUwZD4gM9JJ8sHajS3S5cX6wKV4MiLIw86DtL8U7-1lrsOJSnEbQagbxksxAXnJEyeMXYYCM72z
Miam,"Lado Sarai, South Delhi", South Delhi,Delhi,3.0,900,ChIJB7U6YbUfDTkRHPvtIMxlIlY,AdDdOWoIvqm1qEdAPC3oh3wQ7_duSxewEBCbTo3EriOEYGl6x5wFsUR0LMWgkXC2HeddX9vS3AyYmnHPcL3rQ2E_39eyv-VfcPi77yHsV4txVQqdhAR-SBh4JdvJ_yAxks2UvWy6LGTW6vCk-FaYi_JS0nIkKaPas-TjvmkWeh76ra9fKhFU
JW Solitaire Restaurant,"NN Mall,Rohini, North Delhi", North Delhi,Delhi,4.2,1400,ChIJbafp0-MDDTkRCfA9HtLofmc,AdDdOWq3RwJ3QDvHzVjqQjyDlv--CkGB8YxdhQAfNoB5n5T9DlJT9YBPWkAqHT-Iw-W7WeemgyBsPr7IlgVa8qd7dzKUUKpeS43qVVpvWJayOZeOS8GfFCJTwjaegeQERd-9-7ZGWDRGJZbceN3oG4jbx-ISeeR7AjtuFZ3Jvr82GyCUQHqf
Vinayak Restaurant,"Rohini, North Delhi", North Delhi,Delhi,3.8,1000,ChIJVVVVBYz7DDkRWt7etZDNih0,AdDdOWrGAsEKP_pjdK2c4MSj9Pp88cN6Xfe8ntrVhnRtHK1DAzDrQtuO1Ehsl4mCZFg2xEat7xE-tK0XUqQJwVLKEbPMeBjyAJb7KGvMg_qI7T539MxoEjHF16xSG0E5s7GPzPoJf-bJJ7UwyAXE_ifKjG4oL0iQ2QCRrY9L7dYIOghyZpOP
Mughal Punjab,"Vasant Arcade Shopping Complex,Vasant Kunj, South Delhi", South Delhi,Delhi,4.0,900,ChIJxWU1lpQdDTkRPwVC8-Bp-Cc,AdDdOWrnZaXwaUl4Mexf4HzgtqaTQMt4KNqwqYvya1J72zcXRb7d0N3pApiLYXjjzYIhI_YCgG8rTacRWZJGpiXp8daFWMYCWr1ECMgZlVscEWaKLZyId_W_6CLRNpxq33bpxdYQsNTCbPJCgVUWS8gvLKfpsXG78_XJHHkUEB4-KoHbaNAo
Sky Route,"Malik Plaza,Dwarka, West Delhi", West Delhi,Delhi,4.0,2000,ChIJQV16t9AaDTkRPcmF45N5nKg,AdDdOWqDX0A-dMqgMh5AlTHeH4Wdb1BoVNg62FHej60OppH_TNEg07GUovnVEWJwnwUK-_UCfXEDR3nMnINeOeRQS1O88cLfvx5cnauL6ZkMrTxG-110xhri-FC0rg0FRdnQhhGDLMSHq1pjKhYFcRF6bOkVdKFWGw3tFywvc-4OJ_ylYgEq
Juniper Bar,"Andaz Delhi,Aerocity, South Delhi", South Delhi,Delhi,4.1,3500,ChIJa0b75WgcDTkRY0y-82q3k9E,AdDdOWonVHg0o6taNv-nlzQ-7zpchU4BBqOgkI7IMZGhLgyc9yfNUBUmbaGQQL67_DfK_eHsTbTE3a1cQiET5knxTG4wfCvBmyD9VXRceatGT1jp8Z0vZhwupVQ15aFtB-RsKNCJkW2Te0snKFMKHCDTzx3wosJVvbbotsXcJaA82I55dOCv
Red Chilli,"Paschim Vihar, West Delhi", West Delhi,Delhi,4.1,1500,ChIJs-gNFXsEDTkRrTUpJHlftHE,AdDdOWrce1OiA0xq1D7yINxqd9jwR5hcF20aeIfJYOHnADk0IN1nsXf_cUPGv4E3nYX-mIPsPcbjWFWNeCerEq6MzFniZq6K9hBGjrbHfV3ywV653Lr_Spc61MN43HKA5Wa6AoFWm_ZFO0xK_jz3IneIfsr5Jv8QK1zGt3XSD4h4N_moE0s
Red Bricks Cafe,"Champa Gali,Saket, South Delhi", South Delhi,Delhi,3.8,1000,ChIJ4_cK6E_hDDkRNP-FcHXGGf8,AdDdOWpqNXack4ggB3raJPDxjeuhKSqQtDbUiOfoSvVuCRshfSTlZmHFciiTkgI-S2-LJecOrLZG7pHnAWyF3RIJi4kaBbEzbJIQxsFAifpQehyXuGD9kuR7SOhI91YN6LM0y2tFFDGkccBvjrRQzkQshB2--jLPBCXqdNowwbPMfIqDT2My
K3,"JW Mariott Hotel New Delhi Aerocity,Aerocity, South Delhi", South Delhi,Delhi,4.6,3700,ChIJ1R_SFmkcDTkRKZ_2Cwjo0Ss,AdDdOWoHwID41qk-NIwwScNs0CU99jSWARsCtEKApnTKSFXkbi1EsjVFx8y7MRYzPGs6S4MvH8DakzTuV05GXrOjgjUMlPeozkJpGiHAatt8vg8JP5yGPmEJT0YLETKs5tP8sIV1YyT0w60_HneNQFafZT-PufGj7qM5wcXukLQxa4jc45uW
W Xyz Bar,"Aloft New Delhi,Aerocity, South Delhi", South Delhi,Delhi,4.2,2500,ChIJF5hck5QdDTkRi7NW0XrNTZM,AdDdOWrZfkRI7ZvtSvMNTv_sHME-Ar4IxcOkBQsnVLjp1IcJiENIA0GdEGgfl8B5VsZe_-L0dx_DQcul8pZtrtGkOT4ki_OCnV4OplbB8jew31Zds0NZvtUgRT1fdzVYvR6z2YRkY0cSwM1MqJx8XNZd1tj3tg14hM7rwkS_0qD0hOplZxmG
Level 2,"The Radisson Blu Hotel,Paschim Vihar, West Delhi", West Delhi,Delhi,4.1,3200,ChIJpRPiXgAFDTkRvWTJeBIRcMk,AdDdOWrSBYCHKi7a_JDHekmc82Pc-mQzkVkC0x4LSJYl29M5hExlWkEpygoK4qsatiYKriCFyyGStzjNMwzM1Nc3V5fHHT18PlMnKG4mnrOIuK-zcOgjhdu3uGKKA6EmhL1NT781EUiOi7DQp0r4-QkfXog54UxS8NrsutMyCv2V2L-2mGWg
Roasted,"Roseate House,Aerocity, South Delhi", South Delhi,Delhi,4.3,2400,ChIJr-NOXdEdDTkRZhq9MSNI-5U,AdDdOWp6xoC-cuXXzLi-LGz73RkQNBFGCJUDBAv7WH-BAURKMRtRvO0J7jaWNE5ISF8OsOKY8rtTSMc_qF5ykBorF5SXWrT-Cu6LpwDwICrHJ7co52EnpCADw4h5MyuFvl5Rl5U9PpNPHahcB0oo63b-BanR-fzTdZodgtFsQHWxWP3pgfXf
Healthy Chef,"Janakpuri, West Delhi", West Delhi,Delhi,4.0,800,ChIJqVuJhbAEDTkRmLZFrgtraIY,AdDdOWpgLmYmQmjTL4y8SV-toeT6CnXHyypUL56qQsgxWKWK8nPm4D3KFVikMCizdG4qN7mP1YQ_E9718x2znBTHkV7EfdjkZ8SDPkhc1tJqDLjmOKJ00KZmPAconatm5ijBvrS1KFggocBnscJC30sWy_D7IL8TUyZ3rR_PiD87UDWMi1sl
Delhi Barbeque,"Taurus Sarovar Portico,Mahipalpur, South Delhi", South Delhi,Delhi,3.7,1500,ChIJRVr8xsIdDTkRosLx4tRmT24,AdDdOWqWlD_bJCzDtJUp1a4ihy2jPUSOcO-u4BA6-fnk17aDtV6hgNrzSA87XNhbfhWK5L0phBDu0R-q6XB4YMVY-9SiFoetzNPRhdtTS7V2Oe2l1jQu0iGcRf3TJkKuDDgWhXnt1XnPwfExkJ94C-v98_YPcCr0TzbVidrhCyF80JMcrJFH
Chidya Ghar Bar,"Roseate House,Aerocity, South Delhi", South Delhi,Delhi,4.3,4000,ChIJh___v2scDTkRBh-Knd9fsQY,AdDdOWon77eDkRYo_o_loDCgT82qTmpfCURcs8ORsTLg7bScOi5tVm6Gr7AyFiYvzhUwkyolIktu0h-YIwmV9P7vFudfe1fmcRxgE045v99vv21OqIPsYSmJSdYa62jklLw_6WmPl5uqPFUwWvaFZfhgTNwdfVpkPHDbXc-oFB1R00xebUwM
Spice It,"ibis New Delhi Aerocity,Aerocity, South Delhi", South Delhi,Delhi,3.7,2100,ChIJQ_0Eh2kcDTkR9uFBgCyBSTI,AdDdOWrOeUgqsOJ2RP2Y8Kz0rq2ByxdsShqJM5pmiMNXvAapxBPs-ppATBOE4OyRTwyOYpI_hcKxyp_1wZadJ0HqhM6rIe70JDYkveKd6U3OrTaLNEsRcFSQtDR3k-CLUR8_aT-EcredQWQIHpz8fKbjUnjkpoNDLhPKL9c8zEkPkYlkdx00
Barcode,"Dwarka, West Delhi", West Delhi,Delhi,4.2,1600,ChIJddOsvlQbDTkRKYxL4DZIWcI,AdDdOWqG4jBLECdaRzwhgv27m7bOaKHayJVFAPEmRjmxZtzdiVan09RvqDUN2ttrSbNPn-UBoob5skJrbpvcCGljrkpIZY4wg09DZU22ugBDgBOx_tbPszqDph_8maPSz-04fcGNwAVgQKFEukiZxodBm0uQ8_O79epY1vnudDP_EH8dwzgS
Pind Balluchi,"Metro Walk Mall,Rohini, North Delhi", North Delhi,Delhi,4.0,1700,ChIJ8RzMx_n9DDkR-YWmadnxKhk,AdDdOWqRseJc8rUTwY7k9GPjbiyEdEYAw90srbmbyHA4yiymyMgP4cDj55IoZGCE-eQyeubexswKRT5Cp07-DRTcjAKApNia9ze97UrXFTKeojTOW54s3ADkp44MIA5xhrQco18f_o-mQxn--Q_SnfyJiK63Z53cZX2nRfMZNj9kDaWDVuul
Krispy Kreme,"Worldmark 1,Aerocity, South Delhi", South Delhi,Delhi,3.9,400,ChIJCfdM0orhDDkRcDtM_vJ3dz8,AdDdOWoX9Sh4QB8qaW8n4RZ-p6JB94FipULMe7vRgkAUB5pykS7wpbP3A5H7XyK5LmfxmNUb9rCj8-GZoirtc_vAokOcqqEJ4o9oJe_gOtKlyN-wkMt2g6qFOmnSouZlGTQTbhvwtlZRnOOt2maNJgCloVd1HipC3yex67MjVP8m685rwjxM
The Cake Mistri,"Paschim Vihar, West Delhi", West Delhi,Delhi,5.0,500,ChIJV8mj_aAFDTkRZFAwXmeRH6o,AdDdOWpwiEmfYISqagP_Vk6x59yXqErZRyD96GQzzwPxNqxXdop80BDQb4YhIuPp_eyW9Mht4y98f0L14EDZQJljOq4uW87VR42-Ty_n-87CeyfYyCPkYe8SlgHxbxYFxUvGsC0rAarFcl59xRE0vMisPtYIr8DUgBtXZFRcdgh_b6phiXlG
Berco's,"Janak Place District Centre,Janakpuri, West Delhi", West Delhi,Delhi,4.4,1300,ChIJtQffHkj9DDkRTL-OkgPgk2U,AdDdOWpxVhilZs5dIBqDxr06cqg3wZ3UZMmM2JyLGE0huzwkgMsOTNfpzKQ5ns9DrNr34o_z5W1jIUmUZetVPfX93QCoVsHDQa7OQghQh7F7pY7vMg7QfgJD5MdRnc5lYhopzkEi3vZOPqAHkaPiLm6spQ75gaVuc1-WmExsGwllnVD3wE_-
Kap’s Restro Bar & Cafe,"Vasant Square Mall,Vasant Kunj, South Delhi", South Delhi,Delhi,4.3,1200,ChIJTwdzF-EfDTkRtzt66c515x4,AdDdOWrV21qaTnSDAosiBxUjJ1BoPhJkgSagpJSXnt3slnvcOwgQtsNyuDAUkUUGseMtlLHvPmQjy2aRKRlwIgUG6w9Bx8lv9Lw4iVPrmfjpM1UeNgveUUvAClbKXQNwns20xYqb1UsbpmtrNacZIdZp9jd3-ObUAoFPAEFXdg1euF2nPvZ5
Runway1,"Metro Walk Mall,Rohini, North Delhi", North Delhi,Delhi,3.5,1500,ChIJX_tyK7sBDTkR6yjqY4nA3B0,AdDdOWriKrMqdcoNJMExY7fXbAhGnJ62xOGpPsXR-R6rfv-Qae-Tzgdf-IHVcCMui0yQhBbttEbK85zshEvATinKmxcE2aHS4_t5jIPBcs-7Q4zQZ4yCPsfgWePHkv9QswcsYsbQNLVDy-ApuUqd7awjUw99Qn19p5PyZ9_hRFkrGOlztSMT
Big Belly Burger,"Sainik Farms, South Delhi", South Delhi,Delhi,5.0,500,ChIJr3wQZehYqDsRM1OcOxzf0Kw,AdDdOWomfHSPgNQ1jpYSVS1PieShHWwMylF9ZabWZlblH913pvboqcRV1pkcHhZNWKga5-tqz7xatVMIziTVPqlanmg9J7soKpuZyoPfo2Tc__aP7sC-aDlqNYrgZ6qpwC36PS7zT4w3_X_H_luIVN_sdxYTJvSeCkFNl6bGFtlu2S9FtFZH
Channi Pishori Chicken,"Vikaspuri, West Delhi", West Delhi,Delhi,4.8,400,ChIJ34XI05IEDTkRUPeDPuycZ5U,AdDdOWq-LfALDPS9SG1OA0dJUDn3MHUFiUTMikMfQVAhnCoeXoJkTxW4uk6L8BrbZKCJM-u4Qg6c34kp897E0ToHxcp_AykpqUYcRCqjc2o7hPtejRo95uWskH93vdF5t0GxSIMNBt1NxtZ6f1d6pZzMII2gLA88f1MECC63eGoRkFhbE_kp
Dilli Darbar,"Janak Place District Centre,Janakpuri, West Delhi", West Delhi,Delhi,3.9,1500,ChIJsVnOJ4j7DDkR0IIzrabWSp4,AdDdOWptziPes8SW5_2hum2OFEEFhn8oV0l_PDrCUSQRXQKiW4fpqf-brLdgMYdmB_wMR6zC9BSIMeH0xcmQ8-NIMZYaYE1o5T9MMiKlhlOKQL1h7bHiU_46hQAEzwN0_oMZPaUa-r2GwXqnrO1r8ja41_ktrEynhUYe_KEknZ9QyoW73nkP
Bella Rossa,"Dwarka, West Delhi", West Delhi,Delhi,4.3,1000,ChIJpwWWAtMbDTkRpnqpcN7lsOk,AdDdOWq9JkHJQipDCog2IytXd82N2sqiexQf4iTbsEyXNBsP0_i5xtW5QMFgrX2MQH94MgJ7hfpQGs5ZMSRYbBC_Tscnxl0nZFsOSax9u0g4hMCIpdYSJiE5I2mzIhovb56jZoeJ3WXJnCTLD7OF3JgyvAPhZxkuEiaJ64vnisCp6uXr3RZb
Punjabi By Nature Express,"Vasant Kunj, South Delhi", South Delhi,Delhi,1.0,1100,ChIJBUAymM4dDTkRIe49ByqrYig,AdDdOWoUNN_o6cyQ04xKkYBrlLqZYX_UQfJAAaMxV8pXfmYC44qXsJj5TQ6NABLVaUHWB85CSbO1F6rNgORs-zT6r8UMQhzPo9H8Dq6Tb5OQLh7bYgan_Tb8oT0Dchzh9tv7EwxgQkN3_B28GIcmjtRrOmpcX7NaU4JZOI4YO3cJcZ_-c7UB
Savannah Bar,"Radisson Blu Plaza,Mahipalpur, South Delhi", South Delhi,Delhi,4.3,2500,ChIJ57SWnj8cDTkR5H5k93XFN7s,AdDdOWrxFOtl0nhgcOSOeEaQUkif90FiGMpqwUe7JeXr5CmfRtszot4GVEXtx7Wk0Qa0n6nGc9LkNAu4OUSSdgh40WlSWEUcBlgsBJvI5zvc8ABy03jGqZyUlLyWOy6pjEea7IoAtW-4oAAfRoA-Sw8o8m-TdmqmlKfdcpj5BN8IsgXFBxZg
Cafe After Hours,"City Centre Mall,Dwarka, West Delhi", West Delhi,Delhi,4.2,1800,ChIJuz2BrMUaDTkRhnkvi2voMmk,AdDdOWp1RKqsYRNSBHi-Lv_sRa33s1AMkacXqJp0hlQ9_p59E4GyAN-s56BT6FiNuK7reOebcFSSi8CtOGKxLkFmv-Fl8g5lTErnM-E9sBCIFFN3MvydFf-0MocGVS70A4iyCoVSnhmxVjJ7Y8C9jkJT69ZgbE22xJVkevXWgLU9R690G7S1
The Mint Food,"Rohini, North Delhi", North Delhi,Delhi,5.0,700,ChIJ31GC4dkaDTkRn6LiKgTnt4Y,AdDdOWp1XmDtFzaimChi5P2XXSotFkB2C69IVpuHdcupFPxHpKqOlujcmFU7qD2xRGDlxm2cu96EfoPhw5IWJXJIxFykWlgNYZG1kTrYW4WWHMpUMWUzBwFkPwZUrL94ZQWdMlRNixUg4zy0B6mhgBL7A6BgUr3AbAj99QtS7sZoOpcpnP09
Sighri,"Vardhaman Complex,Janakpuri, West Delhi", West Delhi,Delhi,4.6,500,ChIJE-GT5sYEDTkRHmgBJigsPkM,AdDdOWqhJmazudfUturEkg5dhN-u8N_7ezEX4qjxfayNyh9D2PQonwCly1Bmk0NAaVhN_t5VEiwsfbWVX2vSGXpM-rT5reyufe_t3PaKHEI9iYhMk_j5xvJU0htqssEimpSAHNq6l-z9tKDDql2VgGT2lPcc7HJ5p_P0IbHt3mWWZQVNsoUe
Rababi Food Studio,"Janakpuri, West Delhi", West Delhi,Delhi,4.4,600,ChIJt9rWuvUFDTkR55Kt4LjC3bs,AdDdOWqGY-0xCg7f9xEe5yVewzv5QKcn0s1TcS-IoIM7CE9TqksEJ2Z36PljFWx5l4NEHKe_p3Hkgt7Zw6E40owPU0UqpupViHHv_j4X8GrbQoHwy3abC8zS3qwhztkAddCJkD_1AY7HSSrE0KRm5NikkWZuWY801adF0hLk3oIHrrvrB_uw
Berco's,"Metro Walk Mall,Rohini, North Delhi", North Delhi,Delhi,4.2,1500,ChIJtQffHkj9DDkRTL-OkgPgk2U,AdDdOWpA2UTPkdD7empFjKAqyfh4BuBPxHOB-kIM5_Y4S3RWLy89u60IXGW3ZdDgqHlYveGtbDMemADewZ-yH7xQI8qu8AwLxcni3ZvaIGa6aTix_FiEHNC73UfFUB_MTqcsJKbb4F9fSa8h8f7UdfJjmPmkO9cntXs0FEi80URf8BVBiiPP
Mosaic,"Crowne Plaza,Rohini, North Delhi", North Delhi,Delhi,4.3,3000,ChIJfWIp-DMBDTkRghnFAWhRTFM,AdDdOWo-A4WPXeiUphZf8rfl8RFo8kwhLL3BNUkYr8i4bCmdGm9Hbha7dDpBuLDl5rCX4VVp4BIGk_ZzX0AlPGlqlCYSzbdGdGWh-oOo95c1Zg74QIr7D-sMir7iYb5WnX3Iqxd-eMyOsCQtRGXSNSRIe9-pd5UK6a4sqzH_yzARsYIGbyqD
Bites and Brew,"Vikaspuri, West Delhi", West Delhi,Delhi,3.6,1000,ChIJn0I9WqQFDTkRIM53OcEzunw,AdDdOWr8Wg46fqq0b8GbAQRolE9Hz3UR_A-LoKwjtKIPW7iGmm0Co23f1TEOYKPoey7pYKnKfCBFYATLtIH16DXd4-8F4xHzuX5puOJGIbXbjgbQVwY2UT-k-MCQvHQIC8z0ZS9-CCTY1KKITBE7FqT_B59U6-F5SEpSxNEBvj7VP7avQwGv
Tequila Express,"Vikaspuri, West Delhi", West Delhi,Delhi,4.3,1600,ChIJpU7HNuwEDTkR1ug7db26r5g,AdDdOWqtlO-5PC8P3lE9BpjzsSi0EbgF-Xje0icY8Q5AHZojBHaAae90eLQ0m_gD0nCiVKsq45oL74yWKmtETW-Fqus97cmpl69ZYtUwzGBwq3tO17m-1lBwucGOcMw_H47PXnTIvJBZ4oAOVibopUaY8U7li_wGpFk3kLVLakUEHVzDtFkY
Kake Da Hotel,"Vasant Kunj, South Delhi", South Delhi,Delhi,4.0,1000,ChIJ04WDWzf9DDkRMfumzM044fk,AdDdOWoubDWtTvYkVDKCPCacHHB7ZCRs-fYSgacioOsGRWNStn1JgVpAYIVhA_VUrpuusQbENTBm7AdIY_uN5e5-pP0Cyjjaok-Tr54dCVJsSHmHtBpsQodNVlo7H7534UWZQdOHvj3bvkSi0MdMg4FMNcvg5ZHRgeKMWlXjnWaFqCEfxLX4
Spinns Family Resto Bar,"PVR Complex,Vikaspuri, West Delhi", West Delhi,Delhi,3.9,2000,ChIJs6uPGOwEDTkRvo-pAdAXC0c,AdDdOWpHQq6rj3Tft-48XaBJYUnG2ALB81hEL8k9bKMqrKgqGKzrjH2iR_hB0Jxp51LWMxJO6JSRX8m492xWbjTSTk01DCh9n7TtRIHtPmv5M7jbIsn4QdhaWHLec6vNFvOvB3j7ZVdkXDCc7JhNOuzglsmHIwGN_v_C30iWJRYvZUYimBwC
Shree Maakhan,"Vikaspuri, West Delhi", West Delhi,Delhi,5.0,400,ChIJB8mCgLEPDTkRCW-EdHhJQwk,AdDdOWoOM0M7gaMaIFXAt8JYIs9NI2sdTAispZfyjDmMLzupSwxySPCGBJKh0fkd0XFessOvQ9ptx8SPq1WmDbECwDmKuD8cAjouKBfCZPKeQP4GR0DVzneKE4btdpKt4bSMiv1OQdyW82TyyFAyTr8txWtjaDt4WuptEfY7WpmKmZp0wBQB
Chanson Mela,"Vikaspuri, West Delhi", West Delhi,Delhi,3.4,1200,ChIJob15buwEDTkRxoo4xw89Uk8,AdDdOWow2OjANUxFl8BYnty7QbsOHBJCcMYZBcufgiLmqiRaZcWrNLmiVEpxEiFknn4BRukI-5RFhw7xpuUZ9sUb-6-DcYo_XmLK3K3IeDtIuWwiIMyphv9MJ1PSQXErxqcKFzmeD71qHRF6ndf2M3h5aQjcn1iFkQZ8uGeIBFhrtfIonhrB
Cafe Uncover,"Dwarka, West Delhi", West Delhi,Delhi,4.2,1500,ChIJB_joVjobDTkRtma1kMBsThk,AdDdOWrdejRZL24uVNa6vs-oT6UyVf0dm7dC3kmgvHVk2BGwdqFSeDCZgT01YuZENND1gOx7G694wOeolzHKYUKESocdUMSi29JcCN6wlFADgE1qfFuNKYvCC7cOgBtfDAL1rvPuYlXklNWHXRys281cjxzmNPXXrBfJj4Ase2mH5n14f78E
Sunrise Cafe,"Chhatarpur, South Delhi", South Delhi,Delhi,5.0,900,ChIJxaIrAdYfDTkRmy7ql5JeNKA,AdDdOWrW4dFbq8K2CIKPSCLedHTUlmt5kDHgAfit89HiC5ZkrWFezRvonXxJjFUUsZjRqYeTZHNnOFjRgUQMw5eQy1rphIp0TQyMHntD4oxZTQ2amO1f3_kEbDihXpbAxhWUTTjCZr_wTwFtuIkaiaQ9HauYSKlajzD4Slm6Enlk5pjZ25p5
Pavilion 75,"WelcomHotel,Dwarka, West Delhi", West Delhi,Delhi,4.2,2500,ChIJ2zbQ-OEaDTkRmz4VIcvC004,AdDdOWqLyC0AlLtu44fE1x-pu7bgPr4KfPKcKuzK24NRi9HNM0dijn2TLiof_yoIcYO9AubEUMgS9nIcnHtgCpwIN-aSWkI5T_TH7_4bJUTNvfi1M91gSm4P-HQxrq-T7ab2Ft59dfkwlcNV69fJtGDzn0NUsu4p5C1hOqCfJZjNVSEg6erT
Karim's,"The Gallery On MG,MG Road, South Delhi", South Delhi,Delhi,4.3,1800,ChIJyy_Vxxj9DDkRPXF11X7EfT0,AdDdOWrEMLT0SZdl4ZPE_UynP11d6pWhfRzZUmGGP_fxxiZKnRZ4094bQRQ96GqUCm0fzn0GfO_uAFLkWJCcibZF8KkFaNszSMivja1iU-ZekOJ62HVy_6xOzLrrCY_o0k_sBhoIDkHVQQUKQoRvJlY5Xh3QLU_iD3uFWyzltOKyl0e_PdLx
Metro,"Uttam Nagar, West Delhi", West Delhi,Delhi,4.1,800,ChIJX6QekT79DDkRvivawswzz-A,AdDdOWq4_f-dAfyVBJdTqguGZsOB-0NwNErTsSlAASQTFvV7Rko7BhpqTobXuQR-lK6oMtwh8sDO1IIBQfIC3x1GtuGeaIeqPzGXhoYjXvt9xW1edZDYZyWHrjZBZoaRb08fZErxXDnu2g8YL77TInPt8xwAGtM5NiyMMHZ8FLqIVYfZySuv
The Prizm,"Dwarka, West Delhi", West Delhi,Delhi,4.3,2000,ChIJ4S4Z8FgbDTkR4HURqww7-nc,AdDdOWpjr47E4rYrjrTtRSacjkXAsNGDNFpheHot8jaf2zFZpnu4venFSWYxDXusuZqo2z7200P1eByIcdUtJBjCnrI06pznqxLlzCRnL4gkdNVsjELpUKe9Dpf-0vnt4Kpy1fB9szgw24r2Fih97nVz3aPZx9T59OlkaQWVKRgYrdUjCBBB
Giani,"Dwarka, West Delhi", West Delhi,Delhi,5.0,400,ChIJ_VQEYvrhDDkRAAAAcP0V5x0,AdDdOWo3Zwsclyd0Y1s-jj_8V0lfWWicDcEGVNPoKes1Q3PLrCR7KSlTAIGQx-LaF_-M5Ilj-5QCJtkGocuvYRcmQX1niND4QnE_2_wtlAtxb9HoR7yPyxG0NjYXZ6C4tiuCf25vXwrByPvz6CNxafWZ2WAqvAojSNXWIh9MEne7I1saCoVv
Kiyan,"The Roseate,Samalkha, South Delhi", South Delhi,Delhi,4.5,4500,ChIJK0L07wccDTkRfv5n5XuCv4o,AdDdOWo0XtJe66YBfE_LH2CxNK6weiGNOe_F1QtGuD_VsMcOFZ3Am7cXr93VadQ89zTACAUgTSI3-yUNnFgHTPbrOhkVQvVJj3uAYDCN3GQrzgTjYarKSGFTRWQqTp4kWVPR0IunGOKnBPVhH2YH9PLxSkplKuG8CDEsvBlA2bBvFNWR6qbv
Bluemoon Restrobar,"Dwarka, West Delhi", West Delhi,Delhi,5.0,600,ChIJC858akAbDTkRSGWC0X40lvM,AdDdOWoMpFGUdOBy-zPm_5KMu-BvAevA0WGt8R3ZuQOXKZD8Av_7d3bl8R26e5M4W7Xnzd3qNkDiFid2t0VHPNF9d792nY-hc5D0ziehrhuHk4G-BN08Lkbiy_TkM80OkvtrH5CiJflaIf6kjcz8HkmRiSrSuR383-k8y3PB5qwQ0bwP82Ru
Unifrost Cafe,"MG Road, South Delhi", South Delhi,Delhi,4.4,700,ChIJ7axmTPcfDTkRraml5cFl3QM,AdDdOWr-ugjLUUyjeukwpXZl5akAoXkGiiRY6FjsSPrxPGpToFQO_CGF6HOHaehtNQH20SeVupY3_-WjafPV7VJtboRQ9lhiFPaNyHArRcwiWFKTW8wQJxyMvKEgnjmv7cJBz-hmZic8R9V_mcMgwo9jiExsJ_qhTgvPqc-T_AKw4D1IccU1
Drool Kitchen,"Dwarka Sector 10 Metro Station,Dwarka, West Delhi", West Delhi,Delhi,4.2,2200,ChIJeT8U-CAbDTkRWWQ30ZDs90U,AdDdOWrbEh6Py-I2sj5KBwLuTLQ4WZIWh77CE4lrt56IgRowe-BC8i2JHufp0k_ipY-eSFC3QPgnSzZmo2iGFqe04wDUpiJ3A4UQ_4Xt-ajqdNSOi2MhA1VVgAzV7G6ARKNueevB-7D2xkLEMV79XSN586vRwtC2lxOZlU77GxGu7O7rnj89
Food Forest,"Chhatarpur, South Delhi", South Delhi,Delhi,4.5,500,ChIJwZayHXgbDTkRqLs6qX6vYeM,AdDdOWppIZLWwRYZaGnA9Zx1SfLSNhT66uTN-At7JwzNSvLOPMrril9l1l3WL2oD9TsASSkskpGva7oet8UZKcn1TuKV_AaPtBK9sFYCIpqrf7O0xvo9z1X-GcWSTEgf2CAGeJRAURQmvuMbpyNy_MJToUnv2bF4Zp75u04yG4A1LTCvH2yN
Puratan - Family Restaurant & Bar,"Garg Trade Center,Rohini, North Delhi", North Delhi,Delhi,3.7,1500,ChIJLwAAqTABDTkRDGz4jLPXmXk,AdDdOWpg7g6NBvWVuFnERG4m_rZ5rZB_SdwYzVfFGMc79PGskb8sMM2nBdj5AN1qAZ2mZFDVER6YZDFNkHN5xg5TVFvwOTVzyH3YEzTxaJrCufyOOLuICISS1DrhFugVhW_VpYG3mw1PSyVxQKQtsVVxiRo1vbPR8La_TTfgdYTtdv2NkdaS
La Kababiyaa,"Dwarka, West Delhi", West Delhi,Delhi,4.5,900,ChIJBTt7xBcbDTkRTfefAdvfcag,AdDdOWr7cOzu2KCvYayUMkdjmSzX6ZG6pD38_vrnr3s38Yx_2Mz6dYzXk11RuGk3zyeSmFTRcZ0e4knqKlQVaKczLkDZIZlMCdeLJ4SFG1X9Tlf_O6xIyaelub-L40Ki9fjB5qZDJ8-4-Pa68SHxcL0O4M4LfX-cbnsRdqgSsHdP0r7s7Afb
Churchill's Cafe,"Pacific Mall,Dwarka, West Delhi", West Delhi,Delhi,4.4,1500,ChIJ64fnzFwbDTkRnkCJc_AFTMQ,AdDdOWoJVzpbAhXdnIPXJT3Z9qQKulZfAQGSof6_tmS7gtItFl7MbVNK1GNTQc7y3ASJo96MdSX1dFJvYrgA3Zk9PELsvIhHfefKifv3vtB_dbTktIc3nncBp5D2Mq55ZLF6cO3fMIrSipHVPQY4uFkTNqhAe1BQWQhoY-bIOZa-4pZ_FvBt
Chili's American Grill and Bar,"Vegas Mall,Dwarka, West Delhi", West Delhi,Delhi,4.5,2000,ChIJyzQUHgQbDTkRGGfb0vxDQTA,AdDdOWpebYIgLPxOKJ2GJ9KoAUoL76uHzMML71GJjhEmS9mECnsH-Kazp0p098PBi5anJiypdrXBf5fZOzJHNEZ7YXTBum3bYjNCErv63fi78ePAk_g0WULGeQSuArdVl5vxxr4tS8bGkXUIQScXNma0bqmwJPvkMAGZlL7OW0rYYA3Fl0zo
Sehat Cafe,"Dwarka, West Delhi", West Delhi,Delhi,3.9,800,ChIJFxHVyogbDTkRZqyI4cbcfD4,AdDdOWqfUOh2_SDGZdXtw-LIOpODZTy1s0M1cdjs9hgCxbgarOGOjlhNbxOI8dqvIVsEzhiFCYrSfx3oV6bsps5Xq4rnlrNddS3aptvZEI5WcUNwvmr93uK9zB1MJBZRJsLHwyU_gu83rZnXsyInoNijieObM3D3c7C9Z2hYlmX_jL5kYs98
Chi Ni,"The Roseate,Samalkha, South Delhi", South Delhi,Delhi,4.5,5000,ChIJkxps5gccDTkR8C856O-e5qM,AdDdOWo-4V1H2MzUDp8_y8N9vYYpzGHap_cEtQ72CQx5ekhy9tYch_8ijKeemC12gNlYj69kKNUI7ZXMMv6tl8GQq33f_o8_owcNlhMDkv9zGsKAbjJUYHMyq8b5hWviHhbO2QuYjzMiJVYeHW3D3n5bcK7YaGp-pznqxU9Ah2QSFllLXjT7
Social,"Vegas Mall,Dwarka, West Delhi", West Delhi,Delhi,4.4,2000,ChIJF0RY2w_iDDkRCz4g9uM_iR8,AdDdOWr9TsLijgRwY1I359tEn3-Cb2km_IPrSptxAtapEacuedx7ouBqnKrOA0IoVKRuybqXrg2lPlV_bAvK-pAvRkpj1n1rTlbl05yQ47gU763aOgt8fNQg9YrJ1SmXApqwRsHtCGKc1PIkTszP76eT2m6B7oBcYEh7bgc5kOOhB5QGxKWh
Drink N Dine,"Supreme Plaza,Dwarka, West Delhi", West Delhi,Delhi,3.5,1900,ChIJAQAAQCQbDTkRGeGpT5TFZF8,AdDdOWqQK7LkzhO-IjajSoCMYzXeajersXZ5qaGswsJ6uWurBmRklRQuM1vfz0MxhsaTqVQublqF06iu7iBkiAwdqyE6LXsj4XX8jCXAKGfgmu8vmoAGsfBx92XW_X3jYP0FEgYqzs0MgHudLdU_VPwZoAvbboSWHN127lU0CPYezo5JaeWs
Chatar Patar,"Uttam Nagar, West Delhi", West Delhi,Delhi,3.7,400,ChIJjawaxDjvDDkR47tANF50yv0,AdDdOWqlfig1g1qtsXdQQSZc-XyuroR6i26NM_Y-QDPeRJmb0o_wp2Ne_hfembsSA5mkhwleTsH3espkCEjVXFHZ9moCj8H7NMVSNCcs2XWAQ589G1VLZ4hjTsmRugJBACjZval8vua-lngdbUewV4vov9nSyb_fE9lcA3HGFxcKiHBDVUhy
Cafe More Life,"Dwarka, West Delhi", West Delhi,Delhi,3.4,600,ChIJw0pCWUEBDTkRk8wRjby7U7M,
Hong Kong Express,"Vasant Kunj, South Delhi", South Delhi,Delhi,1.0,800,ChIJWem-blXiDDkRyT8zkoDd-xc,AdDdOWqKU9-pY7Kk9okFQqhSDPkEZh5CWJB_YjuwpNYfJFMRctXDk5gi8Tz1YUDRnraOGAQCECC1bE4Q6kRxNcYORxHZfSObRKCCKkpU1QSX9FCckpkw9hJC71h1_UMStn-GO9V5ev30dirQxgxWiwRzXHzvJF9drnUXaKci7olJ2A6MFedZ
Oye Punjab,"Pankaj Arcade 2,Dwarka, West Delhi", West Delhi,Delhi,4.2,2000,ChIJqyUDyyAbDTkRFsCMtBc8_t4,AdDdOWoR98h_aSUEACv3XiJRU5G8QeK5U6WDU__aWPKptQHBa8FKV2IRaTvAfgrl1onfC2vVUGtUs7_luHIoMVfq_yGH525lUnBfPqcNniTrcTgYXxz4peEAF3rl80RxBxvZJenFvp6GXdo8S3Cj1vvLFAdGjdJnAVOgWyvzWgflwUJ6It-l
Cake Palace,"Dwarka, West Delhi", West Delhi,Delhi,5.0,400,ChIJlcVB17odDTkRRSyOV3wJONE,AdDdOWpqEmACdvQu7RXg8vzm3gl45SbOuz7-gR9zDZO6yDeV0TP82eIplOfxFQZSCt3HEYrYexzuntyoeiQQ-NIT8Z-kVLQqLiSehEWo76vuPcsNX0SEhokbPBx_KhI3adZAk8t_h4Oc-0hi4SffOw1kl3PSQamIxXtSRnHX0Viv9mujFTk5
Cafe Delhi Heights,"Vegas Mall,Dwarka, West Delhi", West Delhi,Delhi,4.5,2000,ChIJoaEEyDX9DDkROpxbk37EdOM,AdDdOWrlQH_TgBh72B1yLsRuxxKf23OJkL6EaEzk_zsZ8K60VHdW65Bet6Nebj5jvfgf02qzq0vNDFD_870mXXbsUrbIIuZ5o8AGnoVa9zNEaVX_KNFVb_J6ytlVMME63IlWUNs5bZhKiVwjm1N9Ts9Vj-7SdsvmJNKAEbfoiDHdQcAQcIus
Kake Da Hotel,"Mefcons Plaza,Dwarka, West Delhi", West Delhi,Delhi,4.2,1000,ChIJ04WDWzf9DDkRMfumzM044fk,AdDdOWpMgpS3ZMEzVxW_7ddkVQAlesXGP-BSOL2BHJ9yTsJw0ztbecqz-7gxDgbbXQTEWSI1P-n8wEAxuPMW_CRATMiYb4pudmzETCqFq2nDVy-KvjTc4Lt1A8nMibHLpHNAcQhgk9Htc8Q-MXPGC1twyg6EhY0V3ly5luGZpgWTPuaVgtHe
Thyme,"The Umrao,Samalkha, South Delhi", South Delhi,Delhi,4.2,3000,ChIJhybkyf4bDTkRS7pbVH1JTQE,AdDdOWo_QFRmwHPvgcydn2cvMZb0wuTIn3ErI_wjC5XqaVA7kKpw1btxbGOS6gMAn-U8o-n9m7UFcHOO8zRaF7t9Ey4JKb29m3UN5JjWUacnsAZx1xDkab4ADZd6ZLTN9_fa1n6rDL6grKI5aEXD8IuDG4uRiwB_0cZqYgoJ1CJT6wP2puCN
Fire 'N' Ice,"Pankaj Arcade 2,Dwarka, West Delhi", West Delhi,Delhi,4.0,2100,ChIJRRQByyAbDTkRSH9lJj4bp4k,AdDdOWpHAUhINZDbTbJGjeeY_k2SdR3jRN1AJpzXUATRbFTko5NLzzxpSojWyYUEQkhJEY8NafBXjBuYJWXpm_vX18LSPpY6K1CepisX0AT-WkaL4W5IE6O4MaYQBFpYRxhFLZO0pPCVS2pyUpdnCGxgOUmR0xxmlHgvRlOSd2UOC5wabOtA
Singla's,"Dwarka, West Delhi", West Delhi,Delhi,3.6,800,ChIJ____OyobDTkR801Kk4YnOvE,AdDdOWquwRZh92zrW_FGVYCVowKgZ3v5PkTHIyIpLFzYukRuwBp7jwy_xpVqcEEZDf4lWXxXI6X3kNcd0olXqLrxLDob7kHOhHMu6Se7Co2dltxHI1_eUVOw5LKieG8LLhdaxCR1tN16QG6PavK9juaLMilQcYj7bxBUnEDyNd9e15Nl5CNw
Kebabs & Kurries,"WelcomHotel,Dwarka, West Delhi", West Delhi,Delhi,4.4,2500,ChIJtcMK1osbDTkROpUSd5Wf0iU,AdDdOWouy4z6jTc8XrsgDhb-oDrOLe_TPj30cZjXRNDZJrvOl19Uj2RE1GjuZA7p4_zw6YKYJo2N21EAl7TEOArsrQL90oz7UQWmN1tpZidY8IoR6E24GgUdyjIUXdswZTqKp3rt9E9PnWvnD_y7FLRZ8IW0un_s-0qejJQp_QH0fqzLtAVF
Appetizing Bakes,"Kapashera, South Delhi", South Delhi,Delhi,5.0,300,ChIJ_X1K1_AbDTkR0sxi4Jo66CU,AdDdOWqwzuj36v23OKx_1Mp_lXTjoUCXjDWtrG40yh9Yllk433Kny9UOHQVqnCsi4e2GcV7mVzA5DafIup7KTqf9qMElIch7xo5KpvQPlJWPskgOMf9ju_UcHCY-ZruE7rH3KL-EY5XaAK1Uiywft4K7aDU8lPB8e2h1FUEeTGADcpMwy5K2
The Chocolate Room,"Dwarka, West Delhi", West Delhi,Delhi,3.8,1000,ChIJew7-jAEDDTkR76ImPcFUwwo,AdDdOWoTWVuBBPJh1PCYh4NEWC7wZlgQIU1EEeR8VFs4X6Es64t0YskOuWDoCaE7kx515Kvz5q0y3whiPwpIJWnEvzR3eC39rhRoymx1ffLaD4pvddIYf6Uy4FO_cnO3tIoQft5s9V_tsJ6VHtKfAGb_6Ch7j3yuHQxTzKRltxSaVIGNBYdr
Cafe Coffee Bar,"City Centre Mall,Dwarka, West Delhi", West Delhi,Delhi,4.2,1500,ChIJ87-oDFYbDTkRbqlfX6gql4U,AdDdOWq8T1neYIOgBs4GvE_ri6y91DRSINP898T_pO5XIrnE5xegp5_n1GeBPikcoaSbZTYVPWpJBr4f9MpjUDzD0_ml_Gpq_mrooJiB2ZPTJAb7Ww9nAITxbCRNOCNTijrV860NtxTseyXt1JXm7_7LLhQFn_XHayJS68NwC_Dcf5QYGeR6
Metro,"Apra Plaza,Dwarka, West Delhi", West Delhi,Delhi,3.4,800,ChIJX6QekT79DDkRvivawswzz-A,AdDdOWpiUFgtDc7VQ76Sc6AeAeC5piVy4-ZEZboYgMXiEhwCobava52r0rY7DQKHin_VaVliggNKaCrVK0xzOmakpUZ2HvMGWJYECFyKBdimgvMht2CNKhQkMNzHHvaO9i8BnmcZOTE5_ddD6A8kv0im-dIP8wWexA2Uvu9s9Q2JKpjxo0vs
Raajsik,"The Umrao,Samalkha, South Delhi", South Delhi,Delhi,4.3,2000,ChIJDabVeYMbDTkRLUpkAJZ8Zrg,AdDdOWqArcyylbe80YEUmA1rGUTZN68PzGPt0jf2fWYUQrESWLFOw_FqHvmW5TuEFnKFBE2eAdJ6fs0-rgyqeFr2J2540vVLjmmYlorihdBmFSi7lYvWUSdJJVOt3Z-H7Ef67uiH8CgXQMxkSxS839LO00ocvgEuEgSHvxHhcsGtFEg8xhdc
Symposium,"City Centre Mall,Dwarka, West Delhi", West Delhi,Delhi,4.4,2000,ChIJNUHwekcbDTkRpd3sCXia2o0,AdDdOWrZ0l69uG7Eim-FnenFbw3vDtjKOLMV0SPSr45ZfH2IARW5Lof7z0SvtVqF-3x4w8PEibBgs24Ah6qoLhxd9S4jDoFqgRl0Ak5WLhIh7OllZk1i-aYq0U_5AkhZM5r6mzLfzPCvCaaysrDnqz_vEkrvNhqEJx6F9iFjJK-DWOm_aZy6
Waffles,"The Umrao,Samalkha, South Delhi", South Delhi,Delhi,3.5,800,ChIJraqql6EEDTkRV-B10aXfG2A,AdDdOWpYbYJECQEM7VnEBG29O2bHKPJv6l30iHZmWf7t72cZVknvqoFEVNP6lWebajMLPpwoApF4DV-YSqazCcdzlZ7Go9Re3d954iiN7nhUBuQlsigVfU8ZtUVijMvnQkUT8CzPf3AaHkN738GENfsEQCCUIlXo9LPhVQLSj_XPxAnbkIm4
Creo,"Vivanta New Delhi,Dwarka, West Delhi", West Delhi,Delhi,4.5,3000,ChIJ3T0NW6kbDTkRo0uI46TZj_M,AdDdOWrTA_yx4zVWhlEXFZkHa9UoUPMqv4nuTYDfkd8w9kGZ6DsisZBQWCz3SvpDh30Df9fbmpz9psmt3ytPAUoomDfhzPW7XzPj15NweoPO4k4BQcAu_47-k3-6lYcFNc0OWVaj05EVMWGbjvyBWxbqEEJgtr__JTq9sN0FYrzeQxoVtYMM
New Kadimi,"Pankaj Arcade,Dwarka, West Delhi", West Delhi,Delhi,4.1,800,ChIJ63nLRqwEDTkRhle7tXGTsQU,AdDdOWpR8sJpp9nzvWlMc6iN4k1o5C9V1zttzshlvb0t9z0vQ9HDficVTLNHmvzaOiBwoUFGLmGq6s-tl_Pz1kjjSRwqtk5MICGZAUHwqtYeloY4iDfGYJi_Odd2O1ZrE984uyF9M-i1yaAGb05h2PRURmA_-gkByc82FIbzYJ8MS2dd-4z0
Patio,"The Muse Sarovar Portico,Kapashera, South Delhi", South Delhi,Delhi,4.4,1600,ChIJG5SvTe8bDTkRj8PpiL5YtqI,AdDdOWpIFn3ZFIb_YtP3O8we57Ai0fuL7D7rV6zfI1PnrgCOdFgjMuSGbjmWbDf62NnXneJKrbS7Wofx0XzhdEUkvnO-JOGIkstLghsu4In7Sfqw9cBeacf8ZaCk6Pevh7faQ2aOmyHzMTKcRQ4bUqWarRBUUKsY-c8eGAL8tZTa1D317oth
The Punterhouse Reloaded,"City Centre Mall,Dwarka, West Delhi", West Delhi,Delhi,4.1,2000,ChIJ0ZYWysUaDTkR9m0mPYCdjVc,AdDdOWruJ4z1U4bKdwJQvNCX449sjtDUAsiE1mAbElUzpe5L9Jf6v9UAb20rI5qbtDW7moLomzgfLFkRIDvdfaKWN1eqwV0oOLTWXBgFzkdlVYAavgXyfYBw-_tjgii_M7gbNUv-Hh4g9EmKJRQjFSi0V6v1VmbX4kNPu5myzrRCjdZOg9RA
Drool Fresh Bake House Cafe,"Dwarka, West Delhi", West Delhi,Delhi,4.4,2200,ChIJRzmSK8gaDTkRn9u9syc8NeI,AdDdOWqMzVlUawymEg-6XE7WdJI5NU1A1Xi5HDGavnCb3IXldkvEly2BVZBENUs2uJ6h4mB100glSyqENnC-L9RwFF4KddVpfut4SVO1WbL2yigYmakz8FKTpPMyluLuVHvN4avUdQRwIpV0U3URSWkkwNCczhMq4Gj8fZgstF5qsnhkUvHP
Barbeque Nation,"Vegas Mall,Dwarka, West Delhi", West Delhi,Delhi,4.2,1700,ChIJy0njiDb9DDkR-9nuP9aWDc4,AdDdOWo35OXwQhWcKYNk7q_ZKDinW4F5bRx-Iwa1gFobbV5JGo7MzzVcRuXrESNzdvmWxNMyDrao3JYXWg4LojZn8Mu-h5TJg00038QY_ZNE94KAgDI2gQBHbL_PZMpWZ6Coy4-xObKX2k_1Yuw2WZcwLl_5zTSdIKiMZt54g7iZqfXstuW_
Govinda Restaurant,"Dwarka, West Delhi", West Delhi,Delhi,4.8,650,ChIJAQAAwLfjDDkRedJO-ZoZpy8,AdDdOWqJcfDwx6-6MdbL-wOFqg5XTXdT5FihCCVBvcQa8nYggK7qK7JlgPZV9gFccmVVCaJL3LAaXw0y9T8RXAvQjaJNl68chhkkaQO_mxBcNZQ8T5Qy2tSUr-UU-BBzcelNVoVHcMafdP3MzcX9Ct9tLdLRw7-75ejXoa6wD8empWzb96Tb
PUBG Foodcity,"Uttam Nagar, West Delhi", West Delhi,Delhi,3.0,400,ChIJx1EcNcYFDTkRqIN7Stlhe9U,AdDdOWqGe9ja2cJu_BkZ0ZxbUWsEcC_5-is-nAEcoYLgmepR4p-9ExPX48-vo-rNMzjLQdXZHgxMyQT61N4u3FCzE2i0bc3KqEMpZ06qq6tb-t43HScVuC_zrcr7n4uTeQ0n5jNc6yLVSIY-0QW_tbQjR0IQ9XOEqMikrnw4Lc8JmPVSchfK
Jamie's Pizzeria By Jamie Oliver,"Vegas Mall,Dwarka, West Delhi", West Delhi,Delhi,4.2,2000,ChIJn9vQTGsbDTkRdZ48aOVK3GQ,AdDdOWpuO11NV33rGQETlZCf1dX4spl-2Fw0T5qNkkQstDrbtspH6PorHR6RqcXVKrQxdA0d8HrBG5DND3dUUW4MDcEjEYqggAQ1_pg0TL93RRqzh8fFqOQpcoNLAaiYARlE9QrUkgJo3XxbpLgsOVP9e21aku_Etx9V56Lqbz08Au7U5HoD
Taco Bell,"Vegas Mall,Dwarka, West Delhi", West Delhi,Delhi,3.8,500,ChIJJ9EDcK39DDkR6pypVBmjLHI,AdDdOWrNvwL-7kzkcvVFtQ5ht8h7UqZbJPbstYG4S9R8OCsZJgwuTElhmzKgTKujhycX6tl2_x_OjTUzBAFT79wig_8_F0vq2B9U-gL5RCzlM7LMfaVclWRezBbxaL8XRMwJNq6-wUd1ZpHXmwv08EzATc3zf6mqKSQ91SD-kcqAmGoD1pXd
Hn'ny Pizzeria,"Narela, North Delhi", North Delhi,Delhi,3.3,400,ChIJMUUtN-ipDTkRQBOo1DpDKTA,AdDdOWqwsTZuLbDJSkRfDGOVuCuHPPSW0ExShY6vjGOUL7yJNVOnTMucPvH55g8wbo0g4ciUbkh3Yw6RqeLcs6oWauckuyt9ebU0D2j4Xr7EakDKAP4l9MT5wzA0QIYn4Zg0s4ZWXjMBtlQkCxndFTRR44ziTYKVSbX-t2oNl1A8XKHoyfTu
Singh Ching,"Hudson Lane, North Delhi", North Delhi,Delhi,4.3,800,ChIJv7mPwb3lDDkRxssVIp1dvbM,AdDdOWrH9tyyAvaCoHCPtrBqNwjpJsj_rUUKkrwPXFiuc7HoMlZxfH4eKq4PyKlzM-iqWmzMsX9bIf-XQrRGB44SWW5jVRft6A1ewFNWJqWf53lTzWIHOt9PeLs3XvA7-l8kmXjZWti9tk6N0l3JWOJvtBufQjJM6u-Q59Slfjxg1N1Aae3y
Pikwik,"Pitampura, North Delhi", North Delhi,Delhi,4.4,1000,ChIJIS131sUDDTkRxGqF0Oa0Odc,AdDdOWr26gjplyiqov_k_TmGULannJjSM3DZj4_-Y1h16-hClPvoNXS5LNKFz4ZxLKuAVF6mSp20R05__1jAbmyGvG8mE3i4BgcUv7FT1uLSLbI-K2siaAgLEMwegsUXqRifpvZuhQ1EKKdFVJEisiQiM1lrN5LnbTSJNwUmM2oFvPdyS6e9
Pikwik,"Ring Road Mall,Rohini, North Delhi", North Delhi,Delhi,4.3,1800,ChIJIS131sUDDTkRxGqF0Oa0Odc,AdDdOWpSZOgwlZurD4wajADOKedwoOIF_E33IocwoULf7qh6JxAq_6X9mkDiFRL3RxDIDbrF8-D3Yf_2Tb6Yf9epiopuLlB-JI6ke1IKnZBNwWUOxJzDt8yxolceT9ly4piUpLfNptCayF70S9MgTNPZKmsgQbZbj-UbajXvWz_IH3irAg0z
Pop Tate's,"Mayfair Sonata Green CHS,Vikhroli West, Central Suburbs", Central Suburbs,Mumbai,4.3,2000,ChIJl9u9LZPO5zsR-GaOcDorp6U,AdDdOWoUhXuao0lA5Cjcyg1Wi-ve2zA2ryGXcwXI1RGx2SyMD9owUPrqygM4xOUXotQ_3IHqH9w6_VlkyepLpO2FDVJwwp-jqclBIh0r4tmbG2FZ4wmIicdEZhS6aupVqZSsXzuAIpG1Ro1cz0CCx7HAwIaeLwJecHPGMxByaszML5ubC-X4
Global Fusion,"Times Square Tech Park,Sakinaka, Andheri East", Andheri East,Mumbai,4.5,2000,ChIJQ6ub2mzI5zsRXuzdBry1sXY,AdDdOWqLzWvhMneuVmNFXu3JFR7v3Eh_LEeRDedJ-2ggLtfKepmRtA6wWwpFmzp6GRkc-Qo5qIxpL3WgJF3GfoypSQAiWrLbdpUTV8vl_YdVfuFIkjiY_RGDSNiZ52LZAbOzPhJZFDgZacvWCvjEyTY4RHPk_b4dUvUZQHpMMynjBpGH0YD4
FOO,"Vikhroli West, Central Suburbs", Central Suburbs,Mumbai,4.7,1100,ChIJvWfTv0HP5zsRV2LINcbUbk0,AdDdOWqUXvtwaMUJ_FND8btFgAgULjYn_4pCL8yjUZhjBET1cRkMejxdh5nIotdKbhxYsq7FC2l7bRDczCBOoMF6LNOXv3hZuPmsc-oBSOaIsEg-pMe9GJ-JhWloBe5bTma8sz5jGc5pF3fJb7GbkyshcpkO7U6V95K3C8PkGXRYoDjAsuX5
Kake Da Hotel,"Powai, Powai", Powai,Mumbai,5.0,900,ChIJGb2gbey35zsRElbcNeeTXUM,AdDdOWrjJhxsjsyg3QZVtAJSGVanfMN1NKcyJH4YwPcHSsn09tZW84nihE1TF0LqrO9tb98SgCUiE6PUVwj1TQuZryS2G2zGM1pT0cM6ScNMAWSc7uzzp3pPyUdNtE3xV2hrf-MFRvg0sH9G1K1G217ldOx3xrn_NuxMVa-soU2tpFE6RnjP
PizzaExpress,"Hiranandani Business Park,Powai, Powai", Powai,Mumbai,4.5,1400,ChIJv6g8NMHR5zsR-tQ1_C09hSM,AdDdOWreGoMLZfrUuepPTy906jhBQDBXuvJHOdSmb62OXH-Somtc-Zq9bgcnlW9fN7cA74FPC_cuGcn1ZUYBXPqzugD9UDGFlAs1vxpS2eOtBKxPEKU5FdGKnR807ZAC_02epIvn5vABFebTeEMMGLsKnHNMbLuexx09zkkiDCrVldF0EdA
Chili’s American Grill and Bar,"Ventura Building,Powai, Powai", Powai,Mumbai,4.2,2000,ChIJ4_2UcubH5zsRWMemt2WTsLc,AdDdOWqF0HFtM-0juj5G3yKWkrTMgj_vn9jbcYEV7v16m85uDgpdpPxjTKXxWevmVOcrtopq-mh1muwczdu0SSaO7ZkKV7i7U6KsGbfbQ4S-pY5AOHgP6L58qQGFMliFJ6ujgf4QBOxFmSEJPfda0ukOgrbwt4CFZLsAxnwQqvdTStXi4-Gv
Powai Social,"MHADA Colony 20, Powai", Powai,Mumbai,4.2,1600,ChIJ25pLlAzH5zsRVjU6CR3cwds,AdDdOWr1t6BnjXlaQvRrEHHJZ9FbsAHM0SEtR-nbuoO4ve6qHFjO2jv7_Fd-3r8yC4Ueu3trZdl67-xjP-1nCr_h4zmbZYrrDg8Ml378ygqvWDdvyO0iOl8xc18kI2IN_jS7sjJm0ZJ1bGutoFto3Oalimxq2y8pM48kXICjczNktBtnVYzA
AB's - Absolute Barbecues,"Powai, Powai", Powai,Mumbai,4.4,1200,ChIJu6MsDDzJ5zsRedVxiM-SnOc,AdDdOWrnpctVnw_4YvgBqe2ttM1oMR9YrqDuUfJoYRtxCg0W_0pvHe70fLAkB_Upj53KZT2Q1rk46AFCKfI4INHlxWuu_cibspxpGzpYNW7JuUMNRq_hwPuyxdCZsNxOxjVdoXQaRXesO8_YfvR-ZnFLeTJfIZjmvN84_5z747UII0WkpamK
Mad Over Donuts,"R City Mall,Ghatkopar West, Central Suburbs", Central Suburbs,Mumbai,4.6,450,ChIJ13m5EbXJ5zsR7afBIUCPhc4,AdDdOWqF04awryiIw-CwYWenDap1t_xHF_z5zhnQWTNJDKXYUShrvrAhdvLVEuSvkfNa4jvV8iiVAVzzXqg3XaOysUhVt_vD9HYz9ACft8vWqd2q7LnWUu37oTUNg5PMT8LCuRzxkPI3al4Vk_KgA87YegJee2um2lf2IoPrtbCOJDgOpX-f
Hitchki,"Hiranandani Business Park,Powai, Powai", Powai,Mumbai,4.5,1500,ChIJk-I7-uTH5zsRUCNzbZONJAE,AdDdOWrFJ-w1HmDX3Wsl8Gh8vVPXDRxetQl7U8JDX2wcuPsV97Z72XuDmQB_y93Uv83ZXskfcJz2-nZquKvx1eAbRDjYJipa8FQ9w_R1dhi00VOGvMTMOEaAVOfN32YwZ59JY0BxDkf76NMdZRM6I2_Hd19CXF9de6-OMGhKz5YZXXZvwn0Q
Frozen Bottle,"R City Mall,Ghatkopar West, Central Suburbs", Central Suburbs,Mumbai,4.4,500,ChIJ5VIv9RS25zsRkGm7AYBV8Hs,AdDdOWrCm9lvZg9wRQlAQNGvQIf69lyWQT9aos-3rPd6Mbbfl36TONGP2pcjNxrq2rAA1WdiegUXZRpRM9tr1bh_4RC376obhBdE3RjS8y9lbXfsTtKy0LNW-sHZaY2uMGxFI_t-M_MALmS2Ism_0Q51RDCuRHpPeeDJmn44EKAek4jBBTLO
Hitchki,"R City Mall,Ghatkopar West, Central Suburbs", Central Suburbs,Mumbai,4.3,1500,ChIJk-I7-uTH5zsRUCNzbZONJAE,AdDdOWrtHO8gyLZzwF2HMIFS2il2pMwy5SLaxXBZGST5W1sxk87l0B-1RiHLdzxvHqfeurIai_5EfJwsVoZy5YZZIRP3m7YFVdIgc8NBpZPCRs2ExJZfoqpJE-UEJhHFB32ned96NL3QQ9lrgZyJLe3oZV3QUYaECZ9I_ij_YuEslrBPfmtq
Mad Over Donuts,"City Park Building,Powai, Powai", Powai,Mumbai,4.6,450,ChIJ13m5EbXJ5zsR7afBIUCPhc4,AdDdOWodZX4yVFA4nbDjCl4KfZN4QBcSbBAcOToDwXok8FebCZ1R3kw3HYNHV-Am0FYatR7T8usz5RpA4bM_HGXfApQWFlqDgVspm1E2-sFPn48yzAHn7FQrgLcQc9rqd4rDqjV2vmrs8T1HahYMOVSCTUcmCOJTkTTG2DOIc-Vok3asQKf0
The Wine Table,"Ventura Building,Powai, Powai", Powai,Mumbai,4.7,1800,ChIJow6BN8HR5zsR4pHs8jdHOCE,AdDdOWq76ZvUDuT1n9gN3TFjpRpJv4tcGJc0-tlwFdifJB1-XPkC-kfSdlk-tfYEHQmNw-X7bv8ybjjABPlLrorYMAX3EKc1gPN9pz8PR2FWoiZzuu3eAYG7_onnv8SRf1mlqcX4rjqzwlBthRxNrV9CyCV_8i8qEx1iV50BpRRDidiuxo2T
Elementaria Bakery Cafe,"Powai, Powai", Powai,Mumbai,5.0,800,ChIJ9bMCbO_J5zsRKT9bd1B67KM,AdDdOWqDIxIfUOpWqHD3Ce216AKASga4iffYqphVFYjUhEMc7du72yyMYm-ZaXQ21i1Rd88N_1SDx5Pm4Ig8K8Mmo-UmPyNAtNDaq_l9kZ-Sz3ZwXQWUlMDAVQC9WiGI-wZrvMB31Z2cgP_i8s3xIRklHo6xQera1MMsv59K4Qy8I0W97IqT
Taco Bell,"R City Mall,Ghatkopar West, Central Suburbs", Central Suburbs,Mumbai,4.0,500,ChIJWeLgUs_H5zsRinFQBllBxTo,AdDdOWq_Af8KH5YZvxHtB7uB3AXVhfLmoltR84_u077KlvLQJ76aZ6BZrg9Kc2EmA2cT13W7grY2Phuxs6XTv2JyKQNUH3dmY9TlRwVrCNsHUxjSlYjAlq-y51gCGN846CKsk5Skc9EoqhQva_y8vt48ytbbPbVW8mdjDfkYkz--oi-8pWXs
House of Mandarin,"Delphi Building,Powai, Powai", Powai,Mumbai,4.7,2000,ChIJ_92sZ0DJ5zsRbb1hebUsIkw,AdDdOWougFIKxydGyBPnHybV9FpWPQN4mfgUufCCYmzgJzZ2tY1EmQDXs7UPkwK3XteMVhDahmFAHjxU-NpHbBhuv28BydKC54Xch221W7Re1HA4tDn09FbG56JdTn3UxOh2R28HOiQJ3mZ0yhpfUWI62Q3XRBnqdTW76yHun1w9oOzD8K11
Chaayos - Meri Wali Chai,"City Park Building,Powai, Powai", Powai,Mumbai,4.0,500,ChIJmQRi3_vR5zsRyHd7wyOaM8I,AdDdOWoR2dHU3xWJ81nTqjHv9BCcHzVZkKeVFSWJpTJT-gZd6uuIfgBrhJQbC1JWiwek_9ML1hJx5XmnDw9gOQuAP5XsD3JJSXBpacNSGMgkvSniYwgv40bcXZRrlxMhdBLyLp_sSwn1l43OZhCp0Ib1Ff_ivMmHLmWcp11v1hHOVMN3CgnT
Frozen Bottle,"Hiranandani, Powai", Powai,Mumbai,4.7,500,ChIJ5VIv9RS25zsRkGm7AYBV8Hs,AdDdOWpeaL_T7EVo4Nsvi8fFp5WNS_bl6slJfHoVcyh1RCppTZoz-SZNbI-oVRHwyJxO5B46lFNQdsoEjAjavg7xp7dIhQaxOR57-NMpdkBxxVdVYLE0TOu6cSmLNbJ-JxyCTpT0AHcV1OUEdBX_AO-UhliGjV2CIMesCHTieGt7YuR2RaL9
The Sassy Spoon,"Delphi Building,Powai, Powai", Powai,Mumbai,4.3,1800,ChIJwx5E0ujR5zsR6fBmQR-GqPk,AdDdOWpz5Vx1nXkmfbXhO0ZG7DhROJXdqfGQpwxff0T92IA8DicsUGayFMKeo5jnJ2F_QX8JKMvfTKRLD-I9MHGIDHjHddiInUYzz8CMOetRfuHS5RUDIyvPX0D-hHk9Dpd2saDbUZA-O-VlJcjuIHazQ8dbSJo0sfRvklCoLLY7qXEgIle_
Lord of the Drinks,"Hiranandani, Powai", Powai,Mumbai,4.2,1500,ChIJ2WBQ5FDP5zsRL5SuiNdbKxI,AdDdOWpwjbyxM2Ycyw0IXq0An38ePCQQV-q7-BZ2gWN243ZqM4NSp8GbTszgwbpfKsrV4BBbeAxmLU-5QSAz5FH_JC00Q_jGEBq3iQlFjqXDRI6HQPIkv8ynMoTd7ZutAFGhS2GFjRRgbpQKvzGOMBvT6FSxQDL8SK0xeQ5atT_MTvOcdAoP
Vikhroli Social,"Imagine Studio,Vikhroli East, Central Suburbs", Central Suburbs,Mumbai,4.4,2000,ChIJvaK3csrH5zsRFShstP1Tvzo,AdDdOWrQNG9z2FKbIufwNJoZLQAyuhWDq_dTUqpnHbgkI-Sq7-8oTR09kKduApre8d-luUxhYpwoxZd0lyUhJ7JI7p9C2jO7gVJ8WqKn_Qy8IqQz37kdOA74l8V4DZlIVgphKtwavDFUfbHo5dxoki0i-SWwReA8rjuNSrVeF4vyMMe7GD0Z
Bayroute,"Transocean House,Powai, Powai", Powai,Mumbai,4.5,3000,ChIJ__9z5JTR5zsRBhpVV_DDJmU,AdDdOWrjt1d_v3pzYyQKeEF-MLJJUzgoQFN84FEfM9btQM_hXbAZ4UcjGZAI0WwJkhNryyjy7k3U5ylVINpG4BBYX8rP7x5MTxkxoz-u2IOMNZrwcvPdUTamQ5DKvCHXo5Qc2pVL2d4Vf2_awBAYc7kT5ywdVwWtAp_YfrxcsYYzAA8MwCd4
Asian Wok,"Galleria Shopping Centre,Powai, Powai", Powai,Mumbai,3.8,800,ChIJF41_0XC45zsRxhkKtz-tpyY,AdDdOWr9SEgL9a7P9XXRT8prSKGZRW34sqj-Cg4l-RH14rbiGekGpAGZZJ_8F-WtR3CCdtBZlSHADfHI0Y29w7pv41jxx19rlG8_QBQfSm14Y6Lut8Me1ahy_vTIwjpUJSB1O0w5qutfuVxiyyvmyPUVis4eRze7mUmRWd3IavEECSsLiAaL
Shaolin,"Galleria Shopping Centre,Powai, Powai", Powai,Mumbai,3.7,800,ChIJfQYjnsrJ5zsR2qe4_ZgIMbM,AdDdOWp80lW_5zr-nYueRLzta8gyA_ZK6i6myaiXA9GkqWTCr1zaR_zI0hFrQaeQfuYg__4GfqSwJ0XrTQWYtb_tLVQvaRXulUmrWUMIv0OPimuBuNkfRMB_Yebvx8E-jPEPk5yDOB6GrUlveT-DcU9sWf7VzKf74oyYsgWHfW7qFU-SGY4W
Tibbs Frankie,"Powai, Powai", Powai,Mumbai,3.8,500,ChIJZVUU38_O5zsRwHrlz4kgT8s,AdDdOWrQnL5paZen1kQ4cTE8ZJAl7ML8_C_D_afNk6PFOZ83JTLuzMhXe8X2XzrCE0XwN2pNHYK11GiQqEoAi769jPl4baTe9SaQpWcOMo9vYqQeVteB_OTR0ZeMWEXjhY4-CLwGGtgoVf4pdOdBddSarfgNj_2DMx4A22cfcm6LWNtUp2mh
Spirit,"Ghatkopar West, Central Suburbs", Central Suburbs,Mumbai,3.9,2000,ChIJodnZn2zI5zsRGYlh_BNtUEo,AdDdOWp98RwuirAQ2ZQof65w9B4ZRx0YRAknT44FFKh9LHp4SfprF065D2FwnVAskNvwAP3tVmcS07tXnGJ_XNtPUbHe8bfH2CbZ9UnxCDyMbK9nJggKi3oidNOJS0zIWWeUDXhYz4IWEqHC2JfON5-3QFW5-mcxzJ5eivyRn66lvc2A3f5X
Mini Punjab's Lake Side,"Powai, Powai", Powai,Mumbai,4.0,1700,ChIJBfGgwPrH5zsRUlQbEqN5cM4,AdDdOWpbatErfujqbQPGIsb_RHVfunRgvGpmZ-vLLqG82r7ORhkU1wyQfwyLBiul4sbZcPmkBr2-8FmnNPwqchQqbGbB7ExgrCBEvAEg443h_rjpI0Gn-EvFkNXbc3xtKIiWlbokAoifYqGGrAhN5xn22DQJWFXHhjzEpkwexwRcIJXkPZwQ
Mia Cucina,"Transocean House,Powai, Powai", Powai,Mumbai,4.2,2200,ChIJJyTx-uTH5zsRve4QBqNRbP4,AdDdOWojNIKyqSV_ZPpkYSbIdi6K6W2skI57HiD7Hi7t8YmLSTkOqC8NOR7tmULMPTgLy3uXQZPATLuksNGkznk-nVwUhV7ga9EdLtQcn2LGsZMdUsfmT4tsdweoXNSRXeSEqpT5L_i4GJ34l-v1WGdxLyJIcPJbj8TKiEDA9MLsR2D2b4bs
Flax,"Powai Plaza,Powai, Powai", Powai,Mumbai,4.0,900,ChIJk5q6JnjO5zsR7pDvOa3y_uY,AdDdOWp9JRjH4ku3gkizwoTsQ5Xj-5fam3znifIGF0G6UEHPJDx-4JuKTIo2DJEMUTeTjwPV6FGQqv0vOzqECHS4eMTpwayCvzpJ_39GBAmBire5Fme71Vr8AfreV1xTMcTFkE-ZkmdGHsvgLCCoim_E9hp-UbZKJDJTjKRbUrfaaScdDvfs
HAS Juices and More,"R City Mall,Ghatkopar West, Central Suburbs", Central Suburbs,Mumbai,2.7,400,ChIJV2ehfM_H5zsRi7kYhq22moY,AdDdOWq0d4RjJ0urTfs6cKAkJZ_bs_BQmCbcdypyeRX531L4eXsGimxZpEIhtoHU8S50fKM95l0HzKiHn1OA0MsGqYDYFexD4uspI67niGjZGlLTVTnbyHQHpAFv1MXyfSCdkuR6-6MukIeE8Vw17V6p15G4xqKrrEoK1dBxrlkKzx8kvUHg
Kosho,"Powai, Powai", Powai,Mumbai,4.2,1200,ChIJNRQYZnPyWhERFMSPzdzqYGQ,AdDdOWqLjPxh9I7rAut7DrxrDynuCaotjSpmrHbGw_S7vWaEbSEPNW2_DBvQLUzlKa4hSyU3K58xFjIc0zLMmv83ItfZUYeEaTn2irirKmc9zJEqn6_3CDq7IOQ8GnlIN3-gciW8nSUiHN5rBVWNbfelQGV47kd8xwqvRtTvT0aV8RX8N71X
Fisherman's Cove - Taste on Palate,"Powai, Powai", Powai,Mumbai,4.4,800,ChIJu7kj_zzJ5zsROZpAiq-bANA,AdDdOWo6Stjx7apvkgDr2AR_JvVU5hlHvNCPCZ9dEWPQsaeLAJXBP59mjTlOPm0UJzt-bMIM-POSpQeTKL0ERBXFPg5hQU3kWNp380MgNgMEa6wchl6m9ZZ2ZX6Rlo37JBHPvJPtzVcZWeKlUlY7GFbspbhSRbHVAj1yEbH8F4078vb7nkbX
Flava,"The Roa Hotel,Ghatkopar West, Central Suburbs", Central Suburbs,Mumbai,3.9,1500,ChIJ07oZ9NLH5zsR69kPe4bDLG0,AdDdOWpTfxhFQ4fBoEFoiRjxIT1NlZNlO0DEKLYS53efBcMKw_uB80LaXJvzwFHOmwxTBJB42yGgR7xYYJgRwIoBKfh-DiYtnKLRcNOoBoqpy_U7PRVN6-R3_WuidH07szk_8WOuoU3ZmQWQlOLdvR_gjifkjJxhsLrqerBqwk-1dp7st8X6
Pop Tate's,"Sagar Pallazio Mall,Sakinaka, Andheri East", Andheri East,Mumbai,4.3,2000,ChIJl9u9LZPO5zsR-GaOcDorp6U,AdDdOWo253mFqyqUuMOwqFFREBNfiAUwH3lFxvHpG2-fT34rFOOC1K5ta0aB9MMUni1xs049abaTzY1NzCwzK-QOAT0NmIKPaHh-1Uix7YBsOqp-177muOd21NOZLZfgQRv8H1GcjfvUKp2W8G9uSjmzl5icybzpnisl3p0YKvrKCHGZR4MV
Tibbs Frankie,"R City Mall,Ghatkopar West, Central Suburbs", Central Suburbs,Mumbai,3.3,200,ChIJZVUU38_O5zsRwHrlz4kgT8s,AdDdOWppe6IQwBplkeI4xhkLk5Sd8usODRnMSVkJIoAxvhjeCeCLFyEJgXjaN1iAa7FXM_xRS_t2CmjAAv7vvc6cKvNiG4wSBhXpVw8dHtfNmMWlb1uwml-lUeR646a_B0x7WFYHPj9wFjfPbUGtB82qKet1EEbBy6kx2Wc7rj86u0BRTS92
Gurukripa,"Powai, Powai", Powai,Mumbai,4.3,1400,ChIJ69uFSNLI5zsRvfci68sbs7w,AdDdOWoL9iFl1ZvFvOK8Bzr4z4ZERlJkRwMkbTgOA9IhfCPFFgQhynkixYd6wg5VwEP9kkN4uRmiWPw2HDzMb-HG1gRMkWz2OoqaoMLpwIqsY4qX8Yc56ZAK9Cdo4YOhHMdCbJtChu98In0oSiwaanZnL7dJfqwoO5ccNl1-ymifsdnXtZX9
The Finch,"Chandivali, Powai", Powai,Mumbai,4.3,2500,ChIJ01H63w3I5zsRCU-lIBlA7lI,AdDdOWr99YhQC3GS1m2wRFfZwP_D0MyB6qchm5j5BLehpLKHSQPoOXkTCLmNPfXoa0CNVBy1S5BkeKL1q9SGDPUoOPSK-N21LQUsdM82If2FqI4vLOn8fbWHgBMdhi1_QPceg3mTEoml8oT0SZEG7h-HZ8bqTQayf49Kg7nV7ea-bfG4HHQs
Lake View Cafe,"Renaissance Mumbai Convention Centre Hotel,Powai, Powai", Powai,Mumbai,4.2,3000,ChIJVVVVZgC45zsRV4SB6sd1V2M,AdDdOWqpqpIOFzhO3PiGh_1lTnwTHqxdz1-Q8wd66nlU1j1owHWI2FZ_-8fqKe4cFCGem_oH5gyUJbBPrT34-uwVrngURfOTzDtbmzH3uBmhxBBBzTC8suQj4sI8Fd_r99yjrpzk2wBQ5NNvkAfYnWlNGIq6rbYzMtgQzWXf5RW7a0Dpv43j
Pokket Cafe,"Ghatkopar West, Central Suburbs", Central Suburbs,Mumbai,4.2,500,ChIJ_YcnOg3P5zsRaEg__VZsCjQ,AdDdOWq7RmDKwOrd93PFBqUvItHHB8tuovwLu67qavxkMGoG3QclGITo42QlBP6U7tUynCAhZ32AQZYowFTQHfqoeQjLba54wVyekrL5ri1Jo0m5DVgS2tkQ07fSKE3S6Q6RakSBIKUcsI0I14nVUtzkaMO-Hm5XdTws-pQ1oyzcpTMqPect
Chimichurri,"Near Andheri East Station, Andheri East", Andheri East,Mumbai,4.5,900,ChIJQ2xURB7J5zsR0NkvPZcsLiQ,AdDdOWrP-6VBmNVXu8nsucthryj7JmUtF6CJDEAgZiObQfE6a0ubjWm86EDioQWxbwD7tLkQkFqkFQfFCGvaOkkf3ALJ767VGvcK6jL2FhBT24RUgictAndLOIOW44g2NoJjv7EEs_qS1tLq4iEEC_lqvC0gEEeguR79dkF0PtlcDmwi_6w
Pizza Caprina,"Premier Emperor Building,Marol, Andheri East", Andheri East,Mumbai,5.0,400,ChIJN26c9hvG5zsRro97T1daHCs,AdDdOWrMdE_2wbivtqYmpHAciIT3_ZwNnVB400G58TfmCmDfKMyPc96sBZY8wEy3qEB16ph_R8sSZ4ki1V3fD_gvrT-J2tmwwxUPfTSItDgO2aP3psnbh9JG3CKrvXrlOoKopi8mCby_wYJiWCcx6-c60e6unS1jVdBxbZAWpPi_Fn78AqlM
Saptami,"Sakinaka, Andheri East", Andheri East,Mumbai,4.4,2500,ChIJVaQ59HPJ5zsRPGr6XXa0TMg,AdDdOWorScJpK6YCgwuLAI_DgBRBcAvPkmrrtACfcboJ3IQRud5blars-YWva328th9sX0QhvsZOK8vz7pc016UPJP7bV4xTR_kOgohhh8223dSx8W7Hz3MsPQpFjjSpQAfXJ9TKsRssm9szWRlMnojWiZE1a2twSeILcm1PtrcURnKBnnz7
Urban Tadka,"Sagar Pallazio Mall,Sakinaka, Andheri East", Andheri East,Mumbai,4.4,1600,ChIJzTnc5h225zsRTVQYQdXV8o4,AdDdOWpfE0cd19j5w_jsmpe-NcgqXElQei-eJ77vo8kDNs_dSPsmcu0toH3Vv0TZPlWyxtMcs2oDZDE75lQOiaIgyslNu2cyuX0ydJK3PrmVsQA1N1CutyXbRMBiuiUNZVLo2SxVmBDheSlRgmP1iKgvmPQs6jsirxcyH6vIKMjWFfPfeDlI
Opa Bar,"The Peninsula Grand Hotel,Sakinaka, Andheri East", Andheri East,Mumbai,4.2,3000,ChIJR0nIUO7J5zsRFOubHIX5AwQ,AdDdOWr5eFBmTj0eKJthtajsR_ond5OYgDo9MlqCBgbVavryF6H5etM_2JfqynY1f9CjOLmbw4IDC1IbNEW7rHd_O1OtK_S-wPpC5kBmgko5b8HkHBzQyHBiFjfJZNVWnxcjvd_BqAcrlG2wdmbux_A173GuTcMTfFKUQSdgRKEW-bPueBxN
The Bigg Small Cafe + Bar,"Sakinaka, Andheri East", Andheri East,Mumbai,4.4,1000,ChIJgxOj-63J5zsRzEhJy_ktC7c,AdDdOWory7-vIdCJfD2DNOIP2mi1-pSEa78ZoBWRhEuhzpr4TdcPQRTRwT8lYt26FigWixzvUaomm-l5lOlPtWSfv0GerGCPTPZYUZHIH6Yl9GlWDNmvfr1agay71F0VxChFc5dn09BDGzt6sTqxbgesoFbQu2AhKvpDy8wrk4beNMZHOqCs
Peninsula - The Spice of India,"The Peninsula Grand Hotel,Sakinaka, Andheri East", Andheri East,Mumbai,3.9,2000,ChIJgYf3lc3I5zsRFcvaQo5QQek,AdDdOWpdJ68TJoQ9T_6dvGRQ9QJ5XwzUS-nXnS0MwoSZXSihkcdLJ1dXQBAj5z6avmwZRzpN8UAuFy-0XkpnyrWUOVrL7gSlK0RZNy_tHT1QW9ATNwtXB1dYMQf4sArlfKzlB5EcbA4rvhGo4rgAFwdTDnYIaBq4sZXPM_xOukvIQrDAKWAk
Persian Darbar,"Marol, Andheri East", Andheri East,Mumbai,4.3,1500,ChIJuwPuX0PO5zsRxEmoRQk_BfM,AdDdOWqz8ktXlhSpg1pDMPAOWbpeOSluHJWPHFHBvsoa_RQCCn-8xZItYjFvy1Wes-xB9muFvft0g4BziZo-GDZhpa_vk2QbqlBdCJA_j5hOyiTDgoDm9b2VY-JcecAF_hHchbbhfVSiMcLVPLoNUQFlV5dXeN5s-JnTm4GaGo-rhYI6Ht_0
Mahesh Lunch Home,"Sakinaka, Andheri East", Andheri East,Mumbai,4.3,1800,ChIJVVVFyerJ5zsR9nJFV-YQAtQ,AdDdOWovJRZWa4x3g-Po0kSod5ZjIoe362_OpekluAmq5ee5f23R7oPXL-cdlfSgl2j3rR4ZpW04d5ViNAmM2y6-6_r6ukXV_L42ZwclOdFLs37vHYXb36vMMOcxUsn8GwI2WWecgXkb366bP6KrmvEhB66HAJCA5qRhN4Flzu-rPOVC_3Xz
The Chocolate Room Bistro and Cafe,"Vallabh Vihar,Ghatkopar East, Central Suburbs", Central Suburbs,Mumbai,4.2,500,ChIJ1_zD2yjG5zsRnBTtwKLDDsg,AdDdOWrgRB_wWuxRZ8GhU91PwRgpkjm3Bpj08weVER0-t7FptH7vkuNuszcMKY2WWT1TrvS4Z9p9aDN78B0UhPj_ue_ox9lFZ877CRxyPpWsclktry0wPwkBRm7iYtXcnOJN02xTqJObal7fXMgOLEb7lnw9TSdtV9AyNpi6MZ9C59W5CCiC
Opa Cafe,"Sakinaka, Andheri East", Andheri East,Mumbai,3.4,3000,ChIJR0nIUO7J5zsRFOubHIX5AwQ,AdDdOWqh9Y6xOcpVYRtRDFTQNQKDux6Wpj_3pcjbcIjpwb53gBgjkmFtr7MdtEEw5MXR7tSuXYIIqOlEmHxUYB74o6amFXvhhK7akVx5YKbwrOD_zUL9N9qPK8NQcv63kfCH2j0EnDcOmrytBGfTvOeHjssM5-BNJ6U5H0hf1VSIG29GaPLr
Thambbi,"Ghatkopar West, Central Suburbs", Central Suburbs,Mumbai,1.0,800,ChIJgXQpCYjI5zsRyqhf_jmD7D4,AdDdOWq23DDwTV3ucK2PEsCYdpWPqinhBCE3bnNHDtFfXg0ZNEkRqQP3TL1nAuSS4a1rtCVw7qYlhVJntU2NA-R9Qtq9kfqOZlKe0c2LWOjZJkzKJHUpa7wlyH6paSb6O0FLM92wmBV9lIKUYogbt-79342pQrjDmCj41ep_xNeTveVjFsTy
5 Spice,"Sakinaka, Andheri East", Andheri East,Mumbai,4.2,1000,ChIJI9E4FtvR5zsRHUB_J9IV7OE,AdDdOWqfGl09hJGX-Vng56kjIMBnfi4RYOfIzQ9dPkzx0LYsB4_S9jw0Qwiaw_U__UdrhuoUG7q2u2DMRMZULmIWtKVxTd--MY7npzkAF7KZ9HSVyC89cu1ngos7npECLDYGeE4SyABW0MXp6XpoQGj9b4MYJEnmmgHGKELGvK5pDM0ollKd
The Hill Green,"Eastern Business District,Bhandup West, Central Suburbs", Central Suburbs,Mumbai,4.2,1600,ChIJrWCDiB255zsRQPIT7-F_gDw,AdDdOWpwWACO4Z0hSslyMsEluEmLIPf3O06VH7zjG4TIhX2q7LOoLv5Pmb-wMv0h8OzMo_9R_swSKgdrkGUNiL0xHzMmKTsFrahQyvUhlf2_i5cENFTI2y8IsK-bz0lWlsrA6xqUNJZyRsXlG3gLpftwZbCIT4PEAFWeRrs63YNTBmwfnfD4
Roots Of India,"Times Square Tech Park,Sakinaka, Andheri East", Andheri East,Mumbai,4.0,2500,ChIJ9YEaCw_J5zsRz3EPJMMyXEE,AdDdOWqGO5b49ZQk6gkZpj6aVjYr4cZixS0FR0rbD9qB3TqWRMyEydjux5Ep4GCx1pDcKivLoo6OB9XlOhC8lbzNc4aFIko4LH3NUO5dLM_Ye9oEZuN52O-RAN3Q-FuLJf5lzkb-qXpFhMsrKDcytLtVfdESoRqLzeypAs2w-mg-PiZL6KUY
Kakori House,"Sakinaka, Andheri East", Andheri East,Mumbai,4.0,1500,ChIJW24RODLI5zsRdvPNuvAGyOs,AdDdOWreMwMtKDLz50lbeIPFOmAhaTAHWEjy9glGT4zbI6391TmnealNu8yeIDPdG9YJUQjgaoa8SuorK8BSIqd91yxhhVnJd_4sVoa6DMzhy0wRIqqoMpsW0pqlsxy6g6lczIibA8w6BuslNu_HLdiWQHS7CUVWuCa1s3dKcdTjg48rDauz
Bling by The Hill Green,"Eastern Business District,Bhandup West, Central Suburbs", Central Suburbs,Mumbai,4.0,1600,ChIJi7bU2Xa45zsROJjrAROGONU,AdDdOWoWcQ6uL4keYr9zbGEUdmUI0r25NTHsHPgFAKCIyUrWc9SL6AuP994cE0zWkCROkO3lYxWPvJXFfN7ezBVZdhcNXgNtnbHnyfrAFeLloL5pAS1jFKQ_L86MDCVa2bLnJM6ADeZVTTau6Nqwd5u4lMwQ_0ndk-fX8hxYQYwJiBPjFA7M
Mad Over Donuts,"Phoenix Marketcity Mall,Kurla West, Central Suburbs", Central Suburbs,Mumbai,4.5,450,ChIJ13m5EbXJ5zsR7afBIUCPhc4,AdDdOWq7P1ytI08Hjilan4R1H4y84hdecO4F3GmOSyYHjV6l46BzYCRj7as2ICJ-wHjGDmO58Va6lig3J4c0CL0p8WALeHm4YCnqWZSdQUErRVX2rzMvWskO7L6lMvab9xOIMA4QW41kJB6afsMEQEGLsiz2xsk9c5ziYl3xjEHtQA7_zGXS
Nosh & Beyond,"Marol, Andheri East", Andheri East,Mumbai,4.8,1000,ChIJXR_-e2vI5zsRQWW3bddnxKc,AdDdOWrVXxAnY-TEbCLm_T7zNe7Kkh-K8zzMW65ox-hluOi1zV8jUluJTPuLCjRy8golsb9bq5GeNBD03DyT5oeq9kbSYUSNhshbEveLClDZiHr4ta0y0qGp2VjJtmvLbAacD8TCZTsgGaZLeFXBYZQpdlxg2SfdHRN_0lfrxvbpnxWSz1-v
Tibbs Frankie,"Phoenix Marketcity Mall,Kurla West, Central Suburbs", Central Suburbs,Mumbai,4.4,200,ChIJZVUU38_O5zsRwHrlz4kgT8s,AdDdOWr_UKcaMi0T9Nn_VwGzxi7qbXOCbNpec8F_7nF8n0KRGrKEB30Qh18bKZi9ELIvOacJUVabZ9-6Zo1RAwvuVA6inVXXIEdkTxuxxwQ2B4G3Up3nItL5vZr31DfC5qGRN-Ikf09Jm_8RPu0FTkmJfAhNePqS_3AqYH6xGMVPGX5yp61s
FoodPost,"Marol, Andheri East", Andheri East,Mumbai,4.0,1000,ChIJb_Yn-Q3J5zsRJUeTZqPWzN0,AdDdOWp5IvvxgxTF7LlWEBdY6N6VyDc2pPw7rdU80tpwVW42jwUd1jRIM1QRadNjnaSF0MUOp47_dTUQA__YShl4LcHQAQKOJQ0HPZAAkUXN7aZ8olUPQ477Q5TQ0DmQq_8Zv1fxNhwNJLfHqdR3PH3-mLPMNOzKNdYExckh7ANlxCvQFtf0
1522 Bar & Kitchen,"M.I.D.C, Andheri East", Andheri East,Mumbai,4.3,1500,ChIJIyzPZJfJ5zsR9UhyY6Z6G8Q,AdDdOWoCvHGHryTubriHDaDeR7mXW5uvqTddlJKQwhbFColw8nswRDV_ufSvNzTHJeYblXa-XYS3FAra-BIwQyrOtkPn_cBOUxzYL6XJot-Imw9yWUdrx3-Y5YdJP15WpsV2RImQBdIYg7J8my-2mjCF54xgVeyMrRpnFY_p4C-uUto_77Cy
Coffee Culture,"Phoenix Marketcity Mall,Kurla West, Central Suburbs", Central Suburbs,Mumbai,4.0,1000,ChIJ-RL4eH3I5zsR8Xxg5xGGQwg,AdDdOWr9UACFtaI7dYAJuvJyvAum4FI0uEo9vKha6sVb-fJ-fjstGW6xIJgdaMrEffv1-dMSVMW3iMHZ5YtMlfTHYiGbsUrrrhjuOTitkO_-AlPOr7Ckw8WPAoyfdAAPoGtckTrUoDruDlQEotBE2d5tYUVBudsxdlE9-RJIqbhKb6weYOa7
Fiona,"Marol, Andheri East", Andheri East,Mumbai,4.7,1000,ChIJ2SBJr8zJ5zsR_-b0VC-XaSs,AdDdOWrAF2lJ8lCTBmbBX0u00MpClDVAn6xW82dbSatxzqP2KXnIT1ADuSXrAVVrFS__7BVOCw3Tl25wmvShGRuF7f7Ki0lrrX3q_hnAQ2YlUMrux2XzAlODMg-G6tD0doG380pKsIuTa6nFBKKaRLs0JVDnZsAqoBvj2E4V1KtcWALOb1-R
JW Cafe,"Sahar Airport Road, Andheri East", Andheri East,Mumbai,4.7,4500,ChIJaSvUNmrI5zsRbK1vQJG6h4E,AdDdOWrh8m1OhQKY_EOxwsTs-AcpQicc-mgBkiDUEtiQzNbR6yLIUsNUDbNqS2YcSBAoEhjE7m540SDz0C2slbwd2J78SvHzk84vlwJ8tvZo7wEthZ52D1g-RomCP33Av3blCZyZIm8YG4bXyKImaJJS_eVRchdI6kABBholV6rL8H-zPHOB
All Stir Fry - Waterstones Hotel,"Marol, Andheri East", Andheri East,Mumbai,4.4,2500,ChIJb8U-8WrI5zsRAcGGUOpQmlg,AdDdOWqQ5pc-pcU2ZGY2Ag8Qlxa1oWtk0lJQcwV9u7DsNY2fRb5q0HrSvqhVxOjt6cVwZJUQNnYtaDoWkTuyLg8PuJOrTt-i3hQk5qlWZOZCBj_2joFffRJpSKpZp1IhgTtPYbAyp2K-ZgQoC2E0Xx_1y_k26ioloEju-oyCMCvZMrmNq3k
Malhar Tribes,"Marol, Andheri East", Andheri East,Mumbai,4.4,2000,ChIJizi3XBTI5zsRrO3iWnPGJME,AdDdOWqJ5GvpDhicIIFOeWBkUFcYjDd85dldoJslAraHGU5PYPKEZp1YGzLz1OLjW5fUZXKk6OYgZH5x2SzyQ0u4Aaf-mvq5GeGPzzCDtHpeyRfmjDgmjkxDitHNEU-yuWeaRH3bedrCf-MSE6bm9_zncuInUwMdQVWhDRa3IkwElAfVtJhe
Taco Bell,"Phoenix Marketcity Mall,Kurla West, Central Suburbs", Central Suburbs,Mumbai,4.0,500,ChIJWeLgUs_H5zsRinFQBllBxTo,AdDdOWpH2xFEzU1maCtQzs0BilaB0oR9VclCHEF2F8y_9a3xZBi2hIPYpau4l8KdRztuj_U_HsvOXKLMtC7h_uDn93kIEjSDD0T0G4hVJQDPpOTGfZZO9lSnELQlLwLvKbKV_-V1arlPZPW7PiZqCpYUse3fEx-o7hRzR3B-OocUV2s90sR6
Zytun - The Restaurant,"Marol, Andheri East", Andheri East,Mumbai,4.0,1200,ChIJgQs-3xbI5zsRFbrooHUzsk0,AdDdOWowsy09FUN-67_YnJcT7LOdPRKTaLZIddrI0rm3CYdy4K0PFnE5RYVwOLFcDMrKm0Ni3xvKPMybC7TtIynLVY7dM5SZ1JZjKTETUKrlh69e3l9s1oZkICzAXDLXkTZZUX22Lv1UPMPnucWGq11L3esk45hPNomgJ-GncViN0PWiAlI6
Family Tree,"The Destination SRA CHS Ltd,Ghatkopar East, Central Suburbs", Central Suburbs,Mumbai,4.2,1000,ChIJV78kqhm55zsR5M-pXBupYRg,AdDdOWp7BXEYL9n_gK6tV1YlHq-OcMIomi7A3YYvjESF0-ETmIyWjbgwk9WOq_G3WEL75m5Ig0D2DyTJ92hvFtzcuuJQvOuyHzlR1I_9GYsSMs9z8Xv4eoHGhpqJO9p6ZaSJNi2duljWkJpvjslW4vNFFNL-HNEMceeUqBHAmnYqO0sCCbia
White Barn - Waterstones Club,"Marol, Andheri East", Andheri East,Mumbai,5.0,1400,ChIJzyfD8WrI5zsR8bNMPwi967U,AdDdOWpH0E-lGjK3EAWuX_c1sAoFPVGWWeyOqSVluTV95x7gomJEN5KY_A-3EsRJx7N0CJAZ--nMMf6w8_uvRYh9g-S33OM-d04icTxS5PGteprgoLNHnCIXY5NJwAeEi-k9NQ8UnBds2gjS5ZYdLwaLAeggGZCQEJz9QayxCfGHoHjJhKnJ
Keys Cafe - Keys Hotel Nestor,"Marol, Andheri East", Andheri East,Mumbai,3.1,1000,ChIJv6JuRVu25zsRkGeBpBLdNLI,AdDdOWpbaysHp2-K_m33olPt1sXWAFcGRknswylEU686kb0vih2RHBBIcCwDE119WWzcIx7rvO5MrwtiYYBaJjWfCKUSwaOp5mMRd7T1zSsPpIgpLd9jEuSPLZECr-R4BJDI_8Hb_4p4p6yuY1Do2paRklafd2j863kk3O8Dp1NacLpsvMvu
Roots Cafe,"Marol, Andheri East", Andheri East,Mumbai,4.0,1200,ChIJ9U_HaBXI5zsRwAtBf1ZY_E8,AdDdOWp9oDlGqAyDoDs6DqdjQ-xLBNwotMIg11rOjL5jRkeF1S5prgjyrcrk7Omu4KXPTGGgNNKl280QsZo3lIWHBlRzINnCVK8LwCF5W_pgzUFclEAaVWX1wKsnhwsofijUHRMFbKkx9yCVxLLZBqgvTt6Aa7WTCbGGpHJxbFyIYAF2AS2K
The Stables,"Marol, Andheri East", Andheri East,Mumbai,4.2,1500,ChIJY70GZhXI5zsRcfQGWE-jZI8,AdDdOWr1s93tVSMSvsK5oKfIoFkgi5KmXAwC2R1YGApQuTrbdiPEGCfoh58AZTd2aMTYyTl5SC9RpKa_aK4Q-JH7rXTU0LIT57P4bxAaCQDT0T7-L1ksnRQbem8uXtieCGMrY_my9kWMhcEgq7KKnU5_tXZkCfMXoEpZLp3DbC66HXBaixox
Rodeo Drive,"Marol, Andheri East", Andheri East,Mumbai,4.1,1200,ChIJQ6KxaBXI5zsRr6ELDA5h2rU,AdDdOWp0hEu8PCjaKlIwv6ulGCjBr9aUACx_hG5ft99AjycYNUmMo1aAbqcH0X8SPqbgPo8MKJ5vom4L-iOrvwGPKekOcUuPTEDhupRoOqysAuXZAP4FPnma4e70d3Mi52afn8q14N1iV6AdgTrVM9ep2RqBMzvcE8za3whSkxi_NBvhIxDs
Citrus,"Sahar Airport Road, Andheri East", Andheri East,Mumbai,4.3,4000,ChIJY2DpPUTI5zsRgQb6soJ7DRU,AdDdOWogHx8nER1BNVRQo8wuhhMStCuZ2s7TGWAJRHNrlBB7UZE9Y3e79P-XMP8MxsOSbiOpckwit6bD5IXSRMcKEflMVdm1LXPFrAMGaSMNxDBwa76jItnz88XThkaKazOGVaPOPJGN8x2KM8HRG5SwtA8KM4HS_oODXufxe689i0lxm0cC
Heroes,"The Destination SRA CHS Ltd,Ghatkopar East, Central Suburbs", Central Suburbs,Mumbai,4.1,2000,ChIJd2EFDFDP5zsRCWATYVIZVtw,AdDdOWrl8lEDmFPzii6p-f2D0um9DdQaaa_ydz0pUmQwPhbaV3CEm7aTNvWSaRQ65GhWs5KThp3H80wNrwlF3Rdp-n7ibguEWDNGEfII6q79Fw9-uuCF283YM1o17_Z7unstGZuQpsjlsIXlQldZCRmRy4WD4GwhYSaGnixnCacwncDQQaWI
Food Rush,"Marol, Andheri East", Andheri East,Mumbai,4.3,800,ChIJAXTi_j7I5zsRepwqmwQ1nIg,AdDdOWqlQSNdw7ZdNNjHgvHld4CXvZcgwuHTObZFtVFTdsDyQGK-Q3WWQ86QEo0Ncbu85lLzRDOFgRtdSiqB0-PQ9FCVgppaZ563Qrfmqe8b7H85MjtVcHU0IE6bpuDajQyDCezQ44QqrIujG0Afbu02nGfrm3JoEvw9b_n625d6YsmHWJys
Le Cafe,"Hotel Jewel of Chembur,Chembur, Central Suburbs", Central Suburbs,Mumbai,4.4,1200,ChIJg3iJeXfH5zsRQzQnlXS0qwk,AdDdOWqLnwEqdLxVh1jxuF8EcQXB8L5JFjJaHYPdXxLbEXWb2EB4_STVqZxVleumDwF4NssVs1C7mKrno1zuquLCdRQKzN5GAQVp5t6cJoHb6LzTC4fij69ZQeTsXEDNKTS03wzoPmoNn6bRlWoiN-oRq7mHW8wAFXfC01LYZvenkWyzTJ91
Pickle And Pint by Destiny,"M.I.D.C, Andheri East", Andheri East,Mumbai,4.5,2200,ChIJhRWWzwPJ5zsRXCfFmYGpPzw,AdDdOWrvsefDTGtiwvBUY3mqISQkJcKOAgrfvZw4w4GPqBZtrnpXdJ3QY3YfFc5az-0rv-uoMSwBVrzGhKIMKgaZoJAOWsH5aWv-NbunyHWf2mlyJAAz2ThFvfkxJOKqayNdLPspdKeAty-IoDFYarg3PryH9TuaMoqNTWiLZAegzC8yE5dE
Apna Dhaba,"Chakala, Andheri East", Andheri East,Mumbai,4.0,1200,ChIJzby1-z7I5zsRvHYO_AJEZIg,AdDdOWpjlsl_8zHwHyEckg78cu_Z2B6DFdta_3tUw6-jv8JwFOaFxsBnn6cyQuieaA6JdtkHFeZlqOTlmFi8DrwfTTaF1-BCEXNdPrvN-uJXV0QgIBo7GWPlu_pEEyzE_Bx_ivppvwm2r6MJNz3WYcNYKSBwMZN2KqfUV4VW5cwPQYZcMxGb
Navya,"M.I.D.C, Andheri East", Andheri East,Mumbai,4.2,1500,ChIJ0c4PoiPI5zsR6GQ0ZPF_NQc,AdDdOWrbr7znPYqCUgt4hlMPX7qdzDkVRNzWJKJ6aDJZ2GpdBuVMOdrjy9YRH2yiDEv8w4dxxKijRxYr6XK3ITOVHGdwa85wX_dpPlIvo0tbzxW9EepXe2CbYXn9TnNnaKu4b5t6tHTL8QQyxGCnA2S1TFom9j_Q23cNrAa5oCJDNz-a4sQB
China Gate,"M.I.D.C, Andheri East", Andheri East,Mumbai,4.4,1000,ChIJjzjPrD_J5zsR0sFnHq1ena0,AdDdOWpMjxlFTkTMmwljjlt2ZrQzWK4ArmZgn-YWPD5uE-aFoMFOhdgs11xZYBt4HuZz5MG5VToj4mtQlEP-MRTPA-phDeyar6vi5Wm29VZYGdZTcRpb5Xck5Zexl4dJ6Edm54Y-5LQIuv2dSTHYdzZirMIJpH5lmUtPofIigQ028bOBmCCH
Banjara,"M.I.D.C, Andheri East", Andheri East,Mumbai,4.3,2000,ChIJbUOSRSPI5zsRAu75fOU9aL0,AdDdOWoEJxR1PISXHeRQTjGF1nDTi7KEFOzeTlzfpKY_Ka7b8ygG6uuDqijp3CHP4B431_kKSfPK7G8jPKpDE-TkJ7kp6KHerVzrb8bOIlkgazA-tSuG0rVQ0k8UWMEQ5wZOPEJdrBHiHzwWVQ5lK3m19m1UsEDPIxeGQYshseaXEHB0EjMS
Amritsari Kulcha Junction,"Near Andheri East Station, Andheri East", Andheri East,Mumbai,4.4,500,ChIJQ-bXSDS35zsROOmWmN8SBaw,AdDdOWrS9u-dkUz8Z7bWFqp_o9d-f1CE0EhqkkX_TevJswOVaEc5U6AVAckw0J0a2uQjlyV4dgT8nEVa_8u5AwKloTqCmQuSY8iklo_H-e7XNGdxuxwyF8n03E9m-V0ni89Suc4RlrRlzyXN6B_33N3gC9njxyzvSRdvNuqU4tx74DiNsMgd
Something's Fishy,"M.I.D.C, Andheri East", Andheri East,Mumbai,4.4,2000,ChIJm5fdJTzI5zsRqDx6TKQv1SA,AdDdOWpS5h5fc0204FzkcBYbw_tETsGetSPSXKm5MxpfLakMaGKChOnmKSKeWf8EvoH84uKqD1dDKZhN6K_e-gcMbLzTW7GrNECtpEtNjLhwC-av-BBTu3SKpnhblM0X2nAbqB5DE_BDF3WmuGqsCOH_do9L-0nYQMrFPGNHeHoqbn6nEGIu
Via Bombay,"Hotel Jewel of Chembur,Chembur, Central Suburbs", Central Suburbs,Mumbai,4.3,1400,ChIJg_Ub23vH5zsRRAoidR8eyrQ,AdDdOWoO7p2vOoJ1Akan7sE7AscBY-qyZo3QYExCoFzH0kBUFPrUHJr_uO2ujJKrMmLNvTUvHRXovCK--eRNVBBczUPISLw_UviJJVKkLR2U6M5l9cML1NzMqKwDLjMcpLRNsXfUTp3zKr496Vk-01vyhxM2dwdEynIQjHmDNYuziZ-_QrL0
Grand Central,"Chembur, Central Suburbs", Central Suburbs,Mumbai,4.4,1200,ChIJEz8BQETI5zsR2JmxqBO2X1w,AdDdOWrukvSeL9sky9ZasjmN4c0AEmC8c1QrgIPEf9YFfBWm45dTveCmVqCMduY0IERysLU6a0nw6cxFybCJZSjBRslqspsnBET6R_XIjk7-5WEl3DWPn2Sg_96F-LaDwqlBsBBFEyN6zw31hopyZ1kzoRPIHhhKHWc9ibovqO9pCmXNINjN
Rome Pizzeria,"Near Andheri East Station, Andheri East", Andheri East,Mumbai,5.0,400,ChIJB2PGdpq35zsRsc4j8S4Lu30,AdDdOWpTUpmM9HrGOMx2D9pd6lrqUAiPigjbwEhgh4IzlIUVOk3SGousbwbtvxX0-wNAK-CVvDmbe0vl14b2lkjabFOD1tCK7yBE8kGRkgO3csj3nd-DLJPcAAa_fk3bSCgCyNjCB2jGc-aIRkzeh6rUdoBYwumtPnAODKLVIxyHrbeJA-w1
MoMo Cafe,"Courtyard by Marriott Hotel,Near Andheri East Station, Andheri East", Andheri East,Mumbai,4.3,3000,ChIJuc7JbTrI5zsRqDbpOtufJ-g,AdDdOWp0fsZiB09JBaZcyrxxFzVqRO-8-qMZSuOwR_3vdz8MXlyG2xa3q4z__VBWbCxxYlHPyavgx3YiwIJpQYDFdw0UBf9VW8WnMrYqLQF0n_iUuomu7jRI2UTzmDi96V_vrEwM9UaZhrTLHIg5f6F5C_h65A6yBCknPYvH8wxMX_GKTWN3
The Food Studio,"Mulund West, Central Suburbs", Central Suburbs,Mumbai,4.3,1400,ChIJ3f__b1-45zsRAJMaumVduvM,AdDdOWrtVNLq-343CmfnXQBxtXEsr3NExPgf3RovEsOJzebZH9SnmtgsBple8WYCevCOQBwMLOLhgcHQMXxGQgR_8ee-q4au3VCu8-AjZnBEL_1qVTS7ttyakrV8pt_1AvrJl5mLDGKTkCygt7OKVBhgpUh87_Am276MPJ9G3vsD4Ztxq_T5
Prasad Food Divine,"Mulund West, Central Suburbs", Central Suburbs,Mumbai,4.2,800,ChIJqRGJKly45zsRGIthrNZZ-fA,AdDdOWp_edTRGKy6CKhuVgjuRNG1dxtQy0ZmIWJu1HlGxEiUozXylo25VWAiXQ2IhG422YVvOkwJ3xJgSfMUyf7hVCpu-uc6azwRbCbq2v74ukkA4aDWOBd8goIzbwCrw6O3s2rbKccRhj96R1rARuaQoZzJPXpnszoK9vZXPKfIDqr9pH_U
Gallery Cafe,"M.I.D.C, Andheri East", Andheri East,Mumbai,4.0,2500,ChIJhc7DZPjJ5zsRBYiGK3Yq9XE,AdDdOWoMKw6jIMW2XBrW7qiEZKrdhqHdO2sez2aZWLVySJuQvA4gsA2duUiAkstgdaxkNh4eJCmRsjAHN6Sl-5VAi9fKRPUV2ezhYotw9sF6PsBZcHbnKQdohNYNCG2r_tTKFAEA2lzhoqn8MoxZnGtrXIxOdiCZ4LV-Y7-HwBYEf1IdZP9a
Persian Darbar,"Bandra Kurla Complex, Bandra", Bandra,Mumbai,4.3,1500,ChIJuwPuX0PO5zsRxEmoRQk_BfM,AdDdOWrEwq3ZrroYrgRGWdeUYkr3v0gWLdPepq8eKgt3OOiLX_yXUECzK1nY5df7rWAR6UjonzDcfRvC-XuLS6MTQIeneKVOj4lpYxK4EQ5sBsD0j-E4iQboiVWk3E0_WaBrLZwj8rp_CqZYjcM7JKkwUEW_cnlNFlxAWRUw5zlA6-iB5T4t
Wowfillss,"Parel, South Mumbai", South Mumbai,Mumbai,5.0,500,ChIJ-0Dcg_DP5zsRmpJG1F-XRwE,AdDdOWo39R85XT6iB4fgwCSgyGhNGNQ2z7Dbhdpexe64VDUZIq8w7V47qTFip87h0Wsk6lpyrPOoDA2EWYYVdqFu-TzoYP3qZf2Xd6CLj1xB-tGcV9QIJPpCa0YddC2ENAlQTe_W_FRILuF0RvZdi2NuoyluQuO0kagF-90U1FcZ2EIL20F7
Beans & Creme,"Radisson MIDC,Near Andheri East Station, Andheri East", Andheri East,Mumbai,4.3,700,ChIJscwFlEux5zsR0oj6j39R6yw,AdDdOWok5200mN8Sv4JVcUSZt9iun_obzsHWDnJfhaJ3WrwR8bizFvumylsOST3fRYpEuW0VPC6bOB2Vz0jmTyL-O5720sZz5BP1zyidFhR2Og8tH3E_P1E1mw0s-g5WP69CXkqw_dXq7EJd9fvP2_jzdRdt3CmykD4ZsjUjTqRFmMqJgfAq
Crrave N Eat,"JB Nagar, Andheri East", Andheri East,Mumbai,4.3,800,ChIJB92AGzjI5zsRBoKQqk9dSp4,AdDdOWplRZr8TC8VGFaoZmrs4jQbHMt1j4i31qKDmVhDkq1JLqL3hegtuPceuodHdYZ3TU3auGWkdkTGVcvX259azHXALPJfI6syY-vc3nSDiNx2u7CvZl6TekZxZ21ia2G-64W75Jmy3CCpestJmFbf6Kp1zqKWaEj7ZRGb0kJp-Gr08G8N
Qebab Quisine,"Radisson MIDC,Near Andheri East Station, Andheri East", Andheri East,Mumbai,4.1,2800,ChIJs08UsQ_J5zsRoig52gAdzYs,AdDdOWpddfwjyf3LPYA9_CCcZz4mL3WyqpyD5qUoIdvDX8XojhXMNu4iNSKzNCUpf2wRoY-1fki6iCRtNIBilKWckyKaE1Rrh663SUCqFsrHcOgzSekXrsJR8Q3w4wBKSXZE8rqWwCQtAZElJgg9aWNrt81j8tDTV-H-GlBBkF19Tp70rVL1
Butterfly High,"Godrej BKC Building,Bandra Kurla Complex, Bandra", Bandra,Mumbai,4.4,1800,ChIJWz4-IYbJ5zsRLBojQ_LK9JA,AdDdOWqnOhG8FC2-K7d5PQuU8noo6OZF1NCSollLSzdDM9L2L5IRq6YXzbn8Y9ktCifir88_alhtNjFO9BYygqSiCK8PLv1XfachQ6HKvOlV2Nq3sQdcxxYsV1pZCH4L1NyPUhJ3QaECJcBqRiKXmJy5JWeq1j6-G2cW4ERKHKLNykFJCPrs
Ganga,"M.I.D.C, Andheri East", Andheri East,Mumbai,2.9,500,ChIJZ8gTGfrN5zsR0KBy74Kv6D8,AdDdOWpcN585queu4VPwhncBmuAOQBN8Q7doWUzarTX8T19uHc8xI6QVcOw-qILFIdkBY6tlprjoEBb8Hh1fDTi5HREItS7LbRsz8PK8Pi77seXKwrapFOgkBDOnC1zdrprUnqCIJvtP8DMQxmRN--tsPuJTqGmW-IDpvndXlF4AfWwr26hI
House of Asia,"Chakala, Andheri East", Andheri East,Mumbai,4.2,2500,ChIJISYTXTfI5zsR2N3JHJtsI8U,AdDdOWpySQrvaHJJ79CiMrivVeICSdwrtYWTe0agn-_MbXL5WqcW45XodKCoImBQSJj9AlnE7tMSHls1u6Hjujrd3LNgkgttzbEBSdKw4qyYDuuX0IgE__3Q5IlPWLN_qd_2tfo4QmMau9TLKD0xZxbfqMNWhJzZHcWKt3Twibo0DNUL8qQn
Tibbs Frankie,"Chembur, Central Suburbs", Central Suburbs,Mumbai,4.7,200,ChIJZVUU38_O5zsRwHrlz4kgT8s,AdDdOWpH2C0yjaTFl-S0liBibdfFPR9YRVjlThKL6BNqzYbUMXFDc1xf_gFtMHgB__yTGTaIfgglhLxf92e6F2s64J4Uow97745TmAUnuzZ0BroZv4ntaSbV_rlb7LZfgMV3j6y5OJFagaMGjFDap60mc742q7gzS-vpdGGggX5Q7IicOR6l
Frozen Bottle,"Runwal Greens,Mulund West, Central Suburbs", Central Suburbs,Mumbai,4.5,500,ChIJ5VIv9RS25zsRkGm7AYBV8Hs,AdDdOWpUOE0IIrr_SFc4CNP5KmGP0pOTbEEbPfsMdTuRhCkLthUPpOrZ5wf70EubEaBPZFsoobi42EGbj81nUmY4PlLnFosPB7Sz0YIHEIxYczhYPp7K8Hq3uUI1LidG_W1aYZmD0LKxxW0Z2sX_db2qW97JSOAOddfAfHBKGa8gKh3m3Hyb
Thambbi,"Mulund West, Central Suburbs", Central Suburbs,Mumbai,5.0,800,ChIJgXQpCYjI5zsRyqhf_jmD7D4,AdDdOWp89qZKWUa3ijyxnSFojP3kSkQUREdfVgyBK64GfmQ2XPGM6wtZ3HksgerHNgftdxv2eElq_ZptzE_dgVCc9Knii1OGL3TNRcr-d_mHmv4z-vbuV6yIK17WR8wEIKi_eTUO_Y3jyEif1O4NiQhac1DmkKq8AIi1vQejLeGQBO3Mvfds
Reise - All Day Bar and Kitchen,"Chakala, Andheri East", Andheri East,Mumbai,4.1,1200,ChIJ77QmG0LI5zsRHlTM1XXWGGg,AdDdOWo3xR3Yjr-mauMDeMompZwB-jybxmElwF1bjaD9x5ka6_st-vPgn0EwHnkIBdc2qASYMX6PP7_lAoWSfn00nvTkI8XII6zkXE3m0ktKp4pXuzvoouvupls3lsINM1bkflW-12Gb8TU73UPWbyEyU-j4aq2yNwFCkGjExGs6v_075vvQ
Little Asia,"Mahakali, Andheri East", Andheri East,Mumbai,3.9,800,ChIJ-Q0VEibI5zsRYlDnRP7UbeM,AdDdOWpSorwGOScYK9G9xO-QzcDadELNEhanW5-b_5N4TI57rajjsF9FXZhJ7JM13Qjr3VoVWp-t4jFr6KYaJGLX2btb8sYSuHkYhsprZhuu92iteb1k_ilxd0VYtqZSe3eonib39c7F_XtdWyfqjD7MSfOuu723-qyF-QIYzUgWkiboo76g
True Tramm Trunk,"Trade Center,Bandra Kurla Complex, Bandra", Bandra,Mumbai,4.5,2000,ChIJWyXBY7_J5zsRoHO6zIKA-1w,AdDdOWrq6DDlB5qB34NFk7s2OHh6oqc6IjiObKJ9q2WgpmNJXSgUnUyJA52RD7ObNm5-Eaz5kABq9ryTe75AVTL47uJ0KP93-UNqWUNJ43xhRstNcG2CxgcJWx6WpeKCKwnupKK_Joqwg7LfT9A9z8Fd1QoxErTIrMtoGwrUJMjQzG2JxMTe
Angrezi Dhaba,"Mahakali, Andheri East", Andheri East,Mumbai,4.1,1500,ChIJn7K6FdvO5zsR4NudHWGMABE,AdDdOWpJlUrApz-7wR9C_J4UxLjPQmlBsxe50JVX9AkjMI4BOsJYWRsf3GAWNqO8xlk7T2yHurG6G0QwRP3LpPXzy0iw4_d-Xd7ff4JSx3QwsV0BNm2kvI1zF5CFpTccBzTQoQ5lD9IZ_EAvu8MnhD9s8tuAoauzSzrzOHHjqntxh86a4THV
Bar Tales,"Runwal Greens,Mulund West, Central Suburbs", Central Suburbs,Mumbai,4.1,1500,ChIJPbHABTW55zsRR8zGEpKhkbM,AdDdOWqWrhDbPgluMor_0YdECh4jaNg9i0jfTlh_yTOWaCTU6ZL7bRzMh-Kyd3EUjLgFLGM3f56G-hwDESG6OCzYAhvQcwZTMCmf7Frex9FM9csKnx08gt5CP6Io1RPSagz84G9R1XHMAoiN52YA2Zn24eU4T3m7Ruyj-Nzs78lu4nzuAx6O
Masala Library by Jiggs Kalra,"FIFC Building,Bandra Kurla Complex, Bandra", Bandra,Mumbai,4.7,5000,ChIJe2U4L-zI5zsRa6ovuoq6yM0,AdDdOWrDPsY0eAe4eGCGjtuMoz6MrfD2h1GOUNoEBF7Za-mKpyCS3wonYZrdb0VDpFqLeY54uoVo0JkUC24KSsLR9JNifL4AsFQhoZHGjl03P8iGM0PSBEnTjE9UwCuv-vjtuJghiR9tPvcoPF-i8dWKXSy7yfcOApo7h1xfltnH3jaRw_V_
China Bistro,"Capsulation Premises,Chembur, Central Suburbs", Central Suburbs,Mumbai,4.4,2000,ChIJHc_OsrLP5zsRV00xRoquOC4,AdDdOWpRPHg94CdSp-gacm4XONLskrxKDK77hl-EdXLMEw69vryxf49rvYjeVajC0e5xjJbHUyRATcRblB44kK8JMEfky2OXKrpO-Wa-KK6ID0ZAuzbLFGuCBZShROe5UltPi-ul-GZT1RZIqXgJzueAS8l6DDn5PIip9YVWu9QIRzBhrtE-
Chaayos - Meri Wali Chai,"Runwal Greens,Mulund West, Central Suburbs", Central Suburbs,Mumbai,4.2,500,ChIJmQRi3_vR5zsRyHd7wyOaM8I,AdDdOWotX47jb1QDW7y6Xj2hSwka9m1CfXQCdJJ4EL7UNDzSFLkSoumkgvdNc3hiJRrRrNsnumFPDvXxvAUekcipW44npqbRlzgWCwgkN53efYGC4yuT-HlLwoLiu8zwwo9ytnn0i-UKINyrL4Sjpa5Isf0D-okSWPB1avN5SvkKTqDif1fx
Hitchki,"First International Financial Centre,Bandra Kurla Complex, Bandra", Bandra,Mumbai,4.5,1500,ChIJk-I7-uTH5zsRUCNzbZONJAE,AdDdOWqIDT50wooQKHhqwpHnY0nhBXOh77sNl1amzdvDlx48RVDKWK2IUkdjBm8wRr9n6Jh-IpUDSSi7Q4c9zLKjBNsEDVzBOQ-a6iiHwKQ5XfoUSSiuz54EdT8NhX2JyWupQ8NlDyC1zScd9pQgOxq_96bo45qo388qtCNDtknhXE0fwxXZ
The Float House,"Mulund West, Central Suburbs", Central Suburbs,Mumbai,5.0,900,ChIJ86DuAyW55zsRDgs3ZTapf-E,AdDdOWqfc-QgrFqpROcDNgmVjRj3yGJuNaSe5AF7pT229TkA-pFgIfVYMB5n_Dx_oV3aTZs3KOl6fn64TYEFyKMLWGqPcZCNswUpb-xZQjHzZNPQvZeuTNV8Yy7AxwIBndqLbgroy-qiP6d9JIizhn_HbJydnTYuEaSY7lDGvh_-SuTuLW2o
Sorriso Indian Kitchen & Bar,"Mulund West, Central Suburbs", Central Suburbs,Mumbai,4.1,1200,ChIJaxyniF645zsR8iHzkqMcZlQ,AdDdOWqW2PJrQ63L39K_eC4Gh9suoyClSgarAG5TrJ8JOO6nwGYacC6uqac9ujq5N0ZPM4oLtWg7TeMDAZfNOFutrmbyLa2G5WmhgCVfYhnk95ZsHtKB22stXMJHGmNolOIIY7azgAIleRWZ8_I83lrLQk9C7BAFMlMtZJTitLAPQ7CqCrXm
Sorriso Brasserie and Bar,"Mulund West, Central Suburbs", Central Suburbs,Mumbai,4.1,1400,ChIJaxyniF645zsR8iHzkqMcZlQ,AdDdOWphYZ1omn1BN5nYFIbEq0XC3iGpaxxUMMm2CgSYPDnnI9GT2AkukHGnADUUEKtCzMk_YV6LyVueDT1mTP16VEvnqMjQKOeHBco1NEiFzZ2ObdMiHneZGbXw9BU0OtZqbZUFpyF1vO2R98xbesuDEMt6d83WfunfjZOADw_Bf_JrbhMo
Mad Over Donuts,"Fair Lawn CHS,Chembur, Central Suburbs", Central Suburbs,Mumbai,4.6,450,ChIJ13m5EbXJ5zsR7afBIUCPhc4,AdDdOWrxs-5K6iR0Zng38z5WNFqGEEXjSBIJWNxx8RhyXVWDuNc8P-pd59HeNZzltzJlHk4y1_AqlMO7zijKCssB6DeSvpv5iefebM5ZqPL9RY7g6b_yY_heNb86UtyGOwoArouKh9S6Tswz8rQVqsYAPGbI4wojUoRzgPGoBrHsJyTo2wfm
Mi Hi Koli,"Mulund West, Central Suburbs", Central Suburbs,Mumbai,3.7,1000,ChIJn4XvXpe55zsRrwrKtO1RoTI,AdDdOWp6ecuw8iqZiY_hlro1eLzDY5lINrRGfl0BsI_4DdA0zV-XC68SI-IRRTgKxV-CwAz2_LpgL7Y2jQ5YG81XuRb1eIIUscOSSjW-ulzZT3rftmEKNIERHRd9QsnXArRw7huoFu2OmKe5QWPqrukMVO5SQZ01Lzb679WfaV_fBEULetz2
1441 Pizzeria,"Chembur, Central Suburbs", Central Suburbs,Mumbai,4.3,1200,ChIJm3X4hcTR5zsR2OSfMxSvt8Y,AdDdOWqAQ5ODZnTymOaQ28jZscaKrj_qp1nIT8br0ijkuBSGUb89D7t2Hy9KKFMYckfaMhe92m_aXO5TDjez2nxQ_hjobpdCL3H6pP1yfncE9zoo2w4Js9PndIXk1jT7syULKFq4W3G5XN5S2WkNuBfijwJLxKnygDyZD8uJIcVTQn8JLgLm
The Golden Wok,"Chhadva Apartment,Chembur, Central Suburbs", Central Suburbs,Mumbai,4.2,800,ChIJ29Sx2QLG5zsRRfuA7OPb9ec,AdDdOWof1kn_PxCIkZCGiYtJz69ccXxHQgUKzi_cgwSYrhVcsLwXrrU2_HR7ToCYvhxLL_xXJVw9pegAvIHVSQBNYYo91rIxD5Wi21Uqt2FDUZRrq1wQNZt4Zme2i0YWMYrDz9SruGuWag1gHgun3C0_yp6YtDpvKOhSqfwUFt_VblMk-qXo
Smoke House Deli,"FIFC Building,Bandra Kurla Complex, Bandra", Bandra,Mumbai,4.4,2000,ChIJJ5t6GhPJ5zsRdJPGspaq_WU,AdDdOWroYuiX9iqIEN3qVxkdsZ-c3xi78PB_K4R5P4lbqOoLfo2WX009CRkTGiulOtWewHHpBOVwLii8ANG96KYVBmQ1fYZ20oFfIbdKoUVJL_-FQCb_ssM8FE5hA4uMX5Tn3sSQhbTGJuK7NH-Tiw__KKIVjoBecu57CKt4aRBhCpWEW2oU
PizzaExpress,"Bandra East, Bandra", Bandra,Mumbai,4.5,1400,ChIJv6g8NMHR5zsR-tQ1_C09hSM,AdDdOWr70lnMh3rSZTiUVRLTZWWycdh035R_YWaRQ6hZNU-wbL7SX4Kl1mqjxxVw3xGE8eww0g90n95TSdykmkGRAgTvg1lXBBf9uKY2yTmpixfTfgJ7x4qc2x7NPxeNpRb9d0PA307F-2pzxpTjk_o26-gISGbon2539Iy9CXrjBmBphLE
Tossin Pizza,"Chembur, Central Suburbs", Central Suburbs,Mumbai,4.1,1000,ChIJg9z1exnJ5zsRxDmQBUvo_cU,AdDdOWrH7w1tKJ9Qyv48_mEIpAsjQ_yk3iKctX6Vb8gieoiMs6wNQzCsmiqegygghy8NBCBszR4fwLrrS3HaB2gtqt6ji8Bmo8DHA6-2FobTUegJoRwgauT9gBOkS-RHfxZE_QUwMaNYu6oJxtmAXxm_R_UmE_SXZskrU_uC2qMdAV88GAF3
Prithvi Cafe,"Janki Kutir Society,Juhu, Andheri West", Andheri West,Mumbai,4.2,500,ChIJo49oV-rJ5zsRvNAzcQLkwO8,AdDdOWoCW1b3uxdFFOSSrZpw5Fo5C6V3ESiqkwWuWqFn_WLs-6qRWR4b6UT14-jX34euVCkloMpQMQ5G1aEpxtr0caLL48tMhQreHIl3XdUrZDf9M9EsrtlpiqfYf77N_zQ4mRSUFnsu3022ePM1yKpsP52zEjssSY6RjnUKvHp6Uu9ZA89J
Yauatcha,"Raheja Towers,Bandra Kurla Complex, Bandra", Bandra,Mumbai,4.6,3000,ChIJf3bw-efI5zsRtdR6zgH_FnQ,AdDdOWq7ctiQKkwhEYIJTyivq00r16V__O6X5QVQuWQ6oDubjqUGEggOF0GTVkH6XjBQQChV4fBSIZIsD4DpUZotGHZMKOEgOs9gu8ovAIAQHGS-kjYbIodUNYDPV0AVdBtT0IhQgNUnIvXJuF_xc6Jy4dpw7uQqEDe1aOTyDHGVK2Cd9D4V
The Orange Mint,"Chembur, Central Suburbs", Central Suburbs,Mumbai,4.5,1500,ChIJ69zmGXXJ5zsRp7XHup-Uggs,AdDdOWr7rMSLkXeLEi35pfdRdy17nfBK2uDoqg7MV_21mjWNDckIK3hzyhyiti0WBIrzVJiHL7JPBkfTAp3xyPyoK09njAgxc5hDH5X41SAc92pLGWQMSno2fwBU8PKby_Zt2nyLg8coX_H30oUx4osId_ReGK4AAkY6C6n2-kFDEOFP0rWA
Taco Cheena,"Parekh Compound,Santacruz East, Bandra", Bandra,Mumbai,4.4,800,ChIJOeJ6J-7I5zsR-cW8AUSJtFc,AdDdOWpJGqGDPxA2s-rZlaSxQpjHmaO_RztdzuGQwd4wMNXxjF50s0ZBaPb26l_8cTkFXQwn5w9HFY-lNvG4vrYz_0jgiI-rWG_c-jYBpynJr9HgcYe9fHacRd3BouEWF2TX7iWzguCUoyaQTPoYYSM2sfjwsFSa0N372nA_46Rsn1M2EzMw
India Bistro,"Chembur, Central Suburbs", Central Suburbs,Mumbai,4.4,1500,ChIJNeEqCgnG5zsRxbyCcVJtU7k,AdDdOWpEQf29DroioUDPIJDSOivU6j1asEZ7s0cnZK0VKGhwfXLE3aIzPYYVc6HasDpbjPhTub8FKSNh8hMNQXeGNR7XJp5vTpFHU2VipddCgLBqFkGTH0xgfbI1FhgkMDYdoaU6XXj2dIxNDgFEe6zgbOy8JTJtk5XIw_-_pQDil2CEphir
The Earth Plate,"Hotel Sahara Star,Vile Parle East, Andheri East", Andheri East,Mumbai,4.3,3500,ChIJsSMAg1LI5zsRGSNzDZcOc44,AdDdOWru8EQi7bx4_0B44zUUP6PpeQWBfu4zpPJv_3gZPTI_gS6biGyTDh2TyITpG7NoXyJcDcYZMg2-mBokvrY5bxAj7xdjqt-l13Q5TQZ9d4zLrvTNKCJ44Yfgtx97IpyjX1a3Xj7Ydfgexw9i42J3pB2ryRokkfO_ZXG9qHIK-rOx-zeU
South of Vindhyas,"The Orchid Hotel,Vile Parle East, Andheri East", Andheri East,Mumbai,4.2,3000,ChIJ5_UJTWTI5zsRbyeACAb5NGU,AdDdOWo3kbSj1QUnhR6TjNwSYgEt_63v03xTMVgn3-_v3YZwJ62LCCf9l58B2rsG8sjGjUs1OLuhNj9wJmWjHhStZ_dufTQ8f47jZM5xVxl_S26oU5KL1nvick4giOJpE-u92upGtSIYQs1efKOT1oL5pFZzis-DGFJA-A3dE8LBWqFpIDVh
Manuhaar – The Taste of Tradition,"Hotel Sahara Star,Vile Parle East, Andheri East", Andheri East,Mumbai,4.6,3000,ChIJGbIYAVXJ5zsRKEnFD693QSE,AdDdOWq9zgyoZAYgQ3NTHU3bRtpq7fQrg0m-D3CFi6BbRLwR_Z9HnZnvCbJdMIWiD2sbzOfr_Rto8m0lH3E8y19yXMCHRwEegitwMLBhfjuKGUF9WQpfJio61we5ADiRZPjnTIhWnpUyg6matn27FwXZNmhapJnzEaeh5QXeJEf4gfYMYmlw
Amantran Fine Dine,"Minerva Chambers,Mulund West, Central Suburbs", Central Suburbs,Mumbai,4.3,800,ChIJVVVVVVa45zsR075kwIDSens,AdDdOWozSJ_2y-EqUOEc1uav8UjfH0noVP-mBC8e2inbzNaekj-whWgMxaaScg8eOZJBpwHSBp_uCWz9cyelTya-nVst4enFRSQxgiKhOIVhZwWyLN299aIQxwTB6mkiYXsqgKerY_j9bYYuhz5CWBU9xBo5jiSCC-3EDmJniqqGXGsU-uw0
The Indian Toss,"Aureole Hotel,Near Andheri East Station, Andheri East", Andheri East,Mumbai,4.0,1200,ChIJm_pAQ5jJ5zsREUMxahg1JCQ,AdDdOWrQXMBVvuZSFzY7xTH0sOk6EHz4rqGogUZAWwoYOVH8Y-s3uBDCdEZ03Fa2NUViHJJc75CVHsRYnx8uv84MeUTEvzdlcwkONX_hIIEjZit6TL4JG75GQMF9y6pED-z5OLHNRvYCUHtqUDcf9e2RhLWtqed1Rys_H2qbIoFP3TY726sy
The Art House,"Chembur, Central Suburbs", Central Suburbs,Mumbai,3.9,1500,ChIJHbbB76XI5zsRaB4zUrKVtow,AdDdOWqN4_ufGgvy7ynWC4S53reWwh00z9mf1HIkY45keU4wHPKr57euCq_QZx2_Pzh06aAAwjYI_bue9dKttaXd-OXkrXROAdBYDAYRWKzc13J3sUFvuewv_F1ngD2lkdQxC4OCRE9VqoU3CkW5FlclLgfTKk09UTtis1u6GoKvQrnvAQEh
The Pancake Story,"Narayan Niwas,Vile Parle East, Andheri East", Andheri East,Mumbai,5.0,500,ChIJocSudUy35zsRVeMQC9u6jac,AdDdOWpWCfTCTfQ93BqOxI8SG0jfcsM1JvlCaJkm0QSpZcxft-nWTaIomyh0mNGiHSyxOx6Z9x7tkTBH0L_FvCXh_hiO22M85KBOC-uS71k_SuzBsEhypbPmHchrEB5FlccLIZYivu8AHsDYWjIKX09plzc72M_b3HJ2MihHU07qzZn8UzvV
King Chilli,"Koteshwar Palace Building,Near Andheri East Station, Andheri East", Andheri East,Mumbai,4.2,800,ChIJBRCdmVDJ5zsRr6-FQ1r-TK4,AdDdOWoBa2m8xIeXYhN6vBRXMjZuOI-z4CEUVeM1rYvjPYhzCufxdDRTwsFGkv2oo78qe82rKmJ5PLNfx_nGjQMLV01oUOI8YFYF4zRnily8m0-tZTYUWItUohKLDXqHhKvsEwBjhfZyYUyeVrQZIM9nJYna5wUUB5bhyCe9JBJc4zl3QoA8
1 By Two,"Mahakali, Andheri East", Andheri East,Mumbai,1.9,900,ChIJpxlDQCfI5zsR4rpsUS5rlgU,AdDdOWqZb4n90faVMfEqMADPe9P2crreXovE0FuYlT9oF56B5KxFVkJiRfJKU5FWzO9TTFYsyVRBeCuitgcZfMHgOGjZpuTlMqGAqHygbSSMNI53L50LUivPdy5MGRKHLdOTYfZIWZHgSjh7B0HpN_hsgCg0Qs8xYp2dcoPCqtDx6h2KBCKQ
Family Tree,"Mulund West, Central Suburbs", Central Suburbs,Mumbai,4.3,1400,ChIJV78kqhm55zsR5M-pXBupYRg,AdDdOWqKz4WqgMz_VIGKDv0NWjYHp3qk5gzTkWyCinyEug1QFc0Q-eMxxIpFUr0JdEx_JejuvdQv9yhHiH4mFBpgrx6EYoXVchhT18iGFshh9TVbJV9CjzBbsFMbHOV18JinWQj1VUMkZs_RvNXQRGsnvnTwpx9LIg1rUR3BN7suheK6UnpG
Tunak Tunak Tunn,"Mulund West, Central Suburbs", Central Suburbs,Mumbai,4.3,1100,ChIJ2e1uAqm55zsRD-n3QbkMMiE,AdDdOWrYHc4bhbIiSY5XkchJRohpXLcqpfL2xSn1iHG6V2TntQGQzWQbvW3Ux-hFXM1ImFGaw-fkQneywTdNFq82DbP5ZIvKJWc3eWppjM60rYqY9dAl8PbQjxojV2Mu1mPtYIjnDh6DroPbHZCVcn-w4U2N_eVVPcZXMpV5DaKWHTzW5-rh
Capital Social,"Bandra Kurla Complex, Bandra", Bandra,Mumbai,4.3,2000,ChIJX6AeM-bI5zsRv7wq-T38w9U,AdDdOWrPlXCAOHwwcrNfF0oFmv0zYKOjINl0oEJMgLwoN8uxCzSgdWJrb3Uyr8selPDBp_nzvqVtQHZPoTW6jpAfQyxiM2bELPgwar95mRgokIVR0Sof5L_3bAyI-I8d_nYQQkycORl7lcPCXAYk1yo_IKWT7Nw2JUQb30NNLQ0_AZ4RwhNv
La Flame,"Avior Building,Mulund West, Central Suburbs", Central Suburbs,Mumbai,4.6,1200,ChIJxSJGZbe55zsR9237_sKF7js,AdDdOWp-CpYNWq0fyIDfLW6SMhhM2atqXfvuLfijBAZ-pAIRC6dH3nUmHVzBFDsCZC7oRIEzArZo1QhrQeCuwco5ZGTKFHAtnfPjjxd_THFQLj0DmCDieGqo0OK6xBZkAHbuQAtlmCk-y6JHaKaqv0r1zh2_Zt497Yru67hX3cV2IDqyK4dn
Aquafire,"E-Square Building,Vile Parle East, Andheri East", Andheri East,Mumbai,4.0,1500,ChIJe9uXMzXI5zsR-fDzlsiAWM4,AdDdOWqrRCsQzxmF0L40O_CTOMJRCHRUfVLI186ZcBWcNFWdXxYCdA7HGuHoguoHzPS1kc3yVKk09K4IlVP-gDGOXDuGqhm-30AH7ib3PDvd3bVmwjGm4L0VayIsOwbV1RWMRmXPI28ehI0GdnLqqtHhKoBA-lmYMQFOjcmrACCBXhXLdzlY
1441 Pizzeria,"Vile Parle East, Andheri East", Andheri East,Mumbai,4.4,1200,ChIJm3X4hcTR5zsR2OSfMxSvt8Y,AdDdOWruzDr5A-S00C5yoiqUuLq2jljm2NtzsJdCZazviN-8XK5ZwUnSxn4yTbLsHSzn0Ag_JLNS9iIrXSuw4MYQ4bSOLYfdadHFPz6HIAVLnHjQyIqpAo5upwtRWglNfrIDIauElzDyi0tf34sM9sk82bhRFQIq2K8TR0i8tROYe3oF20hK
CinCin,"Raheja Towers,Bandra Kurla Complex, Bandra", Bandra,Mumbai,4.4,2800,ChIJ4-eFEejI5zsRkuIqA2-y96w,AdDdOWoBdnDcigETNmjDHbSpkvVQpzzVqGEmVnsU-FzBqPasImd7BoNyLBx6xWHaAp2F137yoiDtwLWGid2rKFDNsRR8QZr3jRP7WcxHFjOnvak0igJj2FKvmjpjPBsjssjdtIQW_6oXhwgejOJNF4PxTWgD7YsXbUxI2a6iCP7pfnXE3ZIL
Tibbs Frankie,"Narayan Niwas,Vile Parle East, Andheri East", Andheri East,Mumbai,4.0,200,ChIJZVUU38_O5zsRwHrlz4kgT8s,AdDdOWolyLasfjOsRpNzUAYPj38X07y_XB3OkFLFCxdn_VwuVIGO99cSAM6PhCvrU9BV_c7pnbRj9bjEgnf6YQYA8-W7BpjqoPC9w5Kljbb2ShrodolugWkHiH8vK2F0kCZZXP-_TVWcwzDkSDezGeUh-HrDZbS9fnnY-biDKUzEhRXy2GNO
Mad Over Donuts,"Nerul, Navi Mumbai", Navi Mumbai,Mumbai,4.4,450,ChIJ13m5EbXJ5zsR7afBIUCPhc4,AdDdOWoZZjFPzlfmGXd_BGv9jwdrkK7e6bw4MJrniOO2VKsCzhxeO3IfVKDss_my-JcIGgIv9wXiJiCem5aNiOwxC3_opQowTrmdOGslm-hml2egFsQaWKGQpNBXGRj7j-ej2s58bMf1Uvxd22wFnaoj3oEzQCo2SgPy8CGdahh1uKq95nKX
SodaBottleOpenerWala,"The Capital Building,Bandra Kurla Complex, Bandra", Bandra,Mumbai,4.3,1600,ChIJPXvpM-bI5zsRYIa29-AxFdI,AdDdOWpb_eTR0ywhjMczL6sl-JvKkMKOKqVZ5tqyyFBKFM2pFM7An0nIQ8xs_dUyuIIawgbAnp0rI5YsCFG6Em7_u0fVYB8lzXotDJlQq_YZejdjqHyvW9ALKCEzn1ZDZKQSKB5FohUjgDcKZstZ5TII2h9j07nwOVubMuNGWd3YafnlRnwW
Local Stop,"Chembur, Central Suburbs", Central Suburbs,Mumbai,3.4,1000,ChIJceVVIS_J5zsRHedVfrqImrM,AdDdOWpoR7ycs_WNzesJeE7UOwdlMUANewCJAbR9eBYEXlQNGtGeExzQ9eK2xegIRabIMRqrItUXOWzORaWfjxg__7DYAwKsZVxce3riOvYBuRlfyqwS1x8vDamGoEEOcHu1kbLrvBV56orgidtzI2P6zDh0YEIMotwLhcvNuF1yo-SsxAvZ
Punjab Grill,"The Capital Building,Bandra Kurla Complex, Bandra", Bandra,Mumbai,4.3,3000,ChIJna-Vo8PR5zsR-DdqtlUcYac,AdDdOWoUivCTc51D2QoBEf7Sn--GqxLvjvNCaAEKMuP-NbEChhi7VYOArDnSccSFLBXds8Ot_zGkF6cNrrbYXIoSVjlEPqkhxXFYijyXecpzkiafOv4VYoIwUrj3i25n3wRs_H0T18jD-hGwyQittCYb_nIaQWLyqF5Myk_D-ddrX7EvF2rx
Persia Darbar,"Lily Tower,Jogeshwari West, North Western", North Western,Mumbai,4.4,1000,ChIJlyEhyi225zsRIROY3KMUzhE,AdDdOWqNxe-CoFyvBPl0ivG6aiSCJiFWncyCr1nDqVwIcNjMbrEsnsGlRxctwWH6pIZ3M5-L4MAE5PF58TxzF3cGdDr7XjG9K1RrpqVZw00pPRmRx2_RhfVJ1drrA12NL-SLCVvXTqHBnt1LI9C-19LYW1qZnWXOVmA4oZ432aZ_QRiBuI58
Mad Over Donuts,"Maitreya Business Park,Vile Parle East, Andheri East", Andheri East,Mumbai,4.1,450,ChIJ13m5EbXJ5zsR7afBIUCPhc4,AdDdOWpmkJrQ4urrlIJXU-Kp58XVLWUonfL7rjXtUrGK1Hqj5xpRZGicy86M4wwkBObur3y93LoAD0b31SsLHvuEFIAFWCnThuSV58ezDt53xbZTMov4Y_YTjzEDR1c2yd85DBq7meyor6_Q3a_N3wvIcARVDul32E1c3qfy2kTWnS-PlXys
Nara,"Raheja Towers,Bandra Kurla Complex, Bandra", Bandra,Mumbai,4.5,2500,ChIJu8pLPOHI5zsRO7Edoj4gioA,AdDdOWpleYhb3zccqL7Hew4eP9E8iHhhDnMQViIMfrIp1YM5rZyM6ynGjdYsYTr16IRNt148EOKybrKsUxAvKT6cc8rPolvSSBJdUsgkxjNrSPYQD8XirNo6viDuoa1byjFD6r1A71egi2f3_q98M8mXRlnboa1sKDhGEmtpSxYr4GmN40IA
Oliva,"Harileela CHS,Vile Parle East, Andheri East", Andheri East,Mumbai,4.3,700,ChIJMYGAVrHJ5zsR5Vdp54GwFMs,AdDdOWrBJT5r60UaXrPGj2KaFv6XPtRSsTxqQRsHA9Q-TUHErxSHGaSTOoym14YAbADJ5O357-Pw2ImfUnduy6NY3_VCJ3dnrB0uVA1Fprw5VhuqcRXjjJOJPFhzZQ9g1bMuRBuQgFn6xpXUB86YfG3FoYGv_wj0t7HN5253Tb0HuIsIlyT_
Celini,"Grand Hyatt Mumbai Hotel & Residences,Santacruz East, Bandra", Bandra,Mumbai,4.3,5000,ChIJaVkaAALJ5zsRLUn8gLx-oZ8,AdDdOWohQVp6gEbwjtCXfHtZmmBW11ZwnIOamwjDnzb-ziCgPvsV7MxWo6QzcUDkHSLaw6iB4ZuDul--4i0bPASRSk-xryzyqN4EhHjEelJ-d2hjlzsV5OyyTqP7bG2lPSt97sqt7TgZNtKxftOGMXzc20Xy6EQ8jCQGkV8mzDQi7eKi2mG_
Hemant Oberoi Restaurant,"Godrej Building,Bandra East, Bandra", Bandra,Mumbai,4.2,2500,ChIJ-2hG68LI5zsRXarSyi4obVw,AdDdOWoNxI1qy0A9WlYScFoKrCqMPMXqlR55LWDZukxFivbae2FjX6jZYkHdF2BS27rUtjAUI7EAKmXvFfTva6xnwER6e2L1SV_96a_CvA3hK7FVL0MOClZ5AW-cXOeG5AZqFyh9HJKeG93Qq5IUI_CkhoOclvVYkIyYRbwTC9Yl6ciICC5X
Anant Palace,"Ghansoli, Navi Mumbai", Navi Mumbai,Mumbai,5.0,1000,ChIJl7BHxLfB5zsRNIm0G-UqYI8,AdDdOWr-3QH7HxqMKAqkUbaqYzZEJyXPKGQfSIqUsEYc6q3j3FelHlwoRq-n-QNnrPy0kejeIKUOJJXEWuh9g7CIbR7mqu-stIWSw94B-TrfmNKKMACv3KbGULmCZxx902fCosNgjiurusq3qZO99h4_i_p2LZaG8GNQDz0TTmeO77PgcQV0
Pop Tate's,"Satra Plaza,Vashi, Navi Mumbai", Navi Mumbai,Mumbai,4.4,2000,ChIJl9u9LZPO5zsR-GaOcDorp6U,AdDdOWorTGJXdI2CbwcbTBblsSTBFMMa_jPETEDP3em0Tv4byAMiP2sXN5C-HO2hlh3Rlb8GSgvDBWWAzxh9djpeLosfr-5p2COEZGHtr_GId-vtQuvtWZhpg5ZtNC-eK22EN8xPKbRbMcJEqq-w6bEU_aR3wQ_XtFf23jQxxCV3WylAREsX
B MAD - The Restaurant,"Mulund West, Central Suburbs", Central Suburbs,Mumbai,4.3,1200,ChIJrZSR1vu45zsRqcmPII7NkII,AdDdOWo7kljLv3V8EJErqp52qoL9Jdk3KWeiCLw1YiqOqeVh8vffHFoXeNJVSh_i8wxV1Iz2-Xg-X2klkohs6wesuoZC3w9cDuBXjx3_RTdzpBKDLghHYWZkUTUFN0DVMu4i5DezECJtcJpV6hpoRp44O_7DzUW-zNJLJADiv9FXkTp4EMNY
Tibbs Frankie,"Bandra West, Bandra", Bandra,Mumbai,4.1,200,ChIJZVUU38_O5zsRwHrlz4kgT8s,AdDdOWrJ3b455hbgSK-ymApVsvjYNTAyDHZ3NXjUB_exqQIQEVPWXrtdAHV3eHVbj_EDnzrTdyIrCIn2ZtIQRSl-tSIHgKIV9Sz6OIvq8GFya-W8NLoiYaSIRXuugQ0FqEhNruqIbDNBlm9pBFguWmPlWsZlTkTYH_wYsvUYVVKBHp2yfEVB
Atithi Family Restaurant,"Mulund West, Central Suburbs", Central Suburbs,Mumbai,4.3,1800,ChIJA-KVbD_I5zsR27N5hkHqCaQ,AdDdOWoWikKOCZ3uUSCeUP5HNAtMCa8noBYlYxt_2rUgqvAKPCN5EjUn5RIcHZtCl0-MIQ_6sgPHH920lNp2AigJFVB5dMduLYGPXS8WCyVH3Xg6ZxA4TXnZ_S7aLX9lw8-sV6J6YJfM8U0gQT41gppTiFAza8YICH8nLO4IcjcFRf_IYB5N
Mad Over Donuts,"Mulund West, Central Suburbs", Central Suburbs,Mumbai,4.2,450,ChIJ13m5EbXJ5zsR7afBIUCPhc4,AdDdOWqDCBGW07TIUcLc0UkT0nFXDU784NHu6Rvjmp7JNrT4u4HtB2uWpBJ7iPjwdbc17n-LYSyFaLxEleettKM2LViIpyhq2-na2zF-nk6iXXLAyDoSNfJHUP7eJICyIq28WV1xDeQ6QEu_DaO0y3kWyD45wgJp1E5JhawH6YZery3Ru3Ef
The Union Bar & Eating House,"Vashi, Navi Mumbai", Navi Mumbai,Mumbai,4.6,2000,ChIJPzMYCUrB5zsRmk3QuCXVUYc,AdDdOWrX0SN9KqVJ0zt2MPn3JxanpurfYjvRaVrHJ8nYIdBOe8tC6NeEW17Li2ObauTdXBC8hYHzW0vPhOutYBEf8bXtJChxQswBMdsRMHasJyhAtA2p3_JVyviash9kQycwCcLbbmw6_IH6Slh4gtA-bJj2Hpv-rUxKRzjxzITAEILCWZEI
Blisss,"Airoli, Navi Mumbai", Navi Mumbai,Mumbai,4.8,300,ChIJH2Jlk6_I5zsRb_kePT9RJ9U,AdDdOWpd7aEjLRgfkDTQn5nQ-RAvYMEZllKwu6qAn-2Cjg1d7CpWxGyGWVjD3ZslmNFzWvh37V6gFbytNgxHUO3pg9Jlp4RpmUyDLFlGkWthr6VnI5-qhu2-tk6JK28QDHvAF7ojv7W-GRpwbZo3i4-Vzz87JIdduOqX62edBig5yVByBivB
Shree Laxmi Sagar,"Vishwakarma Baug,Vile Parle West, Andheri West", Andheri West,Mumbai,3.5,500,ChIJM3tkscnJ5zsR1ShqktWGSxA,AdDdOWqydjHrbx5xUSeRvYo2jyI-EUHGxxrts0QKQUtQAEe33uMqfI2VqBJAhuGxnaJepGxvpDdoDXaV7XpG_Iu59cIEGy3D4WWD7OiE1IyiT8Pfhgwe4W6JEpQsX8cGBaySZtgpFtYwI1rTwGF_pEf1sWFxFHe82QD2U78ZzI67zNpIqmgL
Sauces and Spices Restaurant & Bar,"Vile Parle West, Andheri West", Andheri West,Mumbai,4.0,800,ChIJN2tHmMjJ5zsRJ0NkTno2yf0,AdDdOWoXMXluxUiHKdK5xcrrh4j2gTwtIkrM0DhzfStPKfm1AfntgX1yUzYlkIJAkQPdBnu-RHlFsX30GMDhCzbp2GRBWNZEWIdicgcTJ7V7b3Bz_3H2qoaFsqpRnHPC346qoWDZ7cdc_Qm61kCgmC2somMU7RfC3Bms1ArRQ8-t3w5ik2k0
Jaffer Bhai's Delhi Darbar,"EE Heights,Jogeshwari West, North Western", North Western,Mumbai,4.0,1500,ChIJM5GBAyDO5zsRNKgfWjdMy6A,AdDdOWqDZr5I4hmMjqqYSCS6GF0AmtEu3tNGEXgIPBWCwvEdlakUIKFevzoIG2ii7u4HltlwMwyk9AEyHqFoJ-6c-aJB3bufB1F2rescwJJPeQy6oB47jlpc9hxQ43Kfmet6McIRH2fXsQTmKSo_WPOgaz3g85kDBmHEPPL4tcbwVSoFN8Fs
V Kitchen Restobar,"Hotel Varishtta,Kopar Khairane, Navi Mumbai", Navi Mumbai,Mumbai,4.2,600,ChIJbRfBT87A5zsRenNPV5g0sZE,AdDdOWp-KYEsSyWXn3doOMaOJVOwt9aFwpLlIdu1k1UeN3HNIfkZ_5hPKhhrKvRLIWqYh0Xffbuqh9wId2Oi2AGiHNcwNmZGi8D-jLMUArFRyzwQqfiyqBrgmfmq5U3xYH1Vjc03e7RO_5EzmKMHoLZs-wfY8flfKq3KvtaytqkxlZwfelFW
Fleur,"The Fern Hotel,Goregaon East, North Western", North Western,Mumbai,4.3,1200,ChIJH6W0GLK35zsR0PT34Xrz6X0,AdDdOWoUczwZ9252_yxi63-2gYgZEC2j0LWWaGmJBCXciICzNlYipsCxYWm1FSZq84i0GD1MtIZclI7c5oqrUSRgmQflY214OjpQkKR0bFYXWM71x9OtsdfjLd8Wcc0dc-sX1f8NLjpeTOrbACt_rtMQiUBdAw0sDleGx6tnBCcVysrtadbD
The Food Studio,"Vashi, Navi Mumbai", Navi Mumbai,Mumbai,4.2,1400,ChIJ3f__b1-45zsRAJMaumVduvM,AdDdOWqBx1pf2dU_FaHsqw-s8WZL-KCtYWxmAQ9ewmNSCwYhgve-UVOHBnSOan2CM7weWiHCVPo6biYTBvFEmanwsxCUujE9_mt7GPsEpqJuJUT8bFi_YvDzmCCSghvHKNkETC7dRc1h5asc-_6Xia3k9K9gEKuw_8jLmZypPm9O9Dmwp2qv
Pa Pa Ya,"Bandra Kurla Complex, Bandra", Bandra,Mumbai,4.5,2800,ChIJs-AMvCDJ5zsR3BK8SvwIoUw,AdDdOWqV2ue3XR0KwkCdMduYsl4wRt3ZTD8hSIm6kxJF3fXZlWyWi5vU259w9b-isF7eK0hWsRPFHtwItXVQTE1zxn3Z54g6Rzazev4qzXuZHZWgqo_8bzK6d4nL-e_-Qcpwa9A2GId_ntgHskYq93tDZK4EQpv0G4csG_yQl7uQ_Kc098Z9
The Caravan Menu,"Sun Magnetica Building,Thane West, Thane", Thane,Mumbai,4.3,1600,ChIJ4YKzaRq55zsRJuBmc8Te3YQ,AdDdOWq54VPPYKC7pXf514p9pHeN9DMnMdnl2BqR5ebCf24djQYX-iEpr-sExGkeN64eZLHpHV0yp8IWdjPgD4tmGRbiMmoKu3bpw5SjW0d9c_ojjxVYFyea3iFwKmQwhzYc7Z3tUCipbLR3zwNoosbzacg7U5kht9_BDnGLQ3SlJFE9O_7a
Zenmai,"Santacruz West, Bandra", Bandra,Mumbai,4.4,2500,ChIJv6f825XJ5zsRYan1VjRjka8,AdDdOWq3_pqQyeHvLTiW-rKwh4pAj89wKukaaEVbXdH1KGg34ye3bDLqD5wOV357kohnT07KnOGldfxPKpCI47pXkfXseOasQ5RdJzC4FuRdOhVoHnXJLi1r15_JhaREmZWP-EHpms2kHH_TnhUMFWgIlpFdMfkKjk6ibiVJEpbn8aJ_YQ1-
The Bake Room,"Vikas Paradise,Mulund West, Central Suburbs", Central Suburbs,Mumbai,4.0,900,ChIJ3T6gTv645zsRfM5em7gmczI,AdDdOWrjlKGkxAj6hj0UOr_1KN5saEasFkDehUQW_g4sgvvh_hcLRCkpNHv2kihbrcFVs97CmystxzQw9OcHFsnicDsV9UKdxveMbF8jDhrNklIVxHUaSuREa-xqOez19RaLsESZUZyc9H0_nCsUgkcO9kNnejpXJ64aPuFRUngOj_fLl6qe
Urban Tadka,"R-Mall,Mulund West, Central Suburbs", Central Suburbs,Mumbai,4.2,1600,ChIJzTnc5h225zsRTVQYQdXV8o4,AdDdOWoY9iHK5g7HekvaT4H4xljVuzuqJ3FfZObIp55FaOvH-WsSB85-MKooXk_n49yRWUDtN-ZKWSN60-XCF2r9oIA6icaBVCCE3yBzKrPga7Rik-qza1UbQzX8rVUN694meCl5hsWw_hj23HCov7jMkmRHFi37HKGKK12YpS9s_ZGgja2N
Genuine Broaster Chicken,"Satra Plaza,Vashi, Navi Mumbai", Navi Mumbai,Mumbai,4.3,1000,ChIJR9nrEdHA5zsRsG3YqCmSWmo,AdDdOWqK3SSYJwUW66p71SqyPjLxZQbVGDMMRWw2mWcMTAVM62g1K578GtHnToErZsWKBTZLmMM8gvP0QK9MMj7bU8Ncxell0oDZdrz04FHeZ1TMc0Qpuv8WfdEtylMDiV82qCIW6mzHJy6DwI0XBUoFGRBKQEbYxZ7H_Ya17HoQVn9HJm85
Aromas Cafe,"Juhu, Andheri West", Andheri West,Mumbai,4.1,1000,ChIJSWijB-bH5zsRVLE5ipsxvHU,AdDdOWqMOzZcezm_0hrhngRG3rgSwrfzC8Y-8hTrzjMJxl4MkiRsbC-jCsCpNte6P966O_3uLvM1xhrkPvqKxfvRBPil8Dk9xWV7aIeiy-ABPaiboUajKeJRvBPfEGk6Y6xZhOmoxvfNzcvMIZ_sSdE6tifWiB6XXgAItgwW9KuMort7XPlX
Spotlight Skydeck,"Thane West, Thane", Thane,Mumbai,4.3,2200,ChIJDaqLPwy55zsRWp1EG_vG-WE,AdDdOWqXdx9IXPiRvPj5xGE5odZiP2W7pirHsx-nmlQcVqjTYG1HfuMNhf5B_BTpxc8j90pkWTPwzylG7rriGbrAdskj_ekSqy7uQ3TO8VIXorppaLBOC-4XMeh3ljcUFWbppmww2mq6gLnTGLKN_llMZ_5xuTtTDMCNPdT7kqCA3UyMInuv
Garden Court Restaurant,"Sarkar Corner,Near Andheri West Station, Andheri West", Andheri West,Mumbai,4.3,1900,ChIJQeh1f7y25zsRg6AC-mYuXhA,AdDdOWplg8hUNdClBTUiJ7n6Vy7gjokmpv5_2W0k6ElSbbPbu3uwtSRdM0fTHDxUxFqewCuinvJYBcZsoBxmgmzEUdpFPgtsQaOJPemWOcx29RbuvtY4RcWmXfWJ8CBOTLt1qAOc1mWCztiVpPnC2ZxqwZ7MQCsfzDdiKmiv5Hutva0zQtvR
Seasonal Tastes,"The Westin Mumbai Garden City Hotel,Goregaon East, North Western", North Western,Mumbai,4.3,4000,ChIJqX7c_6i35zsRWrm3c7kxrXE,AdDdOWqowYSDfBUPqr6FUvk1cp-f9xmuKbrl7LyBmLRGchcl9IQUFc3rNq6oXeR6_23mL6TAEPlLWcO0iPNxYXILL6O4FoezeLLvlHLsvHK7PsWG_LZ6HzacFal7O67HiZ-1Hk21j-voQMVEZaolObcO3MjCFD7KKXX-FlfPh0sGECTUDAgl
House Of Lords,"Vashi, Navi Mumbai", Navi Mumbai,Mumbai,4.0,2300,ChIJF2ljq2XH5zsRdiJUldoHaZ4,AdDdOWoNpT_RA-HW6mgG137dfxHSOg1Us6Q46meWm2IFhYcSiXlQ3G7h3uaGjeCZvg4rEj7YOySx4Efwtg6gPpgHPISsi-wJJWLbnxyrhtLlD7ZoPSJzJtb0PFz0GKpWQWBkmQGXI4GrUAz2TAu1_cMrqLbrWkdyb2IKutNnreOQl3zTkj9T
Coriander Kitchen And Bar,"Willows Tower,Mulund West, Central Suburbs", Central Suburbs,Mumbai,3.0,1100,ChIJ7xpBO0u55zsR9ek3BuZT86w,AdDdOWrNgBGkPdmc2vf8HDzp2xtX8QpgRzutLn7euSjcrzuAy1i7JulrhwVffnS9GGJmWwjKwOD4MFIezg8e9HwokKZ3Vv73kwxIhskt_9XMII_-9ePN5WGNI6qcXfqmiWiKlH2RXmbijzWuA5hRVOl9fIlF8boIEz38-Zppb3waPMcjOuSf
Blend N Brew,"Hotel Yogi Midtown,Turbhe, Navi Mumbai", Navi Mumbai,Mumbai,3.9,1200,ChIJmbElycPR5zsRusINYhWa6w4,AdDdOWop5x1iNIBBf6BGh2J0TDyksnGe2gViab9OD1aZENc42nXFC20vdHWz4u1uJM1-ot7flfYB6XLMJUPHQ2DWD4rpzBZjuyimyUrpaqEps26as8IQewCFqH1inw96X8cxruu7wT2y_Y9yDSOGIuVg_qU3r3WLIzGOBLEbWQQ1T2q9FVYr
The Food Master,"Vashi, Navi Mumbai", Navi Mumbai,Mumbai,5.0,500,ChIJGzfwskTB5zsRg9uOFItL8-k,AdDdOWrjHpH7wcOhyOOMMgqNpcKKfE9bbOeblAOXIPVzdGreWPZ7QwXRM2iFkm104I4oefxXj6pyq08i_RI7IuGzVeMCzdf7UrA9x4xof3jbOm8Apea_TQHRMCrBuLRoasOtDwhu23au4seocuAaSbjQ3RAhJ4W2hEtcQejEjyHuzetLZE0t
Rogan Tadka ​,"Goregaon East, North Western", North Western,Mumbai,4.3,700,ChIJ-8FfAuK35zsRb1_FRaOB_qs,AdDdOWqC8ztFdRbrwydAXZKCY2ztHj211NiEV3qkmruRcTA3iqS2P6tpW3QvxtnMp_bjXNfIzWzEJzC8X_45tw_sN9Jf804V_XPhctJaZVcln9gIttbbBgZenV_YpFLG5xQl9x6rHzHrfILOrgCIPdCDoJN_qAv7jftbCqXOm24c7PE8Trs5
The Homemade Cafe & Bar,"Juhu, Andheri West", Andheri West,Mumbai,4.5,1200,ChIJL9otb1bJ5zsRA_oDLZztH6k,AdDdOWorFF_IoXDChUbDSnn1neJ1HEHL8iO6slQSgMjk8vM2JlI5ijXfWaf5VT-e3YLfZay4fhGBRFuAuY3GcImzupZgwSdO_KiP_e44LdEhjjLh7COQ2nJjW9BhADAJx-81Yxt_o-g1p3m-bS0LR9LfDPFNxKTbbwibQj-PEfEQ1Irt7Pm4
Archana Veg Restaurant,"Mulund West, Central Suburbs", Central Suburbs,Mumbai,4.1,700,ChIJpVVRiv245zsRiNvprSI4AcI,AdDdOWpBve_O8PBMWpK9STYooxEBMaZit0XoQfw4Yx40VMWPSHN30MtdwDK5yTCGd4xcRIVttBc-4q07nOuMVlN6LIOyH9QEBo9xzh511mfhP-ZKzMIpQ3jflcIYCtIvMfbAM2Fzeth5OSnyuzoPuRixWLZTw1egw2LV9AEiHC-zbbbzqd-a
Blisss,"Vashi, Navi Mumbai", Navi Mumbai,Mumbai,5.0,300,ChIJH2Jlk6_I5zsRb_kePT9RJ9U,AdDdOWoIeAS5hRzu6d4jrBS_gvtSMCHkLQZeWBMwoIBUtQu9Q6lGQMsR5l-y2eBZy6tDve25Lkzz2BrsrzwvMXJ8ulvrcYZy6tuyqbGnPztIvePNdQAh9XqfTUL6kN9lkhboqDxcNiZwW4psatrCOckdrGKrmOVm8PcMCUIDB4h4ZaUoKTLp
PizzaExpress,"Near Andheri West Station, Andheri West", Andheri West,Mumbai,4.4,1400,ChIJv6g8NMHR5zsR-tQ1_C09hSM,AdDdOWpMcE3-_FuQG-YG0yKOuaOSvJ7qetxP7-8ncaFjzkjMAtxzNgYmtyy3VPKo8vRQ-mCer8Zyng8UPybrd33MtDHSplsuW9YvI7xFnh7I-XYkUqsBfQeItKGmvqG_JbHDsHie_mA2zbTkT5jvb2vga_AkMlL2NIjqbkwaJIeHxGcKzmI
Pop Tate's,"R-Mall,Mulund West, Central Suburbs", Central Suburbs,Mumbai,4.3,2000,ChIJl9u9LZPO5zsR-GaOcDorp6U,AdDdOWpBkrNizKmcZJLz79v5XrtdClRTow1kzVlFtY5adziHyppQnYul_dCfr4VmIElPqEZ36tueop6xhoOCnJp2Num8VAUMT7EbPaoQCBLiC3teyhmi4P7vY2CPCogL2B_nzaB0sY_DaBThIeltNzA146NkfbGCHhg3UB8zxNuAReAUkvTU
Mainland China,"Veera Desai, Andheri West", Andheri West,Mumbai,4.5,1800,ChIJJWTeXTy25zsRNkUxi_z283g,AdDdOWoxmJk_4-t0VoR6U6Tq4HA13LDvdJYdp3OKiBgysArbg3ytAGutvlgQd_zkhKAf02qS1e1ppeSqtQkNcac6q2y11_e11XoWtcK6HNvCXLXP119isnYSYNP4bLmEJoOsy9iFBMIl3ZZ3yYDAfmPEUZ05zx8rF90hC4EC7p9HjazHeuGY
Coffee By Di Bella,"Juhu, Andheri West", Andheri West,Mumbai,4.4,700,ChIJUyr8-OHJ5zsRs_3FLT-U2XU,AdDdOWopvqtfGIZMkgKagTAUEPAr-903-sI-4BsW-fhlK5oXK3B6fv3SxpkyCP9OF5NIzwNX0jxpVcYZyyhVuYkvDVQFZX1n5eaEiwpkTU5PLMdEsIgX-Igi_V9sSlkZQAOBaKXs7uqvn8gl7KL8KLvhn2DpNhe1A7VDcsoVlVLPSPcGAT1F
TIB - The Ice-cream Bakery,"Vashi, Navi Mumbai", Navi Mumbai,Mumbai,4.7,300,ChIJUdzJahTP5zsR9UsPEjoD4IU,AdDdOWq4cI7l0U9uxiK3Y9BcSf8iUpcFTkp_eIHo4Pbz0B151fiynW6e2eQhi9KD14fdueSzgQ35UmrYTggQZ92tMgvGw9-cLahRhVxy0T62mcHAYFE0FK7w0WzcBZl7Ok3xm9Wzgrj7x4IdXnKamYF62s34EWUTrgFD7wnq8MbhmOuojooA
Global Fusion,"Near Andheri West Station, Andheri West", Andheri West,Mumbai,4.5,2000,ChIJQ6ub2mzI5zsRXuzdBry1sXY,AdDdOWrJ71GZ5COLDkhE_8_MR9JBH-LJadQT4SFZMeg28-A7JGs2vHb83eLMQ2V797QJRaJad-Qa-KpnG88Qynf9beB9meZegvrJ0nZSarREFJt5Ejm06avQISCzlu3isV-GlToDXcWMy4eU_qlQRDfxDIZIF4HWbWs3OcTR2Eiy-vcL5Y-s
Elementaria Bakery Cafe,"Tian Building,Juhu, Andheri West", Andheri West,Mumbai,3.6,800,ChIJ9bMCbO_J5zsRKT9bd1B67KM,AdDdOWqGMhNOwTJME64U5At2388Kgr00ui_bsXLp9riM1tgaQ05OsPEUSPr5R42ndtQtq7jFFPVBd_u3PRIcQH4FkozsPkpSCUtCtl9uxcT_eyUzS5TpD6sm1c5VMwEJDYADM1wU4qsii2bKh61WpdSCfX2nlsrfa4br7kHkBDuCnxJ66H3S
Cafe Contigo,"Vashi, Navi Mumbai", Navi Mumbai,Mumbai,4.4,900,ChIJhTIvneHB5zsR7nlw1i30iGk,AdDdOWpaSh4gPd5p9eHzrITGtHKt9kLhGW1ujdTx5avYw_6DglaBTMX7H5hMyEEvR9brcVM9WasHc7VxGBAMarXBZr56dkuHGqxlH8bpxIh7c3rKOzug-RhcYyIHyyCDGteIQhX298qmg-OteWydMOiAenNz-FKud4NcNZHdPt248enKM3dS
Pop Tate's,"Morya Classic,Veera Desai, Andheri West", Andheri West,Mumbai,4.3,2000,ChIJl9u9LZPO5zsR-GaOcDorp6U,AdDdOWq8bEqrt8MM1Vi_cPaY1LEzAvFrJm-lBoYDdwQzXu-cGdyqq91E8hf4wk4tnWgQakoZHf4FtZ0xkgRBnbgnM4Tvm001TC24WcZrN0dH-G16__357N3C146UqZAxXQbBIBVigJXu0_2Cc8QpCh2ZHFUJVQZcnSqduDZ8rKqniMXJpbqN
Mainland China,"Platinum Techno Park,Vashi, Navi Mumbai", Navi Mumbai,Mumbai,4.4,1800,ChIJJWTeXTy25zsRNkUxi_z283g,AdDdOWqJIbV2wXV7vAK5gVSCQHK6hvhInIUIc0FtLpwPP_d5IzloHVjpLAVMhBz764v8IgbsLRECC6WxLHgYiSyBeFoivg7FW7I2wVx3x6jPjWXhUFFxydoLTU0FmdSSwXmqgDSLGZzrc1uMNFpS9qdvQUPrXb7erQG9nFWDq27iZS_Zg-LG
Victoria,"Kopar Khairane, Navi Mumbai", Navi Mumbai,Mumbai,3.8,800,ChIJFWS1kcLR5zsRq1YkXo3lyd0,
Nav Chaitanya,"Versova, Andheri West", Andheri West,Mumbai,4.3,900,ChIJXd8zpRvJ5zsR6acJsQjR9BM,AdDdOWriAgp13y6iTm2ObTZLZX3Mjc_Gn4-ZaYtLwQLXsMEfIbYz0Sunhb4EZUq0ATg2xkpn3c6a2CxPAnS64b1fpa7w38lJ39pXPe3lpReVmc7gz86a28aBbvXaE5S2mueklKSS19oEWrYLIfog0MQRuPXKkAMOf9oAfo3iusYApTzNA5Y
Tibbs Frankie,"R-Mall,Mulund West, Central Suburbs", Central Suburbs,Mumbai,3.7,200,ChIJZVUU38_O5zsRwHrlz4kgT8s,AdDdOWpZwpOhBOpl1AziO9prEZkvsNQQOSRe7SksZJHuSk1wguDd8iFvgLqdZ4C2e7mchbAKFfAEiA9sC3ZbFC-qn7Fpgwbqv1ARldBDL8QqUYdWJDtKDYMFcazJM5t1vA0R4uNA4CwA9Sg6K3LI-22bD-qrYMoCKuOlo5UAnFJvqU9GiXm8
Satu Shree Veg Restaurant & Fast Food,"Vashi, Navi Mumbai", Navi Mumbai,Mumbai,4.2,1000,ChIJyQfRgy3G5zsR63CYkpxStZw,AdDdOWpxLNSOsR-vrlIzJ-N4W4qwHxpz15TWLXCu2pFgVOoshJ362Mo4VXW00T7tyrdqwG5heUTUL2aXe_uPh0BQkbuDgdz7UOroyJ7kCXvjr7Ag_PCroqbM_hFEYrRLtXAmUjnQTa-tHq0JLbBh5gNRK51SqqMlRhNvia31HMGgxm0eflnH
Pop Tate's,"Khar West, Bandra", Bandra,Mumbai,4.6,2000,ChIJl9u9LZPO5zsR-GaOcDorp6U,AdDdOWrTlRcL-7aLEWV0OthFLo7DnQPYnSpus0cgdJKyY63EE1YMYGedXEUoWKgYXEhJMUF8c87uzexVC4o4rddvMROWey51zqU_fV9YmoolMavL9vFqHtu4wzWb5ZJ_5ycHJxB1EIYwpF55Rd7BydJuLB2ujuJtMVgbVUd5drv5FNE8NcEV
70 Beans,"Palm Beach Galleria Mall,Vashi, Navi Mumbai", Navi Mumbai,Mumbai,4.7,1000,ChIJE95F9jrB5zsRXg9eb39pNSE,AdDdOWrTAwlDF1Ei6IlNcyykA5C2k96k1OjpKFn9OjGajw1EGdUj9J00cqMPn6tIN9ZkRAVivr72PNXEf9fVkvWW0MLKzYMf5pfDVzHt-vdwXvuDbJiBNr-lt2zOh4t5thg-6_CQQZL2EyqT2st5Yx5O3zLRFsDYtsg7IjIE41nPWdkWzSqO
Facing East,"Juhu, Andheri West", Andheri West,Mumbai,4.4,1800,ChIJ7UIp5OnJ5zsRahdxCMR4ZyI,AdDdOWruaW6eD30N-ChP8qM2kBzwjZxzUktTPmWA8BBFTkwG6dIW86_U46d7TviW-lt1aG21KdP4nxx-p7vaYXLvbS4dM3KP-hzjenrmQ0kRQgqA2LHLYIQx8v-pDteM15nLrxpEUK4uNYvcQq2mcZ5djVWwFg_kEVO39LeCx4NQ0NQe2ciq
Tanatan,"Juhu, Andheri West", Andheri West,Mumbai,4.5,1000,ChIJpVFbDOjJ5zsRgAIwHsoWq88,AdDdOWoFeZ7cNokMJkIZzZlDpDtJ9OUfrAS0HIjhkI0-Ei7HNVnRC_O2dT433m9AMC2C3XbriBsJeKXWc-1H1w9EuX4-EkxCUpaTNWuxz2omyaalnvFrCXUVxUkiuYzi0D8LrrBfNq4-TI7kg_maoHKctGuMywyRCFErWbFaSETuknbKRcZS
Angrezi Dhaba,"Bandra East, Bandra", Bandra,Mumbai,4.0,1500,ChIJn7K6FdvO5zsR4NudHWGMABE,AdDdOWo9wwa1NRFDwhoPI6PX0Ek3jdA_c31Q7eFPZ_e98so22UyPiL2Gf36PUH1hv45A_VVV5EsjifVuf2fvic3roM57EylnaTG29EqUTWWXgUn8WUdOfNbis0ckSK_v3ydSSr9M-oWUfBZVgO0genE-aZ76dKiL5KDFT2kftFqCAtnzLpNw
Nisarga - South Coast Hotel,"Ghansoli, Navi Mumbai", Navi Mumbai,Mumbai,4.4,900,ChIJ1UHTzOvB5zsRHCHNsXkZo6g,AdDdOWqDIO2MGaiS9Mcmxryq2Nz3jJXFjFyy2ReyBQcxLP5vo-XtNzDA3sgjXfBnDo4bMNkiYLnH1JZ1s3zHOGHCDT6BR-X-cjszMcVW5AWFOmfpzqaGSKHv7wOwZ8urP8jPR1kwQLZiXH0VFwt5v1bAtCgUnJCvdr-r9f6QvsnKPxXLaUva
Something's Fishy,"The Regenza by Tunga,Vashi, Navi Mumbai", Navi Mumbai,Mumbai,4.5,2000,ChIJm5fdJTzI5zsRqDx6TKQv1SA,AdDdOWpr5sWpXy3ic6JdRaj73XT180on6Ln4gxD7r0QYMI0oDd9RHN05CJgWsfXy9NiJ75KvrhtSyI7DYcubtLsNhp2_IPqhZP9eVIbBmg-Pi-TRXZe-piv0IwJ4leLpWRBp8h8Yxp6gTfTUn25-5Rb81jc2bBU6WpSFhwi8hF4t4HkCouU7
Qilaa de Vashi,"Vashi, Navi Mumbai", Navi Mumbai,Mumbai,3.7,1200,ChIJr1zz-CXB5zsRLQcUgxhj_ME,AdDdOWq3J69su6wqs2oXHqsGqRefZ0LhdBB9Ng2KAkelEzU7V79tKx_oSezhCgn2tywnhlDp04Df3SO8G_7mJr_MiflSZlxvmhGtAgcFlDx7jatAFcQS7nuheoedmSginuCoZcHEa3eWO2ysD9T-Hm0pNQuOMqppBEEv2A3Oal2xj2UI-7Ev
Young Chilli,"Vashi, Navi Mumbai", Navi Mumbai,Mumbai,3.9,1000,ChIJ____YDrB5zsRMPHzajpGauI,AdDdOWpw6QDk1jXEAtypTA4qtKeWCkffKYoDT0ERW3WQd9ruc2-CbrXwiV6GqZuNdhJE1pLjD_79tyToIVebxmbwknlm6f0qx4tQSudOQrQel0YuxWWTjA_6KJsTtrh7-LId3TRFzyguuBlTJqZsErxk88ipe5CdVdsLRIU6kDoPdrGwvmLZ
Peninsula Next Pure Veg,"Sion, Central Suburbs", Central Suburbs,Mumbai,4.3,1200,ChIJgYf3lc3I5zsRFcvaQo5QQek,AdDdOWrZC7uNcGqVEfjsqqbhWgAaXXCJP54x2c-fqqXzORDUW5swLwIrf-FtWWusOhHLrRUdI2S7QPZrzLxXOl2w-1TSkmeJE17cG2IEtAGrR2ZiPBa8WtestbPsnCz47dqpvA8IB4DM7K4oUcvHmm_cXcqPs6iM0DS8n4QYHQNw8I0IDb0i
Surbhi Malvani Kitchen and Bar,"Airoli, Navi Mumbai", Navi Mumbai,Mumbai,4.3,1100,ChIJvyAUqCbB5zsR3aZOXuUki1g,AdDdOWqDYx_dJN9qNseVG5a4HBXQUwyXRTdsLaYaF5n7wRRrLGKRAUaNTmA7QNs-HLhBCUPi2RCrSk2D9ruEeJ05skub5rADFka-P9oMWcO3kyDve3_PI9gobcAZKyp_QfsmiwXtRnfWBHm8UiJZYp6-_6nUDfeV3NQCfIpknzthvHtNKA4G
Pachinco,"Andheri Lokhandwala, Andheri West", Andheri West,Mumbai,4.7,500,ChIJKZt0sVa35zsRAfAdtugjq_s,AdDdOWpmfdRmbTMsGaC1_RdAXXKxs69FAoLd3swjyFGCvPVHVxmQGpX7buMh2y28VyEFs9cd5zrdcqqFcBUy27ehgn3tYRHEZp1B7eWj8w-5RRUXbLMQnbg3aRvzN8eX8p1GiKMSJ3OpoL4QVSrezOFmYv-tc8IAm1Yr1ipFTQVpqasrkR09
Roti Republiic,"Crescent Royale,Near Andheri West Station, Andheri West", Andheri West,Mumbai,4.6,800,ChIJuZC8ka635zsR0pDu5_gQeq8,AdDdOWr4FgfcC3r1XwDwgsFY-o7Ee4jsrSeHltdbvnItr6nHiLJj3RzX2Xy14VDu0o7KF91_00yHGIw4U0fZGMEP2LjcTF5a7u_jTFTz5NycdAIUo7OMXuCjWQHb8sA3ADmGq2n3xNq9Y8sfCoSJX-k8cjxxFXYw1bxOCz-cS6velJCWjBlp
The Food Foundry,"Kopar Khairane, Navi Mumbai", Navi Mumbai,Mumbai,4.1,1300,ChIJQ3FDAinB5zsRKkwuGbm6bP0,AdDdOWrxcDnuxpXgPJ7R1zNgQ0FTWqEBV1WAafgHusD2N50BV3Hp1bvhKaFc7gEGhLt7rZ1R_DVjT6Rmb2_MtqX0w762MccPARcXvYEhpz2knMPa2I_Pw3M_glCAAPPakTrsPUcrHOT7B1A1exSLxFDXZIbobCKoPN-GEF2zns9bqBOjocTC
Lord Forklore,"Sul Building,Airoli, Navi Mumbai", Navi Mumbai,Mumbai,4.4,1000,ChIJE9W7SWG55zsRusjhcnzpRLU,AdDdOWoFzN4RVKaQNw3pAaV5Q3Ii_lHObSSPNBU-3hF7BGJGGOdmuUfO-4hjjkx8b-UXPVtZlHLCPWqmVtzB71ueFUrJBPxiy1A8fjBIVsb3hufRpScXEDUZqNATxEPpfv1g4jAwGzVkPW7FVzn4zYjOIPDxeDgC8C6lyUPPvp6mGKkcxUmA
Peninsula,"Sion, Central Suburbs", Central Suburbs,Mumbai,4.3,1500,ChIJVVUVk3HI5zsRHBZXPwkAkZo,AdDdOWonti_0BsJimXeUmHE7Z3tJ-6p6LDsQKTQCotH5e_GMTVk90SulBIjxb7sf5UmWHOPIPvNWqLe9BXrGbYE4w9OPKomeKVm1_HbmyeWXpIk7HkHWhL0gAJAK8xFdgLDB4OsramV8f9k_YSO82tRQrSZUA3XkMELiuQjF97sJVOb4KcMJ
Mulk,"Andheri Lokhandwala, Andheri West", Andheri West,Mumbai,4.6,2000,ChIJyUKlgd635zsRUz8fj8Dl-vY,AdDdOWroO-jMr8sM77DeTsZPbfmS78QiaSSc8Y4NCOja1KmtoEdTi7vS08timdydqYbbcnWAEsWMoTJSlnA1JlvbuWNv524lPyX-qDxcN6grsjcGDkx7iuWfRybtnlsVALGKbZwtEZJn9jUWhTqEhxqe5cE36hu5ngfxCo03u7yKU77Kr08B
Glocal Junction,"Andheri Link Road , Andheri West", Andheri West,Mumbai,4.3,2200,ChIJm3qFxYfO5zsR47Vl2XTiXzY,AdDdOWr4xVLRLZz-v0HGZYSOPsBxMi1bYCbK2P3j9XMAfS3kOw2DGoUkjDczvpWRdSEHsv4YC9mDfkOSJBCCwrK6fRqK9-c7znLR1vI5R_kGKZeptSFE0moD69Rr53VTg7vgK7UMErJ8_0Wo4rM3ETuJ6wqm1Qt9sRYrifk9cO6pyHMVy6ny
New York Burrito Company,"Juhu, Andheri West", Andheri West,Mumbai,4.5,600,ChIJcW34Vg7O5zsRY4Qr4np6auw,AdDdOWq2upe5POoeGdY7Fg_A36cgV1EWNDLwiIBOMWqXHD2oYxDpYq571qOL2AZvJ7b9m_7tFkzq0xjPI2mcMkdLetnPEKp-Zm-9sJhM5RviKs11LzuQ7tw8xPiJuB1QC3zB5WxDgLdFfht0AMlgtGHM_3qtE7SvjX_pLudHVpyfLjuKf1Ng
Brasserie 1935 Kitchen and Bar,"Sion, Central Suburbs", Central Suburbs,Mumbai,4.4,1000,ChIJ_RNiRurJ5zsRmq-pUrBN_G8,AdDdOWr_wE33eHD-6hWHT5ycyIB3pxFmL-2f5ycMPpMQpzPPnk7SRcZe17RI0WWokxguOSf3Tv5PgFsB9zfPQuIWV_xXxjIjds38UDszpDrugdh36Y0QT7tfT2WxBPc0wdb049yt1o8YNFXm2j79GvykHJUgDoRUZRupVTlOvjb2BQ5rdQh-
Banana Leaf,"Santacruz West, Bandra", Bandra,Mumbai,4.5,1000,ChIJaWzU7uHJ5zsR7F78TSozBB8,AdDdOWouN69auwazCiWMBviwtQkGC_3hFF9r1DB5GmZNj8NxtxQVA-7LX6f-h9er9B31aNvMmHZNUPw4qW1IejE440-oWszB_-sf2bQ2r4eYRO9SK9oidSVTNLw359wyzhi7mt1X8rsfDgGVPBVqES7Xe0WvMPOQ2bejGLy8eMoT8C7bvIg
Mad Over Donuts,"Oberoi Mall,Goregaon East, North Western", North Western,Mumbai,4.5,450,ChIJ13m5EbXJ5zsR7afBIUCPhc4,AdDdOWrH36EmZrwD5P7jnWGSijzIP-F3CLi1x_zlS0KGI7k4Xsb9HC4wKKJ8q6AJYybtG6pzTlC1wNh8PcC5k0mSSn83oq4LAe2Y_21tW5UAMgqnP5Kn39ly7CdGTOXQnL8b-DvfxGjsfrAsD5t7fW63LuwOHIWtAVb5YbJ2wuY3zSBOq9pN
Tibbs Frankie,"Malad East, North Western", North Western,Mumbai,4.3,500,ChIJZVUU38_O5zsRwHrlz4kgT8s,AdDdOWregjOc1cIwHzp81NgmdA8Ojv_nFKozLx8eIh2rSgkMPpeyfU7LO0PPhkWYkCIic1Lz6aaWEjg23mlJ3UNWMpuG92NL7OOk0Mi6IMa59Y_tWQyihrf8bqur7xe2QgTLAAyQlammTBXuBxTe4GSbHoh4_2Svox2RQ9pGII_pDWNM3bTO
Sorrentina by Foodhall,"Santacruz West, Bandra", Bandra,Mumbai,4.6,2500,ChIJuR1gVlbJ5zsRLAlqF74wtmQ,AdDdOWrz1znx06GF6fqfT9L0p_AKyHec0omoKrJsfwtRTosxdz-9scubb66WQLSiL-7imJTg4Dd4u3m_mOvsAuYAJ4yiW48ToL5qc_-VQGp5q3SjLNesIC5AcJF0xrFg4ZWoJXzj54SFUWDh5MzoWROqV72K7T-_ZcE4i2iwuZTsxUPFSDqW
Lotus Cafe,"JW Marriott Hotel,Juhu, Andheri West", Andheri West,Mumbai,4.6,3500,ChIJvVVviTbJ5zsR8QbY4bTDQPM,AdDdOWqjNjP99P2auBYAxRlETyw19IHPrPG4oCM0lIjsk0e8c5l1AXW-_ZDGGWASqRvdpFo6kolnbmK4QM5oCnMecsDQAlRAn0YNGWDN98_R3aCZN_J6_0MNBPscGU1i7Wum2HpxEKA53IP8P2ivs-jsk6tmetBWqB0rxqnkv516UahryLnX
PizzAah! District,"Goregaon West, North Western", North Western,Mumbai,3.9,600,ChIJs1Nrnci25zsRPFcaFSQTo2U,AdDdOWr2JIyt-LRflbf4T73vua5l36KPfWws11WMKXGIYo4pMJ49BMMS-dG_c139hdtYcutsxfDfaFmPl6d8dKzGS8oqWbqBgn3wZx59FeOV01wRjEG5UOzwpid409KPiahMWgpNn0MSq7GfRWBRtr3m8OFusm4ZjpYhe6DGpNLp8HO68CIx
Fable,"Ashiyana Apartment,Juhu, Andheri West", Andheri West,Mumbai,4.4,1800,ChIJyRiF-3jJ5zsR-bYs0DnpIcY,AdDdOWq2e36a80AtHK7Z_P4OnL5xkfQrEi8lPAXIdKpmkYzvg6qZXZ3lYMEAcCRd5OetuMKVm7nJ7sK9VPtYKBfMenrvloAtaqh5fQ2q-eQ8Qod_rdO2BQaNick5MOUz3Ymx6uxAHNJHYNKbTKMUWQmN_0IEW78EkzcPTQWLZ0cdHAS-7NBP
Bhukkad Junction,"Rainbow Tower,Airoli, Navi Mumbai", Navi Mumbai,Mumbai,4.2,600,ChIJWxDOd3DJ5zsR5nbW22-CMOw,AdDdOWr0KRlqtNxgg86iN57P1LewW7Mq92nkhjhg9qIsmILJiHswAfptikyys_RVCSnsrUsPgVP1CeLX4L6AhNqdAnTWUplO1WoAnQWfNV9dyqjkHszAO3Zp_qrCXy6sLCPgif_89j2JPfdeEcOC9hBx0CGpiVw8NwZQKNDmxXOm3SB54QQE
Social,"Rohan Plaza,Khar West, Bandra", Bandra,Mumbai,4.4,2000,ChIJv7l06sDR5zsRjH-prbHVwUE,AdDdOWqYEsFCRIEQ7LMva0Vpra988CuXF-ns0egU8TXo16xWgCPjf0aANa58o5ytgu4NC_uCmuwA7_CldVT_RflVi8KudH-dscYLi1yuDwkZgEYTjxI6hvgVvOjuMiqjQM2dGfyv6yWJyYeyB93DKLi_Ikj5YChyFL4W95mTnxQCjpAUI1rm
Miniya - Turk,"Crescent Royale,Near Andheri West Station, Andheri West", Andheri West,Mumbai,4.5,2500,ChIJIYEnFBm35zsR3NGSnm4qnn4,AdDdOWoQTA8SWduT6nxawciQNziX8r-UAC7kmBBphTqjBnh25tp_9U2bw7cXEHCELmamPMbCwi5jy2agZT--j_rhesslZbnHH8aS9p-F64ebBMJ5SoVBsFvXN5UViGZC3Zuasbe_R1K2IBTE8EJH8xZbKha8lajmBnHrsKoC0skhCd91l3Sd
Tsubaki,"Satra Plaza,Vashi, Navi Mumbai", Navi Mumbai,Mumbai,4.4,1200,ChIJeUop0VnP5zsRSJcZKPP3E1s,AdDdOWpMWaGXOhtPBSup82FaYB7NWR-wfzTGWo4J21gjqJcl7Ak297Q7JiacoqmwdDETkI8Npc5AUv4EWgVHLG5erZPfZuyYI3BTJvbOxxII0BmiZ12XlvRX6YqoBaoXQ3i62YyG_mAaguCZYLtHFCZEbyxDKxEjuSR-yv50Gw4O-AOIgc3S
One Too Many,"The Regenza by Tunga,Vashi, Navi Mumbai", Navi Mumbai,Mumbai,4.4,1800,ChIJQ9X8v1fB5zsR4GwMlm3wbhE,AdDdOWr1I4lVkbJ1TzPnAZryJDYK_C6T8f5H5Uwn_mAG_WmLVMqkQCggIzYEQuXamrCPOOpA8fggZ4Qucjl0c8qgf-E1FgmHKPmHgFjL3HOi1ZRDuNmg988mJ_vorpwARfc3dhlbaTZPr75y0aUf5uSov5cFgc16Mo5c3nicNNOuaC6Tnvje
Live It Up,"Satra Plaza,Vashi, Navi Mumbai", Navi Mumbai,Mumbai,4.0,1000,ChIJYSsVizrB5zsR1IYihEV5xtc,AdDdOWrpwHIT2XQkySs3BbuP8Z_Tse2wgy4ObhJyu9gWSqyhjd135fXTAVmippNttSutt2KmXgbMWqMCMjkIkhHSBj3UlU0ODc9jB6MTf9tF-yt-p3hexVnsnoibAeHFhkXkglsVWprZCTeLxyZPWeGmu0X7eIsLn_qeD8aKfpQyHFyT_m9-
Urban Street Cafe,"Bhavya Plaza,Khar West, Bandra", Bandra,Mumbai,4.3,600,ChIJbf5t6g_J5zsRPNSoV-1Sn-o,AdDdOWoqhiWlLDFT4EcUqc5awiptUrH5couAU3w8H5IXvWDMTYWCBSmo8_dhmCNtQLYBpsAcbLMpDdfYctmuUlN2xKzHaszEOSBxS0IWoM7iWcC_Tl7_qernmyQgbVsdpBFClP6rjY5sbTD9UYvu5NkkRYFQJzy6Rz3AbwNSq1j6v3LJWMIE
Chin Chin Chu,"Navratan Apartment,Juhu, Andheri West", Andheri West,Mumbai,4.6,2500,ChIJocp64FDJ5zsRJwrI05IPzD4,AdDdOWpJ6cztZ_jHSP2FTCsJinUjI1MFGuAY7GInuR5MyuWBMvkroVaWY_zXp8NbQGfMz49Ee9VqtlApOqxvR8wJ7gxALSAl_4DZALfIzv7vlr1fIFSt0zLFZiPsE3NIysk_r59KX2xU89SXgVnJG5NLItJwZ4RaD6vN0Jk3YhLNQ5MaUqfH
Cafe Istaa,"Sion, Central Suburbs", Central Suburbs,Mumbai,4.5,500,ChIJJ2EOadPI5zsR4ryKBLB34to,AdDdOWq5I1d4JhSRv3AFGWpe90bHaLuJRU0xDwaKEImftKl6q61ePy9v4Up5lsrIwQmApOlB_sPr5clcStvhRd09cZZGdP9tP2ue418CnjveM3VBoPGHdmFuEqgOEAV8hqYhjRzxIHEGrbyw12jiDlnkO6Gh-ORyA-6JR0vE7iZAVb-5BnQY
Yazu - Pan Asian Supper Club,"Near Andheri West Station, Andheri West", Andheri West,Mumbai,4.5,2000,ChIJ77wzO3i35zsRhNN3jZkcYHg,AdDdOWrRELRNRaPKzi8NgFbGkiaLwr_YoFvO5Ih3mRG0zgzT-ttuiI0S2OQRFjTujyUPuIlA_hD_63nuNwNQrCMhCzwE0H-LqDIpwAznHArAd-GcAivzoEg6mTsD_WGe82cU2BWCtLwTFnfutXwLO-ckBaEv5A37ol-1YtBye7iGPeelVXkK
The Orange Mint,"Satra Plaza,Vashi, Navi Mumbai", Navi Mumbai,Mumbai,3.8,1600,ChIJ69zmGXXJ5zsRp7XHup-Uggs,AdDdOWrCQSab9ovO1YYzOqH5XUU6oYHN8Y8BR9mS6EGEKOYH1EtQAIR3p-mgLHuTlhaKEYQz_QIXvVGgMBSMtHVVoWU1KKKcuSIyofOo3owiJyVAB9UsfASxBU3KFKnoGPcVpxAa-LEhZnLPlLf88-fETqa8MV9M3FZKp-iUhVora1UgqBk_
Vedge,"Near Andheri West Station, Andheri West", Andheri West,Mumbai,4.2,1500,ChIJ89RzmyO25zsRROBAg8TC0qg,AdDdOWq441laKLUQDYV97j7e7iXqTyVc8zGdYDxowb_Z2oRUt2_QJu_c9I8L6Jxd6ztACtnrCJx5enTmpmhPnZe4Bu6AWgq0tj89WPPTqmj41FKg6VTzy7RoYsyOAuiGX2q_IDoXMHiiDQeBSarJjeQ_0ViIJMbj-V-n-4jhmS1Bd_8Yiye4
Silver Beach Cafe,"Jaldarshan Building,Juhu, Andheri West", Andheri West,Mumbai,4.4,2000,ChIJFec2rejJ5zsRML8hVU9Xfn0,AdDdOWqkf2CuXrBR1ntiM48Wt2tGfSJorREQWHDclwbZ_oFKIE-lPlp_PPQOAduo--GxP48_kdoN6_SoU0dtjEbFQR31d7FtCHUUWmO0JWvBrgWxdJRPV8uURdh5lNsX10SIVYBq20VOtPn6UFmQzJ0NnyajDppe2BJfWaItX2q6X1U0ju1d
Pop Tate's,"Inorbit Mall,Vashi, Navi Mumbai", Navi Mumbai,Mumbai,4.6,2000,ChIJl9u9LZPO5zsR-GaOcDorp6U,AdDdOWoKub6HXhThxX81qbxZUCqXtpFgRXhxdqY4sBSLUoHAQO5y0uSS9aVr9eQwuc-mqP6Brdb0yntIrnO_5igXESpkaIVSphLIpHUgA5FsgEBjdNVxL7T07dqDnasKfGNwtglQrMjBNcF5ecIlnqBijDX_daPC2WeH_ceETfLphWusOd1C
Roar,"Satra Plaza,Vashi, Navi Mumbai", Navi Mumbai,Mumbai,3.9,1500,ChIJiX0LZDrB5zsRqpku112LrbM,AdDdOWrGzOTxP4cFDUm7m6F_nWXOIZQ87R8ZztUwizv2UiPeEZlla18NoRiII1ZlavVCYejNEM815eO6d4QQZZgDGJmhNdwAhxr294GAP33T6TX-5IyRbl3Q9Tb1mDULvG8tpfbGorlZd2D-FpWndMwBdULcdrm0orTV9G0htGpmtLLnGh3u
Pastovilla,"DN Nagar, Andheri West", Andheri West,Mumbai,3.9,1000,ChIJZUItxlm35zsRduhOqJ1qXKk,AdDdOWr9KSfgAeYrW_u0q3Izg_72OmLjvL39xNCoqc9x3jUQnFl3rrR9Gz1sY9YJLrDuuqUQwKSqEkLPRanLZFHIEKYETF_vHnk3_9JZTvJE2E1uP1ayusq6faeqeEGE3-Mk9sOoPicR54f0Q3wrge5AYjZBcSTWqriZ_2gnZXT0_uyDtjId
Cheelizza,"Juhu, Andheri West", Andheri West,Mumbai,4.6,600,ChIJyXUTVc7J5zsRFpuCRR8lws0,AdDdOWrGZdHPttuvQRorlFbQ2Kb0xC3QZpXGpNDzcqAkrK1y8sFWUinXyC2DgA62ddD2bG9HWE7DlyIk8n5bgKw-IlehjSluK6sneJEHTTm4Qr5DceCg9KfQUEi45HvhgRgqoYcQiH_GRF8o9mlYoU6KqobScz_aHrzwbWwZnt5vEXR7CBwn
Independence Brewing Company,"Boolani Estate Owners Premises CHS,Near Andheri West Station, Andheri West", Andheri West,Mumbai,4.5,2000,ChIJdzpVuDy25zsRO7JwObG8ivE,AdDdOWrtPFelmCFTTvC4DIHBMBC9EEJO5rUn29WdfJQYrpY6h7PJHTnkd5iEFzHk1jxNzSMKV99kNSO-cP4qD1zDy_BEdePe9xjeVQO0fjkDYZuXd3hTOZL94-1-rXh0g17FTMdtmLIKdyKCBCI9ekP8zemz8TGBkhN50-GBdPjI6ouPTadB
The Mint Leaf Kitchen & Bar,"Airoli, Navi Mumbai", Navi Mumbai,Mumbai,4.1,1200,ChIJVyvoeFG_5zsReUQpd306uBA,AdDdOWoneVh0WZ43vhOl_n35XKMy3NbWyqOmmJIL_P-GtlG-al18j62crYognFVS-6TIdIzJjHx6JcfySA8sQ9VFp0Yi3vvEKNiaiLrekxckF4aVQnM64Y9flMls8NVieTLTFhIIuSI4nuUlCvRQ8zibi0oNpxhNbT87P6hM8WhUj8HUF9z3
Asian Kitchen,"Four Points By Sheraton Hotel,Vashi, Navi Mumbai", Navi Mumbai,Mumbai,4.0,3000,ChIJ_7QCZdvP5zsRMe4g7H93rzs,AdDdOWrFF4IoJmNhgMBFHE3z_iBc4gDY_t1omvIRYmtB4EB6jZxewXECwVdfhJmSdHlmoSEkfyVWrV4CZUZ-Sq0rTiE8l1wuQSRkZYsbXChnMR4p9JNTF6VwmXcbLeQETlX-ZJZdhZj5O1HV8PlIDaORE1ZPEsN7AsAQ4a7VIbz5dHGpq6bE
Kaala Chashma,"Hotel Dhiraj,Thane West, Thane", Thane,Mumbai,4.3,1800,ChIJo2LHL8S55zsRrHHb-l44LTA,AdDdOWrRD84IlRvAORykRTGVh_dRuYogzHiR4a-9vv4BbrDYDzmKpNJG8BsDtjXsTXcevmiU4AH0wY2AiIzWR6cewMyobsVPsnlDO9xuD8UOfAL4uHZvgnMnId4Etgqkc8p6hnrCuFOaVoKkwkwBmu1o58C0DDi3Dyfm7pEYLyE8_9RzLBi1
Sindhful,"Khar West, Bandra", Bandra,Mumbai,4.2,800,ChIJ3fP07RDJ5zsRwwH0RqGfQ6M,AdDdOWr7aUDRGqevmOEuM7_cpo0lMAC1rY6sHYWHkBM8C4ZllZdBAL6aA5dF5VulLi2P-Sui1dEHpM6iGo3lz5EI9gYPR_bPRmHV11bNvENp0V-_VQ0q4d5FHlGTcjssUGTWdl9JXIKyiG1G213Wjlh3v1TXQxVw74uwPkCEArHyiOWACraq
Melting Pot,"Juhu Residency Boutique Hotel,Juhu, Andheri West", Andheri West,Mumbai,4.4,1800,ChIJ51B8ZpXJ5zsRcPieNGsaUbM,AdDdOWrtUSIEtp4lJ1sbYy0zkT0F4ZhpVVHy4atOXL1cehfZUxlF_qkj_gMjckhP6Qdruf0iJiYx0802eDFWFr5zzBhY659bU3Wnv-unMZklcLWroAZzXVhhfuOcAbb0em5YlA5iS3dDdztJR0UMQnNaOOEmnofCDV2_T-j_Kt9bxFf_fiTo
Urban Tadka,"7 Bungalows, Andheri West", Andheri West,Mumbai,4.3,1600,ChIJzTnc5h225zsRTVQYQdXV8o4,AdDdOWqEWoGQO29CS27hEV28KSjxOxauIuntHUtyYWziCR7nRd6xZ4HKXMlHKgAMCF30S_Oq7iyN5iF-bTofyMAxXG8BUdw52CenAj9VvWINdiwX03_Zrz1ajD0BLY8ib-yQIDqLgGChc2WZdrTDin3BONmU8H1T9IdWde1UbackO_uTXu9d
Maharaja Bhog,"Juhu, Andheri West", Andheri West,Mumbai,4.3,1200,ChIJkTy59b3J5zsR3zIeGVzUYoQ,AdDdOWqvqWA2xgHKGsO89C3Ayvg3aPdw8dTJfcCihlPfc8jFdTuqHvVFnhTDg2Lecx72CaLySJOICI8wJvDli4VT1Mty2reywiG0cGrV5IYKQw0HAs75yXK4_uBvErL7rrnh1IObk__zT8usyHhZRrhdun7mk3DuD5OMQiK5sqz3cqj5buhS
Family Tree,"Ravi Industries,Thane West, Thane", Thane,Mumbai,4.4,1500,ChIJV78kqhm55zsR5M-pXBupYRg,AdDdOWpBpkT-UhvbRrF1O3a4jhUdHwQSG19NYvssDlVO1qPWyBxsqjyopCR9QeeM4smP4vKxjzzdcWMhODrvcqqyHtWEQ3uI07UMifIs6stm0VytGeVpy-3V2htnUfB7ps8eu-oqbotCZ4e7hCgHYVA_Iow2npap0Jhq0DNyqmlCWtx1Fvrp
Ten One,"Juhu Residency Boutique Hotel,Juhu, Andheri West", Andheri West,Mumbai,4.3,900,ChIJqSQXe5XJ5zsRKoQTYsQGs3I,AdDdOWojLXTymTo15xM0vc-gsUSefphbPyGfEZK3By6KEtzoH7gpcV6jGG6MwMYWFhEdYG93BWrWhUlH3ez496dwcwJFvTePHrFS06GZt5yQ0jQhD5i7w51FXBui3B9DKdbYY_Lo8TDdwWcL7R1sy2pzW4LKYpmLL1EYR3kRJZkELf8T6nRB
1 BHK - Brew House Kitchen,"Oshiwara, North Western", North Western,Mumbai,4.4,2000,ChIJBV9Rv0C25zsRvYcOyNWPzck,AdDdOWpYxLPaNTlRcEiA2bPRSB2V6HJpkiaQjDancfcBRv0sv8hkNccrFc3mDikLraVZSPS3WJgJxncOz6qk8pni3JQBLbjpNb9TKQSoy1Plz87E8hGc77_9CTrp3RjBWNK9gdi-R-tEFX07lxOv_PVphKjLNVQVvap2PSCDtxLxD-iXYgv3
Khao Piyo,"Khar West, Bandra", Bandra,Mumbai,4.3,1200,ChIJV0ApAefJ5zsR36Wuzvj-tqM,AdDdOWqaSOs6yNN3f-snAQCHfih499eHe2qfue5gadr2xBGxcgTZ2keFW5gzAFaE_gRECPo1ZQ-lct6Odcx7vVI1Waz9CsupCSvxV3ie8mTE8SRKFpAsN85XX9jSpEvt6P1GhzcuxurIovkrfDany6P7oxD3q1RqpRWMsY8rg40L0AEwDpi8
Bombay Baking Company,"JW Marriott Hotel,Juhu, Andheri West", Andheri West,Mumbai,4.4,1500,ChIJBcrSOJXJ5zsRKaRGzmQcb18,AdDdOWoJrjRXBFb4VZQ8qbiIwgM6gC6P5vf9XfuPyBqwnIn0NDlUeL41LIzCncw_RRANuJUqoNnyf8wCj1mHibLn0xZ76xhkhPBIVrS9Vg-WOkxhGrz3h8IVafHGWcPaf4A8mqAl7OcSDrFFvdsToa6zNoX7DBGr0myw4JnFGdn4bhPQFuQs
Royal Oak Brewery,"Vashi, Navi Mumbai", Navi Mumbai,Mumbai,4.2,1800,ChIJAZQHeULB5zsR2XHBkedwszA,AdDdOWq-ccgrDKWz7FzBpE35tNyTZaMGFFAKieCOfv5woiPxAPhLXqKxhZl4BQ-2PCickkbb-0fcWykY6_kSZhniXVHhq0Jw0AzvzYV9NVU7dKy0d5j6jvzRUKMnvn0eoPy__wJOkmUeMpu9md4jpDtAHKBxqws7f4mAnmoBFQMZQGpRz2mo
The BlueBop Cafe,"Khar West, Bandra", Bandra,Mumbai,4.2,2600,ChIJX0ugIVDJ5zsRjMohptoqEh4,AdDdOWr7XmBopdJW8dH7hoMFaKQ-NZuMQ39pJyeppFM3Hef8RE51wO2AjaXUw4ptzjwG4Cflp1RhAU934gVcWsWV8_LYVt9WSDidNLQI83ZKqqOoYp8nkyi4e144wHQvtH49s92bjXfVI0ZNxv1gi2rIbbCUBs9HJzztk0bhE3kl94MMtF7s
Navratree,"Airoli, Navi Mumbai", Navi Mumbai,Mumbai,3.9,800,ChIJlXhNeFG_5zsRGLc0pxq0I94,AdDdOWpkTBn1Ue53YA8b50vXIM9cV4BDmJMaMlZK1dP8KTyPmoQMOIOHJyS8LpqlsYdRgvd-9nWo00MAiVd5E7AFyZNR0Vx2w_1vryNUOtinkvzvqCW09WhREZ2JViNYws1rAlueW8Zzze3HfoviUiLvZEsifbq2kPfw4XQEl4tzSigaZP8i
Carnivore,"Rainbow Tower,Airoli, Navi Mumbai", Navi Mumbai,Mumbai,3.5,600,ChIJrUZT5bS45zsRiDfYxTH9E0c,AdDdOWrK8q0J_2Rd4scR3gDqCDHSX6F00zu_9KKn-2RUMmi40Jxony1K_KQQvCp5nUU3UOBSqB1qcyLi1fAvcZZKOArGU_NdygRMs9SfTcWlcqqzAaEVgFjAG3j4UbqaVBL_3JbBxy6Rz882z_oeECpjOMmEWarhE5YZnquVwc6o0KD6-LTz
Mad Over Donuts,"Inorbit Mall,Vashi, Navi Mumbai", Navi Mumbai,Mumbai,4.3,450,ChIJ13m5EbXJ5zsR7afBIUCPhc4,AdDdOWpkhpLZFFVkDP-GZn98LEKakE5iQKqG-S5Xl2NUXcMo6uq8C57wzMZxVpKBBAZptbc7gMzQbaMW21JSsHQmffN1VQXte190pCXmre5hSEld5_DZs7ZnAZfkhyN-4kxv2O7-hvYq_METIUJOQWoZ7lrwWE5FTQLa47osuFXD9x5JBnA1
Tibbs Frankie,"Juhu, Andheri West", Andheri West,Mumbai,3.0,200,ChIJZVUU38_O5zsRwHrlz4kgT8s,AdDdOWpRmYGYXtwByX_PB1yRpaMSk_qC-UH83SXDmpeBISwljvzh22GEA6qnVEa6CaOCDjTj_y_ya7GQ6QRKgSRF-u96swsN7qUKpeNE0XvaxsxfjsmZgxQjtDr4lCQ2R_BWbna7SclF2XyVgOBKQpb-DoSp-a1uJVKeKHvSn5-eeBiH2Rwx
The Terrace,"Hotel Kings International,Juhu, Andheri West", Andheri West,Mumbai,4.3,1500,ChIJ96dzT-rJ5zsR1OjGkhWwqtg,AdDdOWpgIUzAiuZ7yj-Y4-NTJK4dlQzUYl7q77fHmxVuhsIp-PUBEhcA1PLUqB596MNufg9ALBYmgu9LlW2icFyF1-tZiuV9G9Ec8jr6mAIBk-LPvxIEWJnkvjKGlQcqzU6dvYPH1yZPh80ej7V-yX_c8BFrZ57XbYo7vxIXWDV4gWpNDI5a
Soul,"Hotel Oriental Residency,Khar West, Bandra", Bandra,Mumbai,4.4,1500,ChIJ4_VJNw7J5zsRPGAZWCoFLOc,AdDdOWqbO9wRMPYlS74KOwN9LL0WX1em6EY260JEsnXh8rW-63tXC0BgTfEobFndos2B2SANOvADzl8EtxNVcr_CEvO6fp4p43aNmW3HlOhvtibDdXHsGQ5cqV-8SP_u_LpKjIVoJZbhXmxgqYcAfjiparXAenLD2NtT8KTGgXO4eem9Okbm
The Oasis,"Country Inn and Suites by Radisson,Ghansoli, Navi Mumbai", Navi Mumbai,Mumbai,4.1,2500,ChIJf9A5FbjJ5zsRuEgaY8BQGDU,AdDdOWoF6nM7ozkD1fC9snzKo0ISgtPRKrN5cAPHtJi5KPPPjSKffjRK6Cm8pqqtIZZIxYd7AH5e7kSdAor48Apfs7GAeCpYsmhr0Aymie75GaGUFcWKpZGIb3APZcMzkIyT8kmUDGeXYTuWpXVmxR0n507Or6df4ySA7sctS9vodRW1XN82
Loco Loca,"The Empresa Hotel,Near Andheri West Station, Andheri West", Andheri West,Mumbai,4.3,1200,ChIJQ7he4j-35zsRsy9NNO0dVy4,AdDdOWownA8TaavIqcXWRf6Rdn4iwa8WOPgFOuJ3RVJ1eydiwo7jIpixHGpkMzysaurERClpMUcMGv5AR9leP_QIBea19kJgqlnXSpcBZ4l8HTNGLENbXXHsGhDQ87wxBhQpx7E85cxyMujv1nttf8nkV9mZ-8pRng6vf2eFBtWM77tVbcQx
Burn by KLS Fine Dine,"Veera Desai, Andheri West", Andheri West,Mumbai,4.0,1400,ChIJWZ_TQ6a35zsRKflOudT54-o,AdDdOWq70svEGtuKWABK5v-CKFmqJTsGTjiQHDudPHQ7pH3SfrgyVUqFStxm0fhBqgtcLscTg0q4xbnmysJHLj2Wi9xy6FYl4UXKcA3lOuh8VdefrVNafHOTt7QonvHmuEmBbO3H2k8bnbRthoT7Twt0460MXFXfWSdBLTn-ZP37iJm29UR1
Krave - The Multi Cuisine,"Goregaon West, North Western", North Western,Mumbai,4.5,1200,ChIJAfID1VXJ5zsRq1zblu1AQWo,AdDdOWpQzOTFEzpdSqXNQx88jFlFw527YYsf0PTsqiPakrqDiUeTLinaJORTCB0-j6CLrFc4_ZaZQZZ7IH7Vhd6NOqgX1EVrtNyNEij5s7NfWWesMOrEsyut9VGeBaHbb_4LSnLXGo_CkGOqK5vOo2Uy8keahFp2lRMX9RBqDK6PoqalVwGq
Silver Beach Cafe,"Andheri Lokhandwala, Andheri West", Andheri West,Mumbai,4.4,2000,ChIJFec2rejJ5zsRML8hVU9Xfn0,AdDdOWrSs0FIu-2OJMxm2Ns7XKRHL13DYne_UPGhbBapLbgbT8HYU4RYkbHm5PpBw8oBZ1qY9WJAvebTWcB6Tor5gr3qo6kbXSio29wZl4nO9f-fFsqh9sHgxkthPLZ0ioobo-Cdb4eI4WAHsAcPHlsnTVVI0LUMsQTywDWbM1P9Ffn35CXF
All Elements,"Khar West, Bandra", Bandra,Mumbai,4.2,1400,ChIJczoEmzrJ5zsRfyyveIPOaWI,AdDdOWogU5lFdK29EBawUR2gGJKWqFK0EnAOW9vUdGiHabhlSz-cqaIGJhklqNUDHI1FQqgIdWq9lpYgBLVAtb9BFQ1u-934nllEh_GznDMyTIeffeV5VuY8vDnn7XYnJL4ROpYvDA8NsHB0Ac7ZxAqwNPFErX1X-6Z9hUglnvuGHgAhVFtJ
Social,"Near Andheri West Station, Andheri West", Andheri West,Mumbai,4.3,2000,ChIJv7l06sDR5zsRjH-prbHVwUE,AdDdOWqy_NiW6FqwCRni55jAx8zOPx2eBkkMTNV2wXDcOVx6YZ7J5qK9QdJN7vz_XZ_pOA5jgfOY-nUyyFcr3CQCZ4mvObLchWJAFN7izJm7Y3SzceOxdGYP63KomvnnK8Cbd2LpQmBiQ2tfvcCV1PcmYBWLmYnqE2SsieJDfQHSso18Hq41
Sammy Sosa,"Near Andheri West Station, Andheri West", Andheri West,Mumbai,4.6,1600,ChIJq6qqmje25zsRy3cikHWRTCA,AdDdOWqthnDFsh6H3HTh8TiRaPm0s8jVuwPskEkeJlzM_YK0SywDLEhMynsI-Ff_jPvuw83XdKF1G2kwSUhjXwcbJoJa4aGjqtkIhuMDTQy-Neugnb0Q0RfRvSrXBqwahnUF6Y1kIxYhCX4awYvomYg8ANUGD_t0SewpCbcH94q2dCVIlOLM
Global Buffet,"Svenska Design Hotel,Near Andheri West Station, Andheri West", Andheri West,Mumbai,4.0,2200,ChIJ80F7Qhm25zsRu13TwjBTByg,AdDdOWqTRoalwiuoFOgFWCP4PxHvrXxRg4YWlXiIlFMaLvPb--o4dvaVK82M55mUU-AwSy6po-UZ2iSbDUIzl0Lpn0a_dI8fjVRN5KLqoIc8CSQgiWZDqTQXCYymPepOyfTHVhEXPSX3YKFTL7HtnBLVHLwnkLRQph9ZC6mppyMbU8Q0QyE7
JLWA,"Veera Desai, Andheri West", Andheri West,Mumbai,3.7,2100,ChIJfx2ceRm35zsRyILmzbwxjG8,AdDdOWqDA2n1dAyPMR0h3mgN3v5x3xAQi3sCeitcKKm5MX8cALTyHYvLebHX6LGDDxytWabzmJ319ZOJIH7h6wFO-5yVxLML9CtxZqoRVoIORVe8XuJVzUhBG9ugv1J0BNhmyo4A9RIwBfE-BKVygVw0790wVfy6AG4FqTQuWDZc4X0dbujV
Moni's,"Thane West, Thane", Thane,Mumbai,4.4,1500,ChIJq6qqjiG55zsRbOws7aFWMhA,AdDdOWrvEbxrmGYn5uHmbm0lfgc4lE913kAXLDhbX9epRtNZHW2ueStyk_hisSj1Suyj5IQepkBZArM7T3VEzvJJjbu1kYTMhkKlt__zdA7VDZra0sTLBV1aqFT4L5mXm_2adbvHd08g2GmXBcZoXDAc5IaVI35q8ODwdwIuVM26uiA5NaRE
Pepper Fry by Kamats,"Thane West, Thane", Thane,Mumbai,4.2,1200,ChIJkS2J6lC55zsRHpWAQws-AIg,AdDdOWpT24m2hfJmtSWIoqf6tN5qSqm4yYFh9Q3swfU2j3tM9DgX53nPFgRwdC8Sb3WPCLMqIPJpG_eQgrc9n_GD7mswK7LD3LiH9F-JXLAANixmGEfKcsGrWb7ZO6itWGF6DLiVBKErOfGRKOcCjisvdXMB_tDxzRKIDKX5NFXz75hTCM9z
Kale & Kaffe,"Laxmi Plaza,Near Andheri West Station, Andheri West", Andheri West,Mumbai,4.2,1200,ChIJLQa3UoDJ5zsRiUWD6cWXn4I,AdDdOWrcr3QuLTaYJStll_saWjsJP_ijh53q9gL_feyoJjEcOaO9I3xJqvNjQYlk3jnMjw1JUcpw7Mpa6AgzgQrVlN5ShUJTGRebLhKMwG4Jms33h7qrFax_r8zeZAn_WysFJBT8lWGTCc_PUKav_EK8d4WbWnwD0tgMQePC1uHiCo-twOmZ
It's Mirchi,"Ramee Guestline Hotel,Juhu, Andheri West", Andheri West,Mumbai,4.0,1900,ChIJ3VVknOnJ5zsRmWaPyaWZyAQ,AdDdOWpyPeta9i5uchT2Y1_58NXGp00n2RVr_rDoQsGow8YwWMo4RcFA3jl74FylZM4tBdeUhoX6d5MovffoH75M1cIWMOaGmCS0-_Njw6BtCx-ujbLPMpXAfX8WNfNY6fT7siJn1GP5riepud1PD_VFSY5MgpfaRF7enlLSY_B3fg6pHCMi
Quarter Flip,"Kenilworth Shopping Arcade,Bandra West, Bandra", Bandra,Mumbai,3.6,1200,ChIJD10XuRnJ5zsRMTvRadJWIn0,AdDdOWpWJazMVFLkypYKKqvyE3scCQJWZ65b75SqSFkWBYjlndYEnPGnlRrqVaZ9VtVeUdIvwjhLZenih0mK62OjgL9OVr3CFS8N-RufiMlEtV9rbQ_L7LToSOxy_3UBNZqfOFzAtY5C9_E6RysnMjz6_rAYL9HzpzBvHmQq3yfUsW5PS5Bo
Persian Darbar,"Moray Mahal,Bandra West, Bandra", Bandra,Mumbai,4.4,2500,ChIJuwPuX0PO5zsRxEmoRQk_BfM,AdDdOWqAzXiH-jV-dzLpUJC4vP4b78MA0Tb8NdhkxZSgLri-YZn_at5gE9VHrwrLgiKudu7yrePwpW-UsmmKuCtp3BCWnFxkXELXfz4Vkw_DI4BGfxo6ntK4XVYZ1wgEcmIXXcf_QmKB0Of3p86sawBA58_FhQ0ZI-HwRAr1NK-RZrnvUHjj
Once Upon A Dine,"Khar West, Bandra", Bandra,Mumbai,4.3,1000,ChIJGV6YxI_J5zsRWXqHuL1Eloc,AdDdOWotCmER4jsLcr66BdmTLJFDwecZpNNqvVelqWOqVGWD0GKrqEk8V87mtPtxXfpiocITo2qx-0RsLqzoG3U6GGiZNkDCTSVx9D88E_YBlZrSsXHZcjRYo2hq5SkMhniTQnUjgCegEQDCgHEoBhkRviri4XSsunBXkCL5rU6aSKrNCH-E
Ministry of Crab,"Khar West, Bandra", Bandra,Mumbai,4.0,3000,ChIJ8ZgqH17J5zsRW7taK2wbDEI,AdDdOWqwEvvTTU6M90MFrNA7r2Fx_xSdi2YzxN2DymLnsLkfU0AVYQj6Cge-z6XV9i_uhS5AFNvn5vlsvVzmdJ35AtTR-htrqd8flL6VLQYJGhlL4NwEo4We2wPK1fWQNF0iPmK3I3wLYrsdhFtnA3jRpEqpHBSMhCFrSIsqQQ5Bto_C-IFn
Drunken Barrel SPORTS BAR,"Vashi, Navi Mumbai", Navi Mumbai,Mumbai,3.7,1000,ChIJZxzrmCO25zsRJUTEco_Lj6Y,AdDdOWrzOn5noC1ypnEYL21GXr4_tsFtTxqXTBgOYnEsiRQB-0jsCoBQx0CWYt0eqZfrGll0_oaHF1CZY8_fqJqgwaWKhVeLRhdjblOlzDWHCnX01-tuGsOrZDqR77Vtw71MODgr6UckNlVoaqisJC14L0_YEP8FGOhiXZGyHwlp8cZ1LIkx
Poco Loco,"Khar West, Bandra", Bandra,Mumbai,4.2,1900,ChIJeeu2xmbJ5zsRQ9p7_dQtkX0,AdDdOWqRxQAUObRvogC28gb4bi3-TJP5FC4ZNCv9S6iMnKaCIvw0BOAdoQwHru0pS78DN_vLgeQmjYMCHf--WlVhzs9-lp-0WsGGWcLYe0MvATX_jq29gxXLiEe7v1nMPsXEBsTAglQOc8V0RnBWdwB6GOYoTyeD81gH-V64xTD7Py1eyD9H
Golden Monk,"Andheri Lokhandwala, Andheri West", Andheri West,Mumbai,4.0,1500,ChIJKyvIDT235zsRw4kMSwOwg9U,AdDdOWqNIY6Gek5ZJWtXzU3JoVUw8ZZKm2VGuyysxOeit0rqWLA33Xny3i5wzjUp7dk-ub9cL4Rw_GDMsrjjZ-teTe0PW_OPSmhx3ikFSbqBHZ7mIHFcTv8-gzdV3kts2ag7wHHdsOZpo9SnjpUQXRGmYvCaYYL_E-PsNRypiQ0U3gfb8tQ
Shakey Wakey,"Oshiwara, North Western", North Western,Mumbai,4.7,300,ChIJC1KOcl-35zsRf9NE2MDA0z4,AdDdOWosb-6LFj_SGbrgHG1XO-sb9ZDBi-Y7AkP4oHCLRd6z8jKWZc97jaPjkVVK7yY4akuWb5LOpc1b719TwvbLLH2s0pB6X7E5kAJtvMPf0mojRRshVZ2m01Hk-ImR3cIYWzSgRwqrSwZXOl6wtetNnrS22TFtzK0n-edQStrH0GKyurMT
Arbab,"Bandra West, Bandra", Bandra,Mumbai,4.0,900,ChIJu3gOQyTJ5zsRTwn7bZJgqLk,AdDdOWoCTwGb6gz5q6GGKBeISjwvanTXdIeHg3JiBI1qC3RgQBmzZtggKbn3k0O1_3__urkyd9eDx1OU3GDSHDohx-f1DM-EhCin5l0qk3f1wC0vhPBRv2mgAN7rMDlB_OuU1CIsLYMxcSNw580uHFh2X6BYIFuFPMYFEUK4TcdmbTXIuzGx
The Daily All Day,"Suburbia Mall,Bandra West, Bandra", Bandra,Mumbai,4.5,2000,ChIJ59LzqhfJ5zsRm5N6D8IABYE,AdDdOWrXRChSTUUdmv_j3rlRgsLCRU3gOxn5d9vabTzAgiiVpjXKvd4dt0wO2zPTOXoSsZoHRqqHfFoVsKEUhxqMXE0wPgXQMoOswqM1NKoeoy4WMVsWSqhZR7Rfs24s8SzJhMihHko_3TNyI1CaSY8B2NfV4VLdo2cS6bgUkpKLMl-eCgOQ
Suruchi Bhog,"Airoli, Navi Mumbai", Navi Mumbai,Mumbai,4.2,800,ChIJ2SX23Uu_5zsRfWAp1vX7nuk,AdDdOWp07RheOcGXhY7mWe-btd0INPN9jizqHMeUu-SUaOMkeKu_7PasCl8q9n5sTUNK2AbfFNpR2Ls_hdKyHRyJ0La5fcTHw_9P7wj6AQRa25n7nNHKkZz5YpYhk_wahunSg_MB5j8ODCjrT8o_Wlu0kkdnZIBSQBRxy2zxBLNEEA-iD7yv
Hangla's,"Near Andheri West Station, Andheri West", Andheri West,Mumbai,5.0,500,ChIJtYCZDaq35zsRHlU3YGjh45Q,AdDdOWoQHeUJ4K1n_4Hygg2G-b7bjR0krA8AcLHKj6_Kl8bzUY8XJjkrHol7zKxgjIIn1LVZQdYFX9ceKY2ZZPJRHj63mOauWxnzprQsC82FPgKurwytKj2j-F-unLy9Iir1YWudHLUv2FAUBZkq9SXwgviAmjQam26uKgwMOxLdZXenUHLz
Heng Bok,"Suburbia Mall,Bandra West, Bandra", Bandra,Mumbai,4.5,2500,ChIJIRwS_xbJ5zsRX--B9pRKO_4,AdDdOWoOW4JcEgmEZARs--mid7cI5ImX-d8CzqLg7Mx8gSbYFz97KeAaGI8p9655mFUPQZESyqDXeQUD0gIZx0A6DKghpfq0IFlf7lJ6lV_dlKZpFwEBUm-36zkT84MkoM462khzKlKOIOzYXyFEz9W6yyUpYXa6O4x8NXhY_HNCCo0cfqxb
Coffee By Di Bella Exclusive,"Naupada, Thane", Thane,Mumbai,4.2,700,ChIJN6pdkCu35zsRUPoXvcTPErw,AdDdOWpLhsnSdRxnkFoMwh_QKS0qYwKqI2oWJtae7u4siMJ2Br_mBZcsa6kJZylkCHpiLKddpx91ODpJ_GUHgih8x4D2AvX4SUrdyCFQCGsyEn_h6NBIWS-UbE9FxqliI-2e1LjFrJ9ohc1hLRSg6w84VKzjDcJQAAfh-WReT-8L5-3Fk3LI
Atrangii House Sky Lounge,"Sanpada, Navi Mumbai", Navi Mumbai,Mumbai,4.6,2000,ChIJeT8yrezB5zsRxDGWe86PvrQ,AdDdOWrvSS5qK3S5yElIaAEPW1epCvkhTCZ1FGpzDb8RbgndlWC91Y4gJafj5gD0dQtBbOnJ9-QnHvzMTJ6DMo-kFSUGyMLIFDCqFSHizOazDxjr6jmKhSBvw219Zp_XIHHF5aI-0pIBsMbTxltr-LnJHQ-pNpNMZrVtmyKZqmslMyZyikQ
Coffee By Di Bella,"Kiran Kunj,Bandra West, Bandra", Bandra,Mumbai,4.3,700,ChIJUyr8-OHJ5zsRs_3FLT-U2XU,AdDdOWpDCYsWaSBb7T61xAgmD-97UVGuwpW-EWpJAi9BZP_VboXQudfK75LuP10P7m3UsmGOqoz-X2CDCX_vzEomeZD1hoxD-wlHpeVbTVYPRBvuDBSUL4p6SooqVziznaV-H3NVcFY6BvWuf8a3YbzkOR8xcJgtfNRdyL9oxrA7DpTYJ6MN
Kofuku,"Suburbia Mall,Bandra West, Bandra", Bandra,Mumbai,4.4,2500,ChIJawF5YRHJ5zsRkD1WYndszyc,AdDdOWpkdCwc3GOdliA8PVXXoTqq4qt_OHsZu-Z17IW7M74_xakt1wTBrU1dCVS-W1p-Flyxx-WpX1yy9869bmelqQVyHqQ8d595KwJbruOK5b4cBlhRxIzvDwPtjxGS7Ce3JvguQ6Q2ISZeEvc8o3EOwK_kdXeb7gA52yivGBS8msBMsM63
Pop Tate's,"Near Andheri West Station, Andheri West", Andheri West,Mumbai,4.3,2000,ChIJl9u9LZPO5zsR-GaOcDorp6U,AdDdOWrxDWcbxHEKdr7ujTCbtTcLwnmGCCRdwxKLhNEdNfmP8rH3O5vh0RhIKLEbdTYx9f-MA14oZ680Od6u960WRb1SrTkb1JM-5xCDDWhyNM5Tpivm1Kc8v-gJ1HOlgkR5QCGhEOT3rIxDqBIKCZ2YXe3Zjz59K7yDcVh6vROZY_V6wzov
Mad Over Donuts,"Kamal Building,Bandra West, Bandra", Bandra,Mumbai,4.5,450,ChIJ13m5EbXJ5zsR7afBIUCPhc4,AdDdOWqIWy0AgfP7wGkY5kLOhY4v_Fuy_gVil88CSCHWhpia0USEXVNJ01kS7vTMub6bJejTscag-vQkNa_AXBvI576wMdfSQBC70wOu_XBkbMu39f25eJJNqDS9D8OJZJmd8X-IjDmlydYaY0zpF83jnNOuClx_PaH1qgFSi5IM6fC-Fkkg
Frozen Bottle,"Near Andheri West Station, Andheri West", Andheri West,Mumbai,4.6,500,ChIJ5VIv9RS25zsRkGm7AYBV8Hs,AdDdOWpiAN6gu65B42x-Q-hevtn_alYy7y0GigNQ_1IlygXt7C3hOYymX8QiohY_z5L3Ji-rlgtHDhPpZXKrHhTsMCmaHPMkD_1Oq9gmQAOlrI5CCK8piYReE1VFMcZN94FLZ_vznsSWz_G4H0E705TUawaVfdP7-4Xwrx58u6UBqV81Khlj
Pishu's,"Near Andheri West Station, Andheri West", Andheri West,Mumbai,4.0,600,ChIJQ1XCrR-25zsRu6yNL7UG0oQ,AdDdOWq446vE8spvhds7iy72YBHQv_2iE8m0a1VYuhB8HdG90p2aGqZzlscsSoHt6zunu6juiu3jxzHbw9vgbWw9LqykVnyYgSobdX_Hz4wa1hvSpS09r-Bn3uCL0UMIld3kTL_4rlfkI_TWsd4pWI3cRSbYU4Xk9pDjphEzuC54YMkSRXlS
Mitron,"Crystal Shoppers Paradise,Bandra West, Bandra", Bandra,Mumbai,3.9,2000,ChIJ6U3aFkrJ5zsRWgKtX162Kis,AdDdOWr_5CnTro9uKYtmcbauSHZ5Ozwmiyl8TYTPNJDJT1K3Gaw_ZqLUswlrAd1jpwyZ3hB-NfOtfDfmuO4g_RkUbm54o8sxxSxOFLx-D3upPbVRoizkBnfTq_-WoD3l9ULMXi0VEetFnfMr7nkv8p0r9mhiSE1KV1rVeQjYycl-CyvuYPk
Aromas Cafe,"Bandra West, Bandra", Bandra,Mumbai,4.5,1400,ChIJSWijB-bH5zsRVLE5ipsxvHU,AdDdOWpJcBzf5Lh1-ok8IUHVB-SHK8cBjrdbyxAr8o8WjoXI9zUGOQRN206HqjWaUzKCh7S9oE_ju-yoDvwAvgX7xdSHOqi-0-rlbrLP1fiRVg-po8llt2ZIr46cPseP_4-s1uojtLk7M7ObB8qlDGiXXkPoWUdNaK4U-AaxMnLGMhVx7inQ
Jade Raven Multicuisine Restaurant and Bar,"Ravi Industries,Thane West, Thane", Thane,Mumbai,4.3,1500,ChIJi-ySAhm55zsRl9oPZ50XNmc,AdDdOWpobdlZ1FT9qkdnw73jrwiawP7lpDC0yVuDRy4dptZKEdnJKk350DZwc7mzx2xS8JVhzdn0MWi1Evm39f1MWIUIbZPncHYwmtIMODgY_IWnHYQv5rqq2qLRnFWdCskmxzwbFDQB8QxAVTi3GDRdKaqVG40CmikQ6xsPvNZzELtMLpvu
Bombay Coffee House,"Neelkamal Building,Bandra West, Bandra", Bandra,Mumbai,4.3,900,ChIJ92SOsRbJ5zsRayZvsCJ7GkE,AdDdOWpyYi9aNfZB0P7LEMJjVqdTeacHbo5cGqN7ixLYqic5cKAKQzOwlhWNKB1rdzueFRcGVD8Y2oBkfvnGpv-2gxwKANq4s0OD9P0wVdsVyWHRtXRUA2n4JQ3c4PSzerXBOoGYBzM_0mswFBQrF4OaqMSMati4xOQ-9EgUK6SbP7NfJ2mE
Aromas Cafe,"Oshiwara, North Western", North Western,Mumbai,4.1,1000,ChIJSWijB-bH5zsRVLE5ipsxvHU,AdDdOWpJXA01OrzQErDtKoIcrHXKnTq0r2EhfR8IrmndU_9i4LMdr3d14ZqGLv3SB8_nJem6NCFBFfY30_MdafpRl0_oahX0WRQCPLweWLtBy9Hva0Ku4Ap4_HAd-uyVgb9CcOGV3gYGYTvxfjLRMCVSmosYPD8dNDNfnZeu5Sl2C28p_KBD
Roll Me Crazy,"Bandra West, Bandra", Bandra,Mumbai,4.7,800,ChIJr-Ge5TLJ5zsRPyoy0KcEmhg,AdDdOWqDpDISVmGw7SlQPF8xIpHH-oAAMza-3zWbgvgSJHKZiYTlqU0xLkUpOZtDcyoKfd0mVAFI-whGeo8MPiQJteGvrQamIhtiZ0pDJ01A0D2OZ3SOHPXmL8diSGWXCbl5Y0pNXRqcV7VJ5zIqVec5MO4tA-1LdwgLV-r3QA5P7LkFZ5wv
99 Pancakes,"Silver Croft Building,Bandra West, Bandra", Bandra,Mumbai,5.0,500,ChIJAdTAncPR5zsREnJpmCb3uBg,AdDdOWoZlYW_I8tAHjZW-JDwC-Z1HOKh14BSMgtmGJlygAjyQySCM-5ZLpMHb8PcPjZnWF0Fw722g2avOaP7m1832AZtNkXUkXAw5kAMJQM0sfM0yjpLgGFbMwrBYsh4w1n3-_b_q1v-ENGmtjsBxlbRIPl-mTMa3EmRWb-GJmYGAo5iUddg
Hakkasan,"Krystal Building,Bandra West, Bandra", Bandra,Mumbai,4.5,2500,ChIJ8124fBbJ5zsReQibs5i3t5c,AdDdOWrrF_ZS_mJQluV6jcZ4J_seXhUApAn04WMzmoM5C_LvIulqnm2baUzLvz4cmdw70qPOLXz3i3yIJP9odtiLK0t-zdMf2s2CaXSrQ0tXtyo_q3iSNrYpiaeGd31cCW6_hwPtpHVB4Bal-AzRO6DTu9JkjM4BlRVcI8OR98CWoNsnYD9D
Punjabi Rasoi,"Hari Niwas,Bandra West, Bandra", Bandra,Mumbai,4.0,600,ChIJq9jEAxfJ5zsRzYY9--KlSew,AdDdOWptFPH5L82Phq5ViMiaOsmKVC0LVmv3YHVCjdLWvg0Qvez5ZBjyQwrgjT4uCcPi4-20hoETQN54oUSlImmX5vyQ9PPBVb23xYtbgIcNuNawLMLJpy_9CRrQkdLixzQMKfowiZE27o7pMoMYQsk3SOBlF26hlitZ5kUu8FQGX252x9M
Chaayos - Meri Wali Chai,"Near Andheri West Station, Andheri West", Andheri West,Mumbai,4.5,500,ChIJmQRi3_vR5zsRyHd7wyOaM8I,AdDdOWpX5Gn3HTFoJNxFmzd8w8TlGGHwa40ztKDghhfXWuFpRFY_ZatmeF5zqsB6LDdap3OdWNKWYisRDk0iiLKXpfz-GHHqPI-iaBpqcSXEM5-WKSH7l5L0S6kcXHu2nd1BQHWg8lxkIQ8Hiw1w8RKsUJcmKPeRj9WK40pkPu11BR_zHmrI
Silver Spoon,"Near Andheri West Station, Andheri West", Andheri West,Mumbai,3.0,600,ChIJgYTjR1PJ5zsRwX3ZeWS1ffQ,AdDdOWqC9MCuvhQN5bO3HdNSaw8NQvXShfmtG0nL4gWGooBPzQm0Cxf-PGzyT7Rotk-_wvHIeFtOxA46egipL0pDgCGvlw18T2-471qFq98bTXOnJJtHlF3Fx4yBa43qIbiIp6HHONcezK5JaBdWvGL-49MJxddlmaC6KuXYOOcqTFP00Q_4
Sazio Fine Dine,"Moraj Palm Paradise,Sanpada, Navi Mumbai", Navi Mumbai,Mumbai,4.6,1500,ChIJgxfbiyHB5zsRS7IbVvf2Rdo,AdDdOWpPgncdIx0WllIB2XqFfBrYIF_8P6K1M3wzWj8BV59QLr0nShQhMlXrjajzPAw_VGzgGBWxLBy1bsZCQeNhEA91IeDiHuKfTaJ5VYJoLe3YtD1ZfCwKiCKbtrVoVoBtmmyt34uz4a4jPbpibuujO2apfz6argc8wEUM6PrXXxb5ZXCF
Lucky Restaurant,"Goregaon East, North Western", North Western,Mumbai,3.9,500,ChIJibi_T1W25zsR-dM1q3g3TK8,AdDdOWqliAdoe844pAQpp7uTleiCmbqQ_Nh-8wD07VkX27_qK8Gqg03531glk8doWrCQizvO56lCvmspER5X8Z3vFmZLERePsDYrOL1xQ0wbQtK4G4i69Q0Kf8Ys3Bq9ZcqdzVIImAXBCYr8OWbGqAEHeyV2AP-Ts9kblnk3D5KKO7ZkbTgJ
Nom Nom,"Near Andheri West Station, Andheri West", Andheri West,Mumbai,4.4,2000,ChIJ1-k9XgLJ5zsR28IY_kH9-j4,AdDdOWo5L1NEcZlurKUjmUFYguq5cu7gJNuLZcIiMelsKB1W4vr61AVhoW3bOIwVqwDvLAIzeOJZOtKv5vBI9gLBR-sc7nYaDnI7m5W-L-OhPSBfbVQqzwUTtkc_1KLFNcILV1OB0vZJCZCBP3_UjCBZ2LhYfOHqX5yxnaq732JlO9-tiKm3
Mad Over Donuts,"Shubham Housing Society,Versova, Andheri West", Andheri West,Mumbai,4.4,450,ChIJ13m5EbXJ5zsR7afBIUCPhc4,AdDdOWruY0s_hLKzHynGra7hwJhnBHXw7BtAt5ZOnwAkgkqKi6oyNxmcBG6nNTs6Dj2D2RvzbwDtPkgQlh2qrY6T1ivWjJIou2lTfnEpbSRL-QCyfVr8pR1ohQctD8hKe4KtWGkn1bYojdlk2wynvVMOaGoAtXN1PC6Y3rr6lYchSiZmxovE
Wanton House,"Near Andheri West Station, Andheri West", Andheri West,Mumbai,4.1,900,ChIJ_SfRVhbJ5zsRioiJl35NHFg,AdDdOWrg-QXz-0BgMpJthqswsfNdzExEm8jEEl5_MSb02PcrUjEslIlIEB650r3EfdxZbqzrEo8DidxN5MMXloPjMn6NAuE2pZvwGhSbruVAgSFok8TpJc5qZgvDNy9NOBmnEN-2qxr4QQNSB3LM96lP7YIAsewrfKb9h7z8W5GgL3W-oUkY
1441 Pizzeria,"Andheri Lokhandwala, Andheri West", Andheri West,Mumbai,4.6,1200,ChIJm3X4hcTR5zsR2OSfMxSvt8Y,AdDdOWp63vxJFbmhqKRvNjxG6ZwWYH9a6COhpHKGHe1GwpO6_I87yDYLMfACtOue5JPCLvkxZ8raJPaXSE37Gv2OEhoH37mDzB9GQY2rWZvN4gdwzF316DTcXjdGHZQvel8yjGKPZd7Y47j2pBoX5ZVrQC-XoLE7eRMpXJSOMbpFpzfw0Nfg
Mesa Bistro,"Svenska Design Hotel,Near Andheri West Station, Andheri West", Andheri West,Mumbai,3.5,2000,ChIJM15hjeW35zsRFg0iCzvVyvM,AdDdOWoIhcNSSAbkEKtI5sMwt5bTBHn_hYVmRrqslQYT7NurcYodhhC9JDHeeCx4sdVL6Z3IaVsy77FrtWrMr0-gmvxFlWrPZ2_AZuaH4-zVJhqSJspqFSV3xpRKLCu91QwiVNoJFavJw9z2_wDd3bFWESEWz3C6qe4zJqqf-A38t91D9v7K
Coffee By Di Bella,"Near Andheri West Station, Andheri West", Andheri West,Mumbai,4.4,700,ChIJUyr8-OHJ5zsRs_3FLT-U2XU,AdDdOWr0RAV5_BpIl1ahJV_7QbAeF9wZzVO3XBB0EMI2ulMboAvqlBXfweiC6sm0xqlK6n9qhoLETRwdt9at-g7dXOxpqN-K5MrsnOUG-danPc84Lu6r5Jr7UBt09Z_dOaCyfw1Bfo9jKSTeCxK4wo7pchsh9pirh2HAVH7FPHnS_MOhhnIa
Cafe Waffles Coffee & More,"Versova, Andheri West", Andheri West,Mumbai,4.4,300,ChIJmT5g_2a35zsRdtO8xORqYuo,AdDdOWqxJ5EkaOjXmc3IYwWclplyb1zyVtMYZITLGnYpAh28n9LbWCjmqXbBb44EE5bfh6wsWh46-msdECLbSER9H18pFm3c1NMCm3f8qwWCkg0-5N6xo1SPP1bQ1Te8wFqHR2CZdK6tBhfNclGkvoD6PFcvCqXLyEuziG35Gd40MNxIxWt4
Sai Shraddha Veg Treat,"Shanti Cottage,Thane West, Thane", Thane,Mumbai,3.9,800,ChIJDZVSEyC55zsRrMa061sDiis,AdDdOWpx-rU9QY8HcS7s17X94lHGfdm_A0BkFHr_d62MOkU6FgkDsyRai_P7O3d5TRM2LNlrx_IMKctbmRz9J_A-MfNeMcSXBBOHdTPoDFVUyr9w7vztaATj8l2sMD4zS4X4i4IqgWH0XVPFV0lf4Lg9MKTFZMe0bIq47FcgdzWtoIHdwLEC
Dhamaka Cafe & Lounge Bar,"Bandra West, Bandra", Bandra,Mumbai,4.0,1500,ChIJ3aqYa7HD5zsRIK2-C3u-1DU,AdDdOWqRS29At4yG0VUPGv6zBl1QiVO3ZT3nsa-kPf1sNVfvDTR39x52hZ6nM3wj7f7_uz3gOs9cRbsdW4oMaI-rJ4O8VsioUdgXdzHHDRfFphlGJmutKDIeGnH9K9vXQBItHH0b94AhktZDglmA5li_Qx7dJwOruUSQIsqXUYToUvU1Amn2
The Calcutta Club,"Near Andheri West Station, Andheri West", Andheri West,Mumbai,4.0,1000,ChIJZRbWiD-25zsR4thQuQTZqhw,AdDdOWo41r-As-UP-iUUlkpTBpGgjJSew7xYF-AW4H3H29kVUXRrZdFYXCYsh046xl9UsGmDbh2pUw5VOpcZADmeGpH2Op6a0iIWLyxEx58zqbtGkJ0mLv64zTSPrmTOroB3Prd9h4zVJXmkZhw8q7WrUvlMtbjqAREec-8Ps-3r8XYLB189
The Atrangii House,"Airoli, Navi Mumbai", Navi Mumbai,Mumbai,4.4,2000,ChIJGXSd5x2_5zsR52WnV0No2s0,AdDdOWqCw1VGrkMABfXYgR15-qk-WH5yV1PofXCLiReJPEUEtT4G6eAzhh9vexSWmUJaBnyeKnPN2uMmZpmxiuPvg_ETi2fntZweDYN_IRB5uXKhIhFtg7kBV_EPatsDmvXBEtLBnbeSvrpsYLDiWJjc3hO8rdiB65a8GtSdQt3YAH96UUCY
Social,"Gagangiri CHS,Bandra West, Bandra", Bandra,Mumbai,4.2,2000,ChIJv7l06sDR5zsRjH-prbHVwUE,AdDdOWq86ceGBsSFjs13V6kcYrjlDrMZfELOunSOU8-Je6M5QnEEoKSi3c49xMHh553YY_R9UVZfyT08_Jskxm2aDlcNWYiYdofmjxdCCstsbDPZaB0s1nF_g8OhclQp_Eww9WlZR_L8enDGouxQGdkK8ntkDvGYCyUqzwbyCYhxcaTNBbHx
New York Burrito Company,"Oshiwara, North Western", North Western,Mumbai,4.2,600,ChIJcW34Vg7O5zsRY4Qr4np6auw,AdDdOWoku9WOHYMnlc14e_KfPEaER4cw7Vd86DY2RvuIyWWNiINZjCa96IuwjtmPEVkn8AEUHcAdaxRKiZ9d-dtgu-YvkuT7sgi7p5SExK0ax-AVn7gH0_TN5iJ8uAwcDIDhyQJ3jpZk0pP6lWZFsM8eguVIJn4D9HfnqNeA-yB_RsZoluwq
Kissa Stories Over Food,"Andheri Lokhandwala, Andheri West", Andheri West,Mumbai,4.3,1500,ChIJoZ__4MS35zsRrGeiDRHFtd8,AdDdOWpJ8d4GXU5AYu89qV-hPqgeVrKZtHleBLnv-DlP6M51be6HAx3oiaZzUo2DRjlqSi0cDJqny74SZaMWa51qTwcJyhiLn9fe8HAygSG7CdyzybbSPec2e16IQBXeS0yUkNLwNt0R3aRq0tW4QFb_F6JqhoJzqoBWNSiFjtUYrmwurTDx
Gustoso,"Jharna Apartments,Khar West, Bandra", Bandra,Mumbai,4.4,2500,ChIJ6e3j0HTO5zsR3z1k1EZ9CIU,AdDdOWqS-lzeyf0R_ZBG5RCvK4MFFS1pAWhxgKHKUIE4VeFAQ7EQAj0xAvBJfUotWO5rLPcfLYW6jGCja8OG8tdMIMwpDhlnJ_0nP5FAOVA--GwOzPdvM_3KXwQySCMe7gIMpYH5Y7hqeAu3MgIXAwo4K0b1earrz8mPtJLytjW3G-0VmXMa
Jamjar Diner,"Gazebo House,Bandra West, Bandra", Bandra,Mumbai,4.4,1500,ChIJL57RTwS25zsRj6Hy2uno8pM,AdDdOWq0n19PWGmJZlhWL21TFn2iuEm-2fQ_Kr7LeK4rs7wsm8P8zCudcwxT85O5o24OmnK90UIzh5lKpoVkG7l5FI0gKj207_Bjxd-PNOE4IKTXJ5uh6qMiffLlBtYR5vkTZY298m8RF-XdLMkfN4PYkpt45MBl8vR0AM9CJaDbg5U8sDuL
Mad Over Donuts,"Near Andheri West Station, Andheri West", Andheri West,Mumbai,4.4,450,ChIJ13m5EbXJ5zsR7afBIUCPhc4,AdDdOWquNBvsiH0_1L8ucmNmYLKzPKDdsy2_DCTb9cpQwdlV0tf1P2xzm1A4DEKbviTrczdhbsaZqI2CsfZ-X3KDXQDk2Br3hWDkBZOp3tRa59NtcNUb7riCmrBhKHws1N5XhhaJw3EAAWBpqTVdXdSD6AyPQwVR0C_OVmzbUUCNDYeOL36G
Dinshaw's Xpress Cafe,"Oshiwara, North Western", North Western,Mumbai,4.5,1500,ChIJN41tLTfI5zsR5rtea5FH94U,AdDdOWrtidgFVJDfccbOLO9wGcYUlWGLGAMkj-MlnCepJFilQnXTgSZkMj6sB7mkEDWW3VzpInzo41jF3ko5Qo2ilyIQnWQq1_lqqXWOSj1XHN6aaiOs4Fvylgl3ZFLqLB_nH-LdFmPDxjHSZBE3QrGWUg-6FVYxQz_Z90VM2DX3peTHru93
Ottoman Cafe,"Andheri Lokhandwala, Andheri West", Andheri West,Mumbai,3.0,1000,ChIJr3HRQTy25zsR4kFp729HVr0,AdDdOWpEfkqtXfvT_EgqyZAAMkWzsczAvReLg1et3hCXEXnIYif22Hyn8sSC2m9vwH5x4W7H33MuTMPJXpYM63TEDBLF0eLtoPcW-dyAUVqN_rmbP31lWUOs684LSW0IolZzNwi3lFk54bjs2v_LwkZdldLEsqRZWJ7QAjX57RmWtoVQqBAf
Kill No Kalorie,"Kulkarni CHS Building,Thane West, Thane", Thane,Mumbai,5.0,900,ChIJLRHYGSK55zsR2M_WDHpSlW0,AdDdOWrvl6a9dg4k6qx48En_kVksrW_iTJhjlXXYaYljleKSSkMC2-tpDMuATAgjO8lcM2QBv2POfvf4VqFwwO3QCV7F4dPrXFfXqwIwEKpoe7Sc4O5b-x2ojMD6gcVJXu2O5ZLWSUXR1RCOZ7RUPk3nxgKNMNg5r_hSbvgCD_fMcnV_dEpr
New York Burrito Company,"Kalpitam Society,Bandra West, Bandra", Bandra,Mumbai,4.5,600,ChIJcW34Vg7O5zsRY4Qr4np6auw,AdDdOWr7QEpd43cgJfOOo0pgPeFWxBcqOnma2ngimepQ2IOok6fDZZjELGcrhJCmTIsic_mrFNxO3a-C9bjcyf3XShGo9SIzSzJthcjxpCGrorUegqW2S1yx7zr_bvKYYUdLmGwc9bzKjQqkFxt08r9cGbTtQV3sENeZC-u-pT606xs-vlOA
Angrezi Patiyalaa,"Khopat, Thane", Thane,Mumbai,4.2,2000,ChIJZ5AtsaC35zsRD2Zy1zJuMdg,AdDdOWrSy80IaH-MuRuX70t0f1StGqPxtYt0d3BTUziZVl9EE9NKsmSZ6q2ue47jP5KKGP1OsisiStDKweGck-8rzCbzySltDB_uCjI31HN43lns7sszFCDF4z6WTJrOZxGP2-kEATUpW7QIuriUbrHi78wgPgyZM5Y_aaGPJI4tJB3sp_eq
Fire Bowl,"Oshiwara, North Western", North Western,Mumbai,3.6,800,ChIJI7GsU_i25zsRzLkKSQ2tpJg,AdDdOWqHUCH6UzFuq-iEpyvc2C_c5rn-VTGYZ0lcwoE48Ksq-wdus_dyDtDOwAdKnPxg6H6KTarpdyoKMOX1VxHMDBrPPKyg1WPxMviCSikKnYIrZN3bzfHqxLYJ83J8CCR-eczIHemajUppjJq-5JlcHFPCWkAZatRX8vn2djdYFjcKg78
Kath N Ghat,"Panch Pakhadi, Thane", Thane,Mumbai,4.5,1500,ChIJVfPLpxC55zsRrCXKksz3txI,AdDdOWroG5y5ZDgSkWUe7m5KrZ2PjmPDGHYZ8304j37ON1NWeQjCeIV1XH_HatkTj9ICBlwInvWOa4lmKkMbMctQayPlw4Kg7oZsSunDu4fDQep4ocivcvAsueLV5a9z-R8hLJmo0YvonOF7D9u51_jtNXvY2BGlRPOT0QKL0vlYizGDFzLu
Lucky Restaurant,"Bandra West, Bandra", Bandra,Mumbai,3.9,500,ChIJibi_T1W25zsR-dM1q3g3TK8,AdDdOWrqA5CFpB4c6F8YMyrT4g1meS3nQWtTBzxSyDVEY843nqpCmCMm7BSuELNZrxwl6vMImi_3OKKsACLiUnY9b_vMelkqh9fadjsq5W-iwEeSgkpeBxvvf0eMH4Gm0Zbc9qdm1RqUUCLVJ9edPKg1rvspFt7iylnvJpX-JvvSxdohPR8X
Flavors,"Hotel Yogi Metropolitan,Sanpada, Navi Mumbai", Navi Mumbai,Mumbai,4.3,1500,ChIJgV1rfYzR5zsRMUQBQOFDnkA,AdDdOWo-NYi3-boomY_sY92tftHfWLNd3QpmNTQavWij9sz_4dfbNZUWlUdNKvKAa4jztSn-iOtcFnC0fd15XzIvf6d0lLzkm7yb_qN2mR_DKLvDPyBMZLutWv4llB8a0JrJZJ3FyQ4Hw2b-EdSpqe1lm9vayPBZEaqzTJebe6GZzpUkCQAo
Pop Tate's,"Korum Mall,Thane West, Thane", Thane,Mumbai,4.2,2000,ChIJl9u9LZPO5zsR-GaOcDorp6U,AdDdOWpD51cP313LMLr1cu2S9mF1ajqJ6A91SJKXPTyaDV26DAxR46Lvt0v4kn-_yhupQkEUuAABgyRGa7qXeVeGnjslBkXAtAFWxxH48ZT166Yarl5XhBpnk9LAwhEzckhOeLY26puDhHLpOrQofZjzmQqUD6bS3y594rHUmEkkesLhAoin
Tossin Pizza,"Rizvi Palace,Bandra West, Bandra", Bandra,Mumbai,4.6,1000,ChIJg9z1exnJ5zsRxDmQBUvo_cU,AdDdOWoc4KjzaMLkXRVlr3Y_M6ZTb4C5iFxRPeYHpkIjufyr2-uWOlskXqixhUeiDYKOTVp_wTWDKy8f3neOWacVKMQPu_4XV6iH63HBy2l1hcQgn7e2a_b5Xa3f6p12bM3gjMTGsK7OgJl2f3pRwDsBcLQYcqJZhD7L99qUUfe_K3BEB0Z8
Warehouse KitchenBar,"Malad West, North Western", North Western,Mumbai,4.2,2000,ChIJYSCohQG35zsRt39e13hHbR0,AdDdOWr4whXGpjInr60e65klBVGhON-4d0Ms2JRMwIOxXe35dqaC8ailZrQR6FhRtVnPo-Fj7t5xE4y80BNwa7MHof0RubWeykQXJG91PiXOko8y7EhL1z523td3x4crmaIXnHcawYjpDsCy1Lq9TXkSlpa4pxHssbKP50RHlH8enscJykx6
Shikara,"Hotel Highway View,Sanpada, Navi Mumbai", Navi Mumbai,Mumbai,4.2,1800,ChIJgbnOCETB5zsRkgBOwkQq4xw,AdDdOWo_BLgDHfu9zGyPR19gNIDh3fO1M6ho06-lg4jeHa-8UpTozVlTp4M8pZZ8gZQ58itqsFuSFAXpELhRbSmHHlhlsSbhAYYltMXC0__m5QTMHsaGJMD1kZUijO-uH3r7bXD-dX7v6A534IoX-hA0iHnP5WyUzoBWYJccBGO_6702EHyf
Harbour O' Four,"Sun Magnetica Building,Thane West, Thane", Thane,Mumbai,4.1,1600,ChIJQ1c5YAe55zsR2hWNJg3KHVg,AdDdOWpJcHiP_1Tc-qpt6j_r79Ob0EswcKkYlugd_Id8ywzt1oCF4IbxptmouIU5s0XEbgmo9CkikJ74VtiaSoITNOQg4TuJ4EIGhmCp24cQppWLzSgpZBkA5aacngqJue_xJTKQH0-D56xw5ilD0c1gZaHbJwbfgn5_eSdLDAjkJ58Le7Yz
Urban Tadka,"Mohit Height Tower,Near Andheri West Station, Andheri West", Andheri West,Mumbai,4.3,1600,ChIJzTnc5h225zsRTVQYQdXV8o4,AdDdOWqiq_K-afpY4dok2k2Ao9riArtdwvZ0PIY03gktvNLwzUUkpdXivc-UqrI8ayZVVdIiDHLC806ibUFM1Go3xR5dmHbu52NEzvgBH9YuG6c9JaQ9IW3iVaE9ILySDZ4ArqoptmO5QrF2Se5f4uXbaeHfgS6mr6lnSymrvmEomx8Q4Tpp
Gajalee,"Near Andheri West Station, Andheri West", Andheri West,Mumbai,4.5,1500,ChIJwR2qzErI5zsRS6q1-CdWwVQ,AdDdOWqNN_6fAE5CLH78ODD7WHBktBij7RCuNI3EEbATGbeOn092PIR20WWkBYeyldTlhuXhI71E3NtcnHlhVoybt7ncOGM8qCpCxOdgFPe3Wrx50eGnOFMCgcEt1r1RrYFCX_ybHNXLkDSYeAUhtrZQhSxXW0SfU7hfVnhuM6uQ_KZzI4SQ
Mi Hi Koli,"Ajit Darshan Building,Thane West, Thane", Thane,Mumbai,4.0,1000,ChIJn4XvXpe55zsRrwrKtO1RoTI,AdDdOWpIKovDZRIPYU6yHuAciN_ioUUjGwOmaS87Ce3HOCW3tN8UGWCQ3xy9ogEk370UMHrhMfH497HPcniuu2vV-RoOgZiXB0fY320WDh6dXYa46Mwb2XEIW2p3_2t8hXTBvAuqeFE6lHl6jfnJzgdMpDKbxc5pbYsUs0QkTVoXjvfMGaju
Frozen Bottle,"Mazgaon, South Mumbai", South Mumbai,Mumbai,4.5,500,ChIJ5VIv9RS25zsRkGm7AYBV8Hs,AdDdOWo6_5G-BLSu02u-lAnK3-pkBmxLaDn9ezbRVnv5vI37pd9z0bcCaMKpivCeCU9Nw-93QLjhK-e_YjqbgKJxiNYmIHuFyoAR9DbEuC2YAsDLD_RXR_FSEE8cM-nOwAjc81Po5YYyGyOzRnwQylJPzVHvZihd8QgdXkbiUmaf3buIm1bN
The Irish House,"Gasper Enclave,Bandra West, Bandra", Bandra,Mumbai,4.4,2000,ChIJ-9sTjIzO5zsR7kv_1BbDR48,AdDdOWqvs5Ow6LIttfeASxlr23Q-rqya48mqOMRPp57qaPQAfiOGs43mn_hsT02pV8SFZkGzm0O65hDpVfqFF9f5uc_nDvMjxVIHCvA10IL6ut3u2mXB3VYViIYezxAJgCERozESzET1Geh_ibUKuQhTsNwgX1uu4ihPnum6GSLA3MVxHLG9
Kasbah Grand,"Chandiwala Arcade,Goregaon West, North Western", North Western,Mumbai,4.1,2000,ChIJg7zZnlu25zsR7ojhuLLBaAc,AdDdOWraGLeq-w9z9QrmRZVYGLVLQZP6Qrg3JzsG63nBqqfzkWshN6enk0_gp71klPZezUsOa07H-Hjy0TFA6A1493kKciFW7SXXu212XnvKVQjiW-oLbMC4pe6Lpcr7N2enc2YrFP-RCJTieWHM5TwYdoMgDyCdvMBnKxnrk4Oqq2jnUmT_
Green Leaf,"Balwanth Niwas,Thane West, Thane", Thane,Mumbai,4.2,900,ChIJnd5OM-SV5zsR3fp164luf88,AdDdOWrkfo0IO9HTwP67iPRntHYcWAxevapRf23yLO4v_FP4GUnD40Kw36MjNecOgK99lSSQO0r36dg59LJ5IIfAhUQC8pWwUU1JmGypkCFt4dSY3wAtEiKIEMb-N0hggnEpi-0s5N2dU_mvT9uzC-8pR5_Ifu4YL_YuScK_mKSI-Nh6FSE
Mia Cuccinna,"Bandra West, Bandra", Bandra,Mumbai,4.2,2200,ChIJ44lml_nJ5zsRnZ61OsOO-mU,AdDdOWo2LoKKcfE3uMfuBuug5beS9TxpP_rmoezx2St82W388L77PVPWAgxFMIKX7nmuOtO1No-vFTANG0ivMwbeuFwkNH26uRQHb5srSDcHJH04ukwz3LjZr8t46cOtJoLJvdMg3FJ_hus5oIsEWa6ah1fj0_RgrpBise591bQmy3SxB80V
Green Tadka,"Goregaon West, North Western", North Western,Mumbai,3.6,700,ChIJT2-l5im35zsRARzeRV_DgYs,AdDdOWoXBiFdf7BOagK7H_LjQDivFlDsNb_7RCbBb7zqz83EZtlqkUuFEec4vJMuPJle_OkTjd0mHqWusegQ4xNCMXi0U4DMmas4HbS7WBJNJJ0k4clW9ZZ2qOvK_3QNWCI_6QUNn0Xj-QwD_cgrl37NFioTwZUSekiZ9S44cGocUctbvrI
Coffee By Di Bella,"Carlton Court,Bandra West, Bandra", Bandra,Mumbai,4.6,700,ChIJUyr8-OHJ5zsRs_3FLT-U2XU,AdDdOWrDeN5iky8hW1WwmCBqPl4AuR8ZXlhCOnPN81SJ-JoklqdVoV71vtg0QRtIyImJmElZv7YMPWVqqfV5xnbOQvlFw8UijBjtNrujzDdw4MIovd8i6PVBySVuRwM-z3TVtCu5KtfxdMGlHxs5SWdBtYW9ydvhg3Ki23RRSNmcGo27Dt4a
Tavaa,"Saqib CHS,Bandra West, Bandra", Bandra,Mumbai,3.8,800,ChIJf9-1wBXJ5zsRUfPqBuuz06Y,AdDdOWotnMuBUG7RGcxQUKJqz8U6QoZpOQrU9s8zDKeoCoI7OX_eDUSY-dpfqquWjzdIoC82fFhq0911mbNphbE-baaUbbLbIYL-rqObS6v2sZMdZe5b9T9oRXDn2ixti1HSOvIpXLyC2V-qqE6zSaHrjTNXmJ6V0F1ZLHmrJOFvNXUxce7h
Wow! China by Wow! Momo,"Gagangiri CHS,Bandra West, Bandra", Bandra,Mumbai,4.5,1600,ChIJa_05onTJ5zsR2mWuhiET2is,AdDdOWr-0cR7McDTkMSMDNwwZm9qwL9N_kw_5W8Y72nPWhvb98dR7MkyUeLIqMVaTkPuWenXhpRvdNchMlzsDEBCK2IQbspi7GjUJfqjV938l92kdgStr2YEU40dbxJ-x-dvbHbnF_dncoNMCsmknWYMgTqP3IVu_oOS49N35tbgqzkVOTmB
Mamagoto,"Gazebo House,Bandra West, Bandra", Bandra,Mumbai,4.5,1500,ChIJ76H1gz_J5zsR-vq1_venRZk,AdDdOWps5N7XgZKnn1Cfb9hP9UCGOcgJMoSyuikjAhCHJOgEhWThVyf5d6XQc6KkF7pSZANOjo4krrpHHl1Y5P0HVnuxExqPNVDf-lh3WApfipY6-K9ki0IbFjhOhLgDqx-r61vLQWOo9eqHjatdHulP3Hxa2oLoLgI2ZKtJOHA3fXTuggrz
Boojee Cafe,"Rays House CHS,Bandra West, Bandra", Bandra,Mumbai,5.0,800,ChIJpVgsOFDJ5zsRMi5Myvre6zE,AdDdOWozd72ZIvm0c4o0M8sJ4gw47b9y-qvS_g4PTIcTitz6I0c4vz02gRxxIO7nIxGKdDN_5fliWMqAUop_nB5Z8F00kaeEw9shpbW2Jvl7_UW93IJuGmqxRvNex0vD8uxnjMilGDdh7O7sZP_pCMT3RSTb6YIwYmw87fkToU2nsERTfV5H
Fire Bowl,"Malad West, North Western", North Western,Mumbai,4.4,800,ChIJI7GsU_i25zsRzLkKSQ2tpJg,AdDdOWoernut-MnHIgjIl85tIn123GXQu42XNIQzgRXKACjv6MpcroGyoeATNkFTYjQP604mE1Vi4tQyDGaYcr79D7MtwYa74BOBl_8Ixv4Z1MzcJyLKC1wnYSr5oDwN-7OoVNayeBlo-2B0dUBk80fjL22G5TWZFmHgdRU2hyQ2mdeWM4c
Misal Adda,"Thane West, Thane", Thane,Mumbai,3.8,200,ChIJY3VUPgm55zsRLRJOto8pTeM,AdDdOWpolsDD100C_u_iLH6CqjDmujnpchCNxMMcyOtpb7zBog2--zUXXd6nvlkrHxX1IDCgnUpQxPUmiZd-UIi-OJzqZbNb7xnQB64LHU2kKcNCOJ7kSaXCi_IyKDDkv71TrooSV5dPYL72hWTipdA8QRO01St_gKE563dgS33xn60FgqfS
Spice It,"Ibis Hotel,Turbhe, Navi Mumbai", Navi Mumbai,Mumbai,4.1,1200,ChIJczuoivbH5zsRzhn6zncagi4,AdDdOWqlcV3mAkfeMYie6nKvBP3PmPg6tx_VwhGaI3MVDD4YCE8zgxFWVBz43hGcqWyJbGk7FIXg51tzJADZlNUCx-oac3CyAtZuE2aCOUX0YS7bXnR9Gj9scUoAwNV-FIg-JvUo7sL0cqknKgGkZb-vwpNXm2IR2_6fMrAfEaEUy6ZtaVmx
The Nutcracker,"Bandra West, Bandra", Bandra,Mumbai,4.6,1200,ChIJ5waKgMPR5zsREG_EORloWo0,AdDdOWot95CRpCcU7Yv5TnMHQJ8WuEVQ0VC7rMwHdMuv-vr44_KjbbwxEC8vCprff7VHyeWQ0IIZlruFSAhkbPMepQhSX-YsIWVSSSbReUekI64epIeCCZnOqIFMMofE3QXqiRAJ-rCpRhGOdS5RfmPB8ejf2ytsl2XKWz-AC1SVSGs9Z3g
Soul Fry,"Silver Croft Building,Bandra West, Bandra", Bandra,Mumbai,3.9,1000,ChIJH0iTBxPJ5zsRqVP7_pYW0gA,AdDdOWrNDu70BTNbpR1DbdmdQPUvjohUoMIXWeKCOXnJCJFMiO8HP_cR3BatyprDPrtY_mJQCBfpooZCze24tL2mW1wBEQlqpekodZLLJYh9arZjwx6cjPn6cmF-94hxHaUpJNYydp1ioGoxTpa7diAMGZ7hfkkEzYtEGQn_3xu-j6sQ0w1O
Pablo - The Art Cafe Lounge,"Turbhe, Navi Mumbai", Navi Mumbai,Mumbai,4.2,2500,ChIJDdS0gSvB5zsRI3tA_21HeGA,AdDdOWp2P9V2ZSCLrS4_lA-9VCMh5Rgk22Ytj_A9EdbfsXgh0ue93kK7GpvjFQwf6oWPCaEW07KOdtRDYCKAYKWreA398CBBKy-VLiv4viGWrwG67NT0ygyMOH7TnA0_GcShAb62Wa2-irpe84D3VlJX5KTbkJcaE_HjhFia0BEHczW99hnr
Persia Darbar,"Near Andheri West Station, Andheri West", Andheri West,Mumbai,4.5,1000,ChIJlyEhyi225zsRIROY3KMUzhE,AdDdOWoaYebtzUSrqNzoK1IK2Vwq5wpByvK4nQwaOlovE9qUs1IWyqhwokUTdeM9XFQNlIKSpzB8AfcdgbjBGobzSI9D_W8OfdWXY7bUzhjxB6XlCl_SHLPuKySsmv9h-vEjOrGZx7IQF2sV5JpY-bWILPfc-iZVQYqpkOX-DJt5HbF8bZyf
The Bagel Shop,"Anand Villa,Bandra West, Bandra", Bandra,Mumbai,4.4,1000,ChIJL8QJfmzJ5zsRAvV3kvcO2uw,AdDdOWpQ6JyM53-iOc6_CnjYGuORsshhuJ_zBYmdihJsiN-CyvyGRrZ3LSMH1H55hoTMqoT_Bn1pB5zwOj-bXdW_FlDPYkc8WRScs9C0VHy11pY-QI0G2hZqhphbNivx28QN86Q0FF4T-LQXL8R3zyWENx5Cx6XBc-EKqtV2gByvMEJ0qeWX
Thambbi,"Gagangiri CHS,Thane West, Thane", Thane,Mumbai,3.0,800,ChIJgXQpCYjI5zsRyqhf_jmD7D4,AdDdOWoK4m7Bjsh6XD7pS_odSWEs4tsweK8vqkAwB5skF6AX7s2WK6k-n5AmkaQ0Txm8TXqNXfHw08Gj0dh9AwOsg6k6KShh-YV2irSg2Gecu1U2ASKN2drjsoO9V33lxmooyGceku5H7Kusb0f8t0UvLuk5YrSLqoVz3sb3p1c1EgZ_MQ35
Tibbs Frankie,"Inorbit Mall,Vashi, Navi Mumbai", Navi Mumbai,Mumbai,1.7,200,ChIJZVUU38_O5zsRwHrlz4kgT8s,AdDdOWqCj_nlGZuoO5Ep6wDfpz3oVYcVHKiLtaUV2TbFu9HdWtEXMfYC_lV8Mika-C8EIplhTygUT5NP1P27MVe39Z_qyo40k90qxDNkSdykNwcCYq9FP8beLIFGELvIOVO3_RidIFwFe7SiKkJHEza7GXS1IrXzNfFmOI34gArF7b4nM2yw
Meraki,"Bandra West, Bandra", Bandra,Mumbai,4.2,600,ChIJkd3USxLJ5zsRP0RHei1RWok,AdDdOWr1J4Vx5W-8TGNt9aITC0nDKi4bGLLXQ6aA8v2fKSjDeeb2q0uZBuBSrpYeJ4KbPJISgAvofAx1VM1Qo091kskcWMe33MBH9z_OU4I_IxBICATTv2xvBF3Jq_O2z1ZsPfnu14Lf9RV4dJMlNUDM7wPsSd3cJUKak9dFdTxj7lMs0pxl
Phelia Lounge,"Goregaon West, North Western", North Western,Mumbai,4.0,2000,ChIJ0fTRJ-S35zsRvRaoEdwPwPw,AdDdOWrK-OAUcj7gztOKPItixsdBYj39xao6a9FAkXi3RQY4WQ9bqY5HCSvsChEgvyJ3pic1a9Dcttmxipzmp8FL_MZI3VbJbCpSK54v_WEmos18zFkqlicL2tYILSl9o1LsViLAPB63k2env8N_bwzdoYBoF51HHt5p4dOQAOk9YxffPrdJ
Banana Leaf,"Malad West, North Western", North Western,Mumbai,4.6,1000,ChIJaWzU7uHJ5zsR7F78TSozBB8,AdDdOWpiH7Xb-pBziF6UmNZ775PHNi4WbioM4jyIlZtE4b7FL--y0aMPOFlX2Rjbb5l3zDW1Uw94oV_IZFEwL1qgvX3_Le8KqSG0KaltR492LgtauIC-pt37l1yhGmKsNez3WMQdkOpepEYI2wsAodxIneIGSZEEGsMnujFFWXWoMN1YZc4
Coffee By Di Bella,"Mehta Building,Matunga East, South Mumbai", South Mumbai,Mumbai,4.4,700,ChIJUyr8-OHJ5zsRs_3FLT-U2XU,AdDdOWoJdZ4E3DI4AkH1ofvzc74Y-3zhLVQuIlXyALZnuOzP4hbmnmYZiFtRLfyEyVnaLxLtphcJ6cDBc1VK_4rm7OEW-_cLJbHuRRNfPVpaimSn0KTPH7phniiWtZ_wBI5s6JAgLJNq2uhxMLzO6S-Lfysm5Ucu__lJlAYsojBLpTwYWg4k
Messy Addaa,"Matunga East, South Mumbai", South Mumbai,Mumbai,4.6,700,ChIJZ4wXPu7P5zsR6Yok2NmHosY,AdDdOWqSd1Lc1CxAhaG2dnKzzs4UeIjbRdoKwjyCGrMl_hDiINbtZc2eyCkB9OwL8Q3IJz3WCxTP4XJq3oQOIPAv4acRa2ouOkFC_jBx18xbEg5WdIKSGEAjQvzsr_aBF3E8YnghEmPG304062caBrEf8DQ0k7etuegPZwVH-m4crObjbneI
Cafe Nutrithink,"Panch Pakhadi, Thane", Thane,Mumbai,4.0,1000,ChIJBz16QKi55zsRccecBVt5CfQ,AdDdOWr-_PwI-0x3Lsbg9Hkx5RRCr4-R_Vt7pRYDYwt1rSuF2s9-9Rl8YMqcw4w4GW5FGSUJT1QstUFz5qdd87KELj-zTwNNsPcQaj7DMLF1EnrAv0wfKp9l8xeTTy3cU0fXOp1Sk2W_R8UwXC9iHqAgN7oAWKxynxTJWmrcBCIZK4nQY-Jg
By The Bae - Kitchen And Bar,"Versova, Andheri West", Andheri West,Mumbai,4.1,2000,ChIJG_ygl-W35zsR2orC7LODlGY,AdDdOWqpp3DBxY-ma4usTerOkO9p4QV4tM23T81e7XVe9JGnehYyBE7RO1dw6qC02RkWkTz3RXu0kURnGtxs3SqsfJ8I3vzCsMVEL_fDNsLUXR59peykjC1M7uDvf75XdievRkD8mxQW37xotegXyOqckIfRkP3N4-SmY9RfyhWHCltDDJdN
Frozen Bottle,"Inorbit Mall,Malad West, North Western", North Western,Mumbai,4.4,500,ChIJ5VIv9RS25zsRkGm7AYBV8Hs,AdDdOWo5n6rWkfcBa5FEZm5_zG1VlcFdEXyuxgIie_ViHRJrzBem66-D3NfSV9Y2R2XduLUT2xofzE2QsNAW_H9-nG5BGWcAEGG_Lblk1M9GmFrRv5HEjrHEMrPrB6BhA7v6mFLS-vfYjc4L4S8pFFgX3wxXgmRN_C-W5wkuQz2-qljbdqSi
New York Burrito Company,"Inorbit Mall,Malad West, North Western", North Western,Mumbai,4.3,600,ChIJcW34Vg7O5zsRY4Qr4np6auw,AdDdOWrYotXnibISSqquzKJlhGM4NYKEcYwp-z3EBXaPyBNaJm6MgeNWWKF0kUp53h7JE72DaHPv-AFZKH9MOJWbOyWlfFykp9M42dPtWuy7Sj0DQ9MSwLhuLLFYqoKUV1NgLYThA__7wH3cjUhxbX0hVj18SjfJoIG9-8UrkPOCEPJhKQug
Bougainvillea,"Turbhe, Navi Mumbai", Navi Mumbai,Mumbai,4.4,1300,ChIJD4YjPjrP5zsRexZ22yfI-QA,AdDdOWr3c_7J1WPVDttKrWTdvBo4QCGj8me1gKGFShMw6x4CRWMIVyWm9UVjqi-mB-rY_IqqCPQDKdAdLx-6pZKe-fpuUbR1gVTte3DnQ58rIbxjesx6moNU7hcB0vD_Walu0J2sEYtK4-1HziRog-9RtU1UeXyx_lqu1KsGPWccg50eeQpU
Mad Over Donuts,"Inorbit Mall,Malad West, North Western", North Western,Mumbai,4.3,450,ChIJ13m5EbXJ5zsR7afBIUCPhc4,AdDdOWpeWwhe6lew7vY5b6iCmDAbg8My7HOsFLuMwcQ13ocbZPMToNLaMNeckfrLKpZq9bdV8s4ZhlNevWQB2tmcdNXFKUVvbukZDqVqMGPjxAbxhVcmwYTJ7YlNeO_Ts_YLI2PpScfLnIDGhQLAUy7sP-nToJ0ntzoFC5s7RoqQMZQJqOHU
Bandra Gomantak,"Bandra West, Bandra", Bandra,Mumbai,3.6,800,ChIJmWOMuD7J5zsRDEYj49ONIRk,AdDdOWoA6pXfb_SK9595ZpCkrrNiQT0V84YKMFY20tORlxVx_ew6860IPwZWReb0OwFcSJ5TWmoK3lBa6G0we1lFDqwHDt2f-Ke4Az0-QhTQAX3WRWeUmm3SAg5aNQdlrUZUC0nYMeLMb4Vc2XAkzTiLG678yXluw69JothzLrLIpPr1QyKh
Ottoman Cafe,"Versova, Andheri West", Andheri West,Mumbai,4.3,1500,ChIJr3HRQTy25zsR4kFp729HVr0,AdDdOWrX2V73Fym3P32yo0QTj_fisC6fvtMMI_4zYAc_X_HiFbZDRHnv0cE1-fvVUoFOZix3KvIMlxRkU2i4FwJ2i02JwEhFvgsvxhNoBNXSiYeAjz6-nd2gRAecxFiZ_H9MWofZh50Mc5NtVys0BkJWjiQ2VIsKzriDLQBp6gKydC-shUtp
Howra Burger,"Dunhill Apartments,Bandra West, Bandra", Bandra,Mumbai,4.2,600,ChIJSeb-EILR5zsR3buIchSZDbk,AdDdOWoDs4Zyyxum4WbEPP95qViNH2-Ogo5A4JAhBZlKHfzySHzP1a2sHCapcZSn0JCOuyLF4evwMnJ2QpKVJk8ruiXGzd8q6GebnMAQB-_FI27S2p_4kz8LizxIxcoD9ApABG8x-ClrwDNOAgpnwgT1Yl1NY0MOICyIqVW456LuvelcnM3q
Mad Over Donuts,"HyperCITY Mall,Malad West, North Western", North Western,Mumbai,4.4,450,ChIJ13m5EbXJ5zsR7afBIUCPhc4,AdDdOWo9c4JTRmJKsPXv-7PdLsbXrApP5nKCE3mU1Ds-u9mkkODU06CaFNXh9KrVsbGQfxpEyzFIVyHJ-b75iRBkq0zh6Ih-zFNZu_060i-1sdBH43kDvQR5LmHbdEq84wlzXv3yxk9feFbSTwZP_U3u8BF_CRlQmi1mmV-yOE0V6fV02HQ6
Kakori House,"Shiv Sagar CHS,Mahim, South Mumbai", South Mumbai,Mumbai,4.2,1500,ChIJW24RODLI5zsRdvPNuvAGyOs,AdDdOWquGHf0mciK5hedhhePzCGIRVyH6I84nppPswHCs4I9xciwvy-xsNa9jK_DMjsvME34N-X2jV6bxQP_bRj6u80Gh3uqKko3i1z7-JjEepV4mEtpvwJLxXqxhWN5EceRl4rjXGqv6lwGraSqZDRdyrFVIZQRY4fZ6ftR7fnmX_DZ69wc
PizzAah! District,"7 Bungalows, Andheri West", Andheri West,Mumbai,2.4,600,ChIJs1Nrnci25zsRPFcaFSQTo2U,AdDdOWpJDZ9Do0biHv2ZPntKLyWs56nDeZLaaUgJQ3lPOFuyDdg9IsaXdEmusfYfI3Z1DMYzJQmOzhr-HALeM746iPulWW04GAjbOJEoKRa2F1V3rzhV3D2Ex6_1niBcp5qEBlt0cszB3jkklJ_lkeppYttC8jFLvVwF35kfUMNn1VXWSrkb
British Waffle Co.,"Vastu Tower,Goregaon East, North Western", North Western,Mumbai,1.0,400,ChIJvSn5tT235zsRv95bt3fgHY0,AdDdOWptDvpMTOFmnXCgRfNU2QVjQ8KJD9xrxclAY0UwcP-vcbeRuOp5zYxKoE0FpBZs_5D6ecZ-mJTa1IaxSY2cIoM_bWspuKbPTXlcUnlX99gGcbgwKIq0ptljBw13ECfOWEuNZdBfa2wx13knYwN8fpVybyN3erNp-aHsHhijYwnWAK46
Tibbs Frankie,"Inorbit Mall,Malad West, North Western", North Western,Mumbai,4.1,200,ChIJZVUU38_O5zsRwHrlz4kgT8s,AdDdOWqKIPq4iq9JgCPVt7ypQL-RiAg2DVjubhMe6uiLXxIqDg2esCnaZjM1LHycWLj-5ekd2B-f_p0_Si_Cdz19m4L43wBJvdgPD0VUinHrF_K_cx6Ti9wS7YsUin7cu9BN_vCpCP6LTrquOVNVAIPnyRpoKQ2q0V3UTWXLlVbOh2Mcii7H
New Sernyaa,"Adarsh Nagar, Andheri West", Andheri West,Mumbai,1.7,800,ChIJz0CM1vC25zsR2aS1fPrxh0A,AdDdOWqqzixsb3tHAfIYp6n3tN33vdUXzBVcCzPqTr20cx7i6jOdKgQAjns4h_R-4q4bd7YXhKud68vEGQAfg1FMi7tpzj8XXuwKDcqBXKk9DdktYMxVxIdUHbuLEgdL_cf1vV2oQlLaaSI0a0tBbbkM6_qdu8FrFT-kZWhbCwEzu6fBOqpN
Shake N Crack,"Sanpada, Navi Mumbai", Navi Mumbai,Mumbai,2.3,200,ChIJOxsSAF_J5zsRR4VnPhrg7G4,AdDdOWqiNkxQuhQvmsFVYGVJ4FJKLfCx5cSwb66tx49Z9HYxxtKcQsmVheHF5F4YzOdqT2S0lgQ5nnF8jcgCDYnlVXLdTtQeS_VFVTtSbx-Tgh2ayhNKpCC65m9jh51-U0KKvTAEkApTRTUIs-gDl1k9P_Uuz3T-YNADUwoU1bYP1odvUpfq
6th Street Yogurt,"Rachael Building,Bandra West, Bandra", Bandra,Mumbai,4.5,300,ChIJKUL7Z3XO5zsRwLq8Uwg-OMM,AdDdOWoBtduIm3ZghbkzmZE2YCcVcW44IOizahRwFqypVxShO9N4BHKb1D7EEawOUGpoFIy3h-v0ECYtvK_wYttfJbHUozq52D23uZDtd5iuuEuxrxewOnhPWk3by1d-bNeOvCnK2BQG5H5SxwbYvKZazAkgjuHJm4QaNlZcOQEBKlnonpLe
Persia Darbar,"Malad West, North Western", North Western,Mumbai,4.6,1000,ChIJlyEhyi225zsRIROY3KMUzhE,AdDdOWq2J1xj2TDT8fhOdlP9BvkVd4AIfhmaDWeXN6eOcaQZY20a73570FGwPd-8FFsRCi_ndPVYNBXu4IGNCmQn7I23CRFE3UDfdX_wc5NLGNURf9wwfISQTBgS4WalnfHOISJlirReSSRzbdUl531II3hqZZUh9ug72P275gUBxIh4oRkD
Eataeria,"Bandra West, Bandra", Bandra,Mumbai,4.4,800,ChIJ20hWYmnJ5zsRuFJp0PPjMlA,AdDdOWrgl5xY1u6OsVd1z6JVE66j-m9cbAz_95EGwCXN6XNjoF246ODNBG1PUuPNuKn05vpGgCTCtveJtbSpJfUtlHqwCNOaQNoXJJnRpk8i79eWqRCPzogOHGOqpC8HNeF938VMLZJARaQqjTVKc1h_mR0E1L03OeCC9FtdEBHEXkRL0qa2
Phelia Terrace,"First Avenue,Goregaon West, North Western", North Western,Mumbai,3.3,2000,ChIJ0fTRJ-S35zsRvRaoEdwPwPw,AdDdOWrkz2hGg7i-dcnGrLa33p6F8FfZH70ptjwoQ7gm2U04QohAbDBD_0yvGk5YawdK8-tPqUW3R1u-MVHcMPhJ39cAd5S1KzZuWeOKcXWqkKlygCbHWx8VmlNFJnniIWgvgGUpUpwCVGVp35wiOPLMs5Zw81GmeXNeMGM9czoQ-xcM_bWt
Banana Leaf,"Korum Mall,Thane West, Thane", Thane,Mumbai,4.3,1000,ChIJaWzU7uHJ5zsR7F78TSozBB8,AdDdOWqSszKD7O19ZjpXfq6I4NqGybT0zpN650PdG2h03ms0h3Z2iMWsin-QhlV5JVWXp_0j44hxO_-km5Nye5jSRsh_xrkDFBt2QtSR6qCuiL66m-V4mxSBfVmwFqTgqJJ3bMbqEL4PKmJYCQwmxL8q2rF1SPDvRVcFP3YvPGBo-e4ZQps
Bachelorr's,"Kosamda,Bandra West, Bandra", Bandra,Mumbai,4.2,300,ChIJa-FQg_rO5zsRwEFCXCiiq2s,AdDdOWolg363RxjGmPsDKoaOh8h-_i7wtPA1HrZGELo05ko2IeCDSzogSfID3xdI5dXAnMVAWBlcMVbTZsjo5BWsBqwQHO-FnJcFOj4AKgHOM4dqtEuhqVkd4hrKQn64pFCRywTLkv7CFz0CMXJZGWgdJA6_fOOOmJp3-HB-HbdxbFkfUknc
Chaayos - Meri Wali Chai,"Near Andheri West Station, Andheri West", Andheri West,Mumbai,4.5,500,ChIJmQRi3_vR5zsRyHd7wyOaM8I,AdDdOWpClMIZzs0qo1W59JJ62bZdZjtvU-UfYoDeauj6vtSHy2C21MkvQrg-MAajqO8ILIytJqs4LH5TTJz53k5Ho9MwBBftmBIFNkNxb0q1zEaELYF7pHpn2aRQlEgQElnIVEPwCs7yi362iNkCjiUDe6dC_bqXuxDhlkCf-KL4R2bd99zW
Pop Tate's,"Parth Business Plaza,Malad West, North Western", North Western,Mumbai,4.3,2000,ChIJl9u9LZPO5zsR-GaOcDorp6U,AdDdOWrps28ny9TNC0c26LeokCOtQWldftH1GpWWIjOjhdGkFs7LkEpIeTy_tyqkGszMmilfSHQgyEpkpWJvnO5WWeAOPd0xOWv96GHT2bwgTWsfYLqN4TvomjbaTwzFnmgxh4OpSiKI6xkqCWqpaOm6QWnFh06p988142ZbphVHMcYE6mB-
Bruciato Food Factory,"Near Andheri West Station, Andheri West", Andheri West,Mumbai,3.9,1000,ChIJ_QaZZIe55zsRX4kdVCPtylQ,AdDdOWq9UKnFfwc_GUqPcm4c5dycLGMW-ZAHAZ91QVHVH_OHNX-jWeumlFwbymJSwpSPwMQAizEXAAivrlDrzRUKXkp9UfnQZE7GIO__MTB7tKRZKjk9UCO4JdhaVwlzwE2Yns3wMsGfkL1Auo4LS3Gsyqv5M5kcBbMLppv3FcZuMYOyaqI
Tibbs Frankie,"Korum Mall,Thane West, Thane", Thane,Mumbai,3.9,200,ChIJZVUU38_O5zsRwHrlz4kgT8s,AdDdOWqzDH-qgKgqJnuuHDZVL_yYFQuFMWbZ7rwf4rNCaRvIFvCr6Xw-07EgAQvTXqQEGe7zYA80gZmRhpqGoKKp1QER3p03mQotBJsxmllY1-Iwc2USk8xsOCvINL4jxqbW_xebMBIfrt9mB5T4slLhVeWTG5-0iPLZDlfY9-IF8-tSvW-R
Wanton House,"Shams Palace,Bandra West, Bandra", Bandra,Mumbai,4.0,900,ChIJ_SfRVhbJ5zsRioiJl35NHFg,AdDdOWq8PXohTpzS0tFaQNRRT40sqwOSAATQzXjS3hZvHYq_T4q8kF0G0P1t1FvOV5hJsgpu3XSzOP1BlCh11b4zURsZAcmjs7G28pDiVGpgmQ0DIgsrkPy0-uNSpVWFexPx7hpxcxSqiNmRjyZIPIwufAzA3u1lzjsd-poTBOF1lCuqe7Lf
HAS South Bombay,"Inorbit Mall,Malad West, North Western", North Western,Mumbai,3.5,500,ChIJsWtd0_K75zsRHEC8t4PbzYU,AdDdOWpdTY9ZflX6UeMyhR_m4mqhqbRxaV0aJGeWYucWJpQ9BlMi_7eyxc41JEmyl-PFhuk9JVoLhtfr11NqSQ6-2X3maIQhPWwdjd6BAQugam0Ft7OSQ4VepymMCpC9335MSjdmhkT3ni9dMIY3rAa2F5HYK5K73GzKVPNaYZKRRdRRrQRp
Naans n Noodles,"Hotel Yogi Midtown,Turbhe, Navi Mumbai", Navi Mumbai,Mumbai,3.9,1000,ChIJ7-Pzf2jB5zsR3mCQDKolGs8,AdDdOWrkVl2B2q2y_zB6ByhCe0Pj77hTiheNB7kgpAbZ3rwg7c0F67osGFTgAISD5O34FkurxpiZpmF8ClRvkA64nUSUG-w8dSScQeZ4BmB5PYqySs0wxT3k7Nm99POSBHN1K1UO_KxzkowsURD2Di8wr33cOhtFYxNyqCjLEKN2r5K88yJj
Kakori House,"Bandra West, Bandra", Bandra,Mumbai,3.7,1500,ChIJW24RODLI5zsRdvPNuvAGyOs,AdDdOWpxMuLR20clM5FVFSPnptDgJg5RIpu1VCg3USnekxgLaA5SZAn_060ok6gcztb6ZDqIvnvyiF3-gvw-2U1bDde08QEmB-zT4Sh7f5Q1O_Q_3AK3RaD1HI-YVehRa1HDEg7Mzj386_6jIThAZpqZttll52cXeiCYUvYjfX9thiUi1UE1
Beyond - Wine & Dine,"Malad West, North Western", North Western,Mumbai,4.3,2200,ChIJSwb_oPa25zsR6Hd-8tqc12g,AdDdOWp697od_NJLYJ46zxgVBu4qp0Fb4rygpK1WsvaU9cTCPD7YmxzMqeVIX3SKO00b7LpG0EoSe1DhysEfvjVqmgwn5XRFyk2vv3bo0Fw41Ur0xR-UbFNMqkxdwDRKjMVob3iauYhoEGX5uDjUigv5dppD5oc8rOtvBURd1WonnWteOzq2
Thangabali,"Manmohan Bhavan,Mahim, South Mumbai", South Mumbai,Mumbai,4.4,1200,ChIJFbfnQtLO5zsR4hOsbfE8UQk,AdDdOWoooJlErxrKgKPKDGjLemhaK19pgwdkJAkKncWGVaAFIMQT5Ec6EMeuPfWk_2CndkmTOg-A65Rwu4-hCybBrNXYQLqpbtNgBi4wWcyGtcjESUVSdgtdGjtgnc3ZOGvoyShHm3mK6Xq2ZVoGJ6bvb4x_cpv7BlUqUi8OlH_GJ8tVkgzV
Fire Bowl,"Mangal Orchid CHS,Near Andheri West Station, Andheri West", Andheri West,Mumbai,4.3,800,ChIJI7GsU_i25zsRzLkKSQ2tpJg,AdDdOWpsJq35KY5AHTetT6C-V1u__HguYU-MDDdHx5w9P-DHVenxOglWSArNOcUdbSagH4b3i3N-O6TIt0O-Jl5UWSKea3GlGUHq2QoiEHG_MFgtoTDFo_eIXCLGWnztMCwS8juM4y9NH9ZfnGbEIbRnRGGYNRnGAoFFgCPIy8yernVNaFA
Dewano Daa Dhaba,"Near Andheri West Station, Andheri West", Andheri West,Mumbai,4.5,900,ChIJ4855jQ625zsRih6_yaPQuuI,AdDdOWo_ovW2jogWLF0rf6wohfsP-ReunSpSVNB1ntJ5r64vMI2dQf2c1LS8Fwreh5IGWbbSJlJ5-krkdsiyrxUqDmGvq3jJdE3Y00lZeN-jdQL5dRzjEHc7MFmAldoGWBFw94bNfvdxKunIlrUbS6upFpZvKsOQpAcHZ37KKk1UNX6doPrt
Nomada,"Near Andheri West Station, Andheri West", Andheri West,Mumbai,3.6,1500,ChIJay0oJdbR5zsREpsAKrPDhOQ,AdDdOWo6Sy_XQcRbV-ga38AsR9-C0y1xIxdiaKrb2vBZrqI57WxKibNSRFT-CNA82F2B7_Yp70vmTIyjxPsc5cARjOrkCjGgyk71kOApv5z02jRXWsZfVV3Yb-UMFBm4LaRkSP9b9h8RqVyGNOE1XdfHhCpnmLpHQMbt0UjxYv1hxkQWjRhl
Coffee By Di Bella,"Versova, Andheri West", Andheri West,Mumbai,4.4,700,ChIJUyr8-OHJ5zsRs_3FLT-U2XU,AdDdOWrfhWyfNAgf-_ceP-7z2zD3RZVhA980yOxaK0jGVMEAZx38gsiGfB8YGHbfUPeNuj1GzZ9kqp8DUTBZ9TM63Zg2vc4orm7K0p_OPPREVR5RhY0bkj74yXbq5YLg9cf9S6gZ3fv-uIsxAHJhn2EnYCHp1OXZaI32YtHXpHZsKMn9IOeG
Stir Fry Grill,"Malad West, North Western", North Western,Mumbai,4.3,1500,ChIJnSA-EPG25zsRIAcRdZQGGY0,AdDdOWoCf2JXuX647r_gowph7V5L1Bh73OWN9ILZZlL5x-XDxFXYq0G46FzjOUXiZXKXXtn-TqP4IdJVU1GUwOPGwpndpquN7hAJWFExXdijVWGC_T3EcrgUJovMNhbgKZ6N2Li6XwAj7J1rixTjQlHJb0FRUF7VoXH4aw3JccbSb6k6YBDp
The Food Studio,"Nisha Palace,Malad West, North Western", North Western,Mumbai,4.1,1400,ChIJ3f__b1-45zsRAJMaumVduvM,AdDdOWr90jXV0AIiQ1eeqjqfbc54iPbneOT1TGswHh8_YK7sLK83nrupHyJdNNj-t0Opf_v8J0V-SKqS8ZrfxGpyguZoMcWISLVNjWBt0OfNrIurgUE_TJoWIRc_NT_2JPAvNThqxNn7KknJqRoSZRs48dsVZNLnCIEoOLZ76Mb8j6P_M_rJ
Goa Portuguesa,"Mili CHS,Mahim, South Mumbai", South Mumbai,Mumbai,4.3,1500,ChIJ3fZRcNLO5zsR7q4BI7UQK90,AdDdOWpTcVfDJ049RCmO3U4id2LmcjaKqs3cNBHVSkS9PyAJWeedOPSC_eJ1pcDLJWdfQPjacwdfMqiWF1wYpw2396yTNK3ckke4hPVjM_wvWFMpMYbCZ6sow8MvpU0hCPCRENTOfIeEe6DQb599537DT9im4-OgewgYEGsA6gD1T2-XvUYX
Sirocco,"Versova, Andheri West", Andheri West,Mumbai,4.3,1200,ChIJw8_Pqgi25zsRx2jr5Dw_dBo,AdDdOWpM0H4uXK0Y8tZ0OjDra7ViOBcqnZLZRaG56e1bR3Oygo_jD9uqZ5V0OCwjvKT5fS7m3_RAO53rJaPNdegF6u8TXuLWYwAV7F3lEAUFgftZTQ2ezUhioyPt0axo8HGLQoTFHqOPkHB5wArK2NNweSK7kjWnjfyHxSOaKQET_N2G-KmK
Diva Maharashtracha,"Mili CHS,Mahim, South Mumbai", South Mumbai,Mumbai,4.4,2000,ChIJn1hPbtLO5zsRcnKO1Nnm4oQ,AdDdOWrK5g7rIJpYUdLGS3X7YwRviIGZTKjZdsAQ8RC8uc5cohNLAZZlKoEPoiSlXdYXC5r_g-JOcJXJANSXP0jMs2FQaB1OWqsvEz0aDJvRwzPtSjOyxpW_KVa5fwNGdjDRNh1cuzrfui905Kj4rLntM9--qaYf87ffXhwRs-0anLBF5nCm
Yoko Sizzlers,"Malad West, North Western", North Western,Mumbai,4.3,2400,ChIJp_5SXAjJ5zsRW-N26W9pZys,AdDdOWp1QV510hEZdPmsP4hpnFyCOQNahqdu_-R-yWWtfx64u14n4yP1Z2ShYjvZOzgXdgN4e_KBvvcJww60ksL4GXGXebr2MJQgMe7dnVVKzpy3El4ORPAeLSZGRdh-Vcuqbnhgt4ru8YCHUA8SWdrbAyd9Mhkh8OY_F4VAprRuqH4QQ60P
SodaBottleOpenerWala,"Viviana Mall,Thane West, Thane", Thane,Mumbai,4.2,1600,ChIJPXvpM-bI5zsRYIa29-AxFdI,AdDdOWpht1pQqvcCDo8so7LpPUd94AjSLf-YFmYVZAWTBekH9uaEVW-W_u93wjfknsJydZhD7EFHRMN3SvCKPDkSEcHqcnB60pH9QKDiZu2nYXEbjAuZ2WSlSxrrEpO-KQKm7rMVTiQmXvjzHTJYBkqCfj5O2w8iIDFNZzY4qMQUGr9kB-sa
Dakshin Culture Curry,"Mili CHS,Mahim, South Mumbai", South Mumbai,Mumbai,4.1,2000,ChIJMTGobM3O5zsRnZKd3_X0Jfs,AdDdOWoJ7kj3h6ZS77HwOyxsYYl1Oa08NQEfoGqA02kpe4DHFtWVsUSrZWgtygnMCxaK8IVeIqvvHHIlrzcdj8fENA-mTO1ADtdxQLBVo3zLfjCny25xlkOSp_gF1tunXjO-IypwfHXFB0FYx7-3lXs6Js6tLUonyvBdYZM_xsfNQ3Kb2RHt
Mad Over Donuts,"Viviana Mall,Thane West, Thane", Thane,Mumbai,4.6,450,ChIJ13m5EbXJ5zsR7afBIUCPhc4,AdDdOWr9g_Y-wDdXYwrihFecgvEUlM6LKRDf2ShJ8a-CyH5cWM4TbBUh4RRAFugFsUrS7w_GTw6I9gJS6_SwXxd-l2but9FSRh0rSQWrBW-b204O06x4ZIwJJk_2Tl3RNOWsIJCNL19OyJP6brAOAeB4dCfuaz0TKE-FRed_jouXYXLQN90W
Sammy Sosa,"Raj Infinia,Malad West, North Western", North Western,Mumbai,4.3,2200,ChIJq6qqmje25zsRy3cikHWRTCA,AdDdOWobDfpq3XdEOc9x6WactCpkyjYMyxHUU4bWzKI3hWzi9Ua64J6I43a_pCy-2FshdotvBu4u3mza0LJQLY11rVYbhAB9K_BnXbLoMsgbB1dXMNsj6eCTIyRpsZV8Cv1TZGmevdsWfpVU377CXtQee1sRsBZPHv1sBxobDNikPczLCuXm
PizzaExpress,"Viviana Mall,Thane West, Thane", Thane,Mumbai,4.2,2000,ChIJv6g8NMHR5zsR-tQ1_C09hSM,AdDdOWqG9Wpc5vn_jPNyXanheJjBwm-HLT7fi00H_1vEtlYGIQgtPYN1tTZlJtUd3UCTgdaKNhPJl7XYgalxIKAIxrAim3OSkhcQ3fg0ya8AVeFQU9irRoRspRMetbM9JEhFqQ9Dy5kS6325Qp5sght4VRarCVJjTPXJqFTD7TYfboc7SIU
Aromas Cafe,"Viviana Mall,Thane West, Thane", Thane,Mumbai,4.4,1000,ChIJSWijB-bH5zsRVLE5ipsxvHU,AdDdOWqVn1aYvAD1wc8xXGtV2Q1-KQnhtylD0PgbNr-Iv4LMeoJiUS5jqMgwBjZaux2kge8OnMyXBt60oPt6aTBOFJjKG89bVpQyzha_-1_FK_3i4o_BstCQp-vWN1SnzQpqXRytvZsR9GpcdwmCVh2_8EoOc25is-TeXZT70D500Zk__gUh
Mad Over Donuts,"Growel's 101 Mall,Kandivali East, North Western", North Western,Mumbai,4.6,450,ChIJ13m5EbXJ5zsR7afBIUCPhc4,AdDdOWochtgpglM4QKmaip3KnW2KkvB0a4RzmgDGFZ46a45I2TMaLIcfrReZJpFPO4KRKHyBALmHR5hTmuwO6vfs6jSbxgesFsu-ci4kJC8oZGAiqq7Ll8mZ7EC9F3mYQeqbur4TNe7mf1i4Cvz3VN1ZcqF5SH7KNARO-o_SOEWhQp33bClp
Mainland China,"Viviana Mall,Thane West, Thane", Thane,Mumbai,4.3,1800,ChIJJWTeXTy25zsRNkUxi_z283g,AdDdOWq4BogfC1VfD4HgRk_PGWUy4LopeN3i-pLu7Vkl4YxPx1DJn2h8pZNN3thR_DpEcgW-wXylswBj-WKj5QUtIzu2DXZfPTe70w80QaMfiX5euQZ0ba5Wkhe5JzX7PAqN_tbGHlw4G3wR8pIOzthiR1uk6TURguHY_qV_i6mrH8fH598_
Coffee By Di Bella,"West Wind Apartment,Mahim, South Mumbai", South Mumbai,Mumbai,4.2,700,ChIJUyr8-OHJ5zsRs_3FLT-U2XU,AdDdOWq73dyvkN_VHXOa5iVQ4vG-5Ut4-Rih5aFIYBR3cGW2bKCt3eGJOu5iTP_1e3Z5Q9CSi0vscGGSeZt8GJTp5wJ6v-4EsI5U7CV0AwQp19um3ZhE0ffutFEP6QWBBuCqhGqZEOs9ZcqdS7rK-TQNMv2p8NXgCDuzPXNytW2eNsHtprMA
Pokket Cafe,"Kandivali East, North Western", North Western,Mumbai,4.2,600,ChIJ_YcnOg3P5zsRaEg__VZsCjQ,AdDdOWqiQFG2VH429TyjP2t4TZtMzIE0uwJhBGFo_5FK3f6tLdE2akYFT-dKRjRRgcsl0qYguS2YSUlbtcKsT11LG9TE28th5BkpZU8joNRzKZ5RQGNyy6zzr3N-8pjxHWtKpbZSyZ3Qj1UOku8fSi8fvmf2mcsSDm6L0A6IKw3UB1QiCCMw
63 By - Lane,"Evershine Millennium Paradise,Kandivali East, North Western", North Western,Mumbai,4.6,900,ChIJv0f29ze35zsRnhbywxb4o8M,AdDdOWogiP9hAPxrDO4ZmcpwmpCy0AOuVKs7IHmdVRJSJLOxshwla_jhfauRHO7MugCAzEM2A9_tG_TjBoZVbXBPSRcUZYcpHeF5tteisbQC6ABB-GLvNJkzKDlWjs9PnwZMK7Gj3W7hOVpvPn9RWs2zyjN3di7ekRHE1EIIpHX1TeAWqRvR
Aditi Fast Food,"Malad West, North Western", North Western,Mumbai,3.7,500,ChIJM2bDf7bJ5zsRf78grc6k8q0,AdDdOWq-45TKTWpQ4h2SvRehoRH6UD_LRQVVtZd8SEDfriwdZKFUu4gzFBJsVb7LoUQD4HinBdma1w03v1dHVFDLORfjkaF_b3bO4E1T40PKLe0SVTpFgDMBpuWxNBfywUHIfZUzVlf0T_BQBd6Nu4BHK_1YxKg9Xamb0cvZq2a3CZg2Ua38
Ambience All Day Dining,"Kandivali East, North Western", North Western,Mumbai,4.2,1500,ChIJgzilFzu35zsRZ5lTlw9sR-I,AdDdOWq6sGOm7gneMz4BgTZNL6Qq_p_Otzdqq4XzX0Q2qPZC4f9k31StuK1kJuadmqKxvXEeuAtuMG9cNiz8f08U5fQvIRG2JJvRl-XE2WcdBo4wQ6lJE-slzJf8eSwtbqSLzQLsDcxj-8VqoMYQbIsppBx5EoqyX17ll8n-fg7qRxb1Td7v
China Bistro,"Infinity Shopping Complex,Thane West, Thane", Thane,Mumbai,4.4,2000,ChIJHc_OsrLP5zsRV00xRoquOC4,AdDdOWpGvzLDwjdIc_HL6e7XWOE4dKIxydMzvp0ng6cnK1vRotCESjfbX7rnxthrgGbwMbl15Xg6BhjpC1sXVwZVBC30PHrqMaoUrtrNGdXO1cJodqNYa5SI2e-11UM_AFDiVl9cAgngcKrSq7ckRUnTpZJoemAoHovo4jlwxOqnE_hMam5m
TASCA Oriental Cuisine,"Cosmos Paradise,Thane West, Thane", Thane,Mumbai,4.2,1000,ChIJKZnHEzC55zsRcPU44qJOWvI,AdDdOWosX21HKMNatJeLU5L72UZgkanmtc14nzTx2o-kMP1YG4You0MGiFuAdtKtPoA-5-KqGCxMGlwABR2ElSX-LTJlCXEbts6UwldUke6CkGptSk5yjXghsb5nL0sYthW5X5XI_pMI7FSOj9HTtTZmaZBXuKlU2unm4hbVoY_Eh5UbJpWw
Tanatan,"Vidya Bhavan,Dadar West, South Mumbai", South Mumbai,Mumbai,4.3,1800,ChIJpVFbDOjJ5zsRgAIwHsoWq88,AdDdOWqO_3E0l6d6ctoPRfl0cjMug2-ePz9y6vw2_VLaQ1iXrU2lcnaeHL71nEvcisDbv9kFbCDr9w_hN4SPykrACsU_QxLmyLFShzVss0rTBicSZ-3tf-v3gF_cklt2ImWr5ILEDfK2BpBKMxbHyNWFREOfF10U45kiT1sMFHqWb2GXUOe0
Frozen Bottle,"Viviana Mall,Thane West, Thane", Thane,Mumbai,4.4,500,ChIJ5VIv9RS25zsRkGm7AYBV8Hs,AdDdOWpm_kfaUEg-AX7YXrwFSkvTRe4RQsaDT6wu9-9fSWPQs66k3hw8GnHfDMZmQBZifZeDY7dR7lCuJe6W4xT4KhHmCWwRBtniN2dvGp0xhgBzIUsF3HptV3PibB570cFJqNapIEPpRQK8vc6gUCvY61DGsLP-yor8_n5nPMZf5jWnp_62
The Irish House,"Viviana Mall,Thane West, Thane", Thane,Mumbai,4.1,2000,ChIJ-9sTjIzO5zsR7kv_1BbDR48,AdDdOWrQ5DTxaKfAKIaFuK5s9x6FxUMUDVxId615QZwgl4O-xgRsV2cvpSb8MWixlOHNYq5GngcQuueDiVBpTS5y3NCrQYrYpvd-ZKEZ4Q8dP6RQpEEBY5oKxqw-AHQVQbKhmJphJLFiDjwKgM_xU45qBoLI8_gD8-r9zYYVizuicZa2jxEa
High On Tea,"Evershine Insat CHS,Kandivali East, North Western", North Western,Mumbai,4.2,600,ChIJFU-ZCUfJ5zsRGjxtW8--wLs,AdDdOWqmqAXb1yqX_bkQDzsvuphbF8NsXpRJWUPI3N33PxDWod2_rwYlC_1m0taboJF4VB99ylv2y15EvZxyt6PzdLAAZZCBRakRJiqbbFGhGEJ-NRZRp9hke1gJ9AZtPVtjN0OSU1rAw9q6wYukdGZhuYVMJMUhAxGuFa1sIAhyZwUZARYY
Gigil Brasserie,"Kandivali East, North Western", North Western,Mumbai,4.2,1000,ChIJEVlEQNW25zsRrrN8ow9PskY,AdDdOWqkFpIp2r-LcX7kRidr6WapbiAqzq_2d0AgluzpPM-Q_4zU71aYeGaTLy7cDadaE78oAr7l6p884vwn8bW136XgZ7q_sln1TNxFs3mFHoz8nvSuogXWTkl4i5NlmIg54M1yYQuhbzl7Tc7N3qjIPhrJIAOe5hso8HdkBKHGXugkgO57
Frozen Bottle,"Infiniti Mall,Malad West, North Western", North Western,Mumbai,4.1,500,ChIJ5VIv9RS25zsRkGm7AYBV8Hs,AdDdOWpgewg4vM_mxPG9Ndhg-rqhQgksh0WEddnTy-Zk3FOw_0NxCjzzEgJ8zyflOtc9SP4qvVzr6gq8zA9-SOpuhZHMZkd8NLb4RBJF-NGZtqaFg_G9Ik2TdFdfxP_CUoVamQpLjARxP67zAM3M2_yIvcerBaG15k-uA2nSxTY1oTeEN7u4
Mad Over Donuts,"Shakuntal Building,Dadar West, South Mumbai", South Mumbai,Mumbai,4.7,450,ChIJ13m5EbXJ5zsR7afBIUCPhc4,AdDdOWrltCvs2nmXsPOENyKw9CGyvDmSMFYOvhRRhCax8-4QnXSkp55RNvsxLbh9V_6IU3ZkSmpVim0nI3L42wb8T7oCSmb9T4pfPTCsL5XJwIPTw4gnBuGWoouIqKf3MYEc9fRrzbBK8oycDHhhDinN11--QjPogAsbIUIllanQLcbV82lW
Yoko Sizzlers,"Viviana Mall,Thane West, Thane", Thane,Mumbai,3.9,2400,ChIJp_5SXAjJ5zsRW-N26W9pZys,AdDdOWrVDH8kYrCo6h251kuRgfkHZxNCQifK0WdGktTmu8FmvCT-F8o1Cs9nrmgJrbKcWBTL6sx2uLqEhN1BqiATzoivvwHteT-_VUq_moABgbFgJMVY6b3-hJBMZriMHnM1zNec3D2UhLsklgLxzQirPUdTBDy_ND3NYT7UxVe-2iM7L0my
Wah Maratha,"Summer Castle Compound,Thane West, Thane", Thane,Mumbai,3.8,400,ChIJgROpCL_O5zsRQemU8SOfFmc,AdDdOWqdxG56qBaQvws2rplY72FqTOCYFumqDi5rs4KvLUvsWFcEZcNcXWpujMLpuEKeqpb57NxJ7Kw36N6X3WuVZnHku-01ANUerFfFo-BtsMi_Csf8AhTOitmx4yaQ-J36ioZhOJKVaDTt4flLS9qkqQKvoSAsVbq3vkCA7Z3pteT6R0HY
Silver Oaks,"Agarwal Centre,Malad West, North Western", North Western,Mumbai,4.3,1500,ChIJy0WY1ui25zsRZp42Q5Y5N5g,AdDdOWrxjGjy0v_oU8CDwZJurpPH5a3LDCS4zplo0LFtuvgEsHvN4TkBKv7RVW0zSPNAefpcsNLNGelpZTRysYR6DOpS04r2o2do5bsN42gQObsodfgnU6vfsS1wagY6qgDEq-HeaS9Zizvf5IUEWiKBfydEJtZsSXhU30LJzz0s0m3aCyaP
Coffee By Di Bella,"Jagdamba Commercial Complex,Malad West, North Western", North Western,Mumbai,4.6,1200,ChIJUyr8-OHJ5zsRs_3FLT-U2XU,AdDdOWpn-A2ayuBKh-FLYE0WDQHFaZebCa5kWudbv7lcCfdk3F_loH39F3GGvTpM-Q2osO2kN7wsBvbjp6WYtO8YQrZQPdU3PsFssC_PJNLWsAagmkMkBnLYWz5Bb9OCH3TGDjdGkMvxdRQPDsIO9ZOKVBqVsDPkUSoVTDqYFSxgApQf990T
Tibbs Frankie,"Infiniti Mall,Malad West, North Western", North Western,Mumbai,3.9,200,ChIJZVUU38_O5zsRwHrlz4kgT8s,AdDdOWpicwLk0aCJKz3rTGDvd8I1xMJTsMdKNrKzDIh6FbGD1wPQseLrKJJWs24Z8TnvlJmxINyrj6pGEikck6SdwQPC2v_kWFMGHPu5mUz5y9pxOdEFcGW4HZMD1-AjD1Zbpfqll-i7IUuFgfDWPrlEn2rRBQmIcvH3iDRtm-IpddXZ3o52
Ebony Fine Dine,"Vishnu Shivam Mall,Kandivali East, North Western", North Western,Mumbai,4.2,1600,ChIJcRjybeu35zsROdbVUz0_eqk,AdDdOWoi7ioxLufTC5qHSsyWkCVTxG2n1dEJyhwRwO-Ho8i1cHCOoA65fd_tQ3r5hdJ8ebBsd0fBZDXjVLC98BGjYfvMQDV6lyvt3jl6ns3BZgg1MJgo3OKpbnkAimxprX_EROgs96z9JIJezMvICHQdLlIaxtJRzeNSV0VmPUj_VmiVgca0
Coffee By Di Bella,"Devchhay Building,Dadar West, South Mumbai", South Mumbai,Mumbai,4.4,700,ChIJUyr8-OHJ5zsRs_3FLT-U2XU,AdDdOWpX-gBsqSxpYj27NCti-WL1JPLQH7Puz0d50poEynB6Qgy6aZqchNINyZSKUWlmKs3mVy6dTKoirDXDFDgqBqZ6cYmASCkfBBRHzxkjqgXk-1WqibkmhzK1He4rBK_4wTpUKdx6qx2EQjMeXTfIxHzPgIkTiSmaXxSVbujXURPfgG9l
The Momo Factory,"Hari Niwas,Dadar West, South Mumbai", South Mumbai,Mumbai,3.5,400,ChIJDfFvJALP5zsRHMfi5OVdMXY,AdDdOWqDKkOhVdU-f922CMNNplb2DdLs2RAF1l0s1glv2HrDkMbQeqNW-PvXVytrx6sFBpL00qXnKm1M2iw4UZVt5jXJW5vdhLZDeK0MuU1rUM_53cdiStC-vMyukJHVgHZSq5VL0QV-RZ-4LuvpLTiWKdf9xMyHz6vXjtInhiks3CwEJhyg
Tibbs Frankie,"Dadar West, South Mumbai", South Mumbai,Mumbai,4.3,200,ChIJZVUU38_O5zsRwHrlz4kgT8s,AdDdOWrx1iturebpt8u_EjcGFw9qtx1dHP0ifpJTqpQqvCIR8-hAXL4wwinbVEj-Mj7a7s4PiUmj33GEhmSQ_XzK5cqPrJGG2bJPcchXtQhNCzyty2T1pIOvZ8AM-B_383q79XDAA_Kxdkg81px500l_tu-q5dOyMcBgVueAI6g5IOIZMlaA
Tibbs Frankie,"Viviana Mall,Thane West, Thane", Thane,Mumbai,4.0,200,ChIJZVUU38_O5zsRwHrlz4kgT8s,AdDdOWqemJvTXVEncdlWyaUxdjFcCgOAW8cfvzJJPCJerIUejcKoS3HgfyQER--T7qHHLq8oO2_srrAelrFc3rYDYD9CIxXe9QFR0oW0gUCmumLcMFwwwGBC3i1DP8mXuhUxCk08GaDeMBIzUfKRXETxazfGJmKrbEW6oGrzfip5EkdeLddV
The Flip Bar,"Vishnu Shivam Mall,Kandivali East, North Western", North Western,Mumbai,4.2,1000,ChIJa9DJUOTH5zsRcMKZ_dIYWwg,AdDdOWqyv0g6eBtUiBND0H6-EHUN8DBTo9S4Sli1s2HBHD_c3RcEXunLhbigzcSUPLYGOs2I2babY7WylBoCy7z-uNVFs8QQhOwZ9hgZh5cUNIIb_uSXLtf_TJniEiusuTs7ZO7MpWcCSeY9BNJqSHHT_EeLQzxk_vzt0mC7hzJ8nC7PynQe
Alfredo's,"Pleasant Park,Malad West, North Western", North Western,Mumbai,4.0,1200,ChIJNQGXQ-rJ5zsRzrM0NqYN39M,AdDdOWr4y56J13X8MS87c2_7t0XfXSRsqhbl1MGVx_dXRTWZQcpPglbq3zLXLG5wJd_O9RtelLg8CZ5sa8IXUHZ6IwThHl_Rpask70nalS3kEA58XBxLSoxU1ySikn7_sFODQCDjBF30kKGC1-hxXl4yYC4eYUsyprx5E9JW4wjOv_7fnB97
Chaayos - Meri Wali Chai,"Viviana Mall,Thane West, Thane", Thane,Mumbai,3.8,500,ChIJmQRi3_vR5zsRyHd7wyOaM8I,AdDdOWqmLZfeKmeAcO2W5hsxYDgZD13c2LJ5NCDXCJE7Kb8Pkx6nF9ONPKua3OIJZlVHTrMKFT6vVfE1_XiyNpwZoSyvJEYIBD9S-EUmUMERmvV-q3O4xnbIKrH_4Ot-nDofEicb25bCqIOnWViIrws2LbQTic0LoSIRUeKGUjjY98f8pS_b
Angrezi Dhaba,"Nakshtra Mall,Dadar West, South Mumbai", South Mumbai,Mumbai,4.1,1500,ChIJn7K6FdvO5zsR4NudHWGMABE,AdDdOWr_QNtUXia6tWYWybKaLtohEXwQfxhhX2NVVOLlgck0jxcg_YG2r-Xx03OPvV9JJJEfx94zWJAIikA_2BfRcakbNCWCAknX70TNS0cCJzBUABXnRbKFcx7qIADTvCtYPuPktuYcL5CjCaT6REchebf1rR9jA-H3QkOZ-W1uhJVTv4bI
1441 Pizzeria,"Raj Infinia,Malad West, North Western", North Western,Mumbai,4.3,1200,ChIJm3X4hcTR5zsR2OSfMxSvt8Y,AdDdOWpXw-ofHmVF0CSLn3hC2MvDx8-p7Dx_0OTKbeV6Wu0mZMQwaqvHb96OVvrVrMk8DBfXo05i4l9Rd0ipOx6tKp7JfHtTNooMO3Iv2Sj52-Z7V-yTZtdpqmm4qK7nh8I8kNAib1m9QbF3HVqMUd0OlCV-QkdSNc9WxIP1ntEbVU9fB6PH
The Burrow Cafe,"Malad West, North Western", North Western,Mumbai,4.1,500,ChIJw1aWXOi25zsRmQn10W89A2g,AdDdOWp0sdsGIPd5xtaO6O__ElqmbPFxuUT4R7HeL55tIW0UmS3iMltyrkAzdLZ0N6CouPTXb9RW58QseXBWnn6kmJTbPuvsPqikA-Xz5UsRDLcqSP8FuQJ50HyWOXBgF_K_iSPbweunxJWe0c1au6EAjbvEH6mUox6fTLi9Wyg4M0jYvrH3
Chinese Wok (Wok Express),"Viviana Mall,Thane West, Thane", Thane,Mumbai,3.6,800,ChIJd18FZ3XO5zsRxBJ51Kkli6s,AdDdOWqMkBibjKB_PiTv5WxJ3Y_FcHBvQ8fwu0X3iPfkqgdg-d4m5OwGA5MHEGJntLJN34RwkuoU11aE3tqG7XyhksAStH-e8fM7WM-tn8fE-ePY7GirBK2ZSdjt-oYrgZhvoR0PoVh6EaNgdVx42wJ5qH7uZDBUkqYGbClvhn3QJzT2s92d
Urban Tadka,"Parth Business Plaza,Malad West, North Western", North Western,Mumbai,4.3,1600,ChIJzTnc5h225zsRTVQYQdXV8o4,AdDdOWpxGMIUf2Qy5lOt6ki_f6cGJIASI15-qNrw9PZ5rh9ZazCnPh9aS6QujK_Q4KhzT8D-zAgn9eQCtuNETHBESgxqmbEwtA2WyGYXC-jcxFAdoStANHJn1COVuK1VSeiiYAY5Cdge36ld2PSoCJ7azkyPjUBsVNj6-AB4wkCNtEhd_cOs
Ming Yang,"Taj Lands End Hotel,Bandra West, Bandra", Bandra,Mumbai,4.5,4000,ChIJZcFhDU_J5zsRkuKUHYErMQk,AdDdOWpwCaFT9q_9i5ubwuiU-Dgfhll5YF-lAMuu4THdDfutxGBJ_EQrIVJ00jhV2em_Flamnr3aOhpjOJUBZdHgGP6yC25vFqEHvsCvmQu54FNIEhF2CMctId9qnTn_d8k47XTOGVMZ72RsVq0glHmwOqdLW5POHG6fyS2SLf5QosNC7R3a
Froozo,"King Palace,Malad West, North Western", North Western,Mumbai,2.2,800,ChIJ5dRnSwK35zsRStvdATTD0qg,AdDdOWpc8FFNqdtaG2M7LJbzmSTy7TjHyVeFDf6NXEk0XdOCu9VZEkK4hPh6Sqg3OcoVj9yvWe0Y-h_acooMdggwLmfbboKCuwtPKifMGOo_Mzyyi2BtfCdElzQaDJ2uVHtVh6drTJ5KrAJ0vZQiMkAWr0ySfIkP1hHoQOf73pqpGqQCPqBB
Hotel Rishi,"Shinde Estate,Dadar East, South Mumbai", South Mumbai,Mumbai,4.2,1200,ChIJ-c5Ja9zO5zsREqH6bgiaHVg,AdDdOWoDM_j4Hea3_Jj6omqil0SuF2x4LsiOAEeswziFg_Aqwpp7cb2A_Q227ORnUHNXpfj2ypeKqthNFVUhO_EeCvU4EtwnNuEFa9vS6J32KdDCBtPHcsaR9ZzVfRbjKbldJztCcuSfDj5uQdY8x7OcXqUHnfmrK3T-58Rw-_lFqRNME7tj
BrewDog Mid-Town Mumbai,"Lower Parel, South Mumbai", South Mumbai,Mumbai,5.0,1600,ChIJZZ1hatLP5zsRENDpRyNo_Xw,AdDdOWrD8EjGCp3pkhibWw27fVX40Dyl1-MC9iooGlFcjV87_isuKcdhAyXjF9jsj5N5OQ17ZmWS3hDXGG1KQdcIHGjePW0jXSnnOqow0IVp8m4Ceyy5tkzfqKAzdknfukROIcOgYbK1qi-yR6NV1VIbNh1Rsc35aak8nN7cmJBk5LsRflL4
Vividh NX Bar & Cafe,"Gayatri Shivam Apartment,Kandivali East, North Western", North Western,Mumbai,4.3,1600,ChIJyYYiEzG35zsR5AWy4KUZQs0,AdDdOWoHHVHtAW85KU17l6dVv-aLv5nM7QQy8Qj4XO9wtv50YllTV1uNUfhhoiImKbROXOdkXZKqt_fNLFlfWsXhva6MUyGuj9aWAqj7hp7UWWB_k8hx2m-6yCymhoo4qaGC9WF3xlqnweX642kXQ33sDsTD-o3YyLIQy7H331jSAsDEL7Eq
Banjara Dhaba,"Kandivali East, North Western", North Western,Mumbai,3.5,500,ChIJQ7WCh3q35zsRxguTU7EF0jA,AdDdOWo-aI9JYFG6TVd89L66w2w5WO2YLmtq8jYPs3BF_Tj290iILknYjkg5hDMB0HMAcGIxQgrOAbe6hYAJv00pumfEDoZDL911ObaaM_hKLGdXfKIHkpKmsCBRpTVc95k2_kArcfSIk5lliF8I8EGBa1UE2FfgV_b82-fUSOapc_3PUwe7
Crave Junction,"Kandivali West, North Western", North Western,Mumbai,3.9,1000,ChIJL3TWmfW35zsR2BAw2GcPHYg,AdDdOWp94IUpihirf5gos9R23FUuBIRfi3h29QhUNd9ihVmIQJF9hjUDcU8dnGPJROJdV7hPsOuCJTWhxQ0UwdhAQgG7p1hTvKtRFzGoZTor7TvvWabrB90VkA51e86SMqXqpLZoATEkcCA0y-Ykrmo0vjytSzRLc5SbWCqkd-8uyI20JOKU
Express Eats by Tasca,"Cosmos Paradise,Thane West, Thane", Thane,Mumbai,3.3,500,ChIJ704iUJTR5zsRyDFKonVq7NY,AdDdOWoEdfxO5IOqltQOjFxKoGJSVOTdDdWZYBaMJA0WEWt0XYjaMla_F6SKs1YAHVi07d-1lSfbmz4kdykhtuDlHnm_UsON6qOsfrXUnMq8CXw2-67m0hR8sBrftnOZxX0Eo4uQpgen3BtpzAPWIZ3xE8kvInVvsdIcI__Xj-AhXX9Wv5Et
1441 Pizzeria,"Ashar Tiara Complex,Thane West, Thane", Thane,Mumbai,4.5,1200,ChIJm3X4hcTR5zsR2OSfMxSvt8Y,AdDdOWriTTIbpbGWsXbWsjzIfHyfyBKOBGYcAq6EvtInuhVaPbrk31SueC7YTJ1gIEjzzOSyhrayxlzM_FeDFd1w1Cvwx9GFFr3JOC1aHMRku3io8gc6vZLu9xzxEBKlN0-QSJ6kkOipE-I3q2QvOcEqo7P36Sbnk921nfY6E1ot_IJrFYnO
Fisco Restobar,"Kandivali West, North Western", North Western,Mumbai,4.3,2000,ChIJy2AKw9a25zsR8B7bfZJEm-o,AdDdOWoDbAeRlHE2_0FwpBOTwDrSREYJQsmNcGgfUVtvx-633vVdoa-UFAz8uNM6HO3kPO2lHkseRyHS6YdESyAIOxPLmt1PRkh4L5BQzSXMoBAvruOYt092DrAlXlcwfm-dWTyS-R1i3KhbVJ35Wh3sLAYW-eZYZs8k1cnrl7j2jb8Ckmc7
90ft Above,"Vini Elegance,Borivali West, North Western", North Western,Mumbai,4.1,1200,ChIJpaicWtaw5zsRD4MCmJ4Y89o,AdDdOWpatN2HVOYXgl2yVAZg5z2-njFPWGjREuDPFlbVLGmcNZr6qimc3XktxF2eQwFZq-QWLlPoFhZW4LGOuE_lJdhnpIQhiTOaveKKQVDOTMyf7_ccaIotUVQemycBLPoEwYJB8IXshl9P-PyLjS128yHRiPXF86RJE-KdZmzH9sk7I252
Cottage Grill,"Dadar West, South Mumbai", South Mumbai,Mumbai,4.3,1200,ChIJu4kFRsTO5zsR48271OwqbHc,AdDdOWr3DFnPW8liWvHnhc2QRhvVYvGthKAWatqbYdE4YqaMQdtv_Jegdyfc98kDvUzxevPrEaeYnVrcH_Ufr9VJUOLkM-9e2LTJry3yHsXBjGj843BOgBM48zzm2hCp1LY3it6e7uvrToCkN-WakkXiAykWFtt-l20trN8L7o8O0IDtr-pv
Zaiqaa,"Rajaram Estate,Dadar East, South Mumbai", South Mumbai,Mumbai,3.8,800,ChIJi35sVNzO5zsR0xZs9rm9AuE,AdDdOWpwx8odenfZPI_7LB8NxI0O2uagAyNoVxPeNi578uPg5IVPD83tLCMGwWiEAT2V-AAOksz0h7_pwETtGSnlmv2p51NF558dJRYzN88eoFUDIFflIHXXqjqNMR3SJzD6tFAPnW-x7mJ1sJBL9s7Ljop3RlEvp4oX9T04JIJ9ioPMKvR5
Uttar Dakshin Veg Treat,"Vasant Vihar, Thane", Thane,Mumbai,4.1,900,ChIJ71_o8WK55zsRuKGDqJMY7os,AdDdOWrwt_WCO7WmPk5Bj4r8A3DVetnNFot6msQM0hAiQfYdI1HZmCdlB713J59MzvjN666lju3ParEPlytxCFJ78r8aHSHrKjUdrmDDPRLcc1Mp1cCUJSJtB9ef-QLQgP0k5ZBvNX6q6y57LStKGtFKo1fkH71OsfgAUHqU4hQWJYBCbB9P
Chitchat Chai,"Kandivali West, North Western", North Western,Mumbai,3.8,600,ChIJD34-y9u25zsRK4qQsHJ9SCE,AdDdOWqmINhIyEwXcCRsQj3rCH9aVwowcXr7Pz_jVI6XNZozHOKNXjicPV780c2BjR825ZwJhqnNccI0a1bNMVdYwPEs_gpGkBndPFyBr-Xgie6AnNnEnkeyB6ZjtjnYDZoSaAHn2EN924v910rNtXwtM3-UjBINKnvM4DkEQsolTDmT1E7O
Dwarka Restaurant,"Nerul, Navi Mumbai", Navi Mumbai,Mumbai,3.7,700,ChIJVWqkpNzR5zsRtTdgh75KXCU,AdDdOWpUUcbS4CBxxePljggRfjkl-8PxWVozMcZv8dVtTNz3p7tztJD1-KY-HZ-ZQyJJcaMX1N6ipH_VIlTqwCZhickU_Ni2VhPSVs1GrR98k-oKM5_wy0VgDvVAPjtxTppTUMI7mcdiBrZGILm_VTzGLNjzgm-4B9CzKC8sT_ihM5XRj_F5
City Forestt Family Restaurant & Bar,"Thane West, Thane", Thane,Mumbai,4.4,2000,ChIJKb6R2H-55zsRZrlUlko_Yo0,AdDdOWqPzCsz_2IKj3BMX20JFW4b9m0BJvNvlPnOTmKzqKmf9jlfbAPz95tUsAz3sHt8beT7E9_sPc_jdCAdEqGEYwtHKXW1q8zQxESVI7qTDVMqvZem6_9XOoxP8sJIihcw8OpQJyxi3s815fy9TPskovwfL4vBlsIFm9fHBU9e6vgQE-eL
Royal Rasoi,"Hawares Centurion Mall,Seawoods, Navi Mumbai", Navi Mumbai,Mumbai,4.5,1000,ChIJ8acgvb7D5zsRHlvMib9S0Oc,AdDdOWqvjDAQOuZeaspjZYBOd7B9lINQzmtiizQ268tC5Zg0dVTTZH722V3zeAljJ0XYXmck-JzRy3KZSWlM2l9Sq4H2HVbf9yYRe4Zlaf-utSsVhyeVeUW7hh_KY8DA6a_c6Er3wC5lFQ_ScheY9LBGRcRa_uaHbqHqLbznXb1GbSENjA6O
Arabian Chillies Restaurant,"Dreamz Horizon Building,Nerul, Navi Mumbai", Navi Mumbai,Mumbai,3.9,1000,ChIJu-WlB8HD5zsRcanZBtuWw24,AdDdOWr5nOxLA9XJ2Ham2OvyY_mA-4aq0y-zGUhRV04b-qdfxkPqB8-VZzXHiluBxFSbJq-NaGIMkF38qQejr9wgRG7ODB3HEpZHqHFI5IJP74UF6wTrbxlJIyl_liVSntLT5ww4JG8O29holXmVKw6YbXMKK3opHmuO1KEQv5ftxB6dhTXn
Twistie's,"Sunrise Shopping Center,Thane West, Thane", Thane,Mumbai,4.4,800,ChIJQ_Q4W1655zsRxZUkaU4GjLY,AdDdOWrZaWnrsMBH4HBYSOgXZLXsR_PGsyKkJBGc97re2K_s9lpcwyxfu1vO7uw3w_PKGZUF5bihxT_vEeiRCpswfI2cW2eKMpBfgm1_IJnJ91g4-A9CfQO8tIGS4GFt2oao6ukShQiJjl55_JFvFN3cKZdMEWQ2xMp4KDT-gIFs1G407-Lu
Pizza Caprina,"Nerul, Navi Mumbai", Navi Mumbai,Mumbai,3.5,400,ChIJN26c9hvG5zsRro97T1daHCs,AdDdOWq5g-LjEtTXYk4n3mVJwJi4do9uPFrWv3ubDWz9Zop0B0CN0kIyO90cCO1cS9X0ZxdhGSGFBWPX2cU1O3Ueie6ALFBKUlBKBAIdUcoowyfI0wBBSeqMunvRsKIM1-owqZWon-II6LlNtFlqfqUqDy3AxLO0StYFMC4uGva_s-MjoLL_
Chaayos - Meri Wali Chai,"Nerul, Navi Mumbai", Navi Mumbai,Mumbai,4.8,500,ChIJmQRi3_vR5zsRyHd7wyOaM8I,AdDdOWqxlY5tRmfQtmt07T7-TdSEQXQ0N7olHTa6JFAxXjyNsx7gWnmY_rAKCTEA6TQuQHAScCXoa--XnZCx59Wf_J15J-KAOrTzqMghBsXfktfJ_dCS_zukjQu-QAtauQni8QzlASn0lrHs-o5foWjagUTTzMaWxv84_O-RBVRteTVJWMbg
Arab Restaurant,"Sewri, South Mumbai", South Mumbai,Mumbai,3.9,700,ChIJ9ZH5JDLP5zsRWAaQ-9z55a0,AdDdOWpiexOEyeaMtLk2CnPjP3hN4mHi4Z51fZZavJjSZWyhTIqZo4kjR-xMgUbAV7mfaJCMdNVZ0ld9e34lGN3asiHhFpjJQWQQ0Wo6XcJfPUpSN7vuXjGMt_AcMNUCApP8rQd-0Cx8T9ExBD58lTzyp036wk2_4q1AHMrLp8spfUdDAjkQ
Cheelizza,"Raj Arcade,Kandivali West, North Western", North Western,Mumbai,4.3,600,ChIJyXUTVc7J5zsRFpuCRR8lws0,AdDdOWr9M_VDv35HgwAy5B0HoGMy3FcYYU3ubMXgfC1aQkuNbZOK-D9XAkaUz-tGGAaQ9xThKnzbraekEwMnmT62fzUfATyv_lVLGGMDOuB8m-9MjAgq43iCkoxm8pOpsjV12dy4G2QDrqzfG6c02V2tFzvWtUcDDVii9dGXXEjTxm_3lJD7
Kattyz,"Amrapali Shopping Center,Vasant Vihar, Thane", Thane,Mumbai,3.0,200,ChIJBVv9AZO75zsR5M4I2wcphNQ,AdDdOWorJQqnhUljMfAAxRb03sM40Ra2lMPVYebGgJGYflEAYoAL1MCZTLCH3v6TtC_dyh6Nq8I7QfdspAl0X1IqMPbmNxbLUHS213HRIL0g2H8DoG3MANmNYr-Ox1RaxPIB-TrAEiZeuYZPXxvQdnjzpzSqgiCetO_naMImrcuy0exiRNrW
Preeti Sandwich and Juice Centre,"Amanda Shopping Centre,Thane West, Thane", Thane,Mumbai,4.7,600,ChIJsS0CiiS55zsRzS2wiqPhX3c,AdDdOWq79y6ByMh5ngvxuoOVl-_EWm-OV111WL-dspnAknqn3AndoOsdGMp93kh61InnA0VXLzyhf4lKWSW7D7QqiHm7oMGTEFWGDMfFqORNShZhVRrh0SHEh62n42e0EPFIG6Bxbz43u40RGhk7w4HauhjG-smaRFLEOMUDZiANp2L1Qi3j
Upper Deck,"Hawares Centurion Mall,Seawoods, Navi Mumbai", Navi Mumbai,Mumbai,4.2,1000,ChIJdSBCvL7D5zsReQuDZPbrcaQ,AdDdOWqXgTkyjrLUBDLHSVQEzVBEC_SuNI1R3uMlNLBX9YNFpdtcMhZv_GzodqNEjLiB5Mhb_qAmPoS2dsTSK0cFxVMVEtPOvIjLLMSLZqnbGD8XROCkm_bTLu_ylCKZUJi5i--r55lrlRgAKHebwygjwtJ-vSZrTP1Itx_GtwH3J-UXBodP
Punjab Grill,"Nerul, Navi Mumbai", Navi Mumbai,Mumbai,4.2,3000,ChIJna-Vo8PR5zsR-DdqtlUcYac,AdDdOWpb8CWTGFB9ZY7NHwKN4deRda_53IPUr7AEsOljoYxNzKz4BbyKuzVzjdY1PBfFMmjYJ4311z2-iMsCcTJlg2kqTIGB0BAjFHFQXNV0_rKuxlHevarel7VHnmoq2AzW2RRSIXKVfq-EPrbfa0BPtP64Lame67TxHI6CNMMvHR2AnSxl
San Marzano Pizzeria & Grill,"Kandivali West, North Western", North Western,Mumbai,4.7,500,ChIJJ6Ng1xK35zsRcFZRcoqSoek,AdDdOWpdSsLNOOhC6BWqAxasYIVarW-EFdS8byGo_N7UNnCbEYpioyfjQWW0Wg21l8qtQ3SU8K1G7eBFNBCRhUMgRRxqS-GGJefIlGxOBJm0vy-bA9tOMoc3vwseULZbOPT4R4rcleyfy_97qpCb-N1JnekMxMO-uUKwUT1ZxDoO_UDsNaRZ
Monopoly,"Borivali West, North Western", North Western,Mumbai,3.9,600,ChIJ2y-Tmyq35zsRPQCWTIQDMqA,AdDdOWqZYgy5OrQyFR_9MvBIy-HvYYEIizGQgGijdaAxwOFr8xrrp16eSP9CSHvTrThmKDcS3Q3DIOFVrTQx8tJEEGtUGpVl7enRbQFZASp0Jz0SZa9SvNVnLOfM5P3DPAdBH1bW8qbClU0EizZlVB68B3z-YxauYcN2iizh3H6BdHYkFgce
Cafe Amigos,"Sunrise Shopping Center,Thane West, Thane", Thane,Mumbai,4.2,1000,ChIJkT5MmF655zsRxnLUY7BcIIg,AdDdOWr4UNorGSbAeQmqAMd7rUCJCTjfSpiuQxyAgWw7YHN6QUhqQnQtkB_62Q84-BhV6RVfT5Q-K3r4-Savrty-8XtHao6NGXAeoNdz3IMI7HHRmx_Ne71EegYrtUcHxHtLXWo9VGk7KLUPv8tpwJalXFHp7WurPnFqUtngj8FiaANaCBRs
Mad Over Donuts,"Profit Centre,Kandivali West, North Western", North Western,Mumbai,4.4,450,ChIJ13m5EbXJ5zsR7afBIUCPhc4,AdDdOWqy7FsYx93Ze2njVP85JCJH4VwH-_l8BUoCJOiEGtqrir9bNt8y5JQ0BjsoMribMVICnoZEmKAQ_H9D-0D7Vq6hZsN22Tb2mJ8YPdIcAfRwtzU0IiXvRMrdeur5s-sOu33RBJUAnSQnXGqARIgK1UFT0KDKvKH4bg1vPEMUWA7oBt0z
Balaji Idli House,"Panchsheel Heights,Kandivali West, North Western", North Western,Mumbai,4.2,800,ChIJe6_d39LH5zsRGx9HmiH7gCM,AdDdOWqEx973lzsIeNw6H-YZKCR5esDSdM3sH3pGM2zyc0kt-6nAX3j1-Dqz3zs8rUdS_boACvUwYVErdEN2Hvs7ymQkNf0FzD6OLWZL2c1VOdl7rTlxGQO4l2FvsZzgnlds3fFs-mTyIV0gGHmtTFeowsXl8daFlw95Wbmu3QQmWkGZAOjY
99 Pancakes,"Raj Arcade,Kandivali West, North Western", North Western,Mumbai,4.0,500,ChIJAdTAncPR5zsREnJpmCb3uBg,AdDdOWpC3kqf1J1vY5auRr3f16nmmUB5AUileqDmIUwUjcTjD4XBTH8cv-0BOAfFp9oNK9q9IOWEy3lUVIeksybZPq_TCVzByaUifDRs6omb4qiJ-qBmWErvChM6pd8H0nmy6ab8DlQ4PdKNNNQrjJoA2KYknrtt0frOxojt6OMyqkk2KWhI
Gigil Brasserie,"Bhattad Towers,Borivali West, North Western", North Western,Mumbai,4.3,1000,ChIJEVlEQNW25zsRrrN8ow9PskY,AdDdOWrBjlOQFe-xUncUWIjnCKDGvOPG6sMULmaaDZN9JYruvYM5Znt0pJkq12rcVhBE7PKt6_eUl525G8vLE6ucwy500zYytSl1STr1TDy_ADs_mB50o9ssYcTD5RI6nfzEwMft858ELdWS5UppCGj0odrQwHsZFaagjyzZL9bAdr5fMdmy
Mad Over Donuts,"Bhattad Towers,Borivali West, North Western", North Western,Mumbai,4.4,450,ChIJ13m5EbXJ5zsR7afBIUCPhc4,AdDdOWoawvkq1K1NQ9CMKnFWXn1eL-TPPGIVQpE2ywyczg-N2DF0IxYukvVwX198BPGxbmI2W63ukKmTHxrNAdS9aN3Ogs0H3_7Qkp6bZMKkKxwAgU74ukdj6Q2Rh23BsPAliFbdzQjvWjukkTMGkyZSgLqJddjiUNk5hbcJHMn902u8EJt9
Frozen Bottle,"Prabhadevi, South Mumbai", South Mumbai,Mumbai,4.4,500,ChIJ5VIv9RS25zsRkGm7AYBV8Hs,AdDdOWq-CLhPQL0jfJzh6IftXl3KRgVLwBS1zHrYyXDKZEKL6xIdqWdlPNJ6NBvcrmNVZdz383a3G_BIe3Fl7qCRpfOCGSNuMd206UpqUVAnC9CoxunzBb9l5oFMxCWYlPJtcT4rvK1dubEeuLxQ3vWpgs1obR2vt0w9pBG1fFNB_D8NFUYJ
Coconuts Lagoon Coastal Cuisine & Bar,"Dosti Imperia,Thane West, Thane", Thane,Mumbai,4.5,1500,ChIJxVkAGV655zsR1E62KID_Ogk,AdDdOWqxIMPL7hNvmeidlBYaX1s6olKI5PcpXTcrfMhxssA5bQRbcG2_qj-kziA9TFR79uXO-SoICktYbzTNW3wnxE0tyJedp2gqMzIsyiu-fkY1b-HmvwdGEcXewYXlw8aFBKTaBY9IkwXjDRwgbboWQayRVQRdRVzy9caZuAt3_YA-nS4s
Aromas Cafe,"Seawoods, Navi Mumbai", Navi Mumbai,Mumbai,4.2,1000,ChIJSWijB-bH5zsRVLE5ipsxvHU,AdDdOWrrCuWiOxofdSRJ9-G1dRR0f1s4KzOaYni-VishKmZevh50fRiIzdR56shOLRD2QSKXK1dPxwv8SSaWtIlhnxD2TSmJeNlxHPln10AuW96tyuNWdCsDjB_SnS8fKpYTELTJpeWRG3kydBfxeh3IAJLnbQVO5hiDlWPaivyz1OmwaPez
London Taxi,"Kamala Mills Compound,Lower Parel, South Mumbai", South Mumbai,Mumbai,4.4,1600,ChIJFaDVMpPO5zsR5Ktyb_zWs-k,AdDdOWoKonFbrvwBD7dJX785k3cyg0Tn5Mu2Nu9V_82DKNEtDT3iUFYdsxeLDZBJ2Dz5zWpw_FEJ9nf3ITjXuXlrsjENUNRBuZa80nLkEUDlhZ_DfvYYbuL1E48rEE4-B4NLqDP9OK-HLkpsOyyo-XdbqxRW1u4Mx4W8SR-W-zz86XxdrZaz
Food Hub Family Restaurant,"Seawoods, Navi Mumbai", Navi Mumbai,Mumbai,3.8,800,ChIJM63SnYXD5zsRzm-vtjZJU1M,AdDdOWrYDmjOoTbzUmdPcIFtsfeTWCNfxxryFomrwNUTw5HfpaOaVvCUfw7-j7QsvFI8kDsy6DTYGqYcvPpo6gJIlX6n7xJvS9-T4WYBORv3QXiDwpY7wGTbMRVREZYm8lLbGFjpqcTSywN0XUIFMYGBq4QXVIDgqhr1K2_oxTk4BfRCuwkT
Taco Bell,"Seawoods Grand Central Mall,Seawoods, Navi Mumbai", Navi Mumbai,Mumbai,4.0,500,ChIJWeLgUs_H5zsRinFQBllBxTo,AdDdOWpeLY0HDTfAjhTlKI-DEeb0byIRc3xmo9WIlo3evuqJne26nncYhYmhhnIsHlYTpwffJCmiODH1kus4t4bTwfCNEk6ze1EWlPyYb-2winnRGqiAxIKRaFaR7WuEfGFE1QcWJGDhu0XR9HA5ghmrmM2cOxosT2ENYwnQkUdWqvc3RCis
East Asia - The Asian Fanfare,"Borivali West, North Western", North Western,Mumbai,4.4,1200,ChIJ250ukmux5zsR2fs4rbhSwSA,AdDdOWrXyTtFfml_2hR9hn9sjIq426YNardG6XJXcyiRAw4OvAKjhBUX-bMQu0-05KAPeJbWPZwz39m1k4T7H2A_3CM-qIG95tUMmooyc_W7PkS-xU7ErfxDZYcBIfw_Xv-GZJSMEh1UGxd9LgiO6_u8JKVIqWSY8Q3EoZfJJnDqWc80Lhrw
Coffee By Di Bella,"Bhattad Towers,Borivali West, North Western", North Western,Mumbai,4.1,700,ChIJUyr8-OHJ5zsRs_3FLT-U2XU,AdDdOWo-9l5eCHf3Es05ht0IxrM3yvrjUzpMDMsf51ad0Wo5eI2K9LNCtTX6SFMUhU2JgW6kAZicC9i-mYKp3ORljBeRxrIjin15F3z4NWyr7SMndxoxZ-cHNrRjWPtrwPSrE8mc6g3xNi601Uxx7j_o4qRIorwjHTMDGCeEvB7K1YRSiHVU
House of Misal,"Borivali West, North Western", North Western,Mumbai,5.0,200,ChIJAzeKLtLP5zsRycAJxbEsWIY,AdDdOWpPZgsGx_D1IovYRM0avWPxM1Cx3KHXVYMacJRCB9xEZptF8SlFP48vig9SAxf1ifiMpW79DujIj757uzDSD79ym9LdrRhV6sMpiHRjgLlNZEnX5sogYEDuQxYNGruPdEHR_HAHIm0ltB4NugnRUpnDAtDZ9bFEYS7n9ZzcYB0Tf6vG
Around d' Globe,"Borivali West, North Western", North Western,Mumbai,4.3,1000,ChIJp2xtwLGx5zsR8bMPD6QNkHY,AdDdOWrpwK1TXK0vBhUeyBo2mLfj06_YH_WtGCQC4ZTw8p9xvMEXPWm6svrU-HbGZ2oGm_0fiCsqSCtD1R1GRveGsWmfVIqqxc06TV9xON6TWxb2lGB43ONhjrIyJIKjaPU_efrFj5c-KkUKwO98JGYX_W2Rya7E_i9sw0hTUeCLJB-g5kIJ
Pop Tate's,"R Mall,Thane West, Thane", Thane,Mumbai,4.2,2000,ChIJl9u9LZPO5zsR-GaOcDorp6U,AdDdOWoUKcz74Yf8gb3o8WLTQp6KP10oULkEJkGgLVUDAyR1F98lmkchs0ogOBWeAIKKwlk17CMESRAk_EVWbLjBW1LvOxnIF9DwdkUnLKv4VLRzxud_8J9s7cbwj0Rh6xoDye8SZZCEWyMGdNk_sl3XgbvqaHoKHwXCI2FZIzKOsu6ZlKbg
KOKO,"Kamala Mills Compound,Lower Parel, South Mumbai", South Mumbai,Mumbai,4.7,3000,ChIJwxDY1OzO5zsRC72eDjher0s,AdDdOWr1CQXYx8okNtipH0kEOZha83iGjrDtXRp_wuNo3_QfTsts2-qO8qXiyNrVbbpeC4w9wb_xRjMHmXnnhpBueqkIGoskwrPS8ctSDxwYQ98Ucawk88vvFAWPXvdkW25OfyfXgMZKVeQeA_1pCMmJ9XQmKZ_jil5shN_gQeE7IGT51Lal
Magari,"Kandivali West, North Western", North Western,Mumbai,4.0,900,ChIJSY8rWnK35zsRCZ2XaWY35mM,AdDdOWq69wMsmxwZ33K2qydF_ZzrYzchQZffAX1ZSRxrkz7FsHThtapPo2v6nArtC-tCb28F4u3hlx6WjIjy7NxPHX8zWBgZBBNN5u0XqUd1NsPuM26zE-I5xlas5D0IMp8T9i9qDY0KMQopJizipvrml3irXmGu9J24Wpb8skwRmbq_MAqd
Pop Tate's,"Kamala Mills Compound,Lower Parel, South Mumbai", South Mumbai,Mumbai,4.3,2000,ChIJl9u9LZPO5zsR-GaOcDorp6U,AdDdOWq1s7NhnJsxH1TMrKYgHCTB6RjIcF0iUKsSJNhJ2EPDyA0-4ttHAsBT0vQFuf31E-DoytGMLkJwtW86K9FAVBTkcTGJiQJXZgkU91vklU0GkyApkYRdOdbIQHsxoprmmcBh1FnqMSf1FUMK2782fJ1Dm_048hUMtIzPiAYvmhR9Ebgo
Banana Leaf,"Aditiya Apartments,Borivali West, North Western", North Western,Mumbai,4.2,1000,ChIJaWzU7uHJ5zsR7F78TSozBB8,AdDdOWo8MI7wxRrNOFcPvmXq1ov8f0qtKBwZIk9vnIG0e1QLVFAfcgDFPdeOJyaGs9VCAOqzu3XeS5W53qw2JY4YNlUt5dbYmunIYfdMW2gvhnniXKeoSZr1IOBsUIAwM8Rafi8aORnI66iUsmjUP6x_tCU_LCKbnDtUsMUFdWMwM30TjJ0
MH04 The Drunk Yard,"Kothari Compound,Thane West, Thane", Thane,Mumbai,4.3,2000,ChIJFWQ5Ft675zsRWfteQlG1msw,AdDdOWolhFxKVrvZPUSbID7dDnJWLDD1JHd8C6hTw5-nKi2XRD9O5gPx_GPpvcgHhUl9UtW7yqwbYfBweGjnfo5BcZCnJa_rPeAPw6Ml2r2eel931FII8dFGcRBs8hugmw06pG1QGJFi-P944YIr4EyuVae5eY9Ue06uDqZh38CBOiSrLhdr
The Bombay Cartel,"Kamala Mills Compound,Lower Parel, South Mumbai", South Mumbai,Mumbai,4.2,1800,ChIJITlZYHTJ5zsRKoZVs3xOwuI,AdDdOWplSLTdcMF-mPsF3P2yhDgqiqoseSvEGZHVLkMXN02LL5pz1lWNEynpcrcpW1yIlcQ8VcHQXb1bBo9vxhfRLokr5yk_Z96igTMFaoY-ZW4ouDSxYPxXfl74f9NL52n10LUj6KkESo2AGbp0xFiimnTrrdc3o8KXRCpGYh17b92DuCOv
"Ambrosia Cakes, Bakes and Snacks","Malad West, North Western", North Western,Mumbai,4.0,400,ChIJz85K17u25zsR75h0-F-zqVs,AdDdOWrUa-WQDES4KsB0LZsSj2M2IKE-JwxQVFBG4_FcGQfKKh2Nzt9iZ68fwMKMQ8QYlaGVZOeF6iXyGYnKK9Mee-YNWWfUeQQaL8rq62cMKLKwuoWyZFO4Z2gETnYYwLFuaSBSa0nKmSgbFQ3yQT9gAel71UzULpf7-lHX_8NGz3IaO52L
Amar Juice & Restaurant,"Borivali West, North Western", North Western,Mumbai,4.0,500,ChIJwRByrLux5zsRnSmcSeDPTFA,AdDdOWrFKyWcNUoxqyNPLf1L9s0O3Ke4FyJKUPpRS3SdV6krXvC8ZirzeQAl_1WjPSlTSUvZlVPEUTI1vkKmrCwMyDKjyqqdDDtivOJvEkuk-Ur3a-Z8o8XkfLSYMipQ412RNeu4wzVp0nwzpPnubj6d16c1LMvX6cNANyd2fSMbB2rnoX2Y
Maple Restro Bar,"Agarwal Arcade,Thane West, Thane", Thane,Mumbai,4.1,1000,ChIJyZ1LK-C75zsRBmdOwqHnoXU,AdDdOWpud1ljJJ-XMiQHV2yre6FXY8i5mvr8FzMp0onGZyJbKNONYCD9g_Qb8cJGDR7v7Ki63umQ8Utddwj5qyQQVhlqLfXBAWM1VuZqhU_xNEp9cu3V5g2iRZxb-kxxk966Z2ZxRjNSU1qxmqbF4ge4fmBhZ7IzKUouCnsoBfeQCzKddhuh
99 Pancakes,"Prabhadevi, South Mumbai", South Mumbai,Mumbai,3.0,500,ChIJAdTAncPR5zsREnJpmCb3uBg,AdDdOWrkcV0cStJSnJovWXmWtQoCWOoorFwCoJD5YgeEP_H5o4N1IZ7zC_DoO6Nx3IR3ycbHgrZPwhEF33c78qhA6AF8HPgAgFwNyugNCvz9K5Ra3t6eBIlM1pDtOT3UA58oSzr283gRMrm8ga2p_gVmOipgbRcLBDS6OJcJ8dfdC200BM4L
Makhna,"Seawoods, Navi Mumbai", Navi Mumbai,Mumbai,3.2,1700,ChIJJ-mdpQW35zsRNkwN1CW292c,AdDdOWrRvRun-siJji0rPRY6StdHyONOE1Mq09WzwaXcwlS7XSUNjUdlz3kPanza2u-l-_PV1p7--76YgPRRJwpBXwLl3iFGavjmJAxbonQgJdidARHZW2I6gz3qrwdrD6b2LAz4FYIDQwlE2enl9pXoWHnSl28EI279fieyOJA9QTYyhfe4
Younion,"Kamala Mills Compound,Lower Parel, South Mumbai", South Mumbai,Mumbai,4.3,2000,ChIJTwXDp_nP5zsRV5OHpMNyQSE,AdDdOWrfV--fvIU_4EcG8USyyd97fMh3blcjvzfxHswH8Y97Qf05ifbNQ-OY4Zt9mq_poYC69u0uI3h4zNIwhnyW5-yOXSSaA5bwMXuxE4ODKv0zzwuhGr03x1O_cKY5HZQCAN3NnLw9zpngqRn7UbR1Ys_W4bpdlhDwFWU6_AkN6j7bpmKa
Angrezi Dhaba,"Todi Mills,Lower Parel, South Mumbai", South Mumbai,Mumbai,4.1,1500,ChIJn7K6FdvO5zsR4NudHWGMABE,AdDdOWoy2l0DJKWrsIcjMyrL7Lnjc_2hPU4nakELQwv2qkoPQj-faV8pU_sXuO-5B3vb42GFYVvoQjgCEuFITUha-91UVe1khpZm3WbTHZfQW-YUBxBdJ35cYZb25A-YqI_cFy_8AfrzuP7dtg8jbTE3nlUNUQSHERO2cy4ACzwbXwOcp4wF
Delhi Highway,"Todi Mills,Lower Parel, South Mumbai", South Mumbai,Mumbai,4.3,1200,ChIJjz1_DkvR5zsRgdHt6AViXx4,AdDdOWqeGYDibEtes3X0CvteUf9z9lR4-mRVkQyMp9D48kX9gH46-McqoMsbH7sTujH8sSD7C1vvJ8qcJqwgBBmS8oR4DCEUCRbDP81cp6ZsA46qOgdPHO9WOvewh5n-hriUm55oFrPw1cvKDMJArHs5W2iikOsPEfRxZ725KqgCCKv1Z12v
Frozen Bottle,"Bhoomi Enclave,Kandivali West, North Western", North Western,Mumbai,2.5,500,ChIJ5VIv9RS25zsRkGm7AYBV8Hs,AdDdOWrc79Ozrg9RfpSC8Ep-FFWvqEjdgzXh9er7HSBI4JgzcgOzcqgskqqwDHNUqaiqAw-MSKKv7LspVdW3cKpWFh3EvRrtegRNDrQnT6STa0x1yYqZingP6Z8UOvvOd-i1kcBm68D11nfie0lZLw3FWNQs0-K6V-nHCP-z7-7MzKPCEAki
Dinshaw's Xpress Cafe,"Borivali West, North Western", North Western,Mumbai,4.2,1500,ChIJN41tLTfI5zsR5rtea5FH94U,AdDdOWqnxyQgbQfjqW2a7kfeCeDLq0fSe-W3decn7QQN-kIdIX4uWRJQ5ZBmpBh-8GyUt6j18wH68clGCwwXu3wym_Of-B_dGYjKoakubYLRDcK8BhPmphUC0GtOqw6cY_x4rY9B6cxlnvrHrwuAj8zsXlfssgzM5a9mOHPleh-iIvHkTKsr
Masala Mastee,"Borivali West, North Western", North Western,Mumbai,4.3,1200,ChIJCdhvmC2x5zsRescg2tG5Di4,AdDdOWrAGNuvmh6UmqZyE33kcBFJARhSlUyGHA9pY_vQ1ZtJtCiQ_USbCtsv9hq5Sho6-8fh4ciyCV1GqOQvtZI18qeCp5-47fXt-ClkTDrnkXiKb2EPwfGxxKCO4p1I2FWH1Kw1EJg6xgNqrJ8_BVoN-xGX084F7nFNkI9bZT1fmWENHM2e
Prasad Food Divine,"Manpada, Thane", Thane,Mumbai,4.4,1000,ChIJqRGJKly45zsRGIthrNZZ-fA,AdDdOWp_U61LQK8tqoNT-Mhj42KvVI0ihJ8oSfgTMXyMH0fo0I3zT3gkL01me7ccoZi1kIWO_icJRkCqp9SkqcvUtLLY5GRHgZnQ3eIelYJ93z8SXOuEZmppi__M575y7fGNm83oyHFojtCv3tlteo4YJ47a_lmVaxefYDimTGF6kKTI2Roq
Chaayos - Meri Wali Chai,"Kamala Mills Compound,Lower Parel, South Mumbai", South Mumbai,Mumbai,4.3,500,ChIJmQRi3_vR5zsRyHd7wyOaM8I,AdDdOWqbCg0R9t-xSgNmbRSwbElvIkvZHd75PuOOS-lNeh2Gk3DT0hNKIuLCDC1jcO-6KC5J54dsKTDMSrIK-q-jRPUuM8y8r0B5EE2mSjT-LgmE8_qIaySlKTHsk2zTxywDw6FL9aY38jxJ4IquzrcRWdJq_nRHW3tWuQ9LuahnfNe3pB9L
New York Burrito Company,"Kamala Mills Compound,Lower Parel, South Mumbai", South Mumbai,Mumbai,4.3,600,ChIJcW34Vg7O5zsRY4Qr4np6auw,AdDdOWrxY05gLjxO8CmIrwC1obRP1UwKj1SOD9ZqZn_mrfOmg0ab2_rJj9FacIY6Ogs6LU7fvdQsLmeQuWXfMQpLieLNbKibfwEnwcFRyNiIgM27G3bgpc7R5qoE_fGrkCEF7kLvXW3cqTLwOVqt9Mc--cW9SR_U_UbUHh1AbGGdGBJCHxA4
Aromas Cafe & Bistro,"Indiabulls Finance Center,Lower Parel, South Mumbai", South Mumbai,Mumbai,2.8,1500,ChIJtwkZRTjJ5zsRIJkPyWUxVTI,AdDdOWrZme4KSyJ5ZhcryF2T88RPbc7z7U5reI6saItjt28SKStb7EYmUZyI-6AkAqxhM-NLYzjTaxUa9m1MdBuDEds2qE95rw_wwVHkjsN6kbsgy-VdfyNTKEOKzVB1lQHg_K9-VIqAVTPHqMM8VLQDW-wUA5zDDkOmqpfZuQJij50c87-e
Sammy Sosa,"CBD-Belapur, Navi Mumbai", Navi Mumbai,Mumbai,4.6,1500,ChIJq6qqmje25zsRy3cikHWRTCA,AdDdOWq3FWNetffuk1dzlFU58nQjbjS25ixa_HGk3iMQYDpw4OdrEm4rZTt9PwAdxjiKQS_sgoK_T1o0jf_2J6tyCOJ8NEclbmY7oXRLA91S5D-L1QpxB8Ji6E7h5DI4tt-VuGV4WGoNzwKneraobtGrg0TR4veBMKtH7WOGuzO7R_zzkqCq
Pop Tate's,"The Walk,Thane West, Thane", Thane,Mumbai,4.5,2000,ChIJl9u9LZPO5zsR-GaOcDorp6U,AdDdOWpSt1jpHqWIm0OzJZDW5hCaoiAKGgpXCcSIZmqvulLyySmFddYf4iHmSABp1AlRSkW88ulFiVnLIzcMpaIMRMMI7MhTBv1up4Fuc-6QkaNmhGR48lUVK0V25bzOH5ZWPLM21QnByfLyWtcjbM86Wn3t_ZcMgGLtlefhtOCSG7Unxtxh
Yum In Tum,"Borivali West, North Western", North Western,Mumbai,5.0,400,ChIJm8kirPC35zsR0UicZ6tyG3g,AdDdOWqZ6dJwL8uqXKdYphNs-fSZ7u1NnvdZO_ZGY8nAutujzJzW-MGzxV9R4-VmnCq6YhNoWZEcVyAYrx8l3VTk9m642xDWqndWr3Rap0Y3yEL0DbllgRHzCZlecQZLuN7NqtFG1j3UUHwsDMnj_dRJw2VneMEE9mMaFzoHQPBW0bOFcOsy
West 1,"The Park Navi Mumbai,CBD-Belapur, Navi Mumbai", Navi Mumbai,Mumbai,4.0,3000,ChIJaZaLh7PD5zsRP_-1za3t7QY,AdDdOWryH-ZVQ4Dm4cyYHFi8Eedl-sXekekeztRdGZJh1TdvhYmBB6Az6gmpfD84aUbPBJ1Ju9gZd9NzzgM2vVsKZ3UsJudZujseuqZ1YNifVLIn-wyb4AL4sq3Ccwl0gH_Kp3vz9FSXMHWZu32_Ll5fPgY7BRS5TPTzQvCzkFdbj562gswW
Street Gourmet,"Borivali West, North Western", North Western,Mumbai,3.8,1000,ChIJKcP9I9iw5zsRE8SovW7IWfI,AdDdOWr6uZtTgmNZUTDCjCOs7AXCLfzsBZzRchbR2WuyAXLX1GnklqWbw41-OizkSA9xp5i-cSQa1aPgTanzR9lbn0z45tbofxn1D8fplRm3Br2MovcCEYa3o1fzYaBBEGCr0RLqKSxV2NhWq0MkmJ2gfq4elkEksCiMzqim2deCK2uyAfQQ
Srinathji's,"Jagdamba Bhavan,Lower Parel, South Mumbai", South Mumbai,Mumbai,4.3,500,ChIJ4ZQsS43O5zsRg7g5YlBwFqE,AdDdOWrYMVlQemWb2aGjXkE1YrWNAtRyn8ECk2H8EqaEQQAuUiquVKJWfjTCmFxLJOuur90traQkLDTqgD2H_8RioAF7LSPgWMMqhhri7hMRUbQZkcjPk9gr8sjZs9f_2HcoGAisSGPZC-xKJqRCkMDBhhfmBo2jD0qcPNfT7Nb6A3P1FfmS
Ambience Bar & Kitchen,"Jagdamba Bhavan,Lower Parel, South Mumbai", South Mumbai,Mumbai,4.3,2000,ChIJQZlPNI3O5zsRwGX0xjaxEiI,AdDdOWrApmulKqTGIaJcJh8YICEBiuE4WyZ1shBmk7LEVNhLHzjy7Anrax3SJb7q8WrlCRd-P44WyQTL5YZ5-351oj5y9_ipavuQVqCNnA3biPThWwAvopBoblCVWGzs0bZ3jFa_P5VPA09bB9adcnwzGVEUAiX563x25KIw7KGF8AwUUx3Z
K's Charcoal,"Borivali West, North Western", North Western,Mumbai,4.0,1000,ChIJGRad4Iax5zsRir87rQccli0,AdDdOWobHnN7Xeh5ypJWmRMgHlqscwHFgRhlPCKzMVFUqXTydbg0jqEuWNomJ-DE9EJAy0uGg3OPFYVUiCSELNhbdXyLZn3yrVXNuCmxpv2eFQyEuHbJ2xq2i1zpLgtOmdrsYB7YVw9c5fsVbSmOhXLCf0kEWRkhtC1QzXlnUitLMlzyzq_o
Social,"Mathuradas Mills Compound,Lower Parel, South Mumbai", South Mumbai,Mumbai,3.8,2000,ChIJv7l06sDR5zsRjH-prbHVwUE,AdDdOWoZfh2S0cOI3HGljQx_FO8o6led8iPkwNHEb471KdrbNm2j2c8J2cOoiauy97bSpRXPQuHYxMMB2XDAOMfExCS-NYF04fDexoCR71up-7qdUy3FctD5uoCLWPcjZ_IGyHPbumFCSkaRA10C9o_rguR72wYBi9Fo2dxn604sqP77WxKS
1441 Pizzeria,"Kamala Mills Compound,Lower Parel, South Mumbai", South Mumbai,Mumbai,4.6,1200,ChIJm3X4hcTR5zsR2OSfMxSvt8Y,AdDdOWoXS-8ie1J03nJLpHw-AKhB-uFYPL1I_OQ8JS9uNHaGakq6sUpLW9_-WNZqGQipCy7YKItRgGrK4Rs3ynIVuV4XckYewV_WcPyyBv9mB9ZY6VdETMbc9Jv5HIBzsxXJhUVBWFWzlNNplmSTUB7ljNupA0vmr8dRL-D63hDwj3lVWMU_
Dhaba Cafe,"Mariam Mansion,Lower Parel, South Mumbai", South Mumbai,Mumbai,4.7,600,ChIJBa-cTkfP5zsR-OiNvA_zgrs,AdDdOWqKd7W9SfX9BLp6-WnDY7qlUkII7R8sWmYLBFKrPIKnuVFasY2022gcUlPluTjGyvul5Eof0-Qjx9S5rAoIqvEnTpyAq3KdkTggLqjIBgoaqftuRDQhd2LI0gtxsbgsUUHimdcoLZrjgF9ElYG20metkv_x1sqtlzPPBdyfJAeZon9Z
Zaika Crave,"Club Aquaria,Borivali West, North Western", North Western,Mumbai,4.3,1500,ChIJp-laGyGx5zsRCHu3lj_L0sc,AdDdOWpQP92dYNUUuep0rNn5LemGQ8l49rsELlLtAepT7rBFw9LfDNEFoxcmH2jQwYKLRUEIpidcwlKP6A2H_qXdXqnTOEdZTuIpIfQaFI94E8cyoIcyd7VgPQ_xtpZCDbdQ9czqw39FAyFaeKC35u-48wSnZY5JaChA_8oLTeG_3IzY8ag
Invento,"Shinde Building,Lower Parel, South Mumbai", South Mumbai,Mumbai,4.2,1300,ChIJTWmAjfPO5zsRd5ctPz8bcG4,AdDdOWoMvgcgNuBNkT3xTXQFXukQQTkiJoYZAZFVxLpeqRTn2a8vJLdFiV0t1WBg5XzrqnAMnnnIwiSSHbjwDruYFt04yrSemxDe8LL_53Gc7skoFbkAKCRrDN8Q6paprA-2Jnh_H-KUbNWLqoclBfKjuDikgyeeVYo3PmyAP56L7M4DLM6w
Dusk,"The Park Navi Mumbai,CBD-Belapur, Navi Mumbai", Navi Mumbai,Mumbai,3.5,2500,ChIJjZRthrPD5zsR1U8ZEu_BkEo,AdDdOWpTGpGlMutD9a5Kp4Zav9sPmUTZV0UDKBKJX-Oy1VtZoQqmR59-a5GSI5RXNF1MD0nhEhWNlpQHRfrQzI56Z0ibkmjLNtEbiE-Lg2N7JqChaj8FN7mVHvRK1tVln5v7spfxVSRAKs7oGpwuX2II48X1MugfYRnoLZrDtNhwFgRh0JHP
Elementaria Bakery Cafe,"Lower Parel, South Mumbai", South Mumbai,Mumbai,4.3,800,ChIJ9bMCbO_J5zsRKT9bd1B67KM,AdDdOWoJwwCp2n6XyEErZ8Oz6nKAodOSgivhJr0Hx2xrvXerhDnWiC99owYMqDBH9HMzzU2cUUGOcXtU6L3wK9TcCn8g2-IsAKyRuZwpbB_OWPjkK4SFQ17KIxUc-GVukwCQEB-0wGrGEbW8tUP0oClrC1d4x9de3ta_BaP_RRpQkJqmTeEH
Mad Over Donuts,"High Street Phoenix Mall,Lower Parel, South Mumbai", South Mumbai,Mumbai,4.5,450,ChIJ13m5EbXJ5zsR7afBIUCPhc4,AdDdOWqwxWAZ6w_OFDt7GskhUUwaIWTyA8O0W3NWrZRHgGbzlu8FhO88ITExV9bAShKG-ieQYCMys-o2CDg383UeqdE5F1tGhyfet4qFQJ6xBcfRiHK8QeFYLxVjzKPybVtmdX5zuOsvTIcEAmDYdWeXjFlOrloIgGO_c-1aqjvT4HdaJ08S
GASTRONOM,"Bhailal Building,Lower Parel, South Mumbai", South Mumbai,Mumbai,4.0,800,ChIJ54xmfcLO5zsRKARqCzvQm8o,
RamKrishna Palace,"CBD-Belapur, Navi Mumbai", Navi Mumbai,Mumbai,4.7,800,ChIJ72I0zs3D5zsR7DATX7uYWrg,AdDdOWpp0k9sSn5L5veexZMuWwv-y_OI6ox7JBi-L8kY9ZKY2G06hg_10gW4-oU3zzMrlKa-6UaVO554CZX2H4dUehSjlqrnbqA_7KWDR_KlNW09GGbwoZg7rC2quQkMUQ4drlwiojwOHt21rw7QvDsHmsu8UiYztRZVAnbonm8cLnib8tE9
Riso,"Janta Industrial Estate,Lower Parel, South Mumbai", South Mumbai,Mumbai,4.2,1500,ChIJMdP0lIzO5zsRQVJ4ovhHfSs,AdDdOWpddmh_TwvXH0HCvSbQlZT2W5Dk_jpNvY6sPlzNTzS3AT9SDVIoOAE-DVA3Kg723vIz6ImW07AzRkBdhp2PF7EYIKvjAFvnu_obS6IyOr4Hr02qsanDIO1K4-192Pm-t6G_Ssh6tKeZUS6wGxAX_JC8dSb_vvylrap7nQm_fG5cW7uj
The Joker Bistro,"CBD-Belapur, Navi Mumbai", Navi Mumbai,Mumbai,4.2,1600,ChIJ____L1PC5zsRR5kLnqg_fmU,AdDdOWpqs7g3rDuuf6HQm33sAaV4YCs4CbNIm10ETojAbwzlG8-ZnGD2L8R9CtI03b6vZNhz_C6JXVTrcajUOzM08m4SdgCAov4SMytf2cgfKuTtO6ICOYFvNSVyxi73gzrN_evBNQbbeEom_GSQOs8DsR2m6-ohJSLjURLVadc8IhOTXeQe
The Sahib Room & Kipling Bar,"The St. Regis Mumbai,Lower Parel, South Mumbai", South Mumbai,Mumbai,4.5,4000,ChIJOVikeYzO5zsRu4uErKD2E4o,AdDdOWpeq0rkcRbvqmm-qUHD7p1FE9Y1I2fcYlsR8pPO1O63RF9MPCKaV1KpYaQxljRt5c1M8XqNuL04QvODkxSu1S8FrZAOUhWv1oyAnMFxg-FlCVgf0JrDWOzcMyKf_WW4Q7E8u5meDY3K6SnU1AlX8lmYZ7RqCPKP-nT_yUTP1VZ4UrKy
Pangat,"Shree Gayatri Ganesh Apartment,Borivali West, North Western", North Western,Mumbai,4.1,700,ChIJq6qqqgOx5zsRgVh6fQS8Fjw,AdDdOWqGfcNhwSSLyDGqnDLXkJjzHlMn-Nx4q0daRqvEyGWw1lKfrmeScnN0IwMbg_OQ6vlqldXRQU_JToXTuIWuy7XbIklFF4_lmVg_PxdzmJPqRDHclwmHAe_0HhCvGUxV86fgm5SoAA4Y5jdX6885IRnANZhtENQ9PLRFrnPbEoTUiFYd
Ithaka - Veg Lebanese Kitchen,"Janta Industrial Estate,Lower Parel, South Mumbai", South Mumbai,Mumbai,4.2,1500,ChIJy7vemozO5zsRqEAcXA--PWM,AdDdOWoyCqqhDjCmF-DgY4VvttVhJePMtDKRuno0TU2WD9GUvOqUwWnkNZDXEH-D8zQBoiZ2Wafizl_-fs0GN0goMFyP-qiWc5sg2V535tuDPGmRfGEdeOm0Bv-gv7p1AwW7hETNSDq94ENTFHjAkYsUucC5Beq5l4bXx-Pri6oDOMub4_bi
Firki*,"Janta Industrial Estate,Lower Parel, South Mumbai", South Mumbai,Mumbai,4.0,1000,ChIJMdP0lIzO5zsRQVJ4ovhHfSs,AdDdOWqBVkyeUxSLBiynSD68IuCU3Dqzz4bYFQ7XMJHQljvH3ciEA5n9JzPyNP8Qa61nW-wvm5Y5YZOUgldJUdQNylQJqC67X7_ZCxeDRaoOiW62jkx8NH1CPslKXPd6sf7uWRmiJkz20BvTSKrqYvXomgYMQSB6BEktHMhr9C4LrIsEzUcU
Farmhouse Palladium,"Borivali West, North Western", North Western,Mumbai,5.0,2000,ChIJh8yy-k6x5zsRSswM9n_Tc9g,AdDdOWqJfWKaBxIxbDO5M0iOFTOMYT7W0fcPHIJiMierXb-WLSCSoYsSy8yXtkzvbecP_7b2rfQTTAP5xnvC_g9ByM59uEau4XDXKB6dDgOPvtikPGD-yA0wICwL5hTs7WeVZrVHWMUpoamLXFSFrknvggULuTsRd0xgPdolD0DH0dEG06T2
Bayroute,"High Street Phoenix Mall,Lower Parel, South Mumbai", South Mumbai,Mumbai,4.3,3000,ChIJ__9z5JTR5zsRBhpVV_DDJmU,AdDdOWpHyYiRWZEPMbcm-Hj0K_pRT3P_dSkfq3C9kGCldeVQwkQALo-S2F2oP5W_Q-qJQu3WI35lWGn7eYPVZrHi1nHGrtruPRV841J8z7SsJi36dGIADYXUJ9_2Z-5t0XmcN4YWiemo-YR3g0hwe02WVvP1TKQe3hVMfFS46jAhmC2dvKnV
Udupi Shri Krishna,"Kukreja Plaza,CBD-Belapur, Navi Mumbai", Navi Mumbai,Mumbai,4.8,1000,ChIJafvgXvTO5zsRs66ob1_hNlo,AdDdOWrAI6yEe7CyNedTHByjtePGdWS0AeJjzhOek4W5jgB2wO_QGTllE7mDnWW4sctbomT9KrPPuDs_a8zk2WsZxnV74VPQBOEdI9XTzxcNa_f9cBuvtx7Y9QsdyM0xkkpfrnlIyfCjJo4DE4ISn2S2J12oWUhNHvUmzjWXqeP6Wp81dIu9
Chin Chin Chu,"Worli, South Mumbai", South Mumbai,Mumbai,4.5,2500,ChIJocp64FDJ5zsRJwrI05IPzD4,AdDdOWrE9mjhUzIlC3IzmTrI6-vfE6JBZLNHVKS9I4iCMaw15mT5kCI4dfkPScEW0957Anbu94aMXwUA3rQLCmYWb-FUcJzc2MlnMsaHtv2PsxyX63LV1ZsagvETg07u6S5SNqwCPNlut2-a39-Mmibi2vpnoIyMGfcYUvMwYqDIIZl4vhOr
Honey Chillies,"CBD-Belapur, Navi Mumbai", Navi Mumbai,Mumbai,4.5,1000,ChIJhTQ2DeDJ5zsRLubXYnFvZGQ,AdDdOWo0LczSa2VPtLmN4AaNah4yu8y7jpNfqYeDDtWoN8mpk6WAb4W47TpeuTyfTsgU_iz1FOPfqfGAt02Gep0-gBFMhmE9Mj_JSQUwWK7qPFYfGpEs9P8H47tdXD34p6Ce12ke4pYOnoSFuYjBsfsUJ0OXRlGtqykiDOikejCOY3lsxCZd
Shaollin Temple,"CBD-Belapur, Navi Mumbai", Navi Mumbai,Mumbai,4.5,1500,ChIJ69LFc6vD5zsRGCJav9jV0dw,AdDdOWrJzk9CM2v91RWy4ZmjUPY-fXyOj0zVTImW8z5DduW9tekmVuZAofEi9wic5ymMC7ylmfv0aryzHShnBo7fsGC5CLae7p92mM3V0CClNjABefjWbDv13wycKBg1TX8XwgPAsAXlnhJUad1ydOq67xle08yYOB4ufQcFcvOSf7NDLOjX
Pranaam Fine Dine & Bar,"CBD-Belapur, Navi Mumbai", Navi Mumbai,Mumbai,4.2,1000,ChIJX2Jxk32_5zsRCAArKvRbP8c,AdDdOWoGVT1iJnSEIEzZJ8OeE73YOSuiXWj3EE7H2naB47FVJIF9KiUA8V4JmsBVqXKi_g1-yonIyf473vVaGYhAsKkXBo4qC9COKCgcArGGborw_HrjltRzdQCj14JzGVpoMIA2RnxcnQHH9gQwxLDIiCIv0YysxYEWwWLh7aSb6B5N5_5Z
Jade Buddha's Pub and Kitchen,"Citi Tower,CBD-Belapur, Navi Mumbai", Navi Mumbai,Mumbai,4.1,1600,ChIJ_-0qDMzD5zsRhKOwHMbrVLg,AdDdOWqMVJ5cZ8bQeTpKytYijUDrEnDAXXIotigy3ESmG0JMCQzab5knuZD6hSLWzVYPxobj85GjhSyjJRIdT1iKnt1ZwOSKek2g8cRQGUZxcXbf1z_6qt31c-Mjs3yX2f8e9YOXoclrMD-Fxkhm-pq409AUyZMxkT8T3UbmZl-1flHPgZD-
GupShup - Redefining Food,"Raghuvanshi Mills Compound,Lower Parel, South Mumbai", South Mumbai,Mumbai,4.2,1200,ChIJVURVFTfP5zsRs8Y0CrYkcXI,AdDdOWr3ZhW1wQ22sAbLgmFmUKtvXpHFUEUOI_TMJq7Eu5PTvrxutmg5EIYSyJNvTXcECocybq2bxIcDlG15EtIm99oMi3FYp-FaFBoOE1EqiYTKcEL3Um9fYfpdL0bgAqTw4KcUfQXdYqnHSXZ6Y7-HNO94L2W71sF7hjzrkOJlF5FPwHlB
Gymkhana 91 Bar & Kitchen,"Raghuvanshi Mills Compound,Lower Parel, South Mumbai", South Mumbai,Mumbai,4.3,1200,ChIJN6mooovO5zsRPXNevso1pvw,AdDdOWp38WHpRo10UZJkETnIlZ2wBq8mheC61Uov88IP2qRqwKOC1RYswm2JK46WWC4351Hf6S9lLG66p826tjryAs3Ko1POTkpM6aU5GMJo4CDk3UNlw4v0c782xQRkgXiOh59tfwC-Q_OuJF_GaxEk_7O6XV-fjvJPbF6eo6LtpK0Pj9cb
Masque,"Laxmi Woolen Mills,Mahalaxmi, South Mumbai", South Mumbai,Mumbai,4.6,8000,ChIJ2RdH8orO5zsR9j_YJgVbG64,AdDdOWp-TsM1kjPrVTbUy-KH63VtqGi1lzD0RMCOj4izsvaywQMMmZrrAuQ0AtSiVnJCbaDq2p15XIYTXejzsADZiiOWq91DbTDYgbD0rZd-bjbK3HPBRrxXFGbee5HdMpyqJTN1eTPP5J4qPhWtl5wA4ICHEv3d5w_IxX2oKAN7miiFsIQM
Tibbs Frankie,"High Street Phoenix Mall,Lower Parel, South Mumbai", South Mumbai,Mumbai,3.5,200,ChIJZVUU38_O5zsRwHrlz4kgT8s,AdDdOWrbBmEyu0B3ro8Lnq7e6yLPUZDnX_63nuehTcpcl4IesZHDM-8m81DkENuDXSb4-5Lz_2jP0gXzByxvogb7sLQ7_kwc5IUr8fQvk0hfJx42yKb5526_YhdOPOwgcqQ_242NTW3AVndzIG4k6PT5cwq-6HVvFuV7ASRFQ7IZbSMUWDYW
Chaai Centre,"CBD-Belapur, Navi Mumbai", Navi Mumbai,Mumbai,4.3,500,ChIJ0_28N1PC5zsRgkCAoNLwXfA,AdDdOWpThgbZwgI9GmNFSQqAobGpx3awn_T6ADYLfv9LTVFJ9d9bBZ-g92YNTF2UkV_A809KmaoLlK99WrhhxIz6iW_4saGgIeB8FI_rebPMi3m_nz9lqL7BmU_DMnUGntfVcIrAie35yf9fPb-fvyYAl0zfzlC0QoVJslwMsDl8xbdloOn5
Tokyo Treat,"Bhailal Building,Lower Parel, South Mumbai", South Mumbai,Mumbai,3.0,1000,ChIJs58NcJrO5zsRtDk5ZdQKAAI,AdDdOWrATDmYQn2Q2gHzJ3XMjwno8V_y7wSpwCrMdeM1FUKfWP9J9sgr-kxsr1BNMyaBYuATQr-fZBOaR11L91fbC-XE-SLX05OXTpzWUgmsCcv4SnpVVtnfwUaETTr1bYPa301jL0LVSHrdEWnLE2qPdh0rjXiyVSZiG0O0zJGuyRLhhf7h
Sizzling China,"Lower Parel, South Mumbai", South Mumbai,Mumbai,4.3,1200,ChIJf0yRE8HR5zsRnhSwcIt-fIs,AdDdOWrg9Xe_t08-1o-gZAX1X0uD_LB9X1Nq5glTJ1xkk9qevpUUAzGckIuZ7CugXZl1FRlQ6i1vlhVpySvvju9ZvygMdkujD1TLvad01aHjRacWXTRvV7KZ_dFadxWFP7z3fL41qixVCwlHfLeP3CRN9bpbO3qJ09uylJtcsQvZal-0QEN-
Tibbs Frankie,"High Street Phoenix Mall,Lower Parel, South Mumbai", South Mumbai,Mumbai,3.7,200,ChIJZVUU38_O5zsRwHrlz4kgT8s,AdDdOWqdkugnczC0QFM4vhauf8cO3ayyXk-KtUWuGCCwqAdPZoOvkeVEV9bndhMM_5DY_kbkUxUfVkxE7mMBwYGOthm0Kh9XlL91HawTNM_fRrrJgcHN9HqH-buozSnrxkoHRRK5bwUabOwMje2_QuRRZZO8irhHb4Mp4TtCXDY3mQZmKxBt
Dhamaka Cafe & Lounge Bar,"Mahavir Icon,CBD-Belapur, Navi Mumbai", Navi Mumbai,Mumbai,4.0,1500,ChIJ3aqYa7HD5zsRIK2-C3u-1DU,AdDdOWohA39aRspCspEUTiIBkhFG0yxItk3QRb82rG2tEUL17XuGzsReNsJQQhrCJP_Ca2ExaV--DW23rkCmtRqaXjuaf_0eDzgFG6wG9yNrflHzN6gC9pb4WbnUfOVZVe_w53t7sEn1lIqkOIQ6RMBONNIGDSyJSd17NodMyzgmmESvfNdv
99 Pancakes,"Lower Parel, South Mumbai", South Mumbai,Mumbai,4.0,500,ChIJAdTAncPR5zsREnJpmCb3uBg,AdDdOWrAesxqYLDPIzWZX-B1sNYEy8KLbPQNWUHX2q6zhkEZStIjSbZDjzmgMemSduFEL73xxNV2c0mxYIlEBQwANt88k_kfaeB39NRdPw4hctRZFYxS36yV3r74wfSzIGhkvbkbVIO18N4l02X4Ac9jf6u2Wo-rTuBryHgL8wqa00NrDXR-
The Wadapav Cafe,"Borivali East, North Western", North Western,Mumbai,1.8,400,ChIJcfYbJ22x5zsRUQZBuASiyxQ,AdDdOWrmitAaVZXidilf6FHs6BNrDGu0CBiw1GimH4sCKAiRmXsfp9ygBKqtr4Debwv0kJF19K0K6T4xXi5jVpMfWgoG4a6G4b0oo4i6uxIZvDZ5JPa9LR5djSKD7U1RpEF3hnF_9Aljt-IyOGQ0L-vr8o-8ROCzyUvjCOOAgxvCQ3LGuI-Z
Thee Confectionery,"Lower Parel, South Mumbai", South Mumbai,Mumbai,1.0,600,ChIJee3ZH83P5zsRPUZ_BIRnq0g,AdDdOWp9MJYK7IKIpe8gO9CqsNwXNxkcllSDvrJVPk6UGrjFaRU83353CfarWnfET_FdfNNdU7GW0e5QfBABocFldG8tXdIcvjMJIFYVtN-IF-3-j-f-61woT1Fc9obQsfskaYjYv4drxdfiyh06q0R7jRtNfT5uMwwI3dhavnZx675V0_64
China Bistro,"Worli, South Mumbai", South Mumbai,Mumbai,4.3,2000,ChIJHc_OsrLP5zsRV00xRoquOC4,AdDdOWp__YAa1yeGHaAIoAx-kPNrSRT3hLMBxJdxPgdHVyVOV0HnXY1QPrLTf7sCfCViJakwy7-MxyFKR9L5g10RVYK3tK6vjUxlUAQxkTWgY5qOr_qLvn9XqGKHp_H3bBlv5hJ_wQPXicGYIE0lrqyWWzeIu-zlsDqKAf5RYKAkocpi_8VZ
Silver Coin,"Raj Sebastain Kinny Apartment,Borivali West, North Western", North Western,Mumbai,4.5,1000,ChIJs08DBh-x5zsRa-sGvdonqE8,AdDdOWpJCFjHGwQCcPB2XPFglH6kg_XrtlOc17_hN7042xbBBx4hnZqRWoXxLfyJl6bv1DG2K4rVD4ZpVXa9MSwG0-lEwSt0txUjOU-e3xH63bvi9wF_IdhG9Toc9gBX0LtzZ313QChBJsinilUimgGqxEvR2RFH13-_C-sO6PcmjkXkzvam
Light House Cafe,"Sun Ville,Worli, South Mumbai", South Mumbai,Mumbai,4.0,2500,ChIJTw9c64XO5zsR7jbVywJSwek,AdDdOWoR0iffFMMWF25HSljOA-7IPY_dzBvGLzHDQTJQwCO7eobTblKMcMCZwFgIV7qPce6_e11MJOvPsBSppXnfj4P2yHS_Epaoz0PPK5oSF0lDjnx0QP9JSUsAVfBEY0DNydIItwc_hJqNYUFbzpenoEN0La06RqoauedpPYzCxmqHG_Xd
Glocal Junction,"Nehru Centre,Worli, South Mumbai", South Mumbai,Mumbai,4.4,2200,ChIJm3qFxYfO5zsR47Vl2XTiXzY,AdDdOWpX4cTdiBhvGEbbT08xFwP7GUKjfdWqGSpbXgkoSSKNHHmi86vm5K6UEez-jHYGqLL3a6drM5P26mia0klq7SBMVkbjpZaPNbKdA-dAchbFhDYvJp6i4HWLpv21wLCAQ6VGkuHBAlQX3cWFtHz4gT2dSF2IuoBrTsTQUneRvsocvmMi
Pritam's Global Cuisine,"Rosa Vista,Thane West, Thane", Thane,Mumbai,4.2,2000,ChIJP_rR3eW75zsRkT9RShWhySc,AdDdOWodCsk9aZXy2r7w7x-zLGt3Hb4NmC0Gbv63xK_PkX_1PNmIMqF-hECJfyROxwdMtpnLXIjh8b6SsT7CubaVvwiKe5UWwxnO3eFP54klZ-cM7Rtcvb6ImSxYIODob1seW9qdioEjMg_KCN_jhUnW2Z0lW6usTKl-92iwpsiJCrBwCNht
99 Pancakes,"Borivali West, North Western", North Western,Mumbai,4.0,500,ChIJAdTAncPR5zsREnJpmCb3uBg,AdDdOWqrnr9zoC_2kmZYynbFMboTdu0UHMUAbGOrLpZz53g6SWTgNl7w672a5MyoAYVtnCgqC8TfO70BEzXneil53K1n32Owxgh1CS_brRMu6bTbmGh1pRDSAXpzwdc82bxWq-lGYRcMO7o4x-knrA5zlDpRf8Bnk78RIWuQfuYZyk3tQtSp
Wowfillss,"Kharghar, Navi Mumbai", Navi Mumbai,Mumbai,4.0,500,ChIJa6ABsQTP5zsRKeerGrViMiU,AdDdOWqAkgDS33pgr-urm5HEmZwii_dQUUL2CJ3vWaKuOES71Pm8NVTRdb4FQIDLWXe8rKGVH4NTV59mDqDzVlN3sP9DjqhRWSdKYA3dBTXQbhebjcfZpMCKDsiD13DjleDo4NJUKrVC1KLMfJb5C-PNuW8ccPif7sYeoKuYliONvaZc1xQE
Persian Darbar,"Alexandra Terrace,Byculla, South Mumbai", South Mumbai,Mumbai,4.3,1500,ChIJuwPuX0PO5zsRxEmoRQk_BfM,AdDdOWoQdjz99NzRe9U3RMpz8rkpvh14L-hI6KHCOITWL-oSHC_Bopaa0JdZWrOOm_CZ9tcc4pq_XCguYl_yMEuTQbInmEJ4vdaN3XsAtQkcrktnE6UJV5h_cl5AUrIF_QIp-bQfRaSWg0F6HfjYcjFuHIH4w_DLDMnHqF4BCpIR6pw_h0KC
Pizzaria House,"Kandivali West, North Western", North Western,Mumbai,1.0,1000,ChIJr43nXcq25zsRjS1RPoxgr1o,AdDdOWr8bPF164_cn7GxZGHr4QbaqP86eLwisuorkrSTZV46bpGutXi0JDk-Zq0yHdP6CPUN0zfra4WuJOL1JNbTyjy-3NT02J9uSikuewM_TelpchKpiCirRj2N8xK0QA5-s12t_FHSphrYpickinWBE-YTjYFN_fNaY88Gb8yehxaCYLHu
La Crosta,"Kharghar, Navi Mumbai", Navi Mumbai,Mumbai,4.1,400,ChIJK4LqkUDC5zsRQorCAOkt6sM,AdDdOWoWiXbAMwJ28ApKIQ6yS-y204XCrMcf4Q4VQs-K3NZ7TOgMhcVLT0pI2U7kVNY42PfSZTiBAjgz0DXgi3wIZCwCO2Mxn51erENDoRd1tAefaRjqx3tULkgWAnRdlSoNCQanma8ZFKWhKF_aqk3cVbasg495Bh9U8zSUucRMJHuMlYAn
Hugs & Mugs,"Bhoomi Towers,Kharghar, Navi Mumbai", Navi Mumbai,Mumbai,4.5,700,ChIJxVKv-T_C5zsR8KvCOFogb5M,AdDdOWrI0KxVmXifZAaQLgKSZ3HmV1AldllfaYa4gBOwJKHG3mhdXtvE8YzcpV4nKxDGUzMtdx2_USAThsKwt09nvzYxqdjjz3JYWak1DiCkjowyDq_y3Pz4lPF0FeOrrDZSYrNtGebyqz-Fy23oOaqiSPumWHeo8YAPtnragEmm2IV8bM-w
Banjara Dhaba,"Borivali West, North Western", North Western,Mumbai,4.0,700,ChIJQ7WCh3q35zsRxguTU7EF0jA,AdDdOWoA6Ck4t_fqFymco88PlUnV9B7RTAEpvbPQP6HvRkQDz7EOacwxn0w9ZUDah_wMQbSSGQxc0ATgi729Xeg6jBZ_iWwDbRWswwbItPzyqPmjNCoURCrpprq1CjLtoQ0zbu4WN0pyaoq21QB1oIvIzBEnGXLe2mjihz_uKxxNqS4zGfiy
Cheezzo By Pi,"Bhoomi Towers,Kharghar, Navi Mumbai", Navi Mumbai,Mumbai,4.6,300,ChIJawE7_j_C5zsRcl71VLxMX3w,AdDdOWpGx7e_TtaNGZVqV8ovxvo0qG8e5mkXR3zkYzlE42UhsWuD41FQJKkJWK1QCZp7E6SLH9yu6eWMs-VfytaqsXPamyC0WZ7CjoxKyKO6C6efIybhDqKW1E73kZrIG1shXURsMfhHADjphkx78tr4aV6yDQ8UQIMgCjxbf9MXT5wCW3Gy
Paps Premium Lounge,"Rosa Vista,Thane West, Thane", Thane,Mumbai,4.1,2000,ChIJvy0ty3i75zsRi1BBVNUKZNA,AdDdOWoXPva2pPW_muBRTQYc2gVKklIj3yYZmaQgjYwNOvITjOAqwdipZqqig0b7pRaFpKUovGGgCh5D0bbfYPhwCA46cwNicEYiw5azvOgo2N2kGOFlm-RYyrwvwQmbhPrQZ9H1iwGJa8Nr-_Gyy7MdTZBXk-uA5WRb5ptgHOOOTfGIKvB3
The Burger Pit,"Saffron Building,Borivali West, North Western", North Western,Mumbai,4.5,800,ChIJ5XUjQR6x5zsRWXcTU5EU8Y8,AdDdOWooyjjnbWwhxfmT9Q01Gk0SFIbmoz-Qt58Jj7QUM_uextlWd_c8GeDcRmjDn1L9Fb-4iRAjSTpavQ3jF_urOhdf-Kv-C2H8sL1iDJbBx8c9-CvAQT9819k6q9hGMq3zwX3krhkhP7qpvj1_bFJF1BAvqQ2T8h7v4XJZ02NOjpwaxgmN
Kafe ATM,"Borivali West, North Western", North Western,Mumbai,4.9,800,ChIJSd-k0OGw5zsR7jdMRQ4B-7M,
Bombay Street Co.,"Atria The Millennium Mall,Worli, South Mumbai", South Mumbai,Mumbai,4.0,1200,ChIJ8WAs84PP5zsRyHi20o1mkps,AdDdOWohkDXCiBteDT_2Kquphg0rKmh0iG1q8SX559M7TqV6M0XuoSwLnHyy-DowlDRMc7f_8ekYjQC9N0a3n94ShMbgEWEZgwTXmpLJH4EyKy86hu7BHDh962lHLVv7g4n1WYlLaNbvlSZ6A5w6k0AtKiH_gV8iozUrnCi7503K754CtPwa
Tibbs Frankie,"Kandivali East, North Western", North Western,Mumbai,4.3,500,ChIJZVUU38_O5zsRwHrlz4kgT8s,AdDdOWoxwu-wRjRHVg4xgXKrRJ8ZurpYvVEKtnsdTKfVxRPvdtRA7B-LOiG0hsMbVf_X9EcZJVsubM9yByBJpWSBfaRjWsl8jSdZcaJqCxBqGHF0MAMzRUoz_u49j6PnRTBvkYS52gL7yEJqR4o3pFOBKbd6B4iVLg9hrPeX45B401NVeW7i
The Nawaabs,"Kharghar, Navi Mumbai", Navi Mumbai,Mumbai,4.3,800,ChIJtVpUCqzB5zsRmeLFnFA8wzE,AdDdOWpVHE8_bNJKV2THkKi4oR378dsw7G7ST3lYTcQTwPR3OJBAK-SZfgn_JKUe0ce-rNBlAGyqonxjh9zBOpH6aXW_6v5HvGKhpZmENA9_iWSG1chOpZj-GhFG7_xT_SqW0InWE1bHigUD8e9Uf6mzA1f-2nG1t9Zkz_9mYRrzOGqAAyNz
Pop Tate's,"Lodha Xperia Mall,Dombivli East, Dombivali", Dombivali,Mumbai,4.4,2000,ChIJl9u9LZPO5zsR-GaOcDorp6U,AdDdOWoH9Rfh9Zk6vQj8yYUzglNihPTV-IBGBetj8xH0j8B1_nXPoDu8Xvbub-A2sgWjVXTWxGhyWVE60ws5MMskciT10DYOf1Ki3BxB4IHixkIcrf31_dn0_n4eBZmgGy164H315GzyjkHdVat8J--koT6DsvWE6wf2qCc5hN0NW-jWpmfc
The Fusion Kitchen,"Borivali West, North Western", North Western,Mumbai,4.5,1400,ChIJlfWdLh2x5zsRuBcqMTkC-38,AdDdOWqJo4rnFHxx1EefzWxIskoKVIVK7nAIOfZFDPAVGZ_VBdNxnQu_ZHaOZuQfbMQVFwkfztb7RSICpf61KHExOf4aucjcZjGclzLsozZkIIGeAhVT8HmTmolSetxm6OTndHMxOoz9Ys57Btl6cplNbsHo60CF4XFupyGVgVXiyuqKbfpr
Village 12-20 Pure Veg,"Kharghar, Navi Mumbai", Navi Mumbai,Mumbai,3.8,1000,ChIJFWMJrOXB5zsRxn-Hgrpb3Zg,AdDdOWo4dz-VAELnW3UkTGJoohf0oRdAV83n_G945DaPYDhAT5p60oVKnptlzLl_YnlUI-axXE59Y51PLuY1mhQtg-A5oviSAVVIq_YmcEvF5Bn6xJhn7ucXDTVqUqGHTfLVyQv8w0QFERXpYFRT4uA8QVwshoAANCrmkLQpaia8iULDyFaE
Tibbs Frankie,"Kharghar, Navi Mumbai", Navi Mumbai,Mumbai,4.0,500,ChIJZVUU38_O5zsRwHrlz4kgT8s,AdDdOWpRnhYvb8rouhwjAYEnYMsA8ukn2rW2GEzQIg-m6Hb9-V0qqt4qaodjfIhwK4LQnqeJLy61D4JGcv6XANE_7stQmeQHv33cZwJLMZftYrKJVz_NxqEjUUEW7h3R5bn3YUCtT-0uP1qqUJ7HwChn-iRDXzzEFS0atCxsI7e6I2FgNV_Z
Cheelizza,"Thane West, Thane", Thane,Mumbai,4.1,600,ChIJyXUTVc7J5zsRFpuCRR8lws0,AdDdOWpUQZrPlRktOvo9SSWWEsyTKu302UaOQFgaXCUzbEkivKEDSf5V6oaFKm5POgAOHH2hBzigvYqRX6Ppi59UJfEGVdUz48rUBslr5q4eTeimFHsWIxgYzudz4y_RpmLlrmYVbnPwoBGW-mhAK0q1WbRxAG0dG6Px1HCWB-MMjpGt9ipG
Veg Planet,"Kharghar, Navi Mumbai", Navi Mumbai,Mumbai,4.2,800,ChIJF3SoHJXP5zsRDMZEfXZ-AE0,AdDdOWp0kTPCoQlnyWmZJBL0q6Vo-b0LAJf2EexgAJSUv8vCNtySUN-APsRImQNLHaYVR6wpzaLi6gD3t0IsFzof-NiPDjAwPJYUCq9gFYbS2uiiNQSLcgA4-D0-z3hNNKGfHsEapKZz3lKJRwrZXmA59wq4386DZOgnb3gt_1gKzEBItjYU
Mad Over Donuts,"Dombivli East, Dombivali", Dombivali,Mumbai,4.5,450,ChIJ13m5EbXJ5zsR7afBIUCPhc4,AdDdOWogj34IQIxF-DwrFfF-udotstujNROfXlpwTz5v8H7PyfDD_d2j9k7G3Xw5cjAViwopWmoj_uhMTtiLXxb17SPPxr9o53DIObDDk0n-M3FgiSPf82FErUNRrZVSDafbM2yYRQNI5V1cv35ZwQ0j2mC6Ht3EInF6D_DoLkp4dAGIm8dy
Desi Videshi Cafe,"Rosa Vista,Thane West, Thane", Thane,Mumbai,3.7,800,ChIJg6B8Mxm35zsRZeTs5KvDCsc,AdDdOWo9GVDc01t6FPKa8zqCenH8xVDhCPwPYbD3ZVsDRqRxU7ES0eMP_lN8-RuvskzXWipgWuH3uRfcsocHuQ8v2hy7J_HfSdqgSaAICOY8izWuTL4sYGdTabF2F7ce1tbtAtPxPpn65al0ocT5R5jaJwSdE_-C4xprYxxU7NKHZfZDS_2j
Mad Over Donuts,"Sai Swar CHS,Kharghar, Navi Mumbai", Navi Mumbai,Mumbai,4.7,450,ChIJ13m5EbXJ5zsR7afBIUCPhc4,AdDdOWrv5P6wOHx3_mFhNQJ15YhdxO6_HBRNsT_zcCorr23no9MCN60UTt7Qg8AmerA5sh4etG5Gb5PVUYf7cesEYXxaz59DxeCmt784XmcgaCqjFV8dDSdUIAJT0CY2zh0JmJHDTrgk0e3g-W8PdbIocwSZwe97Je6NkFwRaHO0pZjdXIzo
Chaayos - Meri Wali Chai,"The Walk,Thane West, Thane", Thane,Mumbai,4.6,500,ChIJmQRi3_vR5zsRyHd7wyOaM8I,AdDdOWosHlN2sXzkc5jtN07-mqnUCbyAdG0GtWtkiJAF68ZfzpIdTn1FiXYO8NoUhfDer4XxWw-THidnFkAFFYis8eWqB-T1raTehvMG9Z_NrNSOiZSLjEymGNfStwTameR_FW8UsAQ4YIv038bfyCGSU6xU3pHdZOFbrMYknf00uWeV2r1L
Hotel Sindhudurga Coastal,"Kharghar, Navi Mumbai", Navi Mumbai,Mumbai,5.0,700,ChIJ_5eNHgW55zsR9VpP8kS0R6k,AdDdOWo9P22AZ_DxGEXYEWHYw7qCbCb_jtEWAiX6nrR-WSPPpRsC1pJEjYjntBAgOkYtvqlhIgLbd6z89KNF7f65rTkdSJGCWvcF9zv-ACgcK1hYt9yHC7tVGOGO7lPH2wHgPLQpZwmra7E7XIHcOR6_UVmDFitp0noSt9KTFUh33GPlk9cF
Frozen Bottle,"Sai Swar CHS,Kharghar, Navi Mumbai", Navi Mumbai,Mumbai,4.6,500,ChIJ5VIv9RS25zsRkGm7AYBV8Hs,AdDdOWpliHzwzYHX9ikq-xpMohj5iCZDuzBdCXE7magpUxjcmZAF2LLAi3zGVOhOW-IWFJaPe2xlhpgD5zTVLTpsRG2GPDNn5_beaqEwctAqmdmRm5Ad8_p5odIrX1szmfWyUIGQHq1vAAzX3iGK8JsFUipyGDO-sCa7HL4ngZ6g-awYdELi
D'Crepes Cafe,"Avilla Apartments,Thane West, Thane", Thane,Mumbai,4.5,1000,ChIJ_8V5g_-45zsR1dGnOdE4PBk,AdDdOWrdvMeUh5utD1Is_j92oZaoy0D45JaCBKwZ9Px4Cy92eoINZx_EsgSWeW2Bn03IaeaMjpsj_EiYkibm70w6Ks53fRwpVihhMHzPOrd_HBKtB8OSNUQio74QgknPLN91oJmTGwlEz5koX3q8Qabv1A1tIGkNrUXnDl8tZjYHwcPiXTZt
Cheelizza,"Kharghar, Navi Mumbai", Navi Mumbai,Mumbai,4.2,600,ChIJyXUTVc7J5zsRFpuCRR8lws0,AdDdOWrC1-L9vBoTW0p6n3btct3EapuOLaiYf_K2mC6PVqA9ynehJUShkrQi63imJ3Vyu5B2kQxh35Hq2JstFcgL6zhx7oyYIAZC8nHfh8ghmgM3XQfVRjjmSeeWNF92Yok8IWEZDiimm-He0FhNqeI-EysbD7jCTKo7y9rzU7TTyG7AmD6V
Cafe Monza,"Bhoomi Heights Tower,Kharghar, Navi Mumbai", Navi Mumbai,Mumbai,4.5,1500,ChIJh0PUST7C5zsRmDhA5i_3Y6E,AdDdOWr3tmzZj16tNyRC_IQtNDwimHGiKurghEbd8-kT_Jj0sW2h9Cmlr7_qAWtebxmkqV9FIvfwn8zb-2auE9yTfUrqAxE_9stUZCZueUYJrclSkytUiaAhGIDtuz_HMc5iRYIILl8JHqEG2VgkMjP6FQvp_aPyE9yy8ZJRyz7b9eM9yvBO
Relish Cherish,"Hill Spring building,Thane West, Thane", Thane,Mumbai,4.8,800,ChIJKStzv-S45zsR1h-X00aRwHs,AdDdOWqBSFzZ0eg6HwtWyh0JGaq-cqaKk2rbtMLfhFMYf6GhqcEmSAXHnOnAoL0iQyOI9UDOySn17j3KhlV1jIEqRghqQ-On3o9gkZ_k3LlboJhPo6wRAOQKIMLH27SKveztO7Faexr1YLHI24bscnTJsYJ54VFIvVEWPRSyUv0f5FJDBJtk
Balaji Food Junction,"Cosmos Jewels,Ghodbunder Road, Thane", Thane,Mumbai,4.1,400,ChIJNaTMkyS75zsRVzRSyX0Uso8,AdDdOWo-i5JOSV8FNyvhT_k4monyra4ZuYG91tbZfX7Q2zIzn3557KaOOBbhtaLsZO7pLxCK0j4N5BwlqTnEZeMcD9eb8RUKpVg3WdoJg8GiGQUwpSs6g20phc8yYHBTkiQi3i35SUPBWRO8Cg5LVrTbkW3ZAgmlR_5w-TnDvjCjpkB9PenC
Ministry of Sounds,"Cosmos Jewels,Ghodbunder Road, Thane", Thane,Mumbai,4.0,1000,ChIJaYudKzS75zsR4XtUfP2wbEM,AdDdOWpMijAHBYF7qBr2Dmy_OECodezg0AOAYaLkkJ4oysKQkUWMA1PvQsrlnjKbYpCFb_W-P9llrhi9gtOTcNQHVPQQGWuGW9gXYIezb3ABzFVkLWPOwpgVTvVwufN33eUYlXjKXjRxOvHrwbsOirf1U9l4bpWTYN1yB2Pv2S7NWhM3o3vJ
Hapi Brewing Co.,"Dahisar East, North Western", North Western,Mumbai,4.1,1200,ChIJjzyTA0Cx5zsRZ0HwLW-hnzA,AdDdOWoBIMpVlTVAe9MI8ryQo_dSSrJUFlhL2qDIYZRUsDDxsl4kF3E8kRb1i1veJTtq0li_qKz-T5qBT9TWoAChYoTN8aYNxYqhn9jieKrxLk-VFe48fm1ned-ahJpsY6ApPdh1LzZ2G2-VKHR-d9e80TvcL-CW-PNOVAX3KsNBrR6mIACI
Backyard Beer Garden,"Mira Road East, North Western", North Western,Mumbai,4.0,1000,ChIJV9koACex5zsReRJ561B5Zbw,AdDdOWqMqmRT5s7UpLXwwD4t5xyuFve0LkTa8pDfUiDdOZBPY85cXbZ3ocF6pK5akmSaSHEjvNp1-8W1CHK8ILW4H5HmZIK8vJ1S8RB9TKqqMPDz2RgiFias3GZdG_tJx9nQv4Tmd64ADpxQWXpkzJIcBBD5CiWKxNZ-z3rZRFyJ5u5Cs4aX
Royale MasterChef Finedine and Bar,"Gagangri Complex,Dahisar West, North Western", North Western,Mumbai,4.4,1400,ChIJ9RVsov2w5zsRN6vOKA7XhgI,AdDdOWqCFLFLP5aAjY0b6wdZhETY73B2P4OwlwAtznzmyaVqhqVvSGNqB4zMPrmjjfrNElS1nNNOIzzA6CKjyHY_oTFxk2MZpd-hYR3Vf7wOAbULbLzz3gjH57_SZ-6dxzGdBeoYNPoD5EwxrrUVta4S4xooYIe-cTZd7mByX1MVcL0UittQ
Whatta Waffle!,"Hiranandani Estate,Thane West, Thane", Thane,Mumbai,4.3,300,ChIJ3QAyIRy25zsR3G2xXFOKrIw,AdDdOWo2yR_X3ut6iZ8Ar2jrdD3XE8FQsxLAMV9XWPA2DpEw8WwuHwYvdE64Lu2oWdMn3XuOz_nCBAvB5g54_Nm4RyU0bQiC0kxIP7sT_cqJG6wjs2DSzhzEvre-g6FkXaPM1LOX6k4suVsjJrrm6ovVxbrDJiV46F1AZoG70TSSgSV1lLYC
Wai Wai City,"Kharghar, Navi Mumbai", Navi Mumbai,Mumbai,3.5,800,ChIJ0cye4BTC5zsREQf_jF8FGKs,AdDdOWr0Y9Bzp8X5Ru0aIN3FEHTptfSrVPoGyOXEZO_bkR_hovdWHiFOxWTeqzaljTwC9Dms9-EWO_cZ-1MPyi84iYDLhUZH_NQ649EutLB95_7HTYaEWL-hj0yO5NBy4_sMRxWXeqhNvEeKGrS4WE1HGhIqBnykbAMoDFzgRvdYie1AFIM
Royale MasterChef Lounge,"Gagangri Complex,Dahisar West, North Western", North Western,Mumbai,4.4,2500,ChIJ9RVsov2w5zsRN6vOKA7XhgI,AdDdOWrGqsrST5hCd2tu11xblr5lGf7JgeOa359qxWIOXS8eQEYUh9NTzm0Ue0F4Jv8bKtTmDpYeVnTWsldIMcMTpT4RZSG5AYEGFAidjd9HtHW6hUR9ylcreuK8K1JgNfhE_mLOJCEAYd1G17YYrTlV7CFkkh7dr9DdvVQ75OG3_QPJ7XF8
Lucknowee Tunday Kebab,"Byculla, South Mumbai", South Mumbai,Mumbai,4.2,800,ChIJEScQhTu25zsRFqWa_7cNYgM,AdDdOWrUYj50xolMjTCUA7DVUyOHZv3iCj3HWE35MPz3m6vlakCD0aXaEacY3u3CAi3JYxVdYwGsy-XKUN-fIxjmdbGRmBm_YLtDA5cg8dujwLl3OoBvGNvngTsWN8_C2ApvHa57eBmKpvZBYrvCcs2Ce4fCzmYz8iz__7jpPi5POk4beBne
99 Pancakes,"Bhoomi Towers,Kharghar, Navi Mumbai", Navi Mumbai,Mumbai,2.8,500,ChIJAdTAncPR5zsREnJpmCb3uBg,AdDdOWrKkS1mNUwIHkc7hGSLxa94X0Xhh5bc2PM2qUMkKe-WF8pMkRjYSydJJy95k5Kqg1G-udc-0pLQt-dAAHAmTRR7omuVngD4YL4RZTI1XkR-6F67_SPIYFBEkSRhk5eoLEIHJENJWyO1FehC2Fy_vjGtE6UMGrA3Gq44EZAQYlQMevAd
Mondo,"Omkareshwar Building,Dahisar West, North Western", North Western,Mumbai,4.0,1300,ChIJuTUoD_2w5zsRcRV_5UX9GE0,AdDdOWpiaRlX026-zfebf9DlAC9X65OqbpQKOAbeX8qzMRZ_FaWHHndgAPE7AM8jFyTUCxrGdjRvapXA2kzFMcSIUBGAqOtZx3NQQ7VbhBZmCItmPGjUFqmc7hutyHp_6CXpo9pOhFTsN4d9Vuw3ZuyFNI-RWNuIy1IoOlHrrThcX2kQn6ZR
Eggsplore,"Essel World,Borivali West, North Western", North Western,Mumbai,5.0,500,ChIJ81RLKfCz5zsRT8XasFgXLYg,AdDdOWowvbPLv7Tm7CgJCt3WasJk17WHWD2PUVFyaoI0Dy4-wHK_qRTdWCQWwXtQG1azpt5dIg2axkF2Nk2MWLq7HfD8Y_PhFhNYeOzkl-9NdqAt1DWVrNDMS44Ai__c3lyCC8v7FSI4jpI68TfScWZHu7bLY5r_cEkhvIFcxW72-yoNtyn3
Rivaaz,"The Sahil Hotel,Mumbai Central, South Mumbai", South Mumbai,Mumbai,4.3,1500,ChIJU-Lt8O625zsRj2P1PjdQ6j4,AdDdOWpRce0YsyjhRlsYE_PtoL97ng0mE3o2nSV2Ew96PXLEFHazvQtO1P1kDA7BOMqZfer406uT4FUiIu83krorWL7H1A5CBLmPpYLPmczIop3XsUzowvuHJ5t2oP4IAeItPRvv4usZ3XFePJYYwLTrqR1EBzQ2uOP7krvhQlJ3D5lmhbJ6
Wowfillss,"Nathani Heights,Mumbai Central, South Mumbai", South Mumbai,Mumbai,4.7,500,ChIJa6ABsQTP5zsRKeerGrViMiU,AdDdOWqOq8kA1GFsTii_nLJKnRXquuubpNZIlhJ0HXHtctpe_OTN3ssGw20lz5nB4LE7I2pVPV5yqYsWw8GU7p4Jx1A1YF-HK3CnA1i3q2FR790yRj_KTr9EF6UMbML9SDKK5Jt37C6favR2bID93wRrTlGNpE5kJBKFOhp9jQZEGMUhn-Z0
Bluet Restaurant,"The Sahil Hotel,Mumbai Central, South Mumbai", South Mumbai,Mumbai,4.2,1800,ChIJ2bgSCV7P5zsRlkPSByVWM8A,AdDdOWo7bfd4dofIWb7ayz-076nY4xN4VbNCqmwhgCBx3_tPfSIKrFIjU0f9GlQNE_1WlQsCLAT81kk05FD2_A3B56kLoV1y5pMvCPe2DZFx_nYG-TlnmHFqBNoEh-LKXXt_NOhF8xF1eugpmSnxzrKxzrk8nH7Eb8YpEI44PhDvfRpyy1GV
Mr. Grill,"Kasarvadavali, Thane", Thane,Mumbai,4.1,1000,ChIJcQhuHKTJ5zsRzX9Syzkor1k,
Dara's Dhaba,"Mira Road East, North Western", North Western,Mumbai,4.2,1500,ChIJpfKQW3uw5zsRcyy7b-rCQm8,AdDdOWqpLXl_KW0BDfO2ocr02H7Iwm2k3Z8Oji0X99O4AGsJTlqDLbfWWr-RPVOARPkdTd86ssVDGWO42LL3zrRx1T4FBFK7hwR8SEFh58ZiY8cDaULT_A0WOGCoqSKHhnHOHgIOi6nzz2r3wCgKMsVtWCitjrpkgLLxH1BjGTJddsO4FkGW
The Amritsar Haveli,"Kharghar, Navi Mumbai", Navi Mumbai,Mumbai,3.6,1000,ChIJ4fHMmv7D5zsRZpJPebWSQLA,AdDdOWr_3un2IsKKcIhRofghT1xDTMRG8R8QxgJvT_k72YcD20E2twUQkl-M6K4KMD9bYzGaG9qz5Oq2bqRUjI_K_zRewwqBGSeWHwOZDIat_Wlbz3pT6-Uc0ip3wThMt3FMdCH_K6_Jyzphr00sIKH4W0LXs-xpzqVvnxxCbRl54IB4dsCf
My Cafe,"Mira Road East, North Western", North Western,Mumbai,5.0,500,ChIJf9B8h-mx5zsR2SvBRM8U9BY,AdDdOWokk9i_UbEolbYx5rU4DpiRDSyIKTLf99N7KvFDWXr2feSAR0MQUpa-TDPfPQIYM62HmhAhGuySqyoH7rw5HIEV-8rdjx4PmTgrlKqPX2W6M9V4Ie9IXZy-J0PhCSpDJD-TnaN24rqeQ5m0ACJZbb9wHr5dVtK2X2XoouK6qQD_A67p
Shalimar Restaurant,"Masjid Bunder, South Mumbai", South Mumbai,Mumbai,4.3,1000,ChIJ67vXWDzO5zsRSDlZMnB7NtU,AdDdOWpKx37uIoZ1cvwG3Ua9ZME_HORz99FYENucIgeqKVbbxlZAOdYeunyNGzeWWwVP9Du2elh7UwHUqk93q3f2A2E_3YsuHluhgNpRySkgxSo3H56ciatOxMNsFV3uLS2X_8LlFm2G0hFhxivSpw2kMMupyXr3wb_jQ4uPTMHrSB_TAp1c
Tibbs Frankie,"Breach Candy, South Mumbai", South Mumbai,Mumbai,4.0,300,ChIJZVUU38_O5zsRwHrlz4kgT8s,AdDdOWp2G4diTYYR9JiSzj3Va15w0b4PimpbBqmzPJeW3SXZZET2iue5BQasgz1MsGYW4QBvinMes9-bteYRN0mx-d-zB7TO2bzPQZANBYfLvnrtu8xBV2BQfx-Befm8nnoaPY426CsSFe_PG4fjlJoP5tCrgjyzfzZILQnLSOGdR_gNpYF7
Mad Over Donuts,"Cumballa Hill, South Mumbai", South Mumbai,Mumbai,4.7,450,ChIJ13m5EbXJ5zsR7afBIUCPhc4,AdDdOWqeSJaXKZmWI2Y6dPNR40ycLs7fvFPhPFLbcspB0jaW4XZRYqvtlyCwm2hj136hsUCl1Ggd7EGx0Z9HSPT-Kzat9YxvxXHv-CtsVnKwJ3XOWQFe2vhz-ytAh7blxqYxZnc6IkHFN94Gp8TrWL_QeG7sbEuQpx8AGRsnbEl_W5kZxMrg
Faham Restaurant & Lounge,"Sadguru Sadan,Masjid Bunder, South Mumbai", South Mumbai,Mumbai,4.4,1200,ChIJNxc9unvR5zsRLEPkH4OMm4k,AdDdOWqj6eCxb3L7I1oxLU96TNLPDv_zgUUEwrqyRTNB6nwC4yaFEngRp9uLIhRq0C0vaCocWvXELRMdlR5CjlyGKQsig9_-n5Rmfm7q88aNMrSw4vussO44rewGBtYmfN7fJoQKmfTVRLR_LEI2r80NmK_cuMSRgz5L78WL6-rBp4Der6l4
Pali Village,"Mira Road East, North Western", North Western,Mumbai,4.1,2000,ChIJF2MNdBPJ5zsRQO0ZDzbHHCQ,
Velvet Garden,"Ghodbunder Road, Thane", Thane,Mumbai,3.4,1500,ChIJxSa8-ES55zsRJH6zVKYxuko,AdDdOWpaCwDqifVDOR4MDgbAS127cdrTVTI6rEGxWJZUEpcujRvdgvspHDX7b6c3Qx9D1cYgdaZfX4o3UtdngI43xKchDp9-p1Ioft-4Pt4wK3vhONz1mDUrAEo3eAZYcyLdOulArnshQNxL89uo4lDt0GGAwpof1MeKRC3KoSw5AbKCTkcl
Tibbs Frankie,"Tardeo, South Mumbai", South Mumbai,Mumbai,3.2,200,ChIJZVUU38_O5zsRwHrlz4kgT8s,AdDdOWpaX00LIglPyYFKg_-N5wk4gcrJ0Z43xn16XzG1W1rYDW0kRJdbZqdTGoRG6fLRdnh3VOHS9PghW-5seGyhnfw2dlqLTaEyHFL_mcC-_YIIM0SuD5XdNWIbLdPeuPx8U3nPAxM4doBqS2-2hK9Xa9zkK9_mDn6dIGYDaCiRWtUmSzFn
Amar Fast Food & Restaurant,"Tardeo, South Mumbai", South Mumbai,Mumbai,4.3,500,ChIJsfMv2zrB5zsRyyRLd8WNQmQ,AdDdOWrRpW3PLeWctWnVxL6rkrsdjrwKrPmfMpkq50iC-L-rh2_2KPeAGXoWXlnYFTLXaQ0PWbj7iMmM3WD4suUXTzW76sGA5nai0LUrgkX0hHkx00r_utFAr8YESatGlhaMAWMk-ULg4_rJ3DfjbbYibuRSclGEzBKhaBxAaUORhYc5Js6O
Flax,"Hubtown Skybay,Breach Candy, South Mumbai", South Mumbai,Mumbai,3.0,900,ChIJk5q6JnjO5zsR7pDvOa3y_uY,AdDdOWp5eyfMo8f7Hh6oEhI-r39NmevBgNx7poosHqYsO8dsKh52cntLkYmQu92QH4Z7-C0Yel_RyoC9efQ1C8Gqp_Qi_2JWHiNI6ptEM3yXMpthpLenjOEOsYvrIiZ27IvQ_66_dNhpbr5pWSGrMl7K1MBwORa6OZyHVMXDtHi_LVy1Il2q
Sudama,"Hotel Krishna Palace Residency,Grant Road, South Mumbai", South Mumbai,Mumbai,4.3,1500,ChIJucoOAg3O5zsRFx6tzYxXJDw,AdDdOWpV_WN6uUyaCqw5MtWwckz65aPcuLQOim2FfeZWUnXbkWp8DUDyVqlSeD5PDrBnNYN3lf9OA3cG05wFs1RMAK3gjMFNWILTCPz-sACo9k4SYN4IH312YAi-Ak9GwGokSEnrEArnGVcx5wg99ajRPmnfqAfqt_yavxt3TrCuTiCt5Glf
Malhaar Lunch Home,"Blossom Arcade,Mira Road, North Western", North Western,Mumbai,4.4,800,ChIJacrrhKvP5zsRlfYZlBhBuUA,AdDdOWpOHfzOTeb_JRKaNmr7YNK6wEDWBSTYkmJC7_NdlewW6Yyh6CxqN0TcTOVYYdav2BUtC4boel49CeXOH6LlrlwP33nI90xu3VFNvLLumjUTOc7jdCrry9XFrPTF8zUFlYA-36jJ6vrBuMgIzCw_ENqRsFyteicIG-tcO5uGF2UX9j3e
36 Downtown Restobar,"Kemps Corner, South Mumbai", South Mumbai,Mumbai,4.2,1800,ChIJnSF-RWbP5zsRtHMmqL6CMoE,AdDdOWrlMgK1-isQNa0vEYhzyZHXFKjMLe183Cm1F4XU6J5Jpm2zJfO7yT4f53El9rMkgD5e3veyPO5asxsGdA9SgXyGydmuq6Z8edcLkVrIP9vjgEXEO1dcVpbptgw3p2qcfCmqLTthsPxHrNnor5BKC1ULGhu9dDuCFh40tB5kXQQSS5CO
New York Burrito Company,"Fulchand Nivas,Girgaum, South Mumbai", South Mumbai,Mumbai,4.5,600,ChIJcW34Vg7O5zsRY4Qr4np6auw,AdDdOWo6jsSHWvyzNaPFGCtbL8UuH0dfSUkMA2R_3zYz0d41ZAsq0OvpEzZPHmYm9bP8kler_CMe76XPkqQTvG_JVT3JQEYW7d6S7ZnCppzgJE-0OFlkAwS9zsOtLmPDwWVQ6pilwzxwr7Tbmgs_7T0ZyQruCe9OLsTdjdEd_sbwthtA6Pfm
Shake Me Up,"Mira Road, North Western", North Western,Mumbai,5.0,500,ChIJt-lGAh7J5zsRGSEd5SHXowY,AdDdOWqarscSfRqQwITudRfyMaWvxuff9RMwVZGkQ2TKiVHpYztWBPx0sIDPQiJsyJpifURqbIVkJ5L2i8BFUh8N621N4qhWdbbKThgzBKiuqwiPKThXij1TeC8lWLzXZSFMGZA_6NfV27C61P9zgzCzMW9nAh5H0di12THHchn_zbzto_kp
Gulmurg,"The Shalimar Hotel,Kemps Corner, South Mumbai", South Mumbai,Mumbai,4.3,1800,ChIJJWHrOXXO5zsR_vmwILQUlmE,AdDdOWpjmXJyItzDDpZq_Z072NGZ7d5-i1MqB_M2VNiiKZZzehdsguCWFXaYFYfQzXPcSylOfdRYpPHZdwMDwodcRdRKjbCHxMG9-tE1T7OyhnixsHg_yL1f6OUZizYx_LAaRQxvAjWNIJZzTN_fO2zf6OmgAPh6Tgpa91jAisxDoqSLWSBF
6th Street Yogurt,"Chinoy Mansion,Kemps Corner, South Mumbai", South Mumbai,Mumbai,4.0,300,ChIJKUL7Z3XO5zsRwLq8Uwg-OMM,AdDdOWpBhowp7ss8saDMWEGDtYpBRPIR771FD_koru_JBhitCGZss-31lo4HVYl4Dx_kLK8s6N7mzzogBOliqA98lJkVqlAfJbzJRCdGqVpXRJA7RLNdWsORPTHUn0xbaQvUNoqBbMRCfutMQKJkK5iRj0Rl_tFl9Y-LxGdD3p-uCeuLqLbw
Khana Khazana,"Charni Road, South Mumbai", South Mumbai,Mumbai,4.7,500,ChIJ_xKXbhDO5zsRspOETBImpP0,AdDdOWrNx4bgI-hhtfpwEwaFhZ8wgVDaR8F6gmILUgLAt4fVm_8IamSw0gvBzKgzMaET13QuhPwCalHXs_5A3OEJV6WwF2ZfwijgyCP4jc4C1OTXaSgWHGnkmD1BPVHT2DCismpAL-wQsVETDiI9mlYecOcrSJVOmTZQbF6b2G9iR8qpHqF1
Happiness Deli,"Crescent House,Grant Road, South Mumbai", South Mumbai,Mumbai,3.9,500,ChIJh3ACr6jP5zsRZcDawY_RREE,AdDdOWr-n-zkcSHej34ftA1WW4_tqdeBRQ1UTr3cbO2NKCFv54onokPONj7vru0_ahPJk4sClzBwyBD38QcOcJ6CmnMd5GZQOJmZTxTJVGf6tLktUAyaYpaszOMOkLA8QqVcAV6nT629SmKbEqXe9KxfAdFI-uXdKQGlE03F_4EzUMMkgTMq
Rising Cafe & Diner,"Charni Road, South Mumbai", South Mumbai,Mumbai,4.3,1500,ChIJzZWydBDO5zsRw5ve08hKVV8,AdDdOWp89XBJnLcy_RWfniDkVOm6-X391HzqU0iloRYRx23C4AMujc8vWmyGU77yx87_anfYmjO2k-wI0z4cHH2JnMMAmMtIwyNj4ChVQzCSnpAYJt8Fq3E2DbgrckCclTsRJv2NZLLlAsYd_-Ghq9B3xDGoAERAAbYCNOzpy-8WHC1pb3RR
Wowfillss,"Charni Road, South Mumbai", South Mumbai,Mumbai,4.5,500,ChIJa6ABsQTP5zsRKeerGrViMiU,AdDdOWoCibtzShthrWpya22RlrnlR8ne_j0sQckoMn__mrzITgvj2L3zn67dmrlv1QTXzeAz2mlLEwgyhKNDPoaZ8Gwbrd-Hfr-_3ostJ5tWGC9GDy0aaTI5zm3YTcrZoseENM4WORpqM5lezS9qcoiNLo15Bs5MS_zyYnsQJ8B2tT5mZrRx
Ustaadi,"Sitaram Building,Mumbai CST Area, South Mumbai", South Mumbai,Mumbai,4.4,1300,ChIJ_____9rR5zsRjlRsCc45g9U,AdDdOWrGCx0CNy2NWnsLuH6aUJoOgYWrBZmNUZ8lAIyYhZWxRnuDvt2XMUihJIQpXglYMDBKKWZeBH7DvGzqQqukPvZdeFVp33vDVszuJFkiXKEXjctUvnhskZMyBULRPvRN3Kte6yz0OBOaAJYF2-374ZGLT11HT8zKG7QZITDIQiC7eY0
Some Place Nice,"Poonam Sagar Complex,Mira Road, North Western", North Western,Mumbai,2.1,1800,ChIJ-7XRkyS25zsReVhMQ1Tv-Zs,
New Food Junxion,"Mira Road, North Western", North Western,Mumbai,4.4,500,ChIJJWnPMgCx5zsRSU4wfLFmA7o,AdDdOWpM3PsFYkiiGBznrB-bZLBIzfjz0bTHwo3wh8AHBorRh-5FR71i7QNOIMh661mNm3RlXDm41WkTzZ-nUAwzGiCJPfyBdIUlcmIkeojTBA3bNvKowqxxnkoI89H7AzEiH0Rv6s_s6eWogvnzTRRunquDxYivVPOA3I76qOhu89RtjWUL
Ikka,"Pallavi Avida,Kalamboli, Navi Mumbai", Navi Mumbai,Mumbai,4.2,1000,ChIJQ1QrsobJ5zsRBLDbgQXcpTk,
The Back Bencherz,"Mira Road, North Western", North Western,Mumbai,3.8,1800,ChIJVUMEFkGw5zsRnRiYdceFG6Y,AdDdOWpfSvl3b6-QDJeJgyv20M1_and4HCMs0xTOC5hMMcaJgUwAMC-EUdL1TXYjRE-p4UklVL9J6Y7W9LDmXeeBIENKbtALmU0c0R2NKDuzIS611MXbZYSZQjADPrxRfrGMMdBqO1jAstGJZbMYKeJO5H2lR7yNeHv04MJwQ0b-G76T45XT
Pancharatna Restaurant & Bar,"Surya Kalyani Mansion Building,Marine Lines, South Mumbai", South Mumbai,Mumbai,4.3,1500,ChIJqStg5h_O5zsRYTYDPdjokYw,AdDdOWoZXr1qgn8uFSX6G_fND-T4YZZEHqt8NkExKjRmapzCM1wm6v0n_IbdKukkyfRKX3SZ6iDD7BHaykSt-yWUwL-4jWE9OKwzc-D6dr6HFFhNrJSENOvKZMeq5JjKZTPhOyDpEvTcxsSV57iDjHCKFWuAWzEtlgiVZkSTJfn6v_oFVb45
Pizza Burst,"Beverly Park,Mira Road, North Western", North Western,Mumbai,4.4,600,ChIJF-VuyUaw5zsRph3axqaIffA,AdDdOWrSrrKRDCr3ak119EMk2f_I8223ynIFpbkVMLmj1OGpy6UcE78pYfxOZYBPtHA6RGx3HiAQS5_2G48BiVALoo4ogXoKwNTP0brpTIacD3sUpvEYehG9UUO1HYby0qkFb9YwiUTWuOkaaIxHt4kAv3_w5-TK-QQP5Tpc5ufVaLaIP_AX
GO69 Pizza,"Mira Road East, North Western", North Western,Mumbai,4.5,600,ChIJTbrBEamx5zsR0m7c8ivu3sY,AdDdOWq4L5-w6pdLkvcwRFjqV7rhImnpVIlRL9RDf7-1HrYK21YxcDz5_D3K7QZErD8938mHgjeNF2F_slFLZZRxiTSS169Gsww5phbA0knyv89IgGh2te7X7rpCgdgKCJeW5ULCYbKCDJisnpbKtuMqgAjroEnMHr66x7xB7txmcnjhYHlw
Foo Town,"Nagin Mahal,Churchgate, South Mumbai", South Mumbai,Mumbai,4.7,2000,ChIJrSMvtYHR5zsRMhDs80Rcqj8,AdDdOWqlJ3Q0Ynrrn-NDIJXBYjDyfhkEWMmbUPZ9G0lPCQKtPlkxYOw6RZquiA7bNUKJiyH1t9pE3kbOa-jLt4jxNcrckHVEKQ26rhLQAIzOpj1hxzxBXX7Ap6jiauO7tbD-1UaWHTeY_apJqqzOTuLQYgaEkhn_fJyRZ21OyzdPq9qzjQ4V
The Nutcracker,"Modern House,Fort, South Mumbai", South Mumbai,Mumbai,4.6,1200,ChIJ5waKgMPR5zsREG_EORloWo0,AdDdOWrrpOLGiJzH71rUbnyoy_NjgzGUkEyFllfqVY9iGOvl5rwyqNGcugsAh2sRvXarWf8u-__s-f808-ABkIxxwLqMs8z6tyK-ZQhs6J0tyomcivsE8bYzyeIhkEB0niGKQlvWnrqr1dmSI1sfZoSjP8-TmsHURzJu66kSzg9O2nX-0os
The Clearing House,"Fort, South Mumbai", South Mumbai,Mumbai,4.5,3000,ChIJNZxnZ9rR5zsRyAkdENmWQMQ,AdDdOWoAtt_a8nj9TuCjZzlrzJinTas7hfiLSONjGRKtoMHd4kkBf5KYJlC0vUWR-TldUwEkagS2ZkJ1pwh6VlMTRzTxrtjgmMqiYZQeqGbUbf9YcIZnQnN7e0wm4cl7HDJez04LsPhn1zSM1avG254XrXeeHeghvo-QOiyOmndV4EjmsMUP
Social,"Glen Rose Building,Colaba, South Mumbai", South Mumbai,Mumbai,4.4,2000,ChIJv7l06sDR5zsRjH-prbHVwUE,AdDdOWpMb-Hrt207mv8N1GYfnTpAMk_yLNi7KI6FZKqkJIT-tsAruOGV7YAA_BgbqHEZhX_5cY4r6tSpibZfN8Hdn5vp7Ccnj-IsVznlKU_KwQWxadIHkI7OI4tOZmHAvNxh506iNk_JREghCS_Ln7JvYVUPvDutPYRft7cSao5mk5ecRqRT
Express Tadka,"Venkat Presidency Hotel,Panvel, Navi Mumbai", Navi Mumbai,Mumbai,3.6,1500,ChIJcwXY_LW35zsRiOEerq5ymok,AdDdOWpTK2Vaz9XUvLfhBU6wt1YIr8yBgfO2VmQhuGWv42quFF_oNahum6BWnTaLbqJQY2LBtgaygiIoEuAg4TT0pZAoX4H7dbjkh_7Vc8HpfFnp1dbnrqeVVsWVItnSSKBToLALbfAL_z_d9yDmupgIUfxINBvH-aOXlFVqi2zIDu0pK7jS
The Goose and Gridiron,"Fort, South Mumbai", South Mumbai,Mumbai,3.9,1800,ChIJBb8Isd7R5zsR7gj2_aUEwcc,AdDdOWoYGOFqsGzwmn7Xyjl4-tD9TcvDhsxAY9bwhPtc3MLOgq8Hgjz0r-PVJcDrYYJla8HFihi7wJ2jv5OYz1Tk3FcAhD2FnfOHJc56tkOgjzUpcOa128chlG1IZjHqh3ZF69QRgzyFU3b4QDmjARD5RJQoOCTKCe0atRAfwZ32i6fwcKzu
Prasad Food Divine,"Dombivli East, Dombivali", Dombivali,Mumbai,4.4,800,ChIJqRGJKly45zsRGIthrNZZ-fA,AdDdOWrzICSgDxbRGoPUCs7GZ8H_HUfR6H5iE05V7qpnqVX01A-5lgfmNSn5wJfPPZZ4a3as12OqMQT05HPyYs-5KG1Vv662YwUolNwXvS59xVe1yBF7difO9ROZtYbZ3INknvLma5dlGxHb2vgbmBebLwPGyr0f8RFIKKPZZ6w5Fo9g2iQx
Lalit Fine Dine,"Topiwala Building,Goregaon West, North Western", North Western,Mumbai,4.1,1200,ChIJKXjVU1K25zsRGmL9op53DkM,AdDdOWofa02NGpmhavJcqbeJR6POWoE_2ZftlU9fyWHIgbdD-Wf5czildmcHewPeNga4Rnog0YjgBARIJs-DzNl08BkopFl81VyXMHF95SRiDvMMNvroqUFcU1tm6Ux0iTD6-6Q3W4jrmYLrmtDvh9bgzdDJDiTC6ogu6mvMRjQjgiLXWW7I
99 Pancakes,"Charni Road, South Mumbai", South Mumbai,Mumbai,1.3,500,ChIJAdTAncPR5zsREnJpmCb3uBg,AdDdOWrhriMM97yABlS7aV5FIe7NxvoFSNIl7kVY6mAaR_B5SjNq9k_6K1qC3RROjg0IkL_MuyxJ_hLVfDfTSlvCw5b5YNIdxtvk1pubdNIL7Mr5nv-N9HHsMks_WIwvejeFevgE0Wx5YwehkNgHi-9clzuT9M87pS-4ukzfQTwYyWVlQ2zo
The Mumbai Masala,"Fort, South Mumbai", South Mumbai,Mumbai,4.5,500,ChIJa2ukgtzR5zsRywqHSl1-01U,AdDdOWq9KG6vnBpggnmRo1yCQ3aG6iBbpzugl9yolcV3aMgAjDIMLzfvXcZ8vhEtufGJ6O0kcRQkZKU8LFDidU-OHdUiXgyXxaTsgF9hkR0JvTVF3kKzUYwJFhTpOwxL8WsnWnTwLZH2NAVvEDDNjwWrxevdibumTLoaIba_c5oSiZBz4ZeQ
Kokani Katta,"Mira Road, North Western", North Western,Mumbai,3.9,1000,ChIJE7Sfhty35zsR_YjToO7LThg,AdDdOWoY56b8mxNnNYz80pyCRRXnwiscXIwU7tAam0mkPR1ybbIPnP3MSmEVNzaoVDCWKEPWLm_-arvODup1dwkWQIPJenQpiLFt3ykmUkuSwWRvggPcyeU5qpxfeHOEX4948Knas_5nULIusTLX2mxBGTJ2ythiR2ouBBesztsSdMCBG4k
Mocambo Cafe,"Fort, South Mumbai", South Mumbai,Mumbai,4.3,1600,ChIJ6T9lobnR5zsRfDvnfFjwNr0,AdDdOWp9g1Go03hsb-CKl0pUrlugoHgwpicTYbNC89cOZ4TKRooV_ByiK74CqB_F-7TN-jtckK2wsoSqiY7IGC0SzHHPD5NOjla73Gp0BgdwWGIBOiwvbfTZu86M3SVQtKk72jKb-Bpf7fobRDxhSgSXsN1A2bqRE3CLRdvyI8mQGoH1uj0
Pratap Lunch Home,"Fort, South Mumbai", South Mumbai,Mumbai,4.5,900,ChIJ46NQnNzR5zsRB7y2UNoUzTI,AdDdOWpR9K54tRWfUY-sDovjAqimJlfhH2yL74rahDeskgpDDalGuXaXPCIImcbc3ShuNEP5eksLjZWOED9VItKxYpyMudjyTtchxWbOgSK0mZPx9KQ-huvCU07gGqhdZxo5C_meKhv5McDXVIs7h8YdzNTLL19nbOmja1zb4H_c6xjuIDlY
Pritam's Dhaba,"Vasai East, North Western", North Western,Mumbai,4.0,1700,ChIJDY9DIqS65zsRCMxB5t8jK4M,AdDdOWoXRK-Qxa2RHSH3pgwMUgmXPWcYgv7ewJTir2nR0W8jQtUdnnyjN6kERf5aIIzn0IS6BL8k6omV3hIFIyOW4QCD11MK8LZN_SoT_mAx3P2zTxjMijRxtpsoofZdobw-eZGKjyFCce9tjMHzMowl_uxIDug9bRnfJKICyGdmy4iqrc-f
L&S Bistro,"InterContinental,Nariman Point, South Mumbai", South Mumbai,Mumbai,4.5,3000,ChIJ35fY3ObR5zsRJlFxf2fV86I,AdDdOWoL6pMXcQzbOaTTNx_hYAcNMnYAlj-uh5b-vTT58xowkq2AyMlkGlipPvvzQSjFaZ9VJlkp0gcSNMwFVuzm0wDdJ769kOCcSu33R1wYva2OzBDWCtnIGAFjrfd9ZmQCPGe3xpknykbevUI8VrVOOXmyyU0V49L9d4Nve-D-9bbxpTQ
PizzaExpress,"Dhanraj Mahal,Colaba, South Mumbai", South Mumbai,Mumbai,4.5,1800,ChIJv6g8NMHR5zsR-tQ1_C09hSM,AdDdOWpWb6KlzVkZJ_jeLJNPzIX2UjPjdb1rNf9sjzRvuPn2ww7qQ3Ig52AxSf9yy1CoZPlH_hb9hTEmlu39mmhPkvs1BEMWDtguC6bV3IQ-rL8gIcI5lmS4uVaipUBrkza_sUW163ugD1YnMJHnR9R64JnsiQhY__4cMkyNkujDh7HdkWE
The Lantern Bar at Kandeel,"Fort, South Mumbai", South Mumbai,Mumbai,3.9,1500,ChIJhSdXI8PR5zsRlMmMa1IZfPY,AdDdOWqmbLniUAHwX7NW6Oe6G47peg-7P2WzWEtCKxZs5OgrailfPEtJelK2flXf8id2hzMhyDGUTIEHkJGv8cJ2ovWVKvzYezR52mhFB4-Fm5cHxzzbu5vuZdDvNSctNi44WY7JWhyLHBlj40SD4B88kqYvl3dong4Dejgt58DvR3zmGd5E
Bollywood Canteen,"Dombivli East, Dombivali", Dombivali,Mumbai,4.2,800,ChIJY-M-niO35zsRclUqlWOuaKE,AdDdOWqA1D_4fzJi50DCcOIIipaYa8tDGvVHpBJr7rsTiRp2_4CGPmbNzwTyKbzmju-5IoqolFZCntOoz1EH2tQGZp6FJytUbJ634oVN7tFDMoEqE2gQoJRhJxMFYMsG7R-1Ealiw6VxxnA80d_73BjDGR0GLjHSaTI7qkxYbzleD5fbra-P
Desi Curry,"Fort, South Mumbai", South Mumbai,Mumbai,4.3,800,ChIJaWPTpEjO5zsRBqj2IYTCVOk,AdDdOWqPvxYVdwG37lUGOxMaByWAAYaixOpZUVObzcuarCJz2VFlxYEMA9bzSd9BN0suykeijeIRmcGLF-O-u59ofLFO3iN9oKhyEvnzEEu5jWmqJ1aoGhRNlZjD5izetXunHHuWhP1l7qUKiwsyTJ0NPb2whJqHe8YY8LRt6yCEIQq74k20
Mitron,"Fort, South Mumbai", South Mumbai,Mumbai,4.1,1500,ChIJ6U3aFkrJ5zsRWgKtX162Kis,AdDdOWpqq6fB_0eTcG-sbd_4c67xqA44Nplu_6qw-7tE92uXFNUyytaFM9ORfGOiTN78Nb6FyN9Ip3jmo4V92P4uj_WzqtH8G7FY0RlSKxQSy-47WLe3825V_Y50cJgL7UEYqZSRixEzJ3XSDMZHVQcY65e-9rt8ExBHiaEMDV_6fPFNpKQ
Zaika Restaurant,"Bhayandar West, North Western", North Western,Mumbai,4.5,800,ChIJ4ffe_avI5zsRmTDoEDpVoJ0,AdDdOWr9nZ-g7ObIryv13BlLrzCtspIeTsIJSNXkFDK7Sgl9LGi8-8j-5rj1jwlfnXsOtzIfl_nSEMWAfMVQ1davjHR-jiFKZZtCGnqq8ibppDxl5hq1r5mQeEebanO7UauP_lYQso7zBS5z5Yb9DqqTf86hmImerGm4elufWjOw2vvMB3pC
Spices & Flavours,"Rajabahadur Mansion,Fort, South Mumbai", South Mumbai,Mumbai,4.3,1500,ChIJNwm9W8PR5zsRPPsFyklFoyc,AdDdOWrOrMPmUXhvm6k2hxp9UE7x0yoG6MXvHIGErBKWZz3SM44d0RGt2ZIgt9mem-fOT2tPCTedEzxHzRFUVIkfLPnz46yDMZCzqPOYNhuQo1Rz3i4rGXkPxI6b5-SCO2pYGihdmnNo8668siADUtxOJDfykxkNJGZNg76gZbCqluvpuNqj
The Bar Terminal,"Rajabahadur Mansion,Fort, South Mumbai", South Mumbai,Mumbai,4.2,1200,ChIJfz4IUMPR5zsRuAm3kKGueeg,AdDdOWrtUaAXKmGMR8O6TGYbdfxQ28i9qSNS-Bsksb7bAsUKCrx_1nsn0oqxdGI2nRGJ9ryGwEZDumD7ZOdyR9XxNQn68A_8HMRsLPdjQ6IPkl4G-FkhRtPO2PjNdci5YcTP3x8wxHoFfjDq1_Cj8QUk9IjhY-D8tZxLyPtpLlg4NgcaAjWO
Tibbs Frankie,"Surya Mahal,Fort, South Mumbai", South Mumbai,Mumbai,4.5,200,ChIJZVUU38_O5zsRwHrlz4kgT8s,AdDdOWpbzkLLpCubN9HZA2xCFCgQAwWdJLUdaONKxbUAHD_dLdNAWEcZLHuLQ3T0VbQwewqZEx3nBGS2wlnOgZShRJf1wucJXjdncWvzb-ATXVVcbNMQGAeKKIZik6Y17JabXbn2L2chFU8Qa1QYMxhgJry9S5O-QflxfsOW86C4fLQgtdVX
Rue Du Liban,"Fort, South Mumbai", South Mumbai,Mumbai,4.5,3000,ChIJ19tnBiTR5zsRcoAp9b7wGlw,AdDdOWq4c0YFxW5CBKf12HYcGi3pMYMz3zGNaFAsC_At5GVDOE6uluMBrS0Iz5fm3k2W4WNvZKUzS57sjWiURpqWXqJDgUrKyI4brC86RaNAMnfYbN_iYkg5rSaoH1HAWbWh4MWi6g3vVKkzb_9ipAi1P-Z8HREVP6gz304SD8PUCSP2mZgy
Punjab Grill,"Fort, South Mumbai", South Mumbai,Mumbai,4.3,3000,ChIJna-Vo8PR5zsR-DdqtlUcYac,AdDdOWqof-x_vLGgYQtu1Eqe8tkqouugZjnOsQzUkZHmOt7Q7yGpgF9fiDmxSK4FbGSMSkfRrpyhtv2z8EgQihzxX_QxeUjiw6ttxa-BnIMIoQ40mBtumA8GveaEaRycXHUoH4ylvRnM6RVa2DydSMKV_Cqm6gby5qOFlyTc32PgcOuq39dp
Bake House Cafe,"Ola Bake House,Fort, South Mumbai", South Mumbai,Mumbai,4.5,1500,ChIJU5iLmsPR5zsRzrroguw92pQ,AdDdOWpwHTjs0pcqFoN9dHSP0eRDTE0AKufqkBzqDM1N3Nw9TaG2jQmLd1-OACz55lgRzAnuJEmepH2RKdOwDqltM4HUlZJ1WjeW0rTIXPstO5JX5BiESRt6HvVakzBJpVp7HcVZWQI3tGbM-sW16iAxxpxrSo21LrCQEe-C97mCdHVQYFU
The Bayview,"Hotel Marine Plaza,Marine Lines, South Mumbai", South Mumbai,Mumbai,4.4,3000,ChIJVdRBhx7O5zsRmL-p9zqeA74,AdDdOWprJbF97Y_MXLK0qP_U8hTRIdhpHvQpaymXwtb-ucoI3LZThwEqe_dsdhp9q3-XSRnMFq7LB3ZgmZU0Xmwkz-Q-PAzXMo1BpchcJCLY5ysHcUc0NmCOZuhJE2kYmpEKb20RThEV-B4QYQqzjlc6JALUd-wasYB5gQRHYeUPDi6l2SXK
The Oriental Blossom,"Hotel Marine Plaza,Marine Lines, South Mumbai", South Mumbai,Mumbai,4.6,3500,ChIJhYEOGubR5zsR9v2VVh_1Eck,AdDdOWocHjrASCkpgZMh77Rvu6YkJKaspcbOLMEaWyStrK3KcAReHCPGTFHsuDL0BwALJVPzt54ybL8xUC7ZFejL1IG3Jp6YTNoZYRsrhGmCvpLU8FuxeXl8CgsWRlig1vWGokoIl61gzvEWoila_s5Q9qkJA7iAeKSGDvaWRhOjuUJZ8ljj
Wowfillss,"Bhayandar West, North Western", North Western,Mumbai,4.1,500,ChIJa6ABsQTP5zsRKeerGrViMiU,AdDdOWqY_LfnnyrMuRgYBrLHARtFYoTlW6KM0hkBGa88HbuuvJTh3KVVswEXYf98p5DX2zGTQ7HQVVNorwmFG5feZX45Ed5DrVZIj6g9Xy-gdTtkyCgonaU2ePf_RZDB3LKbLEmHNrM_lgC6a0AP5iwztEI4UoEuqrujFwnNpPEOyAHW9m4D
The London Shakes,"Dombivli East, Dombivali", Dombivali,Mumbai,3.3,400,ChIJ_8D4Flex5zsRV6J6QFm90W8,AdDdOWp6gsC-kwz5hwg8vW_mg9fa6eIIejAax5vm-KKGoxyJKU_yYW2CwnTtg_qasxLe0aKmeoFmigP7sHRNIy5yk78MRPL7XFXUkIGYHF8yH-EVhwKga7ICoZDi6GiXOo3cy1QE6glRzrMpfHt0e1gbSOES_EWw6TgS-8x8uZZbI-6FnXJE
99 Pancakes,"Sukh Sagar Building,Girgaum, South Mumbai", South Mumbai,Mumbai,1.0,500,ChIJAdTAncPR5zsREnJpmCb3uBg,AdDdOWoh_gu5frOZu3OsS7WzFPHfq4_S-Cq382dOvvXF46PgFrtzlqG4AZBklC8AQ7_BwTRkSQ8ut70wwAq_CkItL9X0BQjnJJOZFTb-f8jxW8qlny_8xkUBcq7vIqWUo4RTDE9Goz6Ea3FHN9bS8HSgxmnHbjtA1khfuPK3XjR76OOSE6cp
Effingut,"Dhanraj Mahal,Colaba, South Mumbai", South Mumbai,Mumbai,4.5,1500,ChIJ59fqvQfR5zsR2rPgcDwgBK4,AdDdOWr8dFOjiAxFYLi2vu4sQZJqocdV_f3qvlFp4KGjpIAgpwY0FKtLzdJ8hPq2pjfv1Rd0pi8SHBxpEJZD7kvVPsmyuxqZ0PXNXWSlcelmH8fP-UcPgIMUd7fya1GXglfusENnzBYiSyDH1oky4QGjitXtAU8MUb1WAHqFtqjMQS3b27Gw
Nara,"Colaba, South Mumbai", South Mumbai,Mumbai,4.6,2500,ChIJu8pLPOHI5zsRO7Edoj4gioA,AdDdOWog4i8CTXQkUwetjWtkUdzk6LVYvlRlrJqrDesFxomB91Oes7vS9l-EqatYCAD6rFCgr9XAm4X193ua5M9Ggj-_4JN1QF5XGNgebRZzVcsY3eBHJEStAGwkOh-cO9d7mLHeUSkmzqtAdlwhVyeTTAMYNNkzD0vmSZ8Vd9EQnv3JOg1G
Jia - The Oriental Kitchen,"Dhanraj Mahal,Colaba, South Mumbai", South Mumbai,Mumbai,4.5,2500,ChIJd01ENMHR5zsRAfJbHd_a1RM,AdDdOWpqzSD2XfIU-ehJLMMiyP2xgwkpoCszXJpballAB20idWeU266BfutZ0YEOW5HgHRwuCoyas_V8fP3DI6JesgMc0DF4FSBpUK7G_06bV9qU_5uwitms_EWHh1NVd0n5h5qpFsjvnbNR4cFhavKOVPQivInCsM0eRVEWbNkhIzODz7BG
Sassy Teaspoon,"Express Towers,Nariman Point, South Mumbai", South Mumbai,Mumbai,4.5,400,ChIJAUESfJXJ5zsRMEbd75mrQIU,AdDdOWrYIua8bA2_Svd82EktrdYfDvPfiHRy_nQAm9ICdP8ymWbLyoyaFu1dsrZG2Ti6YGlmsw2THeBbxPKfxI3-CYXVmtdOWSSnEMxNKMm06n9cqTxrKgxFgFRKvgE87V6bSjKixsiAQKdHWlhzinyE1tWQRb-OFVaVi75ghhw0JaZ8rn8f
All Stir Fry,"The Gordon House Hotel,Colaba, South Mumbai", South Mumbai,Mumbai,4.4,2700,ChIJN_kOPMHR5zsRlA50LqVLGL0,AdDdOWpHdWiXi70pIa3UxZ2x-mjub_Hef-EWnSdijhXzWgp55HlYEFfgRJ53LAkVzV5aT2TUs8eIt0ELAKTWiUaoVXWP9lB53O9gGM3FHWLWRZ10hJocQQkAg_HzUdqKz8MdM6qPAbtztNK6koXG_RYDTqF1Umrsns2rlm3ECYoP7zfhvjFQ
Tibbs Frankie,"CR2 Mall,Nariman Point, South Mumbai", South Mumbai,Mumbai,5.0,300,ChIJZVUU38_O5zsRwHrlz4kgT8s,AdDdOWqbg3hcwkMd5qev5OIyCehheq07TSBW93ZyuWmD34HZfCMu_IRCLgudYJArfDuGvB9H1vj_OL2xxTWBoZgOknlAzCX-k0fKnlSjKwgbDHxHXD3u9BEdqkKz_Q0qj6gQF0Q60J2M4J0M5AsV5lTQDWiv6r90AoSCUqLHhqa6BoxZC8H-
The Sassy Spoon,"Express Towers,Nariman Point, South Mumbai", South Mumbai,Mumbai,4.3,2000,ChIJwx5E0ujR5zsR6fBmQR-GqPk,AdDdOWoHEpR64yDjs7cDJjfH6MK6ZMg62T-7e4GV1Uge4J4TYwhrvCzUdn_YpPdRS3za4RiJKJsibamMujj7GL26NVJ9vaDjT_CwRLbocPvO0LhoyBsnIZJb5NVclJRl80oUXcBp45fXSytP0LE4Tkgdi6FEbHpNY3U2sSxOII4qTM99_HU5
Tankstelle Bistro,"Dombivli East, Dombivali", Dombivali,Mumbai,3.9,900,ChIJA2GfnJGV5zsRNo8nsPWVOO4,AdDdOWrj8Noj7ruU-Br40QrKtiBsOVtCrR3VrUUYI0DZ1sOZV0uf8MmUxxPnha-MyyfQd-dOkb_NLTytimOs1HIVyE_rk8w6aL0BtCzeBMQ1edlOhqrQ5V4kxvFZxgQ1-kWmzC9nAyOd6z0r4BMhWE2nG_GmWSKj8XCafMqiChLspI5cO_m5
99 Pancakes,"Commerce House,Fort, South Mumbai", South Mumbai,Mumbai,2.8,500,ChIJAdTAncPR5zsREnJpmCb3uBg,AdDdOWp9jg3PsAUb-utzQ_9T8qEeTf6IU-vYx4mP4SjtRRHnYvdKGDLm4iVFfAV2ML6T-fQI7OkIS9uSDeYAYvohW4ieVifQQcu7JaZBm8T1SD_Vdjbf9zZfJ7s2fP0pWx2ANWwdud2UV5kbrl0LABikLG8ML5PhGs-wjHS6tRVmKxY02hzS
Bayview Cafe,"Hotel Harbour View,Colaba, South Mumbai", South Mumbai,Mumbai,4.0,2000,ChIJc1cDbb_R5zsRaO0QnDd1ohQ,AdDdOWqiNTUBShMf-IiVh2HtBsJ7A5Pey16xdSrFl21c5A4C7YR3NKWhrUveY_Us7PRgB495k5O3Y6Z3kQ6n1lkY9zb_LfS3-eBgVL_Fmo4u_N3CP7RNq0FFMxN1AHRhm5AgxluvYPYQ1kjnVPteSYK4QK5KCRgN0PWTEldwzpmnPxfT_APA
Bayroute,"Minoo Manor Building,Cuffe Parade, South Mumbai", South Mumbai,Mumbai,4.5,3000,ChIJ__9z5JTR5zsRBhpVV_DDJmU,AdDdOWoVZEdn883l5HvOpx9WmWDgU7gv9zIInxyq3g2N3blhrQbPyJotwltL3-PAhuP-19iKEfav0ZnfRR71d8VpT4L_2y8ZOkLXiZJ-7N3c3gicufOYXlccFeILEHITOx7j2LHaz_sFflF2YWm9WOI9jMnNCa9e28BXyEFX6OwDS38_pM3l
Tamarind,"Fariyas Hotel,Colaba, South Mumbai", South Mumbai,Mumbai,4.3,2000,ChIJj5MX8r_R5zsRlAB8jwM1Swk,AdDdOWo2Mx2jZmUCxuIC3C_XqNTFvtUBbVAmdgtCVSvJhHxhdO7TY8KQU3G-yfkK32_qTi416tp-eOefWFkMEgtDItZa5ExRTzDRi_8nKXwDsBZ_PNVgmDLFEw_6DrsMrnKDdLZEfqLuf7s7r2Y2OfvGWGwFeaXCe4OZlrFVTdOw-sBZdbHY
Sizzling China,"Meherzin Building,Colaba, South Mumbai", South Mumbai,Mumbai,4.4,1200,ChIJf0yRE8HR5zsRnhSwcIt-fIs,AdDdOWopmdxehEOAeEcmHT8RwHF5rKU3OlJ4rhdfi_wP0flZkG4kKVnR7_6HOTaCS-_8b-HJlpkZNQjfkpwo_6D6rNzHvRsJAhkH2I0bVDy5eLrxR3flwTy6d-EiX99RA8H-fw7Eeb3-frVo6JrQ1TWIk2pKSmoPDT2y2f_r8fOTTrxnKo64
Tibbs Frankie,"Cuffe Parade, South Mumbai", South Mumbai,Mumbai,5.0,500,ChIJZVUU38_O5zsRwHrlz4kgT8s,AdDdOWo45QtaHpeVXXYK5BMoGe0UKfLL9b887xqvJEacDdFKvGZoOIGlJZbabyHWi2ienQ6u-vDT41VHhz16lwtNL3AYIUV04m5gqu8gKUpv_32IFCTELIrCEGK5FwSpM4EMCemCyD1auTm03LRmb6Ktgdk-peBnsciy6GniQA8cCEkJrE35
Easyhuman Cafe,"Park House,Colaba, South Mumbai", South Mumbai,Mumbai,4.0,1200,ChIJvSbo4i7R5zsRfAMF0J1SImA,AdDdOWoRa8zopSMg4Yh-Of1xCbq48sIoxI8zFiv-p355oCXMbY8g9UbuErJogpIORgEAJrNTXMzpdIcvgt4N5PJ5PtNhzQVK8IRRLe_osMnx3Swyj4QNQvR19h0igYa4VZ9ba1_wxtJb_KwPAosa1M3v9ZywXKMgsuEqMUKpDciwYiNzY-yO
Hammer & Song,"World Trade Centre,Cuffe Parade, South Mumbai", South Mumbai,Mumbai,4.7,2800,ChIJd2JJIXbR5zsR3_ed62vqaKc,AdDdOWpagm0xuH24zsSP7C6me-a6nqZJiPUhxkINTWlKhETLsbZ-otemog4NGv9a1HnIGzPedVEg8C2rPZgTxeK0IrbLoihDT2ISLB8oF4dBYJwIpHvIGaJPRtps-hdLVH7OxIFO8ZBvtRDO_e0oDFVD0a9WttLbM4DSnkanZ5wfRjx7WafC
Flamboyante,"World Trade Centre,Cuffe Parade, South Mumbai", South Mumbai,Mumbai,4.6,2000,ChIJq6qq6pPR5zsRPhQ5I4miJFA,AdDdOWp65BjDRe1mAGx3Gq_8EyKwSOUNI31ZeJ_xZHx5X7JH0ocP7-aZ1QP_OX92oqtl-kx5wko3i97C-ByHRzf1WrNjxVDg10lIJJALOBjsDUTu9XWzRUeNyJbda_-GlKhyDm10SrgHTDvSlKfysHEY6fz_GLbnh48_qor_UfxgsnxJEbP2
Sky Dhaba,"Kalyan West, Dombivali", Dombivali,Mumbai,3.3,1100,ChIJUeGYOx-95zsRmGAzrRZkui4,AdDdOWr0ag8V1l7zoHIVk9bXrUE9QbzS7GX0oM3UKUHFOlZronzt434iw-X9YGoF-LDAPiXQJ2oWPkEvZkqlOjkch2fcYYTaLdHoO_93_v1Pk66ded46LwVZhyRd__J67oyhIk-CPLTEmpc-GPYF5L2yh1BPq_vBeLDCMFdY8qGdqvW9-ZHL
Wah! Malwan,"Kalyan West, Dombivali", Dombivali,Mumbai,3.3,1200,ChIJOWOlltm75zsRkBO_gIF8XK4,AdDdOWoA3NQUZh039zlSwN6NcT0V5fqiJ7WdC8mrzgB9-WuX6OpQUVaxG21JVJGLRFKulseLXHbggKKtcPKwR61cx0Mj-ajTYZ584fjHpRasYqSxWYId1GvMKVWK0wpmOjCw7NgBJ2Aaz-7OSYLY2Gjpb_z19b6oqf7ZpN6eDg_0NBVeFOfl
Prasad Food Divine,"Kalyan East, Dombivali", Dombivali,Mumbai,4.4,800,ChIJqRGJKly45zsRGIthrNZZ-fA,AdDdOWoU0V3TgWBD5yu0u-S2TDimWbrhw35XA1uZcy-ins-NpfbHBo8ufTb3v1k9O0szd2qxWn5C6B3PHhl-Y5TmPLgODhW302VfZ3Y1w7GEmr4mxEDKHP6r6b-lrDGAK9yi-hZ2UH-sA7MncCISTmd4Ds5o83KUETznTqeNoPBW98KwvqbW
Farmhouse Sea N Sand,"Vasai West, North Western", North Western,Mumbai,4.1,1200,ChIJIX7umAqu5zsRMxeoXLVSUB8,AdDdOWpZQxTztzGVWhsrLHHTskftss5nu6fQ6uwBeNCq8Uhl4KwKkvLiibeeD5mwhZZqIyUcW_HUsJ_-YUEBI5y7HYme_VH3eCrYpw6rTSfD9190LXSSfaANdGrkLJx4STjSpiQBdKxlA1jttgYORJ7YF4mS5GSSGPZu8y_sGdWBflQEJRPN
Farmhouse Garden Family Restaurant & Bar,"Vasai West, North Western", North Western,Mumbai,4.4,1000,ChIJIza1mXiv5zsRjzJ7Z7W3s-w,AdDdOWpCR1mcW_ymoQ0FGy_bpyA1CLTwfFVna5ax4ha_t7676uSjfRubvGsfllcrNpsXq6piptUIPRs0jo7Mq-9oLodbb_djCDwLXSRafsCs20g1gTTJ7mKVlSVz79gE-tygiremRQpZSRu2qr6BbZHZLNDLwsJQ6MaNWphJKDkn6hcleXk
Prasad Food Divine,"Vegas Residency,Kalyan West, Dombivali", Dombivali,Mumbai,4.4,800,ChIJqRGJKly45zsRGIthrNZZ-fA,AdDdOWoaegS-ZAwF-NN_iSYhK6UWx0Wjex1-1AHmiONmMQwPCEC8Sj8-ZPXPPZEtcyxyxOQtbu7mqqVVCxzxu0WhaNPxPp2ORyWbP1S3fXyPZolI2ptbbeb8M4c-TvgXYx11tSev-GDsG6b-TFXkEypoPLWL_IpTjEfEw-uBilXTke_lcFjg
WOW Cafe,"Kalyan West, Dombivali", Dombivali,Mumbai,4.2,900,ChIJa_05onTJ5zsR2mWuhiET2is,AdDdOWoYXTtx54qJ_Yq86OSQYs_6EX2s73lzf9r9CXVwifZMu9zBCg2jaLCtXp5zSgHqmFVYqPASobBFIwEfr2vBr8omy6j0Ac0eesob5BCqi3PpG_f8NI-771_EelkW9f4Hsin7Q4xHCeIW5CSB-Zc-bT50nk69V3InwwC9bsygmL3Iyp4-
Big Little Bombaye,"Vasai West, North Western", North Western,Mumbai,4.6,900,ChIJMdofhYOv5zsREOXqLEwPzm8,AdDdOWoCisJQtRHDgQzmZ_1cVt034UYOqguYGSVs8yyZ1xGkpca-yI8gm0SPg_yYo7u5PCPeq-bFJ905eDWHuXjLN1mAuQ7BbqcYOyPJ6UF-jZc6BVOKg9UX1to2FB_CK_RXXDOJ4vIey-9c_ysXJWNXglPYXCriFKeMyeZ-U2Bw9Xt3t-qF
The Post Office Bistro Bar,"Solitaire Castle,Vasai West, North Western", North Western,Mumbai,3.9,1000,ChIJuxNJMniu5zsRbED_Nb-rVWg,AdDdOWpwINxqSbHDkPWqpobtuFsXHvCvE_Su3mWkXihNShTrY1NDDtdMtG6cJZ65fuAG9Qj-Q_OTHYWDUXBmb2mmt-1SH_24w1AmLVkcbPnW_tFiXT570ijJd5BAzFnG_OIx_tAkPDdHgKezzoZo_Z_64CV18HS3gq4Teij-wC4tooIsP-g7
Vasai Republic,"Vasai West, North Western", North Western,Mumbai,4.1,1200,ChIJ-2gJ2MGv5zsRivUAL43gz1Y,AdDdOWqp8AG_yiwihQ7VPyxt-swMWaK6oWTizgRZDiYx6lipWv72ASxAqN1lG2IGHG3OzXMzEFjNAz-ZbWpQRAWHN4QbLX6xt567UaPDnCY7QOq_yl1OB9oQ0He028goV9z6zKRBpEBTWW-MNM8DNpHn248XtL7QYwW2CCEeM8FIr_3_Uz-h
Tequila N Spices,"Ulhasnagar, Dombivali", Dombivali,Mumbai,2.5,1000,ChIJQ_-r6bOV5zsRJOSX5Y1vH4E,AdDdOWo--m0Nq2ctd-0TckJGOC2NiuHVqFVcJfzeVF71esroWMa-9HAuz5E-gCBTTtZ9l49f5REyW5cqQF0GzTdRTBj54-N3hbAOuY2Y5isDVQuAKciNPz4UaS2lnnXL7Qy3R_xlfDsi-PTFTo9J9T6jI1cbASf--ZojXOMUde3zHmCzqTGt
Bistro Grill,"Kalyan East, Dombivali", Dombivali,Mumbai,3.0,700,ChIJU5o5nZXJ5zsRSFSDu1joj-o,
Gold Coin Restaurant,"Vasai West, North Western", North Western,Mumbai,4.5,1000,ChIJoZfslgTP5zsRrMrzUqYr-RY,AdDdOWrdvoYq2dnsqO3wvPHdH_wK518uQYxXHboLgiY__ZgF9HQ-gCHv_rJ1dUmAzI9aC-jpRolq67ov6nA3fwpy5O06pptLcOeIyyrHxjRwc9AXYK7cXYij1NbTZ_9VskZz1ZhK4o8WzqSlNtDinSHj7CzgXiPB_hF5k-t2cdqa_7_zq7ET
Wings On Fire,"Dattani Square Mall,Vasai West, North Western", North Western,Mumbai,5.0,1000,ChIJ6cp15Fav5zsRJk57KvML1qs,AdDdOWp03SlYArEZKQGhMIJHJDnx2F2PJbOcR1Gfi_XWaRDiPubOfB4Fx2Qm6vb7pT5VpyPnuzqod-gzRTgw3JbGoJtJfbfEEidsorh0XP6YvdrRehh7524YuDjPOuAZiLBHVWYvgg2Xx_l0blxuNjEK5sjvIioxyj312h-PvC-awDGZZFfk
Kerala Cafe,"Vardan Apartment,Vasai West, North Western", North Western,Mumbai,4.2,800,ChIJtTAXJ2_H5zsRDdGm1_7CsYA,AdDdOWo8NxMpWHwRlROIE_X75fgS1TXyEgS3sZvVS2fE5zLVupSm5ATpzISWWFmyqAJsaiK8P1YpWXI2grwGRJWSeQhc-4d4DA6RehNiegbuGI5D-8RlL4tJHe8BoVhEkRS0mji-QNyKOX-ZljVsDiUyODfa0bZuiAekkW9u_PFbPpL8w_U1
Farmhouse Global Cuisine Restaurant,"Deep Jyot Building,Vasai West, North Western", North Western,Mumbai,4.5,1000,ChIJ-wjW9Liu5zsRp-c5jyfNSXs,AdDdOWp1CMCsS2fKSKzHNWOvE8akMfxTXwZxF12YEHb6UbnBg61b7vhkAG2Gm4aAA0E3deuiCN-zgQY7bqKxlcshHhUSQJuV5a6-HLT9tAKWI2Qk0_3v_8_If4FHuZlqFGWq7kYR8CtXCFd6NH7anSl8gY5GBmcp5P7x7INPEUccrhKOC3M-
Dhuri Veg World,"Vasai West, North Western", North Western,Mumbai,4.3,1400,ChIJwccFHsGu5zsReg4xQ8USCrk,AdDdOWpAgTA9thlTmb6BtF-9EHNUdueGIoAVt1_58ZO-rDfVCvsl8GU-UmuwplxiBmSWgLDs3epxnPXeK7smOd89kuxYl6nAXii-hKF2pj8F69tqGGk1e0tJ1a5BCs1yMF0BgjPQKGEXD-9AV72TQw3iHu9NJ6zpVIeq_64PqtwpXBqfYO5c
Urban Juice Cafe,"Vasai West, North Western", North Western,Mumbai,4.5,500,ChIJPw8KMbmu5zsRZsg4hEOBP9c,AdDdOWoISk04JahNksbCYJs4_Tq-iY-o_86Ye81CZ3Sl5zTrmfXCkiqluifXzeybZdzGooovDerhmQYVoO4ALtQQO8K-nmhRjR1KeNNuPSvhqM8WDBJHKGNmCMkIMa0K3StlQKIM_XZeVpdN5h8UlpJSqU7xZGUXJ4qMPWi4_ZdRAIoCbSnj
Urban Juice Cafe,"Vasai West, North Western", North Western,Mumbai,3.6,600,ChIJPw8KMbmu5zsRZsg4hEOBP9c,AdDdOWrK1vOoOj5LjjV6MpKH0aHc0D3L_4TWvEDgjGdpKf0FSCO76rIIC52MkF41OFCAV6ixMdcsBAklvJOUj7dLphFLnxfcR0i-p5m9o2k9ZXCYeCKdTLpJi_Y6IIMO2yhsqn72guEDG69I9E3HtGmb1R_2NjFliLBHouuC5KPxWl_2taeX
D Adda,"Ulhasnagar, Dombivali", Dombivali,Mumbai,3.1,1500,ChIJRS2pWwDP5zsRAi-acfbTHYI,
The Tandoor Rest-o-Bar,"Rudra Shelter International,Vasai East, North Western", North Western,Mumbai,4.5,1200,ChIJ2cYmPtHO5zsRTFZMJsqnh5M,AdDdOWqjaUv19X3q_Erl6dS25qgC96pvYtFD1N0yYZKkJRf-Xa40C6Erjb_u26DZy8-SUSVe-rLb6RwVR4YUv3ijq9ydpFbn-t-9Y9dXGdXl3TjGqAydUEtDjJii1xphKM-_Q0ZiP0G_YsnFpoJ_Xvh62Z1as7JrNWzOUV3p6ZiySbN7NJk2
Farmhouse Funfiesta,"Nalasopara West, North Western", North Western,Mumbai,4.2,1000,ChIJ0XGk6eyp5zsRvVGR2s2ZTvI,AdDdOWoQKyRMRZEDPFatkedY4-eghY2dLn9-3aHshviy2Jmuv7p3KS6iSQpId3qDRbEt5r_Dn1Gon7PQMiwG_gUam_IJdUDb0cZxrH3w0yFlNAxfHrbuCE6pTdusiqca6u7tUJwmfYGNk81NCVZUj05ZXjhuVY5lYeJS4zySv7YR2eSg2mcE
Urban Tadka,"Kalyan West, Dombivali", Dombivali,Mumbai,4.5,1600,ChIJzTnc5h225zsRTVQYQdXV8o4,AdDdOWp-LKfWmlXMiODmJxgFYnowW_buwjNLqhlPooERQBQn7KQLu5BAgEreY4ZF-JwRVSX_-bOxVtlQKAzCNb0zV8U1Mr8mYgj6lDa9FVicTl8DOktKzSJKtrRAecahcTyVZKJYmJ799o1-zx3J7k8GxZpKrpyd_-HbGH9gTQOnBFim0OWB
Farm View,"Virar West, North Western", North Western,Mumbai,4.0,1200,ChIJBexeR0yq5zsRg4i1vb3k9uk,AdDdOWoozCx4EFVMIhHAyJdiZpVy7FjNtsu4vTkaQxg3LgqCnH5GunLoqvDDQeqsS_0jZfnWRmJXnywfe_TtNDw1uJEofikf8yPDQ_Yn-dGeWZxIViB9SO6ip1ywFYIADZzkuGagCoIf4zvs9e_4RlRHC4WFLDbDZHRUMBgU9FYQXTNv1KfU
Fudboy Ocean Bar & Restaurant,"Virar West, North Western", North Western,Mumbai,4.1,1500,ChIJz_naBe6r5zsRWqlThFF16OE,AdDdOWrqoCtnGKF7LvT3EtwOrRIEA9ClHXSbj3s86fbX1-RsjpjmazI-2dPShFI3dC8VCp7lwjakMTEwap100TcL8N9JCpjXV-CAKZMSOwEoJNzB1DXl275LIzPzr2ZVDS1Sbc-9ulWM8cOFi6OAS205o7kAkSm-JuCR4SpTyoaygD51k9Du
ABs - Absolute Barbecues,"Banjara Hills, Central East Hyderabad", Central East Hyderabad,Hyderabad,4.4,1200,ChIJ_Q8c8ESRyzsRLZngwt4GTh8,AdDdOWq2jJotsVjWyfwiMYB20wIYl2OWWL60H4lLuO0aa0Z8T-hOW5zaLZr1L75pukEN3z1S_esdepClWG0YQhkm5sIoAsDZSVyln7p9T6_bXw_AiNxK50gRu9FgLZEZ18Ul9T-zMdl7uIPkofVIhZFnu_ToAjdKMME9tpF9HJm_tugH1aJf
Ohri's Jiva,"Begumpet, Secunderabad", Secunderabad,Hyderabad,4.1,1100,ChIJJbLhM7eQyzsR-fqWztpDb6M,AdDdOWqwiAdcDCGfLr0mv0drVuXZ7Qyx0_j3pIdC3Gc9cpeNrkG7PTHFqHZaK_Mg4gG2OmRCt1bC_LDHYvm7lJQ6FPSqHvzJ4ujq-rT6gev4CPwVRXX0JwwE47Jh9iGClUuKKOkv7QSXkc6BV-l65NGBZhjHiWKa3iZ29h-hghek6qBV6J3i
ABs - Absolute Barbecues,"Pammasani Complex,Jubilee Hills, Central West Hyderabad", Central West Hyderabad,Hyderabad,4.3,1200,ChIJ_Q8c8ESRyzsRLZngwt4GTh8,AdDdOWqMmbg9Q9kaK-7_ObzKcytCEEBWYI0BBXbZTayBRO2TH8zyTOzfpCFYlBZqTWUmG4sS8-4MHdWJB2IlZDUu9R5zsnbbrqO08TboAo9DsaQdTE-x7mNrqgLSU2pG1iEaOScqD_sBaPjR_ScLlD45OEtX4C26RpmPCphDvqC_dnRsYzVn
Krishnapatnam,"Shreshta Aura,Jubilee Hills, Central West Hyderabad", Central West Hyderabad,Hyderabad,4.0,1600,ChIJM1i_kQ6RyzsRUgtSV5h6Pww,AdDdOWqc-3RomjvQ7ZCdf3iyafbEvgff2K72KxUgWnJWpk6OTQt12vPX3r5d-zzV_wUpuEdXXF_OfOTzxtzou2EXCcYnhfkLJFd-jfiCbdb1iiAYHzfPIHHnVLVIJnERLpN_8Aw5fqlMCLFtPNyfdsotz6nN_BGwWqB-I65hZBGy4Rell06o
Parampara - Flavours of india,"ANR Center,Banjara Hills, Central East Hyderabad", Central East Hyderabad,Hyderabad,4.0,1000,ChIJD2xTlR-XyzsRBrWHH2jDPGg,AdDdOWqtk1mqb3XrkX-4XgTVFogksxYct5qUtVZabCGSUyX4BOUh7Fc02s8LQbqYwiK--NjRcZYVzoWeiNHmjQrE9GfGqTSC6ZoO67N7_KzOy4kER1PL9Na6Z98MToUpMeOMjccVvxUDxqfMrK4sS8lTNukG8eTc9J740CxDC_vVz6GByRVG
By The Bay - Bar Exchange,"Khairatabad, Central Hyderabad", Central Hyderabad,Hyderabad,4.1,1600,ChIJldgMhoiXyzsRfFuqw0RKgeQ,AdDdOWpQbkNv4mStgvs1ahn80PxxI3w_p9Ql57yb-z7ev45hY_V2HPKXWxbJ9dV1CQvp_FQQqraLJTksh9ulWs0k4KalryEFzzPqjYJLbtYWGcvi3pXXurngwVq6Z7VjUvhwJvCrRXRNg4ZcuPT3Qkjn_x4TGDt3fvxZ30ThGNYKeP7NQD_U
A'La Liberty,"Leela Gopal Towers,Banjara Hills, Central East Hyderabad", Central East Hyderabad,Hyderabad,4.1,800,ChIJp8VtcDyXyzsRvrUJd6PPex0,AdDdOWrTGhqlbGLeQywOM3ZUtcwPYTJTNSmhC4aG-wTSsysjP3IUh1-EZMzbb-uoyerVPApLYwitIRf8QkywuNvflAA4571XV8E-lW7Yl5BT0hKThkdhLVpA00n_FU9fcdz1ILz6xnG-KiFD-M-1EaJ5CXBUgPLMjb_W__CJR7trFH_CSnRC
Amogham - The Lake View Restaurant,"Khairatabad, Central Hyderabad", Central Hyderabad,Hyderabad,3.8,1000,ChIJnSjJzViXyzsRr6g1RtzhG80,AdDdOWrj33G9XIpP11cetF5-pGqtjQYcXXWQTn4dhITYtYEHDYBefcxwlRfcxFeEopHb_Ejtu7JwEGQy92EPIO2WJrBbUnvK5c_FbRBuacliOCgCg_k5koyXVcGe_dgF88n3iimj54cVX0vYsQJR0xjj9Fccb4iMMizDLX7-FTEUKM4cPxyJ
Exotica,"12th Square Building,Banjara Hills, Central East Hyderabad", Central East Hyderabad,Hyderabad,4.4,2800,ChIJC0YLTmGXyzsRlhNidNMcDh8,AdDdOWqt49DewpzUKOnGas-kG5cVoVj8X5yKmMxbCPDo7b98szB6iCMCKQDiuRxczKMNMZ2s7NcMzEGE1_2em-PF2zrsOJth3jSX4SaLN1CtROgzaPUAy4jpETchkHi3gaAurCRPpOyxRjGfqenEOWojNCtex4Kgv4Ms1-EvvsObJo4DPNJU
Headquarters,"Somajiguda, Central East Hyderabad", Central East Hyderabad,Hyderabad,4.2,1600,ChIJ4Zfn6k2XyzsRTFiKgYzj2ts,AdDdOWoIqs27h4yN0CjLJzP7uON2CNOpiFqjXkx_s9GrG1VBIYICJ1E8xzj5H2CSJvboaYwmF6aGgzwnMk9lRBd5Fp4CDfDPHMUiRiPdUOkTxEcQEF7RKbYiBTLTBZwF_OJDO7h60MK6ZkeriAs8c7lLf_Mhrsk-sl8cL0p3zr3JoLPGiD_-
10 Downing Street,"Lifestyle Building,Begumpet, Secunderabad", Secunderabad,Hyderabad,4.4,2000,ChIJY5oo7aOQyzsRK8gyEDpb_1k,AdDdOWpq2f6NVjkYZblC_3XZEYM14uyVg5-NPZuVKfYqf7e2sgJ-f7CqgNH55tJt3y0omM43rEGzUyy1ZbyvVHx6PXGNUtHv6-7fjoU2mOsSzR_5K0Glbu-jZ-Riz13hwYCaGRIy9Bw7IzlprjDgik2l__LrRRJVjjkDRVWgV-eHdlfLDL-P
Jalpaan,"Oasis Centre,Begumpet, Secunderabad", Secunderabad,Hyderabad,4.1,1200,ChIJ__-bQrWQyzsRjaH7CV5TILQ,AdDdOWpLll-xqOxusHyy221D5t-wuUUw2AKM88bv1HKiQ6ZxYqNc4jxQnJ_mCnc_pvvkwFHj_sQgZiGxSZ1Tkki3okWOCruiW4kiRuZsRxY9ewRaq6OhQVzvpzk9mSymQWNkpX9BI8t-QB0qo2wyVdPRY3AWkafo7QlwOBzSbnrRBV3vkdSb
Pakka Local Signature,"Banjara Hills, Central East Hyderabad", Central East Hyderabad,Hyderabad,4.3,900,ChIJE61An0CXyzsR9ILhIMDxauE,AdDdOWo8kxy2OGgBmboohZSQOx4bJLOBt33VtotoN3nhyCckKmSOYszFeKNmTH4WQOo7_7pCWVPcl_eqCnUQSz4x89s5ceWcPoymviHdichcIySnQ2MSI1MP5Y1u9pye3pDWqxgHddn5oWJ4JO45iN5nSUrbTsqULqe3WbSAegiJpldzDxr2
Verandah,"The Park,Somajiguda, Central East Hyderabad", Central East Hyderabad,Hyderabad,4.0,3300,ChIJoVVVFUyXyzsRQJ1lxuXRISk,AdDdOWqftgTsqbb46Q9Fwv0NY3A6CQO2tV6iW8sKRbeGqeojpnqt3mhCuQbSg46-0knAmgUrT81vm0YuLSehdwEtq0qXBQcAmUVqz630sLr1PlVjJsAMTVjHeHz0E_ZcXjHs4m1oa77hE32ojl4YWrkht1lpVkrgMC2UfFeDLbzmZ-OEpUgA
The Spicy Venue,"Jubilee Hills, Central West Hyderabad", Central West Hyderabad,Hyderabad,4.2,1100,ChIJn8wnYjeRyzsR3juoZM7aKgY,AdDdOWp6HyCkAEaDXrxy5jY3jB-D1UbdepcQkPk6GcI-VpASu-gEJ8nxrKU4iy9UNiUQ9ojAFUWqeAuXJJXTGJevZ8wagMNlsIgjlOewcdBhXah9ZdzPkmgjdEnW5ig6Sz-_6jjgYIkpPHQF2BO7nvL9zbYg7ORLLHwF4hdmniK3bxCNYRdq
Bikanervala,"Banjara Hills, Central East Hyderabad", Central East Hyderabad,Hyderabad,4.3,1000,ChIJF5hj_DiXyzsRn7P0sjf5hkE,AdDdOWoQA6yccdouzOIL09TzGMDALBDiULAZufrZUvfjHXXJlXoKvu5Il2tl_PjI1whMEKMs6jYsOa1iM0x3sosD5rmJHxDwQjAK1e7ixALJoLv7W-VrQlZr7ECV1X9aNxLdWH3msYp3wJAi8gE-OFUCdlxuTxr4G6sTHBafLMOrmamx8AVI
Cream Stone,"The Platinum Hotel,Himayath Nagar, Central Hyderabad", Central Hyderabad,Hyderabad,4.1,400,ChIJs2Z8Jy2RyzsRUvMabDrmsNc,AdDdOWq1nMdKB89N0wDeEa3pjHyj6lMj1SV8KolBqa2bLcuMmNlyYGYt5ZQkjNDu1BTXMq9J7sdcXfxQUXhJ98JElfsUCA1ARzchx-HFP78rIloGOSigLwC7gElNXptHoPKqtPGEGASyAvIm_gZqU99Jf6I4HOyBUtu-zACw76SEovPzeIWy
Aqua,"The Park,Somajiguda, Central East Hyderabad", Central East Hyderabad,Hyderabad,4.1,2800,ChIJoVVVFUyXyzsRl2roHpV2Ah4,AdDdOWqCxtXwtSTdulXLgYo8D0RyV-_08ROqc3dILqKbSw3NWRZCtyQ-bkkOn0GG2e1NNnkhkagGalTZ1hfuKd9tW5vBiPpC2u24aRIUPq8dUkX0rM_3GJ5Bqj1wzrWO0TS18PUfz9cVTFw1DLVMYQW_hHxnOdHFnOrwdchhWf07uuEkJqZ1
Kismet,"The Park,Somajiguda, Central East Hyderabad", Central East Hyderabad,Hyderabad,4.1,3300,ChIJaesir02XyzsRlZ0dXm9uC4g,AdDdOWoWJRc4awaFEMl2cZzuejBb68rQjnPHlo7-jONUXTgFwkJpGltNxxgIPsegeQDrti7hLsykN8HiFevH3ojcAMeU_AEI2dpZCBSrvnEn__T0Ws5Zpg8EaomVUJ8rZSFZqNE3-lPQ_2QXSOCwT0i4BY8g31aWKqDwDoxHVRgifiqttPLI
One Fine Day,"Necklace Road, Secunderabad", Secunderabad,Hyderabad,5.0,300,ChIJD_6CNsMBwTsRdd-wqNmWNxo,AdDdOWpFOxvsb8BJjAxGr-qOTNX0RUgfuDo6I-BBToqcVKqQ_UzbZREjoYDRlyEHCXB5apQXiYMycp5OnG8at_BkaYpGBQX1CcMu9Gszuxg9Di1tQRLwEN8Na7r9Nwv-E0681QBsAVzRPsx_WMvLdOwwirLK-3AglX0xVMl92GETqxGULM2M
Ohri's - Gufaa,"Basheerbagh, Central Hyderabad", Central Hyderabad,Hyderabad,4.1,1900,ChIJk9PkEuCZyzsR2E_9pVbWzjM,AdDdOWoa4xmQRIlUZZaQFli8-whhFaO3tBPp2IHBxyrixe9l9ugRfs9EAFcxxbf3LYVlSSWX4y_T3qF_-9zdXIY-X4ymNfqpG3A6inVQPUBvhGH010t-mmC1jd0Sk1McY_Ii54r9b8pTsv2ogLjPYNO8mwTWoMRJBHNFZKi7Y74nKZ6dD5tI
Cream Stone,"Banjara Hills, Central East Hyderabad", Central East Hyderabad,Hyderabad,4.1,400,ChIJs2Z8Jy2RyzsRUvMabDrmsNc,AdDdOWoQscVdoqA2lLvdnG-kEsUw-gvoAc5NBpL0G77LsvIrV22UTHTrG3exY5PWX1kjcddKzh_Ov4ELLmjbdr7DEaKEELv7MFwmzc38UG_-lKY99Cb7q0rjdWcvBKoumZVS11DoTcicReRaTKfL4tXhMTRSDw4PjLGWsxzku2oXz0Tl0F1Q
Aish,"The Park,Somajiguda, Central East Hyderabad", Central East Hyderabad,Hyderabad,4.4,2400,ChIJl2xcDVCXyzsRr0Y6QQxdURo,AdDdOWph02NYg7P9tk-LP1N4cKTfUOwKA-WgvIQ9iwWUytJw1yQj1WjgzWvxGcItBN7CekH9SyZ2BMuHLulG8eRLeLvk6P7AcS26SmJaENAUNjK9omtn5SYR7cVCDnWk8VKJiPoyCjEgD_Fm3tO9osuEZ1kc9PvBS0LpOqvhfTcUI3--R0A2
36 Downtown,"Jubilee Hills, Central West Hyderabad", Central West Hyderabad,Hyderabad,4.3,2500,ChIJQ9qj6EWRyzsRUyhWlJmVS7w,AdDdOWq9Aw5k5-sNBarItEAZPVqEY4m7o_h-k0ZNo32J4J-CQobrQCm0eEGPaRo2WxGaqtb9H1-R3OM0dx-1NC5_Jawt9nHdKOGj5YNdSX6PpDuxOj8mX69y46_zUTJUb78lLxGMkmJir2MB07KkRMVjYIZ85JBb4jnfqVmcWnhvh-_EHkQ1
Spice 6 - The Arab Villagio,"Banjara Hills, Central East Hyderabad", Central East Hyderabad,Hyderabad,4.2,1200,ChIJkQlT3iWXyzsRroi-K6eE2Ns,AdDdOWrGJDVq01Zl04HzDjhKj4yqybxhI-Q1mdAd4N_OCKpEpQ-BpWpqPne_997WSfyK5B_g352_c0KmomIz0ALWm8NGQP_-3YYpz4HlCTXnLR-kX-8yASUx7Md98tAqvSeo-7F6XFSL3lecwGX9bl_tXKSlQCJM1wCkc_kJpWiKDfqDGsg1
Chili’s American Grill and Bar,"Banjara Hills, Central East Hyderabad", Central East Hyderabad,Hyderabad,4.4,1800,ChIJWfkf9S-XyzsRbPg5AgpvFbk,AdDdOWrHMjDkSVsszFs3GPYV2_m_2xlE7qi82ZCgVoYeAio--UWZm64I6CQ8dT8GYMYSPrvSyjtI0XcpwVb9jzxog5CCPIYvb6t6QdP8u6M0_DKHdnS932B_A_96mD6dzdNXf5n2RJY4QIGCsRUfearq4umZeb1AWlk8QWHjn9EnPDyEHQr1
Seven Spices,"Somajiguda, Central East Hyderabad", Central East Hyderabad,Hyderabad,4.2,900,ChIJMerNnYaXyzsRn_xD4D_RSSE,AdDdOWrZxnGlX3Nf6LTRXyeJm3kCfWswUbShZitYNVKF0IQ4UCoRAusfHrtZDu61VFQsf276EwCLiCcYQZeSuF2CjsFUNogxZdC99w-dikyOlq70IILlnP5Sgn0MSE91tIY3Q86YMB7vL7iJ7M_kvcCDKmT_Y4bh_pIGlCTmYzAxY5tVt30m
Ice n Spice,"Hotel Inner Circle,Somajiguda, Central East Hyderabad", Central East Hyderabad,Hyderabad,4.2,800,ChIJHwtzOuGWyzsRrqEp1H6rvEs,AdDdOWpTHH_DK086SyK1KM6851hsWf5QrDhvJugO00UhxLlmPAUz8Za1x3NQY1YITYHRT7zWI7WJSTVKMlU79kv3o4f7UnXdYimrn9M8gXw5DCFTXNFl1QLdZ9ybigXELk4bF7-OH1ANDQsXjR4swnIxUt3dsU7FkeG-fI9eTD6t4cj8Jzw_
Barbeque Nation,"ANR Center,Banjara Hills, Central East Hyderabad", Central East Hyderabad,Hyderabad,4.3,1400,ChIJt3TsmjeXyzsRW78eukz3few,AdDdOWoUF58h0umpOdppQsPd8vtPwNJNpB3v0M7Vyg9ipmObImUwb4p5CSLPfvWSDJujkDNv9h11s7LFK0ro7MBGXPkAnOmn9Twm9O5-icxXC_EAnkqyPxpIlt-wdo43LmSntLxl3d7nRRkjSStXOEDqdRrcOsytuBDbpwiH3870j1HqX2vN
Platform 65,"PNR Empire,Kukatpally, West Hyderabad", West Hyderabad,Hyderabad,4.0,1200,ChIJ6_zroH6RyzsR22w7a-FIq1g,AdDdOWpLnmL9Qtof4-CJFsN4Us3KFP8X6NFiRZZLE_Bqx0jv_Xod-vQdkhVRyNnbk3RPsVBPry4A_GuMBNeyhkeLsDxQHIVuCg3w-NsSd1cRPl1K0RTjXCnQJrbXbQio6iiks0H6Q--vDUDH0-D27usO28Y1SEjzJS85pgipau8bli9pvEpz
Hashi Izakaya - Asian Bar & Kitchen,"Country Club Complex,Begumpet, Secunderabad", Secunderabad,Hyderabad,4.1,1500,ChIJbeOsvomRyzsRNZHgEwNrNUE,AdDdOWrhMLTsoS6DFync5gWtODTAWbC0-ejvG1-088whUs_Bu4IMXkXZy0FR1mJutjaGx0adtO--MT7VhAKMrcJ6BTKdpoxsBlBzSgJYKDCUtjXFLRrEAL5vCBnMXuBg-5XI4TsxkuL-v1UuRm8t_QGykqTKYwePlf2LU5hiqBpDsU8Gdd-b
Eagles Pizza,"Ohud Building,Somajiguda, Central East Hyderabad", Central East Hyderabad,Hyderabad,3.9,600,ChIJrWNKEeaVyzsR5SfE3IpajZ8,AdDdOWo2YrxiwVikEQ66Zyuz_FQsDAYo3IGA2JaauRr-Lh1skU3zxC1VykASaX6vTTonMxq6bCV3c2aVtVZhqah3qaXX1Ha7nHMtYR_C_d3xc5H9TA9nLsOXn9Ne_BgwuN617geN9e5frCSdngt6sUJuB3vl7RnuS8-I48rVyo7eoJq5mIMQ
Jewel Of Nizam,"The Golkonda Hotel,Masab Tank, Central East Hyderabad", Central East Hyderabad,Hyderabad,4.1,2600,ChIJw3KFakCXyzsR731MjBYkua8,AdDdOWoUTABNrHk1F-KYVodVuXAPMhXNArwGrheyW5kyA25GGEtydRnefPEe9Lo2dyfHXm-2bpKlINWqEBgkbLplp3Q0zciSmV7OV6ssp6esoez5RTgRyixyOPvlTkbbn0DywnUX1I_O507hTQIpAm0iT3VPROhrNxucaBKaDdKulAuZnPWP
Rocket Fuel Cafe,"Somajiguda, Central East Hyderabad", Central East Hyderabad,Hyderabad,4.2,800,ChIJUdncDL-XyzsRdu0_MbGoYdE,AdDdOWqOn4uLRMQZoAM4j01x828WDu9Ce4YJR81txQ26rK265sQHdhN1ZwXLAoBUAlPObjbYxajTZv_DQn0X4EdCDzQwGpZh3wFtGvUfVp2zDLNVMeKTOKTgGf9Auht9fak-GoYSTqPnAI-pR5pewYkfWxdo_CaE23C4MVCZxe26Rj8GWN_c
Cream Stone,"SP Road, Secunderabad", Secunderabad,Hyderabad,4.3,400,ChIJs2Z8Jy2RyzsRUvMabDrmsNc,AdDdOWqftOaXBP--Qy1KCwigH9UKS_Zawy1VhGtGJxXiq-sITvj8owG_bmFYmhN6Q3_G64speNLC7280oVxaXhL40z_mNH2P60Ubv0Qt17dHy091TlAHzMQ38XgX67P4OQZI2ezsYqOXojsSTwj8jiOM0sEtlxsKJCoc850DYulfnuOwr_eN
ABs - Absolute Barbecues,"Inorbit Mall,Madhapur, West Hyderabad", West Hyderabad,Hyderabad,4.4,1200,ChIJ_Q8c8ESRyzsRLZngwt4GTh8,AdDdOWoHTDWqNWBmXc-ufpjryJQIOJwAOQb9pSn23eZcQRbil4LhcDJEHvH0QA7SYoTEgKWGthlY8vDJixS2tVwg_2zwolC9ro-rS1sZ7bC6sk_Q3oa8BKoTcpf4EOzu8827UBaG67gkhZbBW3fjQ6ZgbD4cUZs0OBM2LV76dWtTty3JEzCs
Taco Bell,"Next Galleria Mall,Panjagutta, Central East Hyderabad", Central East Hyderabad,Hyderabad,4.4,500,ChIJcTMbWsqQyzsRfmZ9_DmfyDI,AdDdOWoVXrZXkWs21Ta6UwjYlLan3T-kVH7pKyEY6WWFftkOMrgs_8ZuUnTWr1TPygOY_FxV-YpMjjgR2CX-nem9Wt2eJmWj3aj0UbVopz_F98ulcKUmAz8jrE8QE8m-QdwKCfQsSbiKxY2TQx_jT9RDVok_UG0EoYp0zmunhnRo4mMpVXiq
Okra,"Hyderabad Marriott Hotel and Convention Centre,Tank Bund, Central Hyderabad", Central Hyderabad,Hyderabad,4.3,2500,ChIJD_xFZfeZyzsRwJv3ZLksfgg,AdDdOWo6i5jrPp89X2wrtt1afLy3S1eWJgZTfiomUrA7F7Ip9NTwwToJ6vqVG9u6VZgxU5VZ1NyLTR7TM1PUwY2GsV1cUIGHimvpOiYTJGZfSzN2LVMFJ-wnWrnBkgCMSZag3i2whtgaa4tUEQUmb9TfoPAZvaimK7grvW8OY5QNiPPDSQyZ
Ohri's Eatmor,"White House,Begumpet, Secunderabad", Secunderabad,Hyderabad,4.2,800,ChIJ5dsiE-CZyzsRd0f1-1VJho8,AdDdOWrFNRg9GES5410RxzhOcZO57NTa3PdIKEeN6SgvwUETaDjZASJxDt507ULpLxlEdn3p8-AYuzs6UagM_2D4qs5nKEpOL6gyUHeXdjvmxb0q2V-gFnx5PghDwrkXwkincX76VulEoUTr4mAxBFRIXMl1Xe_nqkdaLUhYSPhwJcdTbUFr
Fonce,"Jubilee Hills, Central West Hyderabad", Central West Hyderabad,Hyderabad,4.4,1000,ChIJSyVKw5SRyzsRE8iAXBsWT3M,AdDdOWoEjImjs5kH0T2X7DkozOssMKwj-LbSe3hnqx8VzrYLx8Kok--IQwNgLFVAofbWmiCAIlrP93cRhu3_3w0IHqsPe9GyMBxgkme4Ap3oM1e5pRcxHnQEz06hVC9nrF93ufVs2U_POG21w4PamDwuZ7fPHviFWh_g8-gaqEqDYUTsx8NW
Hard Rock Cafe,"GVK One Mall,Banjara Hills, Central East Hyderabad", Central East Hyderabad,Hyderabad,4.3,2400,ChIJ1d3mkjaXyzsRFqP7f3X9P1A,AdDdOWoezmbiJ2GNY8-yvSaIiiOh2-tUrLwJuE3b3ugACTmVsys8geQBV653f_N6GNlKwqZBVj5r1tGx23vxZ0bdN-_Eyf--vmpsFoV7k0mojB7CnXDeHqB-GZ29Hc4cw3BAULkb-73ZPAnWdRVLAl3TLWoj8c9n3Bwg1g35ilX_EHFGuajR
Taco Bell,"L and T Mall,Panjagutta, Central East Hyderabad", Central East Hyderabad,Hyderabad,4.3,500,ChIJcTMbWsqQyzsRfmZ9_DmfyDI,AdDdOWr2KC3cWoDQxAi71WqipL4F81sawTm8lKixB84XXMHRR0Q8wLVHnH3R-s9vn8J6XjtRV3UMs6weX0c6eQSE7IEcKK2__ySw_ORBVd3vEy3Ak1fLPZZOOBAhtYGJOiZeaeW-JdV5D0wJ88pXHoHuVn1qkJpDTLyKBqdbYmzQLBoP81cu
Chinese Pavilion,"Banjara Hills, Central East Hyderabad", Central East Hyderabad,Hyderabad,4.4,1400,ChIJkYEw8DSXyzsRcXJyrxkiID0,AdDdOWqbrbn6GzKbMyNcwXSm9U9tZqpuq8TBBwl4LobrQ6PANvuyAqOMiDrnW_5QuqxXMbDk9noFAY0K85lq9s9g5Nrk_1cPktn6phmDqn4HpS9GnQ2cq5teYXMcSG7eUB6MsGGC5_IgUdN6VR2vJvVt5QpoYV26OzUSNCMkW8ZXOXJJW65_
NorFest - The Dhaba,"Next Galleria Mall,Panjagutta, Central East Hyderabad", Central East Hyderabad,Hyderabad,4.3,800,ChIJpfDfC8eTyzsR3cLsibEUPPw,AdDdOWpJlWIzdvF5aCpyFOghsgt1LfZF1JzWBuda-XT0u01ij7CEAO87L37HpKJnehVm3sVmWro9q7Q4z0rNUeuW39TXQ3U1CRIqB5-EwAlOrOxwcUtNI4ajeqCpZl5y9fwTsZo9HFyg8PzAwqo2m3-aRMaQ62aHnwDTCdF8UWEerD8Tni88
Country Oven,"Ameerpet, Central East Hyderabad", Central East Hyderabad,Hyderabad,5.0,800,ChIJ4128E1yRyzsR1hieane0a7U,AdDdOWr1Sv54rMHa0Bydxl5AuFQ9u3Zbz6fmxcuZVGU4yjud-ZHUqhqsxZFH2UZ6tQVAeh1Tn9tWWwxcgF5xXVNXkaw6sTfcdSCf3RoGMUhBo9D7zHaUGtOKQ51C9U194wmw9CcVUsRaMF-d0K4cwmLj1P2V_GZXiDhGuZqJ5eacbjymUlZO
IQ Bar,"Mercure Hyderabad KCP,Banjara Hills, Central East Hyderabad", Central East Hyderabad,Hyderabad,4.2,2500,ChIJt612IEmXyzsRBNRvSWvAb6k,AdDdOWp0wJjMHucXrpt9TCsabYpbHjgmx18hDYJD9UMHg2jkcGYDlYlhO5O5sM9xiJOvnq4r7uwve6LNwXgvXRUAVK7dBjz3H2ZOeg1h6nF6EHxQWomXhBJA_tA2B8VJIL-y6fY1-8okstusuOzI9eDVrj1qEgoWlx7lsECfmQNcnI3mqN68
Cream Stone,"Khairatabad, Central Hyderabad", Central Hyderabad,Hyderabad,4.0,400,ChIJs2Z8Jy2RyzsRUvMabDrmsNc,AdDdOWpYKOIbHBRtp1At-xY5FUzyNHSZjIbO4FT7KXODIgDq3M8UqA73EBy9hrq1SsARysCXjmMvP4YMVYYQLo-EsQKpcLCNWpQfSf-VJ_8eBPP3l9pOyraKQUweJnZZgj7adBy0f2hy1JQm6yZ9XUQN56AHH3Js3Fsp98S1eALFknsyB9CH
Rayalaseema Ruchulu,"Lakdi-Ka-Pul, Central Hyderabad", Central Hyderabad,Hyderabad,4.1,1200,ChIJIzULLjaRyzsRzID2G355Ccc,AdDdOWo4788VnRcWO_4SrnC5g-rbayN22hUJ580VIqEBi382bE96WehUmHl7xdHih3coJ1L2tFQHeFaOC54EqDCiFeqdFC8cd3v-RjdfZFej6l7l5hA1YooMtWLQYMa1faKCy88qYKI-6e-qFJitI_UAOXge-yPaqQwVEM4LRXUdkqBQwSdH
Cayenne,"Mercure Hyderabad KCP,Banjara Hills, Central East Hyderabad", Central East Hyderabad,Hyderabad,3.9,2000,ChIJrer3H0mXyzsRE1EY83NBX8I,AdDdOWqpHbWoBn8n-bCcDz_4K1U99921zCEcKzspeCCsO8hE41OwVGaqSErLL-DyHe9JaB3owbelcx-AzXxrHgfZhGW16MtuDHGpMBjLYVXttZeFMPxGIC464BUM4ag7l3yr3ACoGbCixM3pVYwENgS_1QVn31P86SRRCj6ldts6xw6Z_Q9s
Arena,"Taj Deccan Hotel,Banjara Hills, Central East Hyderabad", Central East Hyderabad,Hyderabad,4.1,3000,ChIJG1MF6jiZyzsRu9VjjIV6i8w,AdDdOWojyrhruzM4wlpruA8f9BsUAbnRLevYUsLZ25c4XoLUR_CzWGl-Rj33DBGmhv2IxzCLkLBRufg4FjdwmBUJYScCHEUyhtOSnDqlqV_DfSMhUPvflhWfBI1XMWmdThBoNGw4Uusy2xx7r6qIHzb6QXXnbpLM_fEQoCruryi-zKbOeHSb
Ohri's - Eatmor,"Ohri's Cuisine Court,Basheerbagh, Central Hyderabad", Central Hyderabad,Hyderabad,4.2,1100,ChIJ5dsiE-CZyzsRd0f1-1VJho8,AdDdOWoRcmDhP4buezTaQQLWt7yk50e5njo_T6BnUBH7Tq0iFZeK5o_2ZTB8MimQLwiwKod-DbL8uNIBVNcmFwNaZj1NfVRdE7IsM_xQgj9t_qhGAgJ7EP5Jqkvx3BIkXQ5wqtSfLJIQrr6Lzof_mz8RIPIOQc5FfhWtgWfMVFbBWhEkeUGU
Bidri,"Hyderabad Marriott Hotel and Convention Centre,Tank Bund, Central Hyderabad", Central Hyderabad,Hyderabad,4.5,3000,ChIJlccFb_eZyzsRiQM3ldTcHyY,AdDdOWpVYCZNDK-kR04CrEdhCpe4mP2VEDPWDTenmptWQCsn75ivScAA3cgFqq3OqmndPddrw3w_l9N5unEvSL8Anqf7C8RYlAqYXcyg1q7XHH4Rp65BqgOVhSz9JHHuFzHLtYsAVi3KHuEmYLKAa7RI-WqPJcw_5czXST2JHOMskc3Xq45E
Tabla,"Bhaskar Plaza,Banjara Hills, Central East Hyderabad", Central East Hyderabad,Hyderabad,4.1,1800,ChIJUfJnWjiXyzsRvX1NnV6K2Dg,AdDdOWo-PAI_sZhWDUb6m9oQbYQiNiPkZXm72WpIB0TR-gH0u_k9IoeiF5trB8MiC6QqsKfxx0CFryrFYd75GmOqmZ52HXhHlX6B9A4GPU-18gsODZml8Pysv-cT94soKdIvHBShuiOu2kJaCA4tgp6jxp354-YB2s3gt2fK9QzYH20wk3EX
Saffron Soul,"Marigold Hotel,Begumpet, Secunderabad", Secunderabad,Hyderabad,4.3,1300,ChIJ6QBK7beQyzsRbIWYv6PdbXg,AdDdOWqMDMHUDHBWqMfoZR8cAPxyvP6Y1ExXAX6p6b8BzbZzAnEL1qB1AnnKgVCTSOdRZJ5rMy1xps7QPkdndFfkt_lZr6b77geUuQQdOtbh01hjr4VIoAaaFIaW3d3RG08jbUxsEKsHZAXXabp_TyNTkSIUOw68U7IYWIQ9nWMqQNKt86hI
Viva,"Vivanta By Taj Hotel,Begumpet, Secunderabad", Secunderabad,Hyderabad,4.1,2300,ChIJ-eFlKGmRyzsRpmrWtIHVfpY,
Almond House,"Sanai Plaza,Begumpet, Secunderabad", Secunderabad,Hyderabad,5.0,500,ChIJtdHyBzSRyzsRURFxZeSpSTI,AdDdOWpARmZDoZ7DuxgZKVRv4UCTL4TGIxYbMdYHAGec1KmIdg1ryDeZla-lp3y3Utr07UW83MUrkUwg9xYe4FbwHjt6sXC63908h19AGAXTyvVa-tKFoA4KrnYnMB6FbEp6l1Eth8kZCKdrVbNycJroj9P_ON77Bv2Od1S9nntg0hVOSRrE
Manu Bakers Delight,"Begumpet, Secunderabad", Secunderabad,Hyderabad,4.7,400,ChIJMzVRP1OfyzsRkxL9iIJGnes,AdDdOWpJRfOWIUk5-tho-EvJCsYsHrBH_qFoYQQu13_N5fxlTbQfmt2_2cfDhAB5CR_N6v1c1uczFdoqC9-T_BEcA4B2T8u95tdoomNqHhaiAP0tB1cvXxusGHmq-h6zu0cWVmEfrKP1VYHYtbUfWC6hXnDBGdk7CFAq_MdEC3_ivMlJ8Vux
Up & Above,"SNS Arcade,PG Road, Secunderabad", Secunderabad,Hyderabad,4.0,1300,ChIJ6_ECtQiayzsRbQ8n1xmjg4c,AdDdOWq8qfi15ogVGhrpS-QjgG8D9024lTVUlwOuFi1riXaCNhBnKt2_eRya0u1zfWVqafYFTaCRpIsSENUmCdUo4YCmQzWQYJOfU3Lc5XqMgg7BS0YBDTDGTaYBGhsHXMGQSUjl93oGaBSZ-sN3lLMC7rShJc3BZLtOtdl-bSt9_VGTLGv1
Masala Republic,"Himayath Nagar, Central Hyderabad", Central Hyderabad,Hyderabad,4.0,1100,ChIJU_4mKQKTyzsR085ny7sfwTY,AdDdOWpHY1DDkw4tdrqGKDPV5kjvhrg4b0QgTCreR5bVlF5BB8yY1FqcOQUCQ7esPB1G0LRtR42z2b0hPfc6WWbXcnbI-PpzzP2mSfwSpd-1mj2S33hpI8PeaqeuX0OU8AuHNpK4IPO8dKJrcsVqFpUY7rWCuqnh6ymm3OU7Cpe5bSpoHg
Huber and Holly,"Mayfair Building,Begumpet, Secunderabad", Secunderabad,Hyderabad,4.0,1000,ChIJE-Ad0CyRyzsR9a1bz8ftr6U,AdDdOWp15RYXirEQn-BnJagI8ZVAWLDbezl3tRusclsAQ5Pi6_ieNGNeTSeyXB12yVTiMZLUV1PZCt2MgoqMeeLGI_9HoFQmwtcWyPxRGYS149bDXdOFMjpR1wXbXqs9Yv-E26Qx2ZEfhZB5mSQpGduDBMondxNyGlYlfY9c8-LOeWzj-Gi6
Onesta,"ANR Center,Banjara Hills, Central East Hyderabad", Central East Hyderabad,Hyderabad,4.3,900,ChIJyxRcmjeXyzsRxTPDwjzH7T4,AdDdOWqGx-Ix9cBe9J52-bU76DCm1KifjhLfrRPKYN7fqIMvr2isK2LD3vFoJw2C4Wr8EfNAPx-vLRazEeTV6kOaGsZ1VpT24G1LM4JA2aj2wfBDREnW9PSUZcthlXhKYRVQaIklrf61MrtQVCvFFvOMNUCLLJRUpz28VQWQSQaZ3aN_PFar
Fishland Restaurant,"Hotel Savera,Ameerpet, Central East Hyderabad", Central East Hyderabad,Hyderabad,4.1,700,ChIJG4Lch82ZyzsR5NQ_CynBzv8,AdDdOWof95DGg-w7a_hR-_-9YQJ4N3WVmJ4STRSmEtQS96htjy9EFMGV8rnj4KSYYW0FrMfttWBApwL5fp4OjJua_IZlnKaYleo95yAL-A7VamfUzNgMwZJpds-gsCUTuOvbr0N0206RxA4WlxIn-LdGFzB_6Ra7-V3HVfNt4EjoYhcMN_sO
Santosh Family Dhaba,"Kamala Towers,Begumpet, Secunderabad", Secunderabad,Hyderabad,5.0,800,ChIJaQexvAmayzsRpBNzZ9siqfU,AdDdOWrGBDRJF_C-W6VpRs-RMPuE_TeInGVvxLvUMNOybZF6GFsKdNXlCye7DCZCwRqFZ58xY7T-aOK6zcgIm9lDN4lDFFDzO1F2XisxAQ89fKJuCCpOkAjyGztdDQAgHSN1hjkBJpRJZ9SLrApHcI6j8g9XABJJCPYXmp6f1tt7w6BN4vlt
Spice 6 - The Global Dining,"Banjara Hills, Central East Hyderabad", Central East Hyderabad,Hyderabad,4.2,1400,ChIJrYLMyDiXyzsRy7-wg_0Ge00,AdDdOWpLaLryGduupDD5wLgVrFylwUzTUYLeHWQpBxM8Em9Kn-jcyieV4oSjOZaR5L4aF9YfghZdcm7o3wkALhprqm_XTkk5bjc_WQTZcbzLuX1iBa0StLyprlRplD_WCpa6fZjo5iAn5nsiHuw_9DeMDxu2ZDdcz3JPzestj5a7uYnQz8ra
Encounters,"Taj Krishna Hotel,Banjara Hills, Central East Hyderabad", Central East Hyderabad,Hyderabad,4.3,3000,ChIJq6qqvjeXyzsRvkNDPod3rFc,AdDdOWqMe5v44nI_Rw0Ana2qpZZTAUltew-xPx5t0bHIj_V42bgQV-hUkkPKlNDBEA26aImGf1n-m3PUlZN1_QwtZmqL3goPAFx6ab8nWL1vo1pp_-CPdkrGXUQzy584E9zbpj20cEMzRFE3aLbIdsw9ARkv-xArgaGwkJKBhVDszaGLTib6
Tortilla's,"Next Galleria Mall,Panjagutta, Central East Hyderabad", Central East Hyderabad,Hyderabad,3.7,400,ChIJE7L2nS-XyzsR0wIjhsUBi1g,AdDdOWpKSIWdSe6qI3BImyQj3d2R6omkKiauzTeePBEAIKRrdq-potyLDRWAV4KIoK2TlDHvPd-WoQa-zBOa-ZzD32GrP1zfQ6qiiBduxBnjQcjiwMC1mFyn31w-R8Pla8SJJZiQTo9EwpSwEbN7PcdYHElSQ39swJTJL2Rbpa1vH1pf8jSQ
Tatva,"SP Road, Secunderabad", Secunderabad,Hyderabad,4.3,1500,ChIJWSH6KTSRyzsRxdfMivZxEFk,AdDdOWou0Y_ZRC0md6JRKJO4dmsGNpS7bDAjw0OflyFPbMZ0YrZVNbBH6s7ojgJnVLWBuJ0f7KfngUibebDg7UlKd6r3zHU9t27gf70qJtyHx5bkoSt__xKsJAQj2UPT8edX7oqIe8JmbEpulxK45dW-1_Jtq8okxVa8uYmZObLzYtOlnZ1o
Indulge Ice Cream,"Sanai Plaza,Begumpet, Secunderabad", Secunderabad,Hyderabad,5.0,300,ChIJmwXiIs2QyzsRxNY2dDQpdes,AdDdOWptJrS7gC_2BktJpjy5-PfoTf8gAbkrN_tMsa7U3FMbULY0hH5r_M8TJpMFdo-_mofDJnH5BOd-AE7Z2gmqt5iQmIhGZUv-68SIrwLsOPtBfB9_vDEOY-GELiBijK6UYBGdQnwHV7rCK7P36FNngjW3YRT1wjKo0rpbq2OU-QYNKJ5P
Gappe Vappe,"Sanai Plaza,Begumpet, Secunderabad", Secunderabad,Hyderabad,5.0,500,ChIJ5zhoiJaRyzsR9bfS_bORkY4,AdDdOWoYTdedNGI32OUnFB86knw7ReVhE4TuuDo4Z5UJ0bCSp3JGF4oOyLF5apjdJ1MCHyc2J_bvs8kdhvf5Ji91-Luh5HxNBk1v3sW4OwNAnKdKHVlGP5kVciMPY2r5yJ086ymg9JY5PLHMOCyrJdXKst2tj-wyzIzQc0Hd-GaTAgUcjcS2
Ohri's - Ming's Court,"Ohri's Cuisine Court,Basheerbagh, Central Hyderabad", Central Hyderabad,Hyderabad,4.4,1300,ChIJk03sPXSXyzsRw7NAQtYLKFU,AdDdOWq8a59knd59t_O-ztgOOknCBxKOLEEPNQQe6dOLeG56gjsZ7UkKDgzPXUTuPXzfqBGPf-WTf0GYkwE3BDh1D6_-pb-TKNTPGfFqEIcJkTEDvgd9Hqk1gkjy0oK0ErUqSGk9aIKktWTmJgrJ8gihs4XQgGWsgAwUK3MN3efl9P4YC5m0
Golden Dragon,"Taj Krishna Hotel,Banjara Hills, Central East Hyderabad", Central East Hyderabad,Hyderabad,4.1,3500,ChIJwVAGClmUyzsRy0CbUgB1HR4,AdDdOWqB7E4VZNZumSv_z_1wfYTyy_BpvSDxpS67LuVOR7qdBL250WBhbAd0pQh8oU1CFjulfgCQTxQ58x9BPXkxNTfABpojei8QcAb4HCyqG9pXzGTuykfPiNLIqrigiAF8YCPGO9e-Jla63KTZ51BzRe9BSLvWhcTq2dkiyWO5mBZw9aI
Curry Pot,"PG Road, Secunderabad", Secunderabad,Hyderabad,4.4,700,ChIJ53GFFxGayzsR7K3KYCW-aOU,AdDdOWrmAbNy8NpZelOV8H7E5wk0GTg30Qv1EMeyaEMEKl1hI792Z9Lyp_ou-djhZEGJjXOhxahi9Qf1l8WmU3uMFv5lTbRLiPGdElL_aJgBer9E_5vk6FIB46ysf2O2PPsvbjuisFB7QpF2Ymmlj2FkMUEuSFObal-8ZXsE1Rb4hSIcqRgr
The Joint Bar & Cafe,"The Joint,Banjara Hills, Central East Hyderabad", Central East Hyderabad,Hyderabad,4.2,700,ChIJ4XrmDjGXyzsRH-v0_qBnvc0,AdDdOWrmXXOQLT98sVWp4IMUkP_t0WpMS1w0oDj8E9pbjFw_XnXLjE0kEJH75PhDghm5QSA6LjwaXruYkgaKOP4UmzF-IcxWCTWl9GjbgZmSKBa7WkL3y3fFDr3HIedd3TXz4ggHzGXcE3tOS8RMgMlP6ubR_BWV2CIYckTJ6z8kbOcKOvhs
Vivaha Bhojanambu,"CVK Park square,Kalasiguda, Secunderabad", Secunderabad,Hyderabad,4.1,1000,ChIJeVurljCRyzsRXvkaOVyKuIo,AdDdOWqlCVYl4R8AldJ5xZKGKsg1oG89l-9Kru7G3lq13FOlUpbGDXLvfyeQbxu_KRC0FnfRE4LwDYqmmoKZos_JCgi-aCAx8kN_y5IqIUV6zJBomUBT5j3MEJoOtAQIdPrwo0fe1QvdI9Bj84VPxqRbrr5lTydKW1YN_irK86sQLLcM_beA
Aromas of Asia,"City Centre Mall,Banjara Hills, Central East Hyderabad", Central East Hyderabad,Hyderabad,4.3,1500,ChIJ4x1rcjeXyzsRwP60YQLppZ0,AdDdOWpW7tVfUpeHkKNID1gpBGzZJTLFmxW4Caz8niLE8S5IyqBV8bGV3FZAs3ibgjXbzFyvx5rS5zISLOb5IIOLTQT-4HF6tPLCzBI8x90RG6EpT-I-qKfh5cRPMdN5bN3t6Lu5YvDa-mcrKApCskgbIc1_w99l3Z0RodQQbf-oP5VAoIJq
Saudi Arabian Restaurant,"Ameerpet, Central East Hyderabad", Central East Hyderabad,Hyderabad,4.1,700,ChIJGynAR96RyzsReZegbYN7C1Y,AdDdOWrPDJV9jsk1xLyywl3bQVk4jM7oTQJrtCyYe4hUlJ-e80bqoGhZlSAGhoKSrcjIVESKs3XwMyejrdzVRzR91mS2_ssTeCS3WZV2zgYdshbHcGiUXCEc4cQktHTii1DUzite4VdtzVlOEVfMxbPr8PfDdh6XMu0-KW9-05lqW2sPHkIr
Almond House,"Banjara Hills, Central East Hyderabad", Central East Hyderabad,Hyderabad,5.0,500,ChIJtdHyBzSRyzsRURFxZeSpSTI,AdDdOWqUVlrXU0GtWbtrkLOkd8HGSmzKst4FRazcoU4T-Js7adbYlojRfJ06mD3Gm2AhsqdJ_GnvpRCFfhVeMe7Lgu0mBtgfOeFa9hk4_7wEJNkZYMxOdbkTHOmEeC2ucL5vIEdjxPffTw9S1dqC5N7e6zsUhNJ6WjGFjq0pZNK-Rdl2OTWn
Firdaus,"Taj Krishna Hotel,Banjara Hills, Central East Hyderabad", Central East Hyderabad,Hyderabad,4.2,3100,ChIJjQFIhjeXyzsReSTjRjm5rzo,AdDdOWqoqBuj9dMjFfSsCmAsw82F2RwlrHU_bChx8ORVCZwRU7dqj704M_KNnBVv4TBH5NADeIq13hLN6xb7z9fhoSKdWVpES-bIOp3F2963HnjhWQwCb-NzFtdKR0zKUzhIyIQ7yzci9w495XQUuxmr2Ea0rj4VrfHMVU1pxFguVKDgqNVq
Sanjos Donuts,"GVK One Mall,Banjara Hills, Central East Hyderabad", Central East Hyderabad,Hyderabad,3.9,400,ChIJc2alCvqRyzsRDR0j1L0iVIc,AdDdOWopQCaUDoSdZl-dAVgpo0Hy53wytA69ZQ9RYnwfAUY-Jj8d6i2AoimiXj3fTvK7O8wgk8HhDFJ7AZic-LMRzcZpeIfHi5og3rHMo10dJC82-l0X7K5TzkiWJ0fZl9bWlyGC83_8_HGOpPR2OIZ7WnNvQJokVA9Y1kTJxBPw3pdMOe0
Heart Cup Coffee,"Jubilee Hills, Central West Hyderabad", Central West Hyderabad,Hyderabad,4.1,2000,ChIJQRO0FEqRyzsRueYadEUO8QY,AdDdOWpbNJl4QJtKTC_NpQw63EJDR5dkURPDuY_iicWoHUXHnSV10fdjZIWa0Stpt8-S_uzTj3_yJk_FZGrUC6Zzrg6_K5tUPi6HLLnShMmlGhjg68HzJRqsG2k2s1Z5xPj8k2I-RvBaWK1RUqgqL_zR0evb612wTeUuWFlLrIOhucufvZbX
Air Live,"Odyssey Mall,Jubilee Hills, Central West Hyderabad", Central West Hyderabad,Hyderabad,4.0,2100,ChIJDbM_MEiRyzsRA4rnMEfQtJc,AdDdOWqCiBmW4KBKusMUXXpEwZ4y32INjNGY6O8kGG-xeMINbQiSopm5rWVBjNdk0WmO-6kK-OQGAOvuSywz6cEIO8-q40JxVYP5xEkVWaa5taUcGQAR6_UE1yKmSmuMYwCynxsfNy8fcJJdEDPpclD6rH60EVPXBHnt5lzBJ5QgrfHi42_-
Indulge Ice Cream,"Banjara Hills, Central East Hyderabad", Central East Hyderabad,Hyderabad,5.0,300,ChIJmwXiIs2QyzsRxNY2dDQpdes,AdDdOWqk_yD7H5nzOhEcYuBqSr2XHx905n7DT59HelrHr1I0MrZFOsKiCosjJOzmwh_DEBckHJw-yV50uxAPKjJ2T7f1_uGVn_gWFtVtm3QqB7PzBLuGsZ-iszrwwUU4XdKW6ktznePa-_6Ub1_8L6au-vcCfOZYzh8GTpXZcv2izthXRhl5
Altitude Lounge Bar,"Hyderabad Marriott Hotel and Convention Centre,Tank Bund, Central Hyderabad", Central Hyderabad,Hyderabad,4.1,3000,ChIJVSo9b_eZyzsRurdW5Gr6vOQ,AdDdOWpk_lBk_FO6HcUC7NQMzQrL8--AnkE10eiynjBfE_BNgoakyNb7YSrmVWSNvTiZlVofc48kUcTOdopwlouWvTs5crqA3xKmPhP-ILTWaf7gX2uaHMR9xocXhKr3bgApbeh5MOUU5BRXz_SvHqnIButHx-EM7RgYjRY_cDyrHPzWF_3V
Subway,"Mayfair Complex,SP Road, Secunderabad", Secunderabad,Hyderabad,3.8,400,ChIJpbkJSsOYyzsRxb9IqvAEpI0,AdDdOWq9mSUxQLOs_TviiT_Lrch4IbWeYxPnUK0dm9aXbmy_TH9_51QRbch-UspSrgdw_UzBDU0MdgFDBTlUfF783t2IKaDVgtycqghTt6q5KIi8pThY5l1caEPgazGOjYiHCfrRQVCBJxI9SmXueMJtvnFqun791TvRnpwUMWD5DRcnwxTB
Clove - The Platinum Hotel,"The Platinum Hotel,Himayath Nagar, Central Hyderabad", Central Hyderabad,Hyderabad,4.1,800,ChIJK_O4MrKZyzsR6jMgd9wDDvs,AdDdOWqLAyYzeGqZnFODrGOawEx3txDeVVfD6oHk7jIfSp4OajXMINyNUojAhXo3Vrth6qeBK02-rqPm7xs8ynAxnSQk5f9V5NNMRgVIADufA18JKXVCGsUyoitiw44Q3oh4LNtsIK7yhRnteJN6GApZovP32bQLU_fihluH_XCqcyMq3763
Apsara Ice Creams,"Begumpet, Secunderabad", Secunderabad,Hyderabad,4.0,300,ChIJ____v8CRyzsRElN9KeyuDSI,AdDdOWqZPTaBEWxfXFD67YuAM9VHqcBadvqN8i_HLSK60WECB9DR49MDzwbg3QrUP3Mbi790PYlVlmqemAkBECpGmMjncAc3rpYcDWdaT2u9trS6Fu08ilTCRhsNf5h_qhBJVZwu34rkoOc2g7moAl8FX7_rkYbOkGSE53K59u8gvtwO6qaA
Insomnia,"Jaya Chambers,Jubilee Hills, Central West Hyderabad", Central West Hyderabad,Hyderabad,4.1,2300,ChIJVwhVYoyRyzsRfe0rDhGVv84,AdDdOWpG4qg0LdVLQgd3oB_jHeICTuPp5k5M_1TVjJZeJd4lcXFnDANm7GLOx_3rCDRJ5C63e1prMFqwRizOxzuU4XcIEXOwxwp6_pmfWLUNSqgPJi3DxeFu9pNTkTwpZStnB9ewdYJolhBywNoaKCSivbDRxaeQySbELFHhzoYPZZmL9iH3
Cuiscent,"Lakdi-Ka-Pul, Central Hyderabad", Central Hyderabad,Hyderabad,4.0,1000,ChIJ058sw6mXyzsR16nNt44G38U,AdDdOWpNKs4X7ZHSESFUZaOSy151cE0qspfhUhknplwuP1cYQSLSabE5pcIl2KnG6BIjaEfh3iajnObcntMMn-0WpQfunjsrM-rcM8zUzCbXF45k2sCLBKNyFPAz-TqBZld2SL_G7Acxcn3XwXGDviY_3Y1q0hFOoWGAhiBMCN3N1pLHzK_n
Express By AB's,"Banjara Hills, Central East Hyderabad", Central East Hyderabad,Hyderabad,3.8,600,ChIJ01jJjayTyzsRY-ncyntaQDk,AdDdOWocJ6-ei0ZjMEv4-v6pmZrT1hEu4lTH9gGVKINko-Wfjl54jbzvpc47J3JPqXr6P_62HnFdr1o7dmRseEXPFAP4iL0Fwehbb4NLb58bqpHvPR7zhSkPHH1aaNXE_z4W9gwUjs1sIdd62p_DOpAdnlDnwJxNDLlvJEY_zv8yurtegDTY
Cheesiaano Pizza,"PG Road, Secunderabad", Secunderabad,Hyderabad,4.0,500,ChIJLbPBraWbyzsROmQdQdF9Vos,AdDdOWoCQKM3Hbhhr8w6vs33P5IXV2Fum8lILz1zo_B2BIs2aVUS_lyShn2ov3K006SVTxMLC9wthNYtYg8Fhf7TOn0lzf2s8ItzYLCjVlEyrL9CNTLfpxihTPbxmWmXzcOSf9ifUEpLrYpzpuHDmIadGTnwvsRo3T0XPtm0HDpu-x2DqBVd
"Haiku,The Asian Kitchen","Banjara Hills, Central East Hyderabad", Central East Hyderabad,Hyderabad,4.4,1500,ChIJg1Lm8SeXyzsRmQOfVvh0RWU,AdDdOWrH0MNw1Fs-VKs5em51ZuPDkzN5FWdAfwmD3orFKZnTt-Y4VU8VY4G7McUcwKNVZOAQk7TjSTPE_kTocIBymu50nmZgQKDrqeBfSL2goUr3jG39Uca7xMl_HMQo6q-QvJwFpJpD65VnieIzHpfpRso6tPAJyY03kID1v763LMCP4QeU
Ohris Eatmor,"Ohri's Banjara,Banjara Hills, Central East Hyderabad", Central East Hyderabad,Hyderabad,4.0,1200,ChIJ5dsiE-CZyzsRd0f1-1VJho8,AdDdOWqCIacHb0mwM091KmD-2ByCmVOHNNdDfJIty2PO9pJLCLdoWeThkezonUh1OZABOU2vshlI3XbQUY8KZ38JdDkcToIRT90YGGm2zNnD8rH9hJUQe4JhMyj5OWTB_o_1vWjPrgYioy7tKB4NezWb8krewsCRjZWNbu2aZTIaeRDFPC95
Ocean's Basket,"Banjara Hills, Central East Hyderabad", Central East Hyderabad,Hyderabad,4.4,1600,ChIJl_tqjiGRyzsRhmkArx-sJNg,AdDdOWr8qrSgo9rVpAlfhfOVVUBVv0IcsOHoQgFBOulnfahOV35Xq2AZf5LLltBP6XKh_N88htKoVBNHpDxmb02fx8c7Ubj5mOlLIgAuPSA9Dcqhxj662H3SOZxvKnQAZDeCxPO4MdanyztXyySERb-9ON2OchC0oP5mS1JPrAnIclj7i7U-
Sync Restro Bar,"Best Western Ashoka,Lakdi-Ka-Pul, Central Hyderabad", Central Hyderabad,Hyderabad,4.3,1600,ChIJk8r0XV2XyzsRJ4dEtG2sIUc,AdDdOWolYWKBw8aUv0mbpf7kLykJBlRxppal1dcDDbwM5rgoUcCNZo9VvWxMVlCq_dISb7G1W9hl2btFBIfrdk1ZSc2ScWwX7eU138e-XaS-vPWI1n7pz-ZObOmt36VnQnVF45xPnJS05RlvGHNP1MPi0-jAxnFryhF8_swsmEbi_yxrtJmB
Bar 41,"Radisson Blu Plaza Hotel,Banjara Hills, Central East Hyderabad", Central East Hyderabad,Hyderabad,4.6,2400,ChIJx1GjvjKXyzsRmSobLg94fjc,AdDdOWrtr_GmSSzlxAIHNXANyShflHat7kRP6FGnFHphGDIORTa7xXV2i7YL9Q0Iyct-93BV0H8umn4cXETWulWcl0w47aPf9G0Ex5dgD5o40WdJvWUEwQ1vxY2pmVCUkXibq0-Ls-7vrrUURuq7OTKfwHILe3mOWfP9GyqvLFki5O-m2UZF
Touch of Class,"The Central Court Hotel,Lakdi-Ka-Pul, Central Hyderabad", Central Hyderabad,Hyderabad,3.9,1000,ChIJcRUqXV2XyzsRD4ofGObdKcI,AdDdOWqZ5lYNpOngskupQUU8xfj6BooVqcH6GjgkrKDGWxazvvCXRuJJY0hcovHohzfFaBDZyQoac6adRD-GBb2DoutSEeI09zDErFuQinLtgjOYDteG6DTpytacIxUBzix6IccvTjOP7Jx-Innj8NHgezOUGWiaIBJdNdRla7fJvVOTnCak
Ghrelin Cafe and Patisserie,"Banjara Hills, Central East Hyderabad", Central East Hyderabad,Hyderabad,4.4,600,ChIJFc2O7UaZyzsRtA52QTgQiLk,AdDdOWo7Rd-3wQBQSbWIA1DM-YHltdSC3RI1IPq_8sm6z_aNgWUef8STspZy749mudFn2kRIhhGU7XW--0eVELuR242e3Lxj3fEDCZMiiv0xxVCW0NPFfL0PApjpxaNqo05Mif_yqAxpqT4rA4Ay_gacGxC2oqKlAKNkq6ZmBcpDxKNbW_qL
Huber and Holly,"Himayath Nagar, Central Hyderabad", Central Hyderabad,Hyderabad,4.4,1000,ChIJE-Ad0CyRyzsR9a1bz8ftr6U,AdDdOWp0QSl4yIaYSwslkN-lOcCNA-qaoMJci5Aby6MdBOEiooZ214bgjoWB__0ilOov1mp_xyp0w_eLESVI4EAKul8kloCzcFdQ6_E-6q3Jm-Wg3New53Zhe7my5e1R6_tVppHlr9Tay-AGFtKLNElMHKTgNdWia1Kauneo66jq83WKgmWe
Chill & Terrace,"Radisson Blu Plaza Hotel,Banjara Hills, Central East Hyderabad", Central East Hyderabad,Hyderabad,4.0,2400,ChIJmcIuXjKXyzsRmwefb18pXaU,AdDdOWrfwYOupAMkeqs5FDahhqY0oDGGhW1fszQ6CmtdyySu4QQZJxQeQ9oHc9cF33Yk9MTMxi4wGwRZedQQlgR8h7Yv0Ymb50JBFpqgPuoklhHPqrI4WaWKt0PG_cwyYEyWzGj75L049mYemeyverkoFD9DD_RGahTC0gkvMha5sQV7HC_4
Telangana Spice Kitchen,"Jubilee Hills, Central West Hyderabad", Central West Hyderabad,Hyderabad,4.2,1500,ChIJK7tKKk6RyzsRSAjukcHok3A,AdDdOWrZRNsfulvgQAvGKY4g0B_MjiafKpb9y-WlF0hQChrXF7xyrBjL4NODlLjVLIxdF87ENnSbZ9wzjhsWlZ5GlOodkey8kwopxZFHPn476YREhSIe76JO__aBRPwBO39Vi3YeDRdk89pBN0d6b_QrKE4q9jKs1l3KxULGes3KLKman4Bc
High Spirits Bar,"The Central Court Hotel,Lakdi-Ka-Pul, Central Hyderabad", Central Hyderabad,Hyderabad,3.8,1100,ChIJEeP_Ql2XyzsROR-XvP7W-0Y,AdDdOWrhUmKngGtPdps8aAnePCnOAU0-Gwj2TkIxgsdOCWuBanTXnEKWaXeUebj5exVq29c_kaSY83GxEIXDXl4kNilO-SMIa2RgvAo04H77HM6e_MHJ7U0XEq_uH3Gr0HqA07Z5nGYlS4lpvGCemwHSMHt1xhEMggwfdReK7qEakWRZmRmY
Cups & Plates,"Lakdi-Ka-Pul, Central Hyderabad", Central Hyderabad,Hyderabad,3.7,1000,ChIJzTha8cWNyzsRtqQijP5fF3Y,AdDdOWqn6-SC1fCKzqBAh5rGV-XC69raX15c3i7vA0mEv_kyYtejuJIsN1SEGQVPN0un8XD6XdoCNeIDN5TQbMMdgLxXLe4ZOl5K0xLTAzBj_CtyEH-Otxis4kFcrEL-LEopeWEpQ6zpJIKwIBFtXqeaBh0CeJ5ZglcNwryHJ90rtnfuLvBo
A Bleu Basil,"Far East Plaza,Himayath Nagar, Central Hyderabad", Central Hyderabad,Hyderabad,4.1,1000,ChIJO5dUDe2ZyzsRrbcesDihApU,AdDdOWo08e4ecsSidx8qtV7N3Xd8QOunYISjzIR3h-sFhvk8YUGVZy-xxpc9BBzMKVrCyI2C3peCEqJAUFMaxNm0dvfmE9NC-RyY7B21IOvH7uSDYXy0MffS5Us-CtB1YYRqYREpxVzIHqfYxKYin2bye4Tk5bEapY5Tx0HYlGWe6wOgSTGz
Ohri's - Silver Metro,"Ohri's Cuisine Court,Basheerbagh, Central Hyderabad", Central Hyderabad,Hyderabad,4.3,1100,ChIJk9PkEuCZyzsR2E_9pVbWzjM,AdDdOWpOSMEd0yu7iegKLQI1ULP8zzZfMMtMvIdNduxvPsMj75pjjkVnAfW4e6hRqJLqBKhbyyNu5ZaHqJgMhr9fwHehYyr9YMIz7ifEiaUkAOEf7RNqU7KQbTG8ebbrBTiy5tZQEl8MQYVmijeISgqBj-NYcMxq-L2or4xB2zuFIL6WELr0
Biryanis And More,"Ameerpet, Central East Hyderabad", Central East Hyderabad,Hyderabad,4.2,1000,ChIJLYzka_qTyzsR3vgPEZCJNcE,AdDdOWo5bysgHXcpcq1GrfF4COPvZrt-NYjqCNyVCm0fMv0Fr7r3qQPQ3uRgHwkiSjVAn2TN-mRVxpnEq7mhdGFoj8iTnSNlck-i_aY3eS1fYwgrTIi1uuk3aG5UX65EODpILJyNc1avu1SnApvc6xkqbvcYCJaM45Oukb8aDue3acxvBoY
ABs - Absolute Barbecues,"Apurupa Silpi,Gachibowli, West Hyderabad", West Hyderabad,Hyderabad,4.4,1200,ChIJ_Q8c8ESRyzsRLZngwt4GTh8,AdDdOWr41nmQPAweTmINq8S6e3mnABJjPpkCOOeu-MkR9PB8q9_pWq73NKPBw536l0PQbUcmziepXxpNqbueCRsG_-QKjGJ5o_6__bDj1hhdm8lOyeIqj6Pf5EdRJfamvQYA-r7aIEJtwOvdIslVg3Uy7Sq3JQgvSfNAvlWute4ZJVCPLNQA
Level Lounge,"The Central Court Hotel,Lakdi-Ka-Pul, Central Hyderabad", Central Hyderabad,Hyderabad,3.8,1500,ChIJyREBNkuXyzsRzlHnIlAfHZo,
Mid Land Bakers & Confectioners,"Ameerpet, Central East Hyderabad", Central East Hyderabad,Hyderabad,3.1,400,ChIJLTZf1h6RyzsRcyI2J6ESFks,AdDdOWoTJX4q18_r9_HEFUAHcRLsanhI-ip3PpceWdNs50dKi_yVzNhKgKKLsoED8Xb5p0-d94R-G61j8k6xj1oJldBuW6gD49m3sTvht6lfjCGwrfe0trCiUtDSZfr5zmVRCPCXYd-NeTarZZpyTI6a-lEd6egI9AkdfKE8V9WPxe8pZIOT
Bikanervala,"Basheerbagh, Central Hyderabad", Central Hyderabad,Hyderabad,4.2,1000,ChIJF5hj_DiXyzsRn7P0sjf5hkE,AdDdOWrdu46n3i32h0UNm4wjUFPOv3Xt1dGhkZkq6FbDPrrotljeRT9XgKU8JHIvtGJiVJLvwSyc0Hqgz7pPzxBA0TBN9tGuQwIKRrbdamFOxF18iOfyVvGbuGpnGDKSf9Oln6jQWaFrxWRJIZxMLSxdJ2kwxtH8YoxEpOOSkHiujxLa2rfI
Lobby Lounge,"Taj Banjara Hotel,Banjara Hills, Central East Hyderabad", Central East Hyderabad,Hyderabad,4.1,3000,ChIJialchmmXyzsR74F65ZfaVlM,AdDdOWpKGhgxklWDIWInC4OBxcUmCqNeQixeZk7CzgeZdrnpJnDc3e9PQgApfZ6c8Cs7h9W2WieMVLkB2g4-aQo5NWd2orw1viY8lDDR9bbWYzbJgorhjDByrlX9FCGCjSH7RbamJpIxrannjxqyXyqn3wqMdMef373IJnb2hWrdLDMgCuYj
Waterside Cafe,"Taj Banjara Hotel,Banjara Hills, Central East Hyderabad", Central East Hyderabad,Hyderabad,3.8,3000,ChIJ56fEFzmXyzsRHHfBpG78M9Y,AdDdOWpdKVsB8V8Mm2atKAQTTJkk-crl8aAC1ZqipB9mDjwfmAGyAKTYcJTj_fs5bloR1k6MneQZpAyBUd-Y9jVZuVxYU-FuhSqlwwoZ3KXro0llTyGd3_hH6XiGJqs75VljjF5y2Kx751QEP3UUUuEGpaQoDd8a878JsCN3Cc_1oI69LzjB
Cassia,"Hampshire Plaza Hotel,Lakdi-Ka-Pul, Central Hyderabad", Central Hyderabad,Hyderabad,3.5,1000,ChIJR9dIWCCXyzsR-z_8YStmcAY,AdDdOWqkY4msFVL0xs1YfxNH8tqVMkgZZ9KfUbnTBZjx-qZFmfZ9gpT8_oW-NEm0cPCsYPSkLDXctC3xq4hC-sAkjxtjQBshxyRCo9SJ_TXKZvYSAuMxw_qMkvUqqNV4LX7ksSKcpTe4FtCYN3FO0T1CCBTfwkrgRAoXe7e9xwe_Ygb_kZo
Eagle Restaurant & Bar,"Shree Venkateshwara Hotel,Lakdi-Ka-Pul, Central Hyderabad", Central Hyderabad,Hyderabad,3.6,1400,ChIJAQAAwGiXyzsRK7BK7qMn6Iw,AdDdOWqIidRkZfkW0c86hCBy17BRiQMDMCJ7Q4sPU2_vcxNmUc1-QvfJiBe7ElzjlmWBOhDG0DRgrn_bou187UrjwVaO_nDsHWRu26vLqJyhk-aIyOImx0OpTT7Kwfp6k6aUjDH7C6Kz5LmSh8WB3URaJ11rn5T_O_9g0WeuxCABUyBcs0Xm
Kebab E Bahar,"Taj Banjara Hotel,Banjara Hills, Central East Hyderabad", Central East Hyderabad,Hyderabad,4.0,3200,ChIJgZLhFzmXyzsRtxHLs_prBZg,AdDdOWpUPzss4kH-fopSPP_VMCvyvKNb_Qlr3rSzcY6O5vGkgOsvyOQvHbJVdBKDSx7821wk0hRK5Ev99bquYnod0VbgiKM9Squw5hHHm8AJbxyo4YuADkbSyaHra9gLg-WAg8hj8SQ2UanxLUB7UQze2bkp3IxQPQOUaD1MMzgtdyQdo9If
Amantran,"Himayath Nagar, Central Hyderabad", Central Hyderabad,Hyderabad,3.4,300,ChIJY-WhVOuZyzsRcAzK_oL9sbA,AdDdOWp9tvGFXU_0gtkFFSA3HqS4u97fMeeeubukljlpAmLBDBEbKZsfaMFCxig2jgmqZBnl_-RL-0MSA5qvhXya_T2w7i_xLqJ5AvoxFBslPx7khyOMn9wzaYxwJwDaua8yScHQ8U_uUTo6ypROkjrc4G2p9GmAf868hlj66gF94o_jf00d
So. The Sky Kitchen,"Aryan's Building,Jubilee Hills, Central West Hyderabad", Central West Hyderabad,Hyderabad,4.1,1800,ChIJ66ViR86WyzsRIR8Wwjtiq1o,AdDdOWq7dQNes3gVEGZ3By61e_r8q5ICogpxx9q-yCPCbR7VdcCODR833P3iHA80EEOxjWaG1SqviO9FUi9iXSAVVazh6KhT7p8jGBEejBX81h2RW01GxWL05OsiNtf822-9M_BNfa7Mgdcl0aaOQRHywd2Wy91HcP6RNRwpuC8bjK6QKlc
Hydrate - The Bar,"Hampshire Plaza Hotel,Lakdi-Ka-Pul, Central Hyderabad", Central Hyderabad,Hyderabad,3.1,1500,ChIJl2l9N12XyzsRWQdSRlfWQf4,AdDdOWpY5FU2fBoOue13z7pqtqiFHhApciMGUbSPYStDwGvD4wMF1KkD64uWyCdxQE3lTLh_hpzwjKXk1re42F1j1uyWi_SMjApjQW_dSqoEbF-7DMglv7OKoWlO7jWxxfri1kh-iv5N_mtMUsnKsN_OB4x934aR1Uqhb1rAf3bXw8iekh6T
Lazeez Khaana,"Himayath Nagar, Central Hyderabad", Central Hyderabad,Hyderabad,4.4,900,ChIJq6pFBoCXyzsRShsQ2J8ng6w,AdDdOWqu4Y069V1fYZaMwgZAfK9LIZnkCfIUH7Ye-MFLNFnisugtBRvzl7C8Jj1l5M62Dw4EXsEI70uPXqppL5yZXtwSwVaUFT3KEsm4-KDqMQ7LPYCQ_2EL34xGvHXDFwmc1p_LV-98pa2SGvfXuyNYhjP9VCAwMBOYIq1JFWpHzJa5xkDb
Cream Stone,"Banjara Hills, Central East Hyderabad", Central East Hyderabad,Hyderabad,4.2,400,ChIJs2Z8Jy2RyzsRUvMabDrmsNc,AdDdOWpP-R2Ch0l_fgE142aZ-ayV3xVwgjjO5iHARI4epR8tCaBxWanz9RCTD5BeC_xYwuMqsUnStcGEKW4wTmMj4QZec-qJEjiia3CfiPMyYjjViHN5NxUyvYC5P_InFyXwUR2LE85imuOpxkO5kkLPPvEG0jlJWct1qmX1wIlWCUfLSSWa
Dakshina Mandapa,"Taj Tristar Hotel,SD Road, Secunderabad", Secunderabad,Hyderabad,4.0,700,ChIJB9csis6WyzsRt2EMKMxB0eo,AdDdOWqY1ZKau-DRij_fS-zRPef_4c58sKhUKy0cRWp2SPdhlshDvT-NkDncNEZR6rI8mQuqiwdfdiUh5BxPVmIaOfe5Wst4Emqfsc2eaflQsBbzeh3yE-TWOqQUvSNttYJ3t6dC5vOrmv8bqT7Dz-Ko2NjHHBIX0X1hIk-kgqkyszVdh6__
Four Square,"Best Western Ashoka,Lakdi-Ka-Pul, Central Hyderabad", Central Hyderabad,Hyderabad,3.4,1200,ChIJeTxo5bWVyzsRwiLQFwKyEpY,AdDdOWqH56m785i4EjzMvK9sTX_lze_J0Oxjf5mXXKY7i5AR09hNywUDM8m0uEvUazDTJiEMRMO6wrXJ0hwv6_Fxa1ikAJBqy79hv4l_7YS2UVKe_EXfl8cWFaiz51hUIEJ-Req8DxBqbjB7E2PimlKaysJ8I2xcvXQ8q4RH3_KlMWBR9Uh3
Hotel Shadab,"SR Nagar, Central East Hyderabad", Central East Hyderabad,Hyderabad,4.3,900,ChIJKyxGIoiXyzsRPY8PASGdTW0,AdDdOWryJnCksC3pB5xpmaQKZbVq_rRQOPY2DTuRWV5uxesJZkzq84feYrsD9lwJaHAyPA7ObJcj01ZPQL1rcHNyBLgBkREUV1ak68f3ttpFhH5i8-NXurnO5MDoFBLhzvv7u9xhSJHMnKQhVfubfvoBgVwS9mD_mvKAFvqWTro2gY7lOm1p
Southern Mirchi,"Banjara Hills, Central East Hyderabad", Central East Hyderabad,Hyderabad,4.0,1000,ChIJ-wxFMMuQyzsRSJ9bQ3OspGM,AdDdOWqCksLPvVR64D0NBjU0EL6SLR8I8QGEYIDB50WVezuk5pQY5T_mrgzSrvsdbX5jXnpEf3s-gh68UnC1rBeLY33DKyjUJP-VCpjIzbv38we_wn3bVQPzspRZ1jw93RWoEKPsn9C4aXthUiHbs7OaHBL-5X6Ez8Gp9oMeRM_KCulvLfYg
Makers Of Milkshakes," Sri Nagar Colony, Central East Hyderabad", Central East Hyderabad,Hyderabad,4.2,400,ChIJf5uxn8aQyzsRVTlUc05OoJI,AdDdOWo2ZZu4XV9fL1jwybQ7NAY3HBZPKv2Yb1gqSX8ct1iNtdQGCNdlw5ULhl8OeB3GMxSKwalKUPDpCC9eq8iitdyQkOwLOWjHnfjNwtGcvezNx3JKkYVBOK_Jl9jRoB4SIDvKRcenOE_S7iY41HKHnmwzhmtjSHsz8TJuIJCXkc-TJjGa
Hari Dosa,"Ameerpet, Central East Hyderabad", Central East Hyderabad,Hyderabad,3.0,300,ChIJrWbYUoCRyzsRoTkiyzA5-qw,AdDdOWpB-6Kv_lFfid3ql48Dmy12UlKSmFuypK3S_SZ2a4cNboXPjZiCHSnz85ixPrwGdBATQeBCLDw9Huc9VBxtZrSb3YR0HPPWCWtQLj7B-jFjYuo7iGF412GonAgVG3UTYxDTL-DnjRer9772BZeYLKzRYD7wPVVilEIheHaa8KGL0dK3
Reshmi's Classic Restaurant,"SD Road, Secunderabad", Secunderabad,Hyderabad,4.0,800,ChIJ4Vy0-hCayzsRVnm_45L9CPs,AdDdOWohJFKUwScKrfyIobcLVDisAsJT0_DZl869tmRCa4OERC6KaeXr3EdlgHwJrFaoXHN2WJJli15bYJfzZjZ7olMPqEqtPGn30IivuAHFN-O5xMqoXYZuEs66ytzrf2uLqKiYPi50RdxJu7j1edxLCsrD0OUYx7sQlMvB-QcA5uMECIVV
Abids Bistro,"Royalton Hotel,Abids, Central Hyderabad", Central Hyderabad,Hyderabad,4.0,600,ChIJ1e9RS32XyzsRIAKA_23pH6c,AdDdOWq7POwmcZUQzOz8NlppQUGJNNTVCGuLTnv0T-rzocF7QtDrFV8vj-lsNJSAU1xqta_WnjAOm5MENqrtTktU9owTHimOguXow0AQzPI361m_QQ63i6Bfk3K5Pta5Of_915Hb-9mV5GeS5wwkcfOaK9UG5JQJwG9q_ew7wMpC0u7RP5yG
TOS - Tales Over Spirits,"Banjara Hills, Central East Hyderabad", Central East Hyderabad,Hyderabad,3.9,1500,ChIJz3JD1iyXyzsRcWUakNzIRX0,AdDdOWqA28pdoFkty8ocr3AscPWxp1sQhbn8cYFi5VwHw_zqPYgFxtMKDkpIqtDF6r-swuH6xOzXF9Q1j7xegxtMS6wQ-z26LRJuTnEmvHCBzDjb0QCMpZZiaGwpXmOl-BxbL9DqkGfBU3UWCMhnLwh2QPzXGmWc-kk9mnyKoJCQRl8FBnaL
Ohri's Mehfill,"Hotel Baseraa,SD Road, Secunderabad", Secunderabad,Hyderabad,4.1,1800,ChIJ-ZB1OT2ayzsR3dHmu-zogEA,AdDdOWqpyl41RYVuov188j1pc2JI0kUOH27wSB-JMDsdd1wehGQtEBf9wKG0ga2G-nANigLdS4IBRj6_uOWMpzTfZjGcMicvB3ANZ2p7cUvzGa_esAXSjX7jkml07nUILeEPwiOYmSlN5YuaS7kLOg2BSq_SWu_wK5VnUSFZzUG26NFqho01
WOFL,"Banjara Hills, Central East Hyderabad", Central East Hyderabad,Hyderabad,4.1,600,ChIJfTCFb2KRyzsRjnASSngpwIQ,AdDdOWpqX5Q9hfdHDWd94n6_J17sU0SCMzCDN50b_zxg1DJQYXQXfzlA58RWaj1OpxYxldvo4qtqbpVnMZTbd-bqBd6wYK705oc2N13WGOgnEJABCf2zpvZJg1KPeoa79IGaqscZJiPlkjgggG5HcPRRRWTxPQpKEvbIRUS8RZOefMtSR9IZ
Almond House,"Lingapur Building,Himayath Nagar, Central Hyderabad", Central Hyderabad,Hyderabad,5.0,500,ChIJtdHyBzSRyzsRURFxZeSpSTI,AdDdOWr8SFb3bNrnT-I_PtJSIQXivTPh3im9VeUKtUwDw4-dGf4m-dEbV7egCmidwgBw7MwzZG97cg-esHtSiyjgCUXdzZeLKXqIiUwqFVAB7UGUXVt337FfiCx8-oN_KCCB4KIom5tSAaILpvxkrDzvF9WyWkvoLxKTUevqkp-xT8afww5p
Holiday Inn Express,"Banjara Hills, Central East Hyderabad", Central East Hyderabad,Hyderabad,1.7,1400,ChIJ0fCVSpKXyzsRljNMQdyrbiY,AdDdOWqOGUXAZOCvSorM25FPBo8UXN9XwKt_ev1fLj4mecnQMRCka6Awn3GE16rSPyqfPPYivGv_hlKgZzc3Y1YNfVk-FWiXc0tf4LHTOmRkFYP4KVwvgRlGSSPh5vnhAJnwhmFB3lgE7Q0EheI_DFYwmzD_wgGF1yKw-RqSrKc2F7QOJMek
Harley's Fine Baking,"Ameerpet, Central East Hyderabad", Central East Hyderabad,Hyderabad,5.0,500,ChIJKRqDksiVyzsRBbaBpRLyQ5E,AdDdOWrWQ7FdUVdiilSMKGDSitoghJ8MT9jxmrVzl484lFOjon-aTEcY-iK6LbD-bjBAOO9G9icSiJXufTnQbJl9ddkJ9OdNpJMf0vpwpWTPpW0HwJvl7FtJJcef2M0WUJK2QHOwpu5fGiK4JMclbB4hQcQtUlXiuc5bQVqPkTY9rgqs9alK
Vivaha Bhojanambu,"Jubilee Hills, Central West Hyderabad", Central West Hyderabad,Hyderabad,4.1,1000,ChIJeVurljCRyzsRXvkaOVyKuIo,AdDdOWpyO7r9neVjydFTWIv2-0WKlDP5CPZ6QTEOTPFCnyb7wju6zATBMGhFUUarOjpg5eHQPqHyxA_ZwzVUdpD7R4wClHSGD4n6BS2dtxHhybPI4EgobiP7_52z5Zyp-H0ng_Qypp08Fid8WKWaNq43hYqZJeKkYdadTOHdhmVO6xBNPata
Shri Santosh Family Dhaba,"Banjara Hills, Central East Hyderabad", Central East Hyderabad,Hyderabad,2.6,600,ChIJ74M_O12XyzsRm1vAqsAF4Bo,AdDdOWq0y0VsO7CM47SMM3qKle4yxqRSnWOjxJs_fiTN6kO5Yvrh2-iSxyD82GYHs0EkAE1---W5H6M66OFIijCXNoumA1lwjb-m4iToAjbdrPo3MAjOdIQZmqKAXwOHvkoWvr7YrsUZ7Grd4go0_6-Mg2GmYzYvFygOPRv4sokOiHJDDCk_
Rayalaseema Ruchulu,"36 Square,Jubilee Hills, Central West Hyderabad", Central West Hyderabad,Hyderabad,3.9,1200,ChIJIzULLjaRyzsRzID2G355Ccc,AdDdOWojMwoy5T7QdZrQyXrd_zyezrS_nV00cDKeouEqRLBUr8r6mmBtAr3o8_yHRHlDdiiZJMiH1_hHdXtYId0Bkrz-ezLc-IYwGHOj7ITnTTCXMg4DbBI_ZcA9KjFIlP_z5qqWq1bkFJUT_i1XvpK4AYGrUr3p4jHaEMlJNuJe030Zs2_6
Platform 65,"Ratna Arcade,Kompally, Secunderabad", Secunderabad,Hyderabad,4.3,1200,ChIJ6_zroH6RyzsR22w7a-FIq1g,AdDdOWpb662G0ePHu51JZfxVjI5sh29s9DqPWtXoN57KKG5VrwmsxxwskB4PsvUzfCy01xpsxvHarcHsy8FSKtacphBAb4E0lTYqe0VHO8QTpPC0KUiIbLjtDs8utxZJLjfqW_wDfqz-JP4nqxMKAU1r1iWpK54NRSu9SJKTZkPYWP2MT_Fb
Flavours Of TMH,"Taj Tristar Hotel,SD Road, Secunderabad", Secunderabad,Hyderabad,4.2,800,ChIJs5L4Fs6WyzsRQRlVKO1aJC0,AdDdOWq_aLcE1OzdUAa0-RrhtVZm37TdJ7KMzd-Xx1eJDgzuqIEUILgoEmq44fxDXt3sQOwID9mXq6e0aobl9A-Da4uIxy1qzMf8QAo5UUm9Uz7T8F6g0NW9wyVtH0A9Xvflzo_1J478819Tfh1Wk_ehC5p3tpwRuYCVLzyXcgTRqBuYemdQ
Salt & Pepper,"The Central Court Hotel,Lakdi-Ka-Pul, Central Hyderabad", Central Hyderabad,Hyderabad,2.8,1500,ChIJAQAAwGiXyzsRThmTW6exQXM,AdDdOWpfOfUzMgPF1lOafBDZmIHyV5seNhKzH0P2M4kXGeTt3fwRmPOQBcdvZ7lselVpxgAZq-r9G3i42wqLrJM_vI36yiZnyjBeMzd4icnPF0-T6B0q1ckpUcfiUs1n2d_iqJPlnE0p2RTeSxhmWLHRigejAnX_gll2AldTyisYgTqBI_-0
Lazeez Multicuisine Restaurant,"Royal Reve Hotel,SD Road, Secunderabad", Secunderabad,Hyderabad,4.0,1600,ChIJ0c_wJT2ayzsRSas-rySfdHw,AdDdOWouN-3dIIRb-tkKnFoc46nXJJh69neCVX2B85FsvKtN1q9ePIQLidYOYQ-qAc-dMxUfczzMBDtPLZdy-lxoepK5hQN0ZjTQY5HOz_i_2xbOedQ6fxw2o9PIfkzSugS4Og54KamaSmGvpdIc5KrN7KF15x4o7I9XVhhAJBO73V3Kx0yC
Tre-Forni,"Park Hyatt Hotel,Banjara Hills, Central East Hyderabad", Central East Hyderabad,Hyderabad,4.3,3000,ChIJdwq3qiqRyzsR5WmhlsTMzhk,AdDdOWpvQqm005zUM5q-YJnh2QzZpUd-9uq9KysU5PbIpLcci0SM5XTM3rTcQ85atDbNA24dyQhLIY7VgHmexbD7qIRfUvFUQk_ZlbRQe-o91tLW5FDYfLk8peS06CY7JvuGe05XfoRyA2tL54G67h0bFwF1n7ZzdqJibyS955WQDzUFf13q
The Board Game Cafe,"Himayath Nagar, Central Hyderabad", Central Hyderabad,Hyderabad,4.2,900,ChIJs04iX86ZyzsRYcdHD7IQd-Q,AdDdOWpH1fn0UfwZLLFVUOdb6CV5k__jewfW0PiQuRj89hlBK52oqOwUVmnYaw31yXd5-QDIG7_vt-R_ozeyGjlR5OaqmcSSslHGPvjMWtYIREke7XiAAFfeX3V5fohNbE7w6nw8dV4w8hoP3T_YaT-Uqt6S0xWapYCioC4aFIbHbp2Yu4Ja
Icekraft,"Banjara Hills, Central East Hyderabad", Central East Hyderabad,Hyderabad,3.3,500,ChIJv7ZB9ji25zsRpxkquj6KIC4,AdDdOWqinCsqPkj0p3dODUb8-sjakbwgodIIMRHTO_XsaPSlf0U8Y98f2yA5Kj5szekWLNyMUirhtMOOOXn5Lu1FEom798sRrfsISGfrwIHhyQElUo0XYVjIh84lzKgGJtGV3sMrTLCiLcR1-ZST1D_Xt_Sep35VpGBjoqfKHiwI7ViI-m7j
Apna Rasoi,"SD Road, Secunderabad", Secunderabad,Hyderabad,3.9,600,ChIJwf95MwCZyzsR5xm5qpAUF3g,AdDdOWoyPQT-lhnPv6mSN6haZ2syAJ7Piw2lqBOWn1FP4fc5fjbVphqaFWf-JfbAIRrmJUl1LcAJ3Kmp66fX1zrcDOtIRgovZ43S-2xD6bGw-J5EVWJr4-5VT1GnLq38WS6xJiZwwauZKEo4faUv1ZmjBjbxIlHx8y7nqgwYuHvElSG48KSg
Beijing Bites,"OM sri sai towers,Himayath Nagar, Central Hyderabad", Central Hyderabad,Hyderabad,3.9,1100,ChIJ8RsvvuCbyzsRZ4Q6fUtBihU,AdDdOWolmE1uOM6mllAlIWSd2JNlfWm32ZDdGKiCGfLYAMo3PYQXYg8Mpc6ilSgbbaLfazfbR3E9YTEwq3DGkCuOcGvTzY5W-iYbP_w0sXMdeW1xYO8vNva5a1hcYccLUsQx1WqpINh18FxIlqCVjIm3i_usPiTVZw1Bm-aVPy2btmj-V1rv
House Of Dosas,"Banjara Hills, Central East Hyderabad", Central East Hyderabad,Hyderabad,4.3,300,ChIJt71qW9WWyzsRo2WRo4Yk2BQ,AdDdOWrJ5gWgrrrBhXDMmTiaTmEFg8PgGwXxYp7dnH5S1QJHl9FhzdMQJfpKaKmP6BK2rYvv672Z2LETTZ02-asCKMaEikwIDcxHLmHy5mU1MFpTB_d0lSbqEchUuPaf8tXmZ8oRa4gUxD01K53tn9Ag1qnHlDmTX0SmvQhBVYgx-MWEWXQ2
Waffle House,"Banjara Hills, Central East Hyderabad", Central East Hyderabad,Hyderabad,3.4,600,ChIJpeXf9zuXyzsRepb9DR2T_uA,AdDdOWoria6gTaJR1fuPdW1MRJ-5O1qH9LslL9EzKKtmhRPdbxxj21dQcjbhcQdRpSEa8nuz63i9QWBkW1cZzr8oJ8qSjYeWwYvOytmUQzLI0V_4wShoOt95WNB5XIcH3kRnJWbx7jwxVdpvwz0NXi5PgGFKkSH2W8djnKkabcsJI-ZiSwPn
Black Pearl Multi Cuisine Restaurant,"Basheerbagh, Central Hyderabad", Central Hyderabad,Hyderabad,3.8,800,ChIJUY5vqd6ZyzsRTJRWea1HHJM,AdDdOWql477E6S_wlHHaIus6F3jycNKMiV2OdqmdEAP-LSG-OWm_LrWkKnc0LZ8tzRaq-a5eZ_wPrxoDTXOUnT9os8x5ZbnVVTUNQnxqXBxd8aQ_Xp6pk2T3AYZmIxH6LB9aZv23vlz6emS2lLpu0gzaYwDDn0VaKDyD_kpw81S8Yk3706Lx
China Express,"Terminal Drive In,Sindhi Colony, Secunderabad", Secunderabad,Hyderabad,2.0,400,ChIJbdErAgmayzsR0phf9SV6ndA,AdDdOWrZff3i0L4a02TQueOd3cgx99s8y-uHeVyplOpQpwXKc3bCiqav38tfk359KAbZFLaZf0i7RRYu2kHY6xzmpf2nMjMftNurtKf34cl9WSpA5p4hbKO15m1AArwvSpZxcohSBvNbZeQWMZCGIXF4u8LKlZlOy25UspQ63z2Zw1rjA_k5
Huber and Holly,"Park View Enclave,Banjara Hills, Central East Hyderabad", Central East Hyderabad,Hyderabad,4.3,1000,ChIJE-Ad0CyRyzsR9a1bz8ftr6U,AdDdOWoTx-0gtz2rzSBg8mJo97ITk9ugurZfYHQ0ul-36dnPCyUwcNqaETRyPorvOvfPRRRTrqnbQj5WfoUJFn0gOfVcQ9PnZ7ssMV_bkj-uKbhqOJeEm0_Jhhr8p8YLgFKfSem3nMgHw6RSoQHMefChBLT1eTcBPT1u9I8tFUihZqJFyQDP
Ohri's Serengeti,"Ohri's Banjara,Banjara Hills, Central East Hyderabad", Central East Hyderabad,Hyderabad,4.2,1500,ChIJDapumiSXyzsREo0psawqKcs,AdDdOWr9eGGh8SAZVj51144P5Q4x0RXUtK1yZa47vgXTrRDFee_I0Jc8Z7gql7cOw08d8NPldeMorw3ZB0Ijec8Sjyi30KpOgnC_xuFaVSj_BUTK1uzz1M4PdF3_TOsXgSJO_G36vcKhejiFL2dyQxeJajc7w_sNbAz-9sjuF2-3DpEm908u
Frozen Bottle,"Himayath Nagar, Central Hyderabad", Central Hyderabad,Hyderabad,4.0,300,ChIJc5bZXRCTyzsRbtKxGy8YeeQ,AdDdOWrtfxKDzgDg2H85gEjTCIwe4o327xj_0LCR37QeUHUH8C3qFnJ62DBZyy3I1FumQepe_Yuvri7Cjrc8fi5Fig_YP9G6qaGw-JcpCxFbxOESRj2BAAqkM-RGXaRRFQ3iayIqf24f-7hXRLx5_P-0_Vlq9tqWBaENdOKo9MRQLyH_vUNI
Eagles Pizza,"Himayath Nagar, Central Hyderabad", Central Hyderabad,Hyderabad,3.8,600,ChIJrWNKEeaVyzsR5SfE3IpajZ8,AdDdOWpELoihBDT-mVN1H9E64rkooCBLQRzJdl1p3-xZ_ilF_DtM2GwwkAud1IpSI9QBFKVzA0L-bpLYhpT95P6Adk_fgiu0FhFVDL7QIe5dwObERqxdT5ETmhFgtnXb5_4J2EEvfcbNWZL1LWivJHyclUkk_jfQajMAj1gzFYNfsP57w_SS
Flechazo,"Sun Towers,Madhapur, West Hyderabad", West Hyderabad,Hyderabad,4.1,1300,ChIJW7sKHmCRyzsRtFSjgiR1yA0,AdDdOWohnC4sSfhXN3aA5LM8crwmPY_cCZf9hTVKoLWwB4w8acL9wbgXQWA7WO7fPfyVMQbsSl2RQgbGaBIb2Ducg4R9VSWtRdbecbcq4xkB-QG7nrdNatdqxVVdpdrzarJN7Wf6Tc1jd3eWmGYKsQOSAsLLvk1Fkfytv-nKS1i34z2MoKyS
Broadway,"Jubilee Hills, Central West Hyderabad", Central West Hyderabad,Hyderabad,4.4,2600,ChIJ7Ytbpx2RyzsRhX0HHSG12lQ,AdDdOWqTas4MJsrOBPSoYA5FmxEmRv4LooYEo3mLQ9zg2EQLaNlgwVBwWjHdWdQEaFLl8dS7n8-sMjYPoWjF_WEPEJrbRIEG5cpou0f91AVy_PwLsSoTy4glodTlJ2bPomDQN5BgKDY9r1XP3IhZw0V2I2Z1QYg8-sbdAfocSA6UDbMoYaqS
Apsara Ice Creams,"Himayath Nagar, Central Hyderabad", Central Hyderabad,Hyderabad,4.3,300,ChIJ____v8CRyzsRElN9KeyuDSI,AdDdOWrvdeKrdRZOTFT4gOUM9c3pC6z1xoDWeQOvflh5jFa4exkV6D5QJ56bC8Nusq4Tzujb-AtUj_yVD2ogul5s-YrL7X4Pe1gwFCGRvpyrr9Wq4aMQVAoMKxrvlqmHXoUY6PgsZ7_FCp4DkvtNdI7LrmrsLUJdnWYsRlOwPeCMqQMXN39L
Barbeque Nation,"Alcazar Mall,Jubilee Hills, Central West Hyderabad", Central West Hyderabad,Hyderabad,4.4,1400,ChIJt3TsmjeXyzsRW78eukz3few,AdDdOWobZA75lOglySTIC-jrPdYOXbKg5p0dlcoaClnv7Zvxq7qoFWSnHDYcDoTITXViyVDCfXmfirsFItFlCJ7YznQfr0UGJyueccX35VNjgz_PWVFLXobLQ36yz8aUh3QZrWsFpkS4DT330LNwl2fEZnJuIbmCwMj-EYLn8aR_xfX82rdB
Robo Kitchen,"Alcazar Mall,Jubilee Hills, Central West Hyderabad", Central West Hyderabad,Hyderabad,3.4,1200,ChIJcdjS9ZCRyzsRNx0qgVIix8k,AdDdOWpDePvnl6yeLLRdAhLhQkVj8gBrZK__Afa2jUJicn4RX9gZh2poHbkJmIA9CoW5AfvSNttru5T2_mZdZNufeuCfWxocuzGlVRN2za_fb6Nto9jWkBVs3HSpBk3xNhrNysK7ffEK6M7ysOOIVYXdIPJJ81w9EB-5GJYh_m1CmgOk8el7
Ohri's Uppu,"Ohri's Banjara,Banjara Hills, Central East Hyderabad", Central East Hyderabad,Hyderabad,4.0,1600,ChIJicHMniSXyzsRy30pVpG9l7g,AdDdOWr_JsYUgaoaaxYQDdr65peI6Y027w2xTijpcQciLt9ntzi71EraA50b2UA3Xmu1l0VRce5hij1AjADkoCSLHw-pFN8ouEQx1r0n2kih3lJR3U7vW37qw5TkSou6uePEI_-Cq34xJ4vi0WYKC1xPb9xZRYDOd-3U8kjC_M1YEy-sjzmU
The Dining Room,"Park Hyatt Hotel,Banjara Hills, Central East Hyderabad", Central East Hyderabad,Hyderabad,4.2,3000,ChIJ_4uEVdWWyzsRc12hLSzn5zA,AdDdOWpC20jLUU8xZnm9eEK6v_y4-k-0wQ-3gACL0p1HqLxSZd5VM-3493dG7ZQ-_gvwXuTcBfYVpOyAyo3NCpPiOHrmqmCWS2aHNDw4_tzwEVsMW-0ZtQyzUK59YWw0BH18W4Mf49q97FAe8OrukMpUpKFOlxeoT_4QoTpt7Xu-uzpA4LCj
Rika,"Park Hyatt Hotel,Banjara Hills, Central East Hyderabad", Central East Hyderabad,Hyderabad,4.6,3400,ChIJIRRbbL-RyzsRNjAZYeVKJhU,AdDdOWpn6v-PJRQfJLgtaGMh516R-HkcxjDuwfq0VdmXxOhLMZmD72WTqrGgxxfS0slt3T7W-LMpefpNzWqNyhLK905Be-T9N83liHBukh9fPxwqT17FBG-R1o2KoGFPOGCwV6yNYByrO8gfZczz2Vb2zDHCS4aMSHDE-QXSrXjKPZFYAviE
United Kitchens of India,"The Purple Leaf Hotel,Karkhana, Secunderabad", Secunderabad,Hyderabad,4.2,1000,ChIJ5wQzM8uWyzsRVITYv94O1RY,AdDdOWocqplXadK8sUEU_VqivJN-bGZFtFsATP_ZgrZppEA8Ls9pdQT2-rmd3lDbwRdHN5y9s0jzUTpN1UD4IVcRy4fjH3ii4mQ-5dgWWpFiLONH_G3wOe8j--ifyeuI3EhgwJr9uzMeKTWg-n1Lqtczep2dlfPUlbf7EzeBdUo8HdW-OmQJ
Indian Foodies Hub,"Kimtee Square,Banjara Hills, Central East Hyderabad", Central East Hyderabad,Hyderabad,3.8,1100,ChIJiwpjFCaXyzsR4ecMJ2djBcE,AdDdOWopJxLsKScT9O-zLNRW1mC4uc8twgmXhbwWqRjUg6e8SJun7xzHG_gPhYJp6tmamCOGUpNrJWgHYxwV8WKhfwRsUmAPJ0bERqSYT4ev3SCBCb7P1f5GbyzCRtSUUe9QpwdkvuMWYgqo6tuX5DrbzzMM_oGGk8Sa_yCv6cRZJzpzeB-z
Tatva,"Jubilee Hills, Central West Hyderabad", Central West Hyderabad,Hyderabad,4.4,1500,ChIJWSH6KTSRyzsRxdfMivZxEFk,AdDdOWr6vhq0sW35be6zfX-tzeoTq7pTq2jVi15D1AfAn6_v-oTBOZYh_Vf0nXLto3JLwBtY2QkMfCyxOdIXhrgt-1L1IUXsMasKY5q5tiZVVHW0H1OCghXLt_WJvpGj-uXA-NLOUWJf0WieEuqccBZaQeF6hOgOT4KZyZ4VvRcKZKvPc9_l
Almond House,"Banjara Hills, Central East Hyderabad", Central East Hyderabad,Hyderabad,5.0,500,ChIJtdHyBzSRyzsRURFxZeSpSTI,AdDdOWoas9i7SqVNM5U3agN7ggnOutMJO5ttqspE-KwFMKT_ebhil5iLaqFtx9_SBv_DMkF6-6KVt4xzr4dENd0tpEx7uu6yionlyHyFuVqg-faKeX58TwaIZNO-iinXU2caO5FHzR1uAscBOBtEduieon9B9LHpycbPMvsxJwGaLChwd9Om
Ohri's Far East,"Ohri's Banjara,Banjara Hills, Central East Hyderabad", Central East Hyderabad,Hyderabad,3.8,1400,ChIJicHMniSXyzsRy30pVpG9l7g,AdDdOWqTYaCuiv5SKi4WvtHM9TjtBHWjSeXqjpu-TYCwc_qNtOTffb-CxyFNs2n5N4R0kF5wzCDgl07tjISSZuSUXMIye2s3wfoGMkhfzBmfG1fwNyvGxMpep8BviGknmJott4pYKScWYZeaBX8ibo30UXI1Xal4drQ9lOvGytIkYhxddcZ-
Medley,"Jubilee Hills, Central West Hyderabad", Central West Hyderabad,Hyderabad,4.3,1000,ChIJYZskWjCXyzsRw52zu3SYB08,AdDdOWpDmdpPbyvByb2BX6TH4qX0sqPOu7TcbcS9MznVAYciIX31Vj2YGs0lvLj5qhcd_eAQiObnydQZXgrGN4s352TnV8StEI5EdNa2L-aRZRZ4joqOS_IOxTwjZaPQJ7HdnRbFP3aYUhe0vfW3tC5MOVvs6o1i_i-BZAQGY8vy9h_gutHc
Southern Spice,"Banjara Hills, Central East Hyderabad", Central East Hyderabad,Hyderabad,3.9,800,ChIJgyiBfemZyzsRUPiKMbXNPmI,AdDdOWoePqoPgbnmmcwg0sqFgN_l8RBhoNqJU-eQp0MoTfH7slswULoLxXUxq2hPKu7SUH7kSev6vzdY9ioCDFIFrM7xnFYSLNTINaiY0hXbS0cCPc6hLzLLbo_z1qZrBCI2kijHqtSGl_gidpGyMVng6Y7g_CHiKrINYdysa_nGYjh0b32J
TiKi Shack - Rooftop Bar,"Jahnavi Trade Center,Jubilee Hills, Central West Hyderabad", Central West Hyderabad,Hyderabad,4.0,1500,ChIJHyns9jORyzsRWnFGH3bPrBs,AdDdOWq2Njtxqj5-9PgZyLn4x5EPvtl4rvFfHQETd-hSW0cv0JJpxJSkMU8CMLfjN7AEHkrO1Vmp13gm1A45bKiBQYQWjHdPjBE2lqXepbxtUDEOIvtRZ4RYh7lANvEgt62BuGSbRT2PKCZryidu3ViaErj1wGTMKhiZRiB63kotTL0DxvSv
Ohri's Eatmor,"Hotel Baseraa,SD Road, Secunderabad", Secunderabad,Hyderabad,3.8,1000,ChIJ5dsiE-CZyzsRd0f1-1VJho8,AdDdOWovMnEeRh9sayBTVVv93j07xYqDmgN1z3h6jg-af5Oh66t-rAsc-NZ0iEcfHO-eraL9eLXnGK60_ZJCxQedipMLjbjvE2d7rZyNhvg6GkV3a-PFo-PSdkcmx4qTrDFVuNqO8e9f8_cicLbtNvib_5R3c12bMk3GKKLI7dImD_ldoRsl
Bench Cafe & Restaurant,"Abids, Central Hyderabad", Central Hyderabad,Hyderabad,3.9,500,ChIJAQAQhdeZyzsRZ9y7h7JJ6vw,AdDdOWofWdF__mlP2a4yvGaUH4bfpyXSEbicyqQbei-4dY5AlzhmLmN59iSFzoeIm0txyr_MSXP19DgTCYmlTMqqVVXBLx-kckuJMX9JzFnQkNGYs92NhXXEoaGZ-Gzkgr0XQ0HFnbSULyG-p6JT2_bo5Yp4ACf0JiS7HV1kqRo2Y66TivCH
Indulge Ice Cream,"Banjara Hills, Central East Hyderabad", Central East Hyderabad,Hyderabad,5.0,300,ChIJmwXiIs2QyzsRxNY2dDQpdes,AdDdOWoJPD8hlHp1RMp1iWNXvMOvbTa8cNSkDTsWvie8Att6zL75v7mT4ma8QMp-yIEciUb2aEiB56_Z8nziLUwnToeDpBxVKWeMFGwUF94Wf6Rh17hDGcWcWcd9Q7YtTizCV3oNHlfbnDuhDSR0YpQLXWV-r2JT1SDli5HlgHIik1GzrkHa
Stallion,"Royal Reve Hotel,SD Road, Secunderabad", Secunderabad,Hyderabad,4.2,1600,ChIJ22yIJT2ayzsRoH1gJdvA0KE,AdDdOWqGntAHjYhbDkPNKGg3oMcWcTaVAxtWuNSxJhEPdO_Ig_WghaTx_OsEYkA4jyU9uvrnLZT9NjoT4feF_-9_93q6BLsWVPonqsnoX3M8hoOtI8AqFMSySpfYL9ZATF2y2sXzU9lcXaF7eNOulZ3NLZrGBFZ2aiXgxI4uX7LTOPo5bqdy
Almond House,"SD Road, Secunderabad", Secunderabad,Hyderabad,4.7,500,ChIJtdHyBzSRyzsRURFxZeSpSTI,AdDdOWpjs-08QI0b3u_fcfF0Dq8M14vlYBrp5ank7zUZMiQJRMvnAUAi8XIGUC6dkuaMtqng2yUzFW6VCnR3WghB4HyZ7HioHzJ-261WQ7ZWxxMTV-pcbf_Wc3qtpyDh3WJNja2p-9MUfsB1KGuPnmQzkbl6-aXskY52AuguICMi2kPxJMKB
Ohri's - Sahib’s Barbeque,"Cyber Grub,Hitech City, West Hyderabad", West Hyderabad,Hyderabad,4.1,1500,ChIJQ2qUrd6TyzsRskEgdqbhMW0,AdDdOWolB_-N3qUtTZj2Jzpx53cDNGOT4wsnJ1PiJu7cZ3bwRV1RTb8bPRDUp85-smalm6W1b96CsJ1NE8ebDO8vg_dqu9J2zK402uJ2MYzdtUyUIyKvE3nWSbTnbXUwixeJk8X59u4NpWWq9WujFlb2LRWFs7DqJgLvbcwUVwWpeAKLE59g
Ohri's - Out Swinger,"Hotel Baseraa,SD Road, Secunderabad", Secunderabad,Hyderabad,3.8,1600,ChIJaeh6OT2ayzsRVkRtYHwJ1II,AdDdOWos0yfDRAHm96M6GQPmkQyaFwjcHh90lzkrVv9wWuJGpFwqpsVTbzn0I8meN_JNOFBuYSZjzCMs4fdTL1DF3byKl48e6KyMPho8CLd_tgTc6zrd4C7AqJyk_bQgPB7IAlXAg3aosk-D1QAAzlWgruoOquc_u1KmRpvSxVrSVVWwCKwo
Petoo,"Ameerpet, Central East Hyderabad", Central East Hyderabad,Hyderabad,1.0,600,ChIJF7JP2k-byzsRnYAj0c2oHRk,AdDdOWqmwXDt3Y3eRmijxpq-Uvh__ewikAiOTQLaTP58VbtbmrbxAHQGywS2Kj9zqUPMBuMQckUO1MgB2IB_izdcTpx1nQwXhQFPBL-GTwKPncxlQXrfsLeTHi_GXPot3DeOtArRG5AFwsi7cSqSfQCOM39u8SW-yzw3L7xWca3693Y-ZKDc
Cheesiaano Pizza,"Himayath Nagar, Central Hyderabad", Central Hyderabad,Hyderabad,4.2,700,ChIJLbPBraWbyzsROmQdQdF9Vos,AdDdOWqCIY3vEtTRHrTGzMBXMgZYGoItBio7c0ugSfE11AbixPHaNfsTPeQi4NV59B_aS9Fo2Iv1dWqqMIhZosN1--sRI__OiWm3pHmRoxl3RnLTVxZKq89wumbgLl1yuvDiNa7yfoBjiKGPQeLggKHJITtmWqs2APfpfVMZ_kUv-GBC0pir
Scotchman,"Royalton Hotel,Abids, Central Hyderabad", Central Hyderabad,Hyderabad,4.2,2500,ChIJGdYBQH2XyzsRjILDaB3KB-8,
Spice Garden,"Royal Reve Hotel,SD Road, Secunderabad", Secunderabad,Hyderabad,4.0,700,ChIJOXytKD2ayzsRUU-beaJhuek,AdDdOWrIbaa6Umu50hA9VzW-4VMIzMCT1z22AMNJhA-J5Z5bvkrW0807NLkjPles9D5y3CL3pQVlRfj8eTpMr5ZaL-2jpdWK5IkDo-ZK0GXNJfc-OZtve5EMC-jfgEUoG5seYrfIsiyhCAfeq9KVevEZNQ5yGlUy5Qj0fgUhlqTo0plSDZlP
Amnesia Lounge and Bar,"Jaya Chambers,Jubilee Hills, Central West Hyderabad", Central West Hyderabad,Hyderabad,4.0,1200,ChIJUz512EmRyzsR1YQrPNfZcd4,AdDdOWpe_0CZSnoqvMXkXVQ6p0tnhKCWQSmhaWVwTqPZ6gYpHlw65N6o1b8RKK1d9NstgVyQQRlKIyCjO8LIP_2rIBZJn0mPUX6XmN0w8fgER6mLnpAfuQVhJ6KxLJx7lhuOe-3GodJNayWATVHvI6QAt9LaLskXQ_mKX7qIuAK6QbyrfzwD
Vintage Restaurant And Bar,"Nallakunta, Central Hyderabad", Central Hyderabad,Hyderabad,4.0,1000,ChIJZdSDmW2ZyzsR8hZIB1wVOg4,AdDdOWqcMup5GkFa_-_hzokgd0IGfnYe_LXUs8RrLw_Mssxku0FlGgBOCU9cjtXbBVLJIe0viW6qjHp4wb4ur5WJVL3vOtPTnV72mv1MDN-1d3Z_sKj0D-kn8iuh3H9hx9shb17K70QsU1Kdilv8o3Qf91prEmHWcL1GZKMvKJlb-qoyHHxp
The Living Room,"Park Hyatt Hotel,Banjara Hills, Central East Hyderabad", Central East Hyderabad,Hyderabad,4.1,1200,ChIJQfNms-6RyzsR-13BMAF1HAw,AdDdOWoot77MAPPvZgD-2HDQwlv7RO2IX7FuQhv6YRx8VeYS1ERB_s4gHMFKRGb19lO2PvTKtpXt3jQ73ppGrZIMUZpnXR6dBgycpJWG2Ds3ChYy9_K5eBc8ZLqWkGLOrnv8_5ROto6SHpxis1O_DyKj9TOl4arAu6R-LksQEY-2HwxfhTWR
Chubby Cho,"Jubilee Hills, Central West Hyderabad", Central West Hyderabad,Hyderabad,4.5,2500,ChIJiWfFhsuRyzsRwo1fn1thSK8,AdDdOWoV_8pxBGefZQUVt2yoq4PcEtdWQVBv8EWj427J9fQPCAnz8TkWzmCgBtBzl6-gUCwYWAQ9Kxy9VmEY0epl3Yop9zzdUwZG6VcLrftYS-nEZyTJ8_PeRp0LUZw_dcgUD0SCUC1yxYTJJ8gMqJ-FejklA9HOYOXGr9uifofns7Cr70Mi
Hashi,"Jubilee Hills, Central West Hyderabad", Central West Hyderabad,Hyderabad,4.4,1000,ChIJS7DKRUORyzsR7aoRgO_r3f4,AdDdOWrb3Sh6tmOZ1vFr1LgXeOh4yXlPMvS61jBujqABaHkXBfEwqedyInNLiarZTsIyyZYuvrzWnVspcRmOw7FpOOuIfG72hYX1GJ3MAipVd1n6-31OBWW-xSZ_3ppH-Ub8Yf8cTLx-gzecpbUVrygZdYnnWXh2Rc_crw73uSOR57kPc161
Coco's Bar & Grill,"Banjara Hills, Central East Hyderabad", Central East Hyderabad,Hyderabad,4.2,1800,ChIJHeULrtSWyzsRmhhemnnPtIM,AdDdOWrBtNpDJFA8nxHr2SmBok1Zu6ejMjk2wK5b5NbdMMcUS1OmqAZBPOLjcUvuFVaKN2ZGWgEJuG-lnmuDwZq7z3K4gENuFyu90yIRoXgzzw_karwejBrJ_0UfKD0nSLBkW3Z9WRU9HbcuG3lNyVs8G0k5toDPZC7xPJZVJOvZ4r-g_Ur9
Cream Shakes,"SR Nagar, Central East Hyderabad", Central East Hyderabad,Hyderabad,1.9,300,ChIJf5uxn8aQyzsRVTlUc05OoJI,AdDdOWp7EINVkAwE_UVU43Cr1zHOfDAZ_A8-BMDiyTHxE-dqUQAiFrE_5bHDlVKsi-_l9rZ67tnrIz_MatCjc_omODW60LaENWtMyhmIJLxfVYqnWy3wyGM_4h2-aVgZqbN7DtwVDvQbMO5mEQb544gjUzPe1gg4M9p3cyd_lyp1RVWAvIO0
The Funnel Hill Creamery,"Jubilee Hills, Central West Hyderabad", Central West Hyderabad,Hyderabad,4.0,1000,ChIJC1E3TgmXyzsRl5rOYT6RwBk,AdDdOWpnMzEQy-PDZc8dts9uwwHgLV0SGn-N-fi4VnymAq4x9h2NPdkyrp9eMYKhgpJHVYweIPzSlbMmxNLigBMZbgKpDxG2R8LEm5L-ds94CUXGq4VPoL-Uz-zCz8nOAHRZSJvSfqoNRCnMQriFeoaCkJipaA9UBYasT7Q0NcE3apcJsnpO
Skypark Cafe,"Owner's Pride,Banjara Hills, Central East Hyderabad", Central East Hyderabad,Hyderabad,2.5,1000,ChIJNwpnpzyXyzsRggjg8Dx3HdM,AdDdOWo9sg35JzrD482CqM_9tAqYurygzi2cXuD9U6ge8sN_XEqQ4BW892maE00Wnbr0NnO3VXUNm5v3E9o66T4Uei5O3e-rjEoSMk733NvLDf8mBbNpHN_TBrPSOITIjgCnWpRN9DzBzYTLaJy3s0b4Zwjl7fOrduwCZeREllcfZpfAEGae
Theory Cafe & Dessert Bar,"Jubilee Hills, Central West Hyderabad", Central West Hyderabad,Hyderabad,3.9,1200,ChIJUzKSzdaRyzsRcQ2HKRBif6k,AdDdOWpUhDepUDv3lyObdtrLfBi9m1w504G3qrVTRhIy6LiZaebQV5oxh1219tghlrJPV2LAbR1orfgAtcvUJbPlhdH1UD3lhvBOLqH72n3bkD0eWpMwBy20x2iQhoVm5FlsurkjhqCLndPON78QAbkNBxPguLpHhofRHzcY-yzk3oMvD9SX
Fat Pigeon - Bar Hop,"Jubilee Hills, Central West Hyderabad", Central West Hyderabad,Hyderabad,4.5,2600,ChIJaYaMEjWRyzsRCV7Q0xIHHwk,AdDdOWr1NPMmPk7h_YYc1TOhD7a3UBITQHUYGKmjzwk9kqAWUKce_76JJhssx8SdhRpFexhwnkLDpoOKV3X0hyVrivZER7JqS7nN9I93AUD2JWHKvisMFmZK8DKrbzNkkLhfE5UIDerrPotaEg9NYs8-h2QsBAJe5eTBhiUlx6VmN4YD-e2Q
SodaBottleOpenerWala,"Niharika Jubilee One,Jubilee Hills, Central West Hyderabad", Central West Hyderabad,Hyderabad,4.4,2000,ChIJHc3WOMuWyzsRwSFwgn9zyQY,AdDdOWp75jJz1wDgQ8ktHYYZOTZeRLwO5_hA6-ht9LIYPC_Mz5qvLDJ3mF71QBE9Zn1u4STU1gB_W5Dt7D-Ixxy9ZZT91vOOpveRq2PbblVyBRzHNROOE_Rhh_D9wi8xfJxQe56gvBJ3IsHPszUGAIfedlvWDE_9JISKKypf17sczTOXi1mq
Serefe Bar Bistro & Lounge,"Jubilee Hills, Central West Hyderabad", Central West Hyderabad,Hyderabad,4.1,2600,ChIJ3fP1MKGRyzsRVTJxYXwEogI,AdDdOWoCIYy6_njivijg_Ef78JqN1Z_GOgWkO7L9LROLKhYNm1vuxM19xAdj_bJxszNX9f_t-90pwFCE5ufDiQnB1_FH0we1AYX7EoNor444_Rh3BIAXPjJ9I2hj2wnpQjxAl0XXoHeUbKud63L55Eq2ExZxCrQenlJjlrI7scuQY4llAN8n
Sizzling Joe,"Terminal Drive In,Sindhi Colony, Secunderabad", Secunderabad,Hyderabad,1.0,500,ChIJ-1fSmDaXyzsRy0TM8H-DZg0,AdDdOWolOj1bQ6VTGetsFKH3MYy7LQQu0de4aGxR26CeNe8dmG5cJXO9aHrbb4HO5u4iBgsoWmaJ-VJTh_SXfHefTL2DfcetQqWfh2BagmqJqahtsWcBvq46pjICu-zDcnNpwTE10S-pxWEjqAibe1myAaXnqGsfwrfyNRvPPFEav8J5FaAP
Comic Social,"Jubilee Hills, Central West Hyderabad", Central West Hyderabad,Hyderabad,4.5,1000,ChIJW00RMmqRyzsRpWv4lTHcRaM,AdDdOWqacE0YeeKYlaBFPTRJOUy0QDZGqPq9KcCD6H_gpvweW8qeJ0vcDdcP7tWeB8-vGi26X1ZjgiaK2PXKhJ560-UhAuvo3CTSkfV8RxXSCRswKWWKTpdW9ebjK5TUVACw72rTK7J8ZfQ0Qm-OaM9vdu-yNplXlWiQdFLMVoZ-_RqViLpO
Flavours Of TMH,"Taj Mahal Hotel,Jubilee Hills, Central West Hyderabad", Central West Hyderabad,Hyderabad,4.4,1200,ChIJs5L4Fs6WyzsRQRlVKO1aJC0,AdDdOWqet9JE8T_ZtXIXSOnQMkcQ30QApQgoYxQOs4XFGX62SB3AV0he4iLm2KoX15A6lTtZkwK_bVTQPfUog29-fFp29QesYP8KNMnC5myOwSVCMCan1oVcUiF4DGF_qHZ5nI0UbeGwnaWekXmppEoyEKbLjHMCPSaeKhTBfoxumvHYgvOb
Absorb - The Boutique Bar,"Jubilee Hills, Central West Hyderabad", Central West Hyderabad,Hyderabad,4.1,1500,ChIJdXUD5ueRyzsRR9RZvhbXUoA,AdDdOWryNMY_yCT2C6flAxf-pHxKZXiZiDcHY7MbHs16RibXAPHLtquWmxCqskUyeK1NCcH0Iu_0gZJqwf6NpWASrGGaslpHTUaZNDTNeQ1IDEaknFbOfFoTY0cBKMT_u9VtdO2moAu4lDoCNQokBGPFDRrQbEz0_EKoTaEYsKSNF6WzKF3Q
Zero40 Brewing,"Zero40,Jubilee Hills, Central West Hyderabad", Central West Hyderabad,Hyderabad,4.4,2700,ChIJZ_3mlzCRyzsRNcddIknL_CU,AdDdOWrKdyPx05q9wOeaEkt0Pr9vzYwzvaRp_zNO3UENnMohcvpZZIfYQrb10Pj9DLgTGeVye1xzI7DBubkDLpPwGQrGCNWaLhg-1MraJOHrr_JR6H2SRlK9Y291eXNARzGlxUPnbChjndgLHpKHpCQzQstGhbfDZoHZdX09ET9PHolMA6ym
45th Avenue,"Jubilee Hills, Central West Hyderabad", Central West Hyderabad,Hyderabad,3.9,800,ChIJcSye88-RyzsRsbXb-gAe6YY,AdDdOWohyybJfeey28L2yifVBUyaPLMbIPsunxO138wnGQVDKco_GTeRBXJ067LTY6YLdsJw78E_Byi75D_D5oZXPhwQUsVyhDVSgat_t6qs7y26bOtGvapYObmLAYjlei9FmRb3HoKYL7fIkXO6Nz0d5NiLEC_4nT_CaZ45Ld_HFt6DYXkI
Gappe Vappe,"SD Road, Secunderabad", Secunderabad,Hyderabad,4.0,500,ChIJ5zhoiJaRyzsR9bfS_bORkY4,AdDdOWo9uLPe4lEdtewLv5J_2X3OUAfb5stWlJdzbGFDltXABl4WOhM3Ekj23yr5dw0_CwLDZG6lvypzUeGOavnBlbcYHGeIfzZANsqc4dlTSRnMDTlGpq1cJccntK5XETMVmr9wbKlkBDzW7uBJK82XK7MlGBdlWPDnIZMCDdhpLgCQyKip
By The Bottle,"Shreshta Aura,Jubilee Hills, Central West Hyderabad", Central West Hyderabad,Hyderabad,4.1,1500,ChIJsX-ImDaRyzsR1Ez-HQrGRrk,AdDdOWqyOOhfTA9x59rKYwrF0W1pklvhwjplNCPW8jUMy4XIszeqYQ1URKuMyYQaWq2zV_BjmEHi6YY2UbZb_97ydjqLPn8AZC4NbBe_zVp-RF6z533Q0sM6TU0QfkmtUPCx-BhDOW6PKpwzoHajarRRdD98peOwCYJ6QsJfP5SIXnEp5ng5
China Bistro,"Niharika Jubilee One,Jubilee Hills, Central West Hyderabad", Central West Hyderabad,Hyderabad,4.3,2000,ChIJpz9POcuWyzsRYYoPzFzZHHs,AdDdOWoOH57j2pRMrl0R_cKVCydxE8mzm1KH1omGOHTbCIZqqViGMrQctiYgWqq3zp2-47Xk-Lyg_e21LNYKAqOgD3cTJLSb7XJXspq9m4ohdXSvpPCKO29RC115DEvU27HlxsGCv4I0E6I_9uMPZafBj-YT0jDKfhZvIZRzBeJMX9V0Z8NQ
Oye Pizza,"Abids, Central Hyderabad", Central Hyderabad,Hyderabad,4.1,500,ChIJKatMN9eZyzsRCTEDRx9YBJ8,AdDdOWpZZQfvJA7E40Q3FWlHXFUd879BWdOVFMlFolH1aNBCTolkDVobvNKRsPdq5Sr4J7LGiU5edIXItY4puQR-1L4t7KrneFUtK9NngY5gOToZfx_vPJXGpRXsK3BIN-wBvjaRM08MV7ET5RWqxMFRlA7yYAzEuumiL3aIy0tcnaacfyA3
President Dhaba Bar & Kitchen,"Shreshta Aura,Jubilee Hills, Central West Hyderabad", Central West Hyderabad,Hyderabad,4.0,2000,ChIJkcWI0_mRyzsRHVVnksgdqLI,AdDdOWqL-uWhoqxnqTR-IjbWmY-bms-pMQbxrU4FQMbeKLwwt3PE6p_26Wz5LDMVb3kGEDULxB-yBImzpAD6tU2sBnABThyox0sd5_5MuXk_laqt9NpK-JeNgBMCzg_2kviXH3MQIP_q41iRh67JTBOvDwAwQN1Rpap4W9Pz0L92_jlKI67n
Mahamudra,"Jubilee Hills, Central West Hyderabad", Central West Hyderabad,Hyderabad,4.5,800,ChIJua-QpziRyzsR3MIoLAanQjc,AdDdOWrCPc4Nq9HhbfgyDYaW5SFEh697UiPxr7Wct9bVA4yhkL2-Y3H_5GGoyczfeZYgLcM1CM19sxTDjyFQXzfm2-Pz33cD9VDuU9zwm2sINuFyPVk6b04WDk80j8MKNP-0DVBklu1ng-NC7kpzNkn7s2yoz5vW3zuLXGy-R9rmfpS4RFdJ
The Hole in The Wall Cafe,"Jubilee Hills, Central West Hyderabad", Central West Hyderabad,Hyderabad,4.4,600,ChIJwW581DSRyzsR0Umw22qvL_0,AdDdOWpnAdOsNqvec-KiRjxdlXqsxAm7TWwDDlM5_-bR0W67eOfuTA3UEzIC-74RZ2gpKNAcBB76nOEJENDxh11WnnfPSCpjVBJer1kS1os3fFuE93QZuGSfC1oB4jR8wjGVOBlYJGWw1d-A2MH5fPyGyY7AscrjSUD_2BKK2AH4XBqsdsDR
Chandra Haveli Star Restaurant,"Jubilee Hills, Central West Hyderabad", Central West Hyderabad,Hyderabad,4.2,800,ChIJaaPfM3ORyzsRj3eGyftFEqY,AdDdOWrx7e9PEUc_fIFn6UUdtBK4qq02wFhDScjyvStXGRkwjbRzqZaE_V1YcnsOnxaw2EX0oSkRQ7U8kw8b_9KONzeCX-4NN-PTSdhYSaAXwe64K7dKKNBgubqHtaLXtnRtLsapG8bjcaZJIOhFEauyIqZ8hCIQ-Ft4cveTEoLvaP4GtfzJ
Mini Punjab,"Abids, Central Hyderabad", Central Hyderabad,Hyderabad,3.3,500,ChIJeTUKsY6ZyzsR7y1qu2vlbzc,AdDdOWq19actOFMEjbW-olsDVX5uYo5mz252V-6OQhng9rtInuJ04Fu9ggUcpVuyIdSl2vDGitKJEZiJX5hqDxvXLMg4S5YMqCWzyTXgHYQ1_u4i_eybi9kWoT8IzCB3ctxPo6TJPO7cze_l8JNKxJk7cXZeWLRkdLrCciDB4bpMHHCxiTbK
Blue Block Club,"Jubilee Hills, Central West Hyderabad", Central West Hyderabad,Hyderabad,3.6,2000,ChIJbzCHVgGXyzsRSsQDYZ0DFXI,AdDdOWrlWtt36ogKdv9EZQb3ChRbbYHF8w0oI5rZm5kFgHpNpA6aEHZdxEx26mYmXKiScFiVfVidmyOf9Q0QpdiZEqABtuvq3JeKKT8w-oE6lVNBIFVTbTwYPv9sLlaqr7-sVB6vA6B3ouRgzdUXT4BFWYt4YTQJL7raVLKoVhR30wL9RJkK
Grill 9,"SD Road, Secunderabad", Secunderabad,Hyderabad,4.0,600,ChIJ6xAuO0KayzsRBZbhSJCx4TM,AdDdOWrUQt4Wf7sAieY2ZgVCl6RuEk0_5y6PYJh6VlTYj6pzOjTgdJ9lM04ljTVhMpvPK473WvR68myW94LcKFlI0Q7a7dEcqZFlkVPPLyjtlw-gFnAuXvDQsc69vcCQI-f5yit5_3_rz8-qeT6mSwxoM-bVxBdYyogbh-SNuzb8O5tbN4mC
Gelatissimo,"Jubilee Hills, Central West Hyderabad", Central West Hyderabad,Hyderabad,4.4,400,ChIJt96H5LeZyzsRzpEkaSbPlyw,AdDdOWq9ZhefgrT6_ukfyX-QJj6pnNSyhAuE-OApXGUKjI1EajTEVQf4eg3qWF0yGhfYM2lUvJIKzq6b6bhpgYY6MoXHRosFtwNKJN57pzUvZQ5576CMQZKQs8P25iFF88lul3wuO5qPGNvL2Ep1WvpCcXWVLK6IKmzNvzV_NDqRWLpppuht
Sofrehh Persian Bistro,"Jubilee Hills, Central West Hyderabad", Central West Hyderabad,Hyderabad,4.1,600,ChIJM_rKW0SRyzsRzneq0VcZjak,AdDdOWqk-_AVIoS-arp-gsJjtRVhTMxDu1GbDap4DboBRuyKx9duTW18LhXhlwkLyEv020VrKDyfBLbrTjqo8tC3uOdsMc4xlbs3JXXQRn9bggiiuA7a15K4p-PG6DjzrwsX39DPadGV-to-mAF7dml812xcj9uP5SMc905e22c2Laa81E9c
Autumn Leaf Cafe,"Jubilee Hills, Central West Hyderabad", Central West Hyderabad,Hyderabad,4.4,1000,ChIJW-F5sEiRyzsRQl0WwZkOLHc,AdDdOWrClT2cuXkXbkDHmM_Py7XSN2OnTS2prF5bgUF1EGt1x96OJW11LmP9ZLAkPKl3EuPiv-yiddp6PH_rlqowfDjGV5IyiAoPOw8H7yw4hqo3ECENU_8JCr4uy-RCxJwESQjWkcHko682QV62eYIGaCKpIi26HugV5GYOw6PsvoNMr0c
Ulavacharu,"Jubilee Hills, Central West Hyderabad", Central West Hyderabad,Hyderabad,3.8,1000,ChIJmUquVMuWyzsRoWShUKeGUJA,AdDdOWo-eadZXi1WDvBZTzYmztVnOlgNQdj__xIFGJr7HM6lViTp98rc3xD8-a0mqJACJqycJjdSuhGcCJ6_t4fuq2FM34eDntD20X6qCWo_YzRNKFRCC5sfqgb6912wzIBreNNAHkmMwWyXomA_bRNmMMbzGMY2VtEGzqg1fm7gXHZBgdr8
Dirty Martini - Kitchen and Cocktail Lounge,"Alcazar Mall,Jubilee Hills, Central West Hyderabad", Central West Hyderabad,Hyderabad,4.2,2300,ChIJDTNC4suRyzsR01rhbjsZhq4,AdDdOWqNn8hdS1OQIpDm_OZwNlQRsg8iIAYNc5a0gOUUttJxsbKZoXwyB42qPQGZfU9-MuJ2ewZKUKw2Xrpjc-YKwNn-U2JrEuhgL1JAx8iK7VRZIzWpGp3KI5N63IQE93iAlOPWtiKrVcHb2fc2WqxPVVh7THDGcJB1BMJMmxV2ItGYPWGq
Eagles Pizza,"Banjara Hills, Central East Hyderabad", Central East Hyderabad,Hyderabad,3.9,600,ChIJrWNKEeaVyzsR5SfE3IpajZ8,AdDdOWrXneJ9C311mr3kLu4hxKbk5Xl_0eLOF5e6qSjSnI85XpHZVBpCXmz3t-aiSee9wHuxKwGfWhmA9so5OFbtHiDat_uoT-mOUxR3Y3vSorF6__Zt_Rw0lro2Dfkh4JHGaBGeydhkv2WfDNjUwZHWDfrHf3XT7SUzdJMLXXGxl9savmUJ
Oh So Stoned,"The Purple Leaf Hotel,Karkhana, Secunderabad", Secunderabad,Hyderabad,4.0,400,ChIJ-6JM1HCRyzsR9zoMxSMK_dE,AdDdOWqM2kxv1ld3Uj4DpJ6k_nLQFNv1ex4qrKMZUGLsnKYdjihcBxGtt4sPvEPPUpRwEf8fiKeCh06sG2F_H2GlU8ZwXzv3LdXV8S0I68zchm9WNfEh0W9mDd2NoRG0_-uKv7UU4GVFRmcrj40H7L5c958ygQn67WcVUMks5Wzkwk22AbXG
Grill 9,"Karkhana, Secunderabad", Secunderabad,Hyderabad,3.7,400,ChIJ6xAuO0KayzsRBZbhSJCx4TM,AdDdOWoyEX4jl6ktsKQrfFmViWoEcZlrTw9koJe0FHfhvo8ANol_dln9rf4PzI4jdlDv-9ZtKPfoliO0_4lhDJbZdaSFhUyxCjyUnJ2d2rk7lPO2gSSH59mZ9SFX3oHbUZMBuhtKgYQIS0bRZrA2aaEdfugJK4z6mabX4Q2SucRC1OcGWIGN
Makers Of Milkshakes,"Bowenpally, Secunderabad", Secunderabad,Hyderabad,5.0,400,ChIJQ3g1ro7zyzsRgdaFfPMuSmM,AdDdOWpMBlnVDHBNz2YZ0XpmA6WCYg4-fHKaZOklNxL8ju6fcvaiexpHUmrMnxrd0yUKELoHl2FnAfdadnzjakXdXpvKZetq57jTEeKFln1bVL8vMBchgz1h7hmqstVvAX46sZFzFp6lkYwFgU9lHscK0JzxAh2MbSCfsPvVsdn5zviS9kGB
Jamie's Pizzeria By Jamie Oliver,"Jubilee Hills, Central West Hyderabad", Central West Hyderabad,Hyderabad,4.6,1000,ChIJRe8HyMiTyzsR5INc-yx3VH8,AdDdOWrXhUQ1RLyF7QIbKXDt-vmF5i3h6A2nuAom-xKxS3tb3wCYfKlJORY_b2ahAw_3mGx9ffD_a-7oRhl5SqPBFVr42_PM7YWWTpAu2sT2DQSrWqkmQBuXbS7loVaq1n-fQff3g_bXWkEgGzJlBJkr8RwZqsRbL3fQqNuTEK-JAU9G5IF5
Sounds & Spirits,"Madhapur, West Hyderabad", West Hyderabad,Hyderabad,4.1,1500,ChIJ21AnGo6RyzsR6hB4Q75b320,AdDdOWoBdeNH1bnym5XvNYZJHWgRDQAOHJl7qiAmlD1CrZBwrahGTaXGYF_-6z093PnGT1kTGvclPKOMblqQtL-02BNIi1WfkhAwTfC8sob3vJi9AQjGtKXilJ45qQoEH5pu10pwq9KIXeQZyeU-O5nCN1nZ_fcbD_9CjhBDP6Xnwq_fT0Yx
Makers Of Milkshakes,"Kachiguda, Central Hyderabad", Central Hyderabad,Hyderabad,5.0,400,ChIJQ3g1ro7zyzsRgdaFfPMuSmM,AdDdOWrYd2Re5zRPUA48hxvoxV8PeX4BhAHRDNV--winzpgC9-jJ22XxyWld9p3T25XQjOt0xPXMTV0kVm_jZbLMYZoDz_u5T1hqOO445o9aZE4OskIlnYFFC-do_fMgE1uug-wXbERouQtyrpxqPPq5VAkL1zxjSCbs-M7Z-RLBtarQSowa
Kabul Darbar,"Yousuf Tekri Complex,Tolichowki, Central Hyderabad", Central Hyderabad,Hyderabad,4.2,900,ChIJExhfyuaWyzsR49-5CSBT2nI,AdDdOWrfddwNwZE92O9RhIADX1WKiH-B5MZaa0C-Ue2FZJpct2DulkDuU8lwBvgYcaqKBVj-f96xuP_MS9oWtjyqyuS3c-sp5mnBfSl5uegFW9vRPowgtL3r-ChGygNbqbdmMDRLiBRpNaA7yEsLY4SN3cxsWpeYkwVPJbmZU_BPmdnAjDOR
Repete Brewery & Kitchen,"Jubilee Hills, Central West Hyderabad", Central West Hyderabad,Hyderabad,4.0,1800,ChIJHTdYLkSRyzsREfVS69yhk_w,AdDdOWrNZ80mylHtKnBBqa_-b5uoomKt2VL3OpLbU5Nc8m2REgN7qvBECRdZM0oMPXbry5eU2ZZ2RuV9BVhDaD3BV1hDP9NDm7GUKszPI_7zw7-WPsoSaQqmBj0cW3h4ft8q8FVMo_agmxlMgNmP5k1HG-5JZHIqYkX2T8bTfuxpVHbUJa7j
Gismat Arabic Restaurant,"PNR Empire,Kukatpally, West Hyderabad", West Hyderabad,Hyderabad,3.7,800,ChIJ8-aH5e6RyzsRxt5C5Ok7EVk,AdDdOWpAH5gOAxwFJQLVcZx6Gj2qmsObGhiiM6-LM3bKpg9b9HPOb-CR2FePpw9TyEQZE0MnQO4BSU9u4Luw8zh5ujGbQ1p4oRyZc11S3nOK8LSsP8x_DG33q4gqvYjAgjcixv1IEOVVUTpPhSEaOTMoblRnS57NIFihVqFnqNdCQ_ahGMrh
MOB,"Film Nagar, Central West Hyderabad", Central West Hyderabad,Hyderabad,4.1,3000,ChIJlcGCR86WyzsRpQ1X_rIjXfI,AdDdOWqr74g_J8CBIJBv5uS_T79JHXC9i_PyoTPLgz9DOnydoww344iM9dDClfKtZBvfXbX14RC0ZFeqLf5De_utJPbx_hHZyGF8k4XFgKPONtsCu_cuW1TCXshnR_rbBpkzq0nSfQjrq-5zFX9DrnQP8IXB56HV7Yyl83aMdp40JnRgREc7
Stone Waters,"Aruna Arcade,Jubilee Hills, Central West Hyderabad", Central West Hyderabad,Hyderabad,4.1,2100,ChIJX38zVDORyzsRHu0eurJgrys,AdDdOWo7kx31qIOAreefpLO2iyDkf--vktJ_GW7AE2_mjYca54R__01qKei8pZQnPGRmRl8a2onJfx0vnL3-zu-wD6mwJSgYQiT-jyIZlXi1b3wxSVAfXc3-hEk6VrpX2iSfS6SW9ZpOlxHQFzObkARaLy3bCXelCCHbEcqko4cHqVKej5AY
The Moonshine Project,"Jubilee Hills, Central West Hyderabad", Central West Hyderabad,Hyderabad,4.3,2200,ChIJG8QLMciWyzsReJ94YEpLm1c,AdDdOWrUR4IGXhBv30lsB_cETBBmt6cjdg3YISPCQMloZ8-4uQ6hTYhyfqiNwGvYaLOdTmOc-q3Db-van0r-UinWD7msr5_rSnze5YU9ZeuLbN9Uv3GgFXWSRWYlD540nuuBidPLEu_5-0unJ_2VBi-bLurke4yr2BTKyPQiR8pZngVob5-I
Smoky Pitara,"Sreshta Aura,Jubilee Hills, Central West Hyderabad", Central West Hyderabad,Hyderabad,3.9,1300,ChIJkfgenzaRyzsRSSb1fS1Tuw8,AdDdOWrKykxe2dpXzaMdD1fmWIlKGeScbbIDvmzR9rBXhTqVSgFbKVWHOym15ta6b8SPPkvJWxvPYtUNy3O9Floq_W0D2NnIlU4SkfFClYNylRpIQfPXsHS57RZ8Hshm6CKxXHaNQjPHT4u5BevUSJh3Ifmiq8IMmMatm6yjLpOCy5Atfz7L
Cream Stone,"Sami Complex,Jubilee Hills, Central West Hyderabad", Central West Hyderabad,Hyderabad,4.4,400,ChIJs2Z8Jy2RyzsRUvMabDrmsNc,AdDdOWpztfDfuCW52rggdL1fMJJvhOvxHsdm4Tu7mJQh9G7_CM5oMO9JoqWVxDTwZVsyCop-_BAtWiIoc-PgTicmLoa9FrA0GzpFs8hSUkZiP0obhff3vFgThnaFGmOJ1dQ1qOdtRQId8Kk8iBDx-FmH9MxzYeDgj66DTOL1ffd3aTxTh0O7
Lassi Hub,"Kachiguda, Central Hyderabad", Central Hyderabad,Hyderabad,4.0,300,ChIJedfffhCZyzsRdo7NG-m0wvY,AdDdOWqamnjDe7CEb6naMAPz6X8eWHi1rWtKcINDVN3E972burmi2N-gm3alTI7ofpTqJWwQVDxgeisCpkG8B_dh2YHCl_iud3pe3WIzm4zD5YjDjwoKeM3KQPGn3yxwQTBF7-zM0W7fdzohP6l3nl9HbwXi3mdIkFnQHPSxWUZx2-RrB5YZ
Urban Asia-Kitchen and Bar,"Jahnavi Trade Center,Jubilee Hills, Central West Hyderabad", Central West Hyderabad,Hyderabad,4.2,1500,ChIJV0Hn9jORyzsRErHbhbc5kUg,AdDdOWp6-Vp0ubrUf14Rw_q_o4LzJuPaY6uRL1_ihMD9p9eo_pVrL6nVL_mOc2hYzlOQ9Uxy4ppb5xLe34N0PV1hAUQEHL517nYZoFueajVST0aElB06kDM1ZmPHkIWWbWUjLB2m09L67rKRLfiou4xE2DQF_ekjC_FIBkAG2KA2mKcWf7Vh
Tarz Creators Studio & Cafe,"Jubilee Hills, Central West Hyderabad", Central West Hyderabad,Hyderabad,4.4,800,ChIJdxUT7Y-XyzsRvjvNfMDn88k,AdDdOWoysU-gYMKfzhEuQ5Wc14xKYO8893KH8rdF2lUo9XYlTk4YdcjhL7yehY01aMv1kVqwyqS05bM7L-5SaJiVwqdgJ6CPKSDJpdyPbxASk8qPwT8SR0B0fbzu8DCbYSuAM0BQLrXfFmoh7v9c2N4RMwfuji0ftTYas8twk0U9PrSe4SbP
Mama's Kitchen,"Jubilee Hills, Central West Hyderabad", Central West Hyderabad,Hyderabad,3.5,700,ChIJGbk6HzafyzsRiVGaL51TQfI,AdDdOWonEVu8Uwg88jBbccpGAONkr8lU5Zw0jWRX_Wjz6eGE2asGNBcOtQR3VSlmx4Rt2O0C6_oh-pCN0udxp4sqgXo-pJyShPfT9s5OAJTZx4m2VI2Z1ubHLoWzaMZQ1jrwn-Ow5lwZdxZni9oJXunbPnRR-QEoZ0DtPcBz0cb9idN0eXlQ
Exotica,"Business Square,Hitech City, West Hyderabad", West Hyderabad,Hyderabad,4.4,2600,ChIJC0YLTmGXyzsRlhNidNMcDh8,AdDdOWpoLVXi-4b-N3n0W0IfVfvk24YgyxMwdADJD9lF2Ld1IllJN3pN2BtRhsCv8JwzRt_Dq_Hzsudle36b6_sHAzrJFStaWdcLz1c7DYNk3e1-FtjFpG9AjXgmFDXdOAjbFDOAG8ayMIiEy8stBBzlWC3UHdsM0S3b4U52NL2XKf0OBnWi
Beyond Coffee,"Jubilee Hills, Central West Hyderabad", Central West Hyderabad,Hyderabad,4.4,900,ChIJ_T_4fjaRyzsRQ7e26AeRgyA,AdDdOWp7RaQVvRIvJSwy226tpyAGEd0UpFuaOLaT1iiuKXQlXM0maa9__eMKknTvQLfBAcsgk-k4pJRP02_-a77jfL63GRSChy6lHIoQaiEg360TlmCCHtC6Xb7GA_TunftTscbnEguLA4r_oP7JbafJq2iGRNQG40dvntsJpliY02I6vtfi
Captain Egg,"Jubilee Hills, Central West Hyderabad", Central West Hyderabad,Hyderabad,4.2,1000,ChIJU1locTiRyzsRGSPLmu42Oi4,AdDdOWo2sx89mtouf40W8RLrkKZ6BIwf1BsFVLddJYt5sZb61KWzvxsHckh77wOXIITJ_tmN3LvAdlKp0piUqHCKpI09PRl26_y0zSJCAqFPMK-EbcWc48vWlEsMbCEqD4VB1RneAdfOJ1pZ6FcxP6CKwOo54a9knc5EFMPJQ2fFE63slE_o
Moxa Kitchen,"Film Nagar, Central West Hyderabad", Central West Hyderabad,Hyderabad,4.2,1100,ChIJ4_eqZ76XyzsR_SKEbNomSVw,AdDdOWqxPSzMzsrofCEJDeKbbnwLRWj9KzaDpzrybL9EhsPgSwT8chLTQQrqQjkFgOYJMyDxvGGRNbxIngIRUZBlZUfBbpWA6kGU3bnCh45gah5dt-wQyS2voI25WxvJxUWi2FUumzVzcoNkbLRprNCx1pRqovuitLklTrrUY5_2c90ycLDw
Ohri's - Nautanki Gali,"Hitech City, West Hyderabad", West Hyderabad,Hyderabad,3.8,1100,ChIJgVUEYueTyzsRuEyzRRMp4Bs,AdDdOWpbVGKNs_K_HvBxIZ3QlytA9W28k3YwjVQpIVYrlXhYLGnstuoJmOuhvlUzwUOUbDnyDb96DGVcKtSw2W8flOjxZf8wQBC5OudtDPo0bPPBtqPX4aUOpBRo8QN-Iqhnr40O9RWylm1eY39RogFUJYu_vB8gSuLdjYP7JrMyrJqYet7q
Enchante Cafe And Confectionery,"Jubilee Hills, Central West Hyderabad", Central West Hyderabad,Hyderabad,4.3,800,ChIJ1UjltsaXyzsRnitQYRYoj44,AdDdOWqNRzXpWvgKZcuYjgqq3OC2ngk8G8Xiz7Q7lPE0Pu274Jt_HQBXarHlFeN5ptgXWeDAp9JmWfeuElvGpd1_Oh46xKRzVI6sQa5Za0ArrbRaVzIbfIgh6-QoZwwk8VyBCxouWaRJ8bqmk3Ztt23-0iUONTFATgfBo5HsJr30JZwidqr8
Buffalo Wild Wings,"Axis Tower,Jubilee Hills, Central West Hyderabad", Central West Hyderabad,Hyderabad,4.4,2500,ChIJER7FaUiRyzsRrGYyP5854XE,AdDdOWqQ8ikZ-H821tV3jqTB-U1MwUSLftpq6r6k0woF8TEbIVmGscLoQafpVvrm7mlTAN3fMvrBqyANJQ2zFuYQcwjqL61wlwlH8p4jbpeEtu48DD7pCIu9cFCy3JFPHCmy5K0ZEmDODAWI_hfdac_OA8av1IldQldhO1RzeHKZytjm6DJ4
Aura,"Jubilee Hills, Central West Hyderabad", Central West Hyderabad,Hyderabad,4.3,1500,ChIJcSEbZWuRyzsRqo1sUj7L27U,AdDdOWpub3BfKkqfv6v7ZlkX4FpRncN9YKS6JYGcWADf2hBOIuJkZ2Nvc1KQ59n4cVgY-txf8KumePHr0LnVrxS0ExIDitA044SnuCvEWsdBTOJYYibgrHE1IAK3jMC2tl6F6NXdUUEOjA1sBk_Ro9l_2x8vT2-BzfhhEUbmuRXwdx95AFX3
Zafar's Fine Dine,"Yousuf Tekri Complex,Tolichowki, Central Hyderabad", Central Hyderabad,Hyderabad,4.0,900,ChIJ3YyRNA6TyzsR_kC7LJG6OCE,AdDdOWqrUdgs_W8SpK2VjS51Q2ju0JN48v971pgwu2s6iDpAL9tGq_OLtdqG_PHStOkQF4uRhljtOJxpcu--MznQTLBEC7BJaYoEZ2Tpb0Cob-FDqdgWqs-gg7nF3mlGUVbMDxtjn2C8fQ64F44jJYNkgqlgs5mQ1WMO9ZimuR_QcNezSVAE
4 Seasons,"Yousuf Tekri Complex,Tolichowki, Central Hyderabad", Central Hyderabad,Hyderabad,3.9,1400,ChIJwy8z0OeWyzsRYLNKZNZ2jQo,AdDdOWob8QvqvoJ26XnUNb6uqUFZg9gSdfaLIjDNrKWe1t21lznfcQNZx7YuNef6j4IiBleHQZQ1PO5SLa52_koAWj2riNrFODVpHoqAZ1AMx-YyzFv4NPZXKlgcGZLXcnky6SxbRAVD_Um_NVn4kL-d-G-U9vFuffruGWFwtZ5KCxP-mAp0
N Grand,"Karkhana, Secunderabad", Secunderabad,Hyderabad,3.4,900,ChIJldsgczCbyzsR_PejyzeVWco,AdDdOWqX-lvJiLJKAO0x_ucUUMgJTzYK1hq6ddr3NFoeA9FbmDkGKjHZ93syH6gaAJrtozLyWO-1u5dOFuaMDbPoolXUfR89zNVQbiXwGa2hHrDZX8OEn8gbSXxT-L8NjH3iYZNDfDb_pNTkoT9bkHblVS4DFtRyQ31zhK_xZNxtZihSdo_c
Ironhill Cafe,"Jubilee Hills, Central West Hyderabad", Central West Hyderabad,Hyderabad,4.4,900,ChIJdcR_41uTyzsR6wC0OqfY4uM,AdDdOWorgeCi3Ax2mN4xL_y-kboeNGRm7TDyXqAuqHNUB-61nlSLRe_c8sLWqSoQsqPk-CUS7Nm3rg_ckqwEMoewGHOofO6uTZYa8chR5UPERLtiKsr-iN96BMxw31-4J5TA3zXu5L0B2q0dUGWFolVYgiIkVFlZPbhtTLdsW5VKKirkyV12
Filmy Junction,"Banjara Hills, Central East Hyderabad", Central East Hyderabad,Hyderabad,3.8,1000,ChIJgbk7XsaQyzsR4KEHs6yvRUs,
The ThickShake Factory,"Film Nagar, Central West Hyderabad", Central West Hyderabad,Hyderabad,4.3,400,ChIJYThAsDCRyzsRqRngq57OkLs,AdDdOWpHZ9Yk_-QAba8p0mTDXY6bD-x0MCtUNVAWRdDIUHIwbMi3PNV1SIPevGf43GQE_u7ZKP0dghsP03KSDuWvvObF6IF4KYCH8rGgwb_ZPHbsNl2nFaNI1-J8IAevkxd63gVfKqpdwzPdit9xFoFQzNxYQh2qM3B-o4PcPK_PHw8NFskP
President Dhaba,"Madhapur, West Hyderabad", West Hyderabad,Hyderabad,3.9,1000,ChIJc6r2lGGRyzsRJQnU9JufAOw,AdDdOWp9PTcbd-A35yV3p7LMN0J0Str2iUAfhOnDoYinjmNasSsCvyXihihPaTbY6C28YUAr_uY5AzA1YHLswvxHaXiBFaxwWsZdHwZX-VMyauXjifN5E8XVjjDK8gC3RLVolOtxZ8z7tRSXAS6znmVpEzN20o78SAZYsc7oUQn8y_V07FtW
Temptations,"Begum Bazaar, South Hyderabad", South Hyderabad,Hyderabad,4.0,600,ChIJBUjNNeGWyzsR0aKPC5iaFwM,AdDdOWp850Hr2Wr13HPirDYF-XBWfE9d-QfA880faown9p2TypOpMLMZkpa2D2slf5ZtlfhuNG-fWQfjyDfKr1o9o6wagNQpyeMuhoquckb8Mc5wnSE1ip7OIW3LUbVnDBAlWr5sPGDejzQOkvO94_EPIMCoRhz8ypHRBX-stEJDmng2HiKh
Blind Ch3mistry,"Jubilee Hills, Central West Hyderabad", Central West Hyderabad,Hyderabad,4.1,600,ChIJswZfo-mRyzsRavyPN0oU4Hs,AdDdOWrGDmxYhtjrij2e5ePrV90ez_eVBA6o4K1hXy4jpsJtjFVWZWDSFb7JGunbEyHsli291U5QJSZxput5H4Y6zW4TSSuK57ce63ne4SbDyKkYohLtcaBM5zVJQGrXp48smBUY_QyhE34zvWdsIA7ScDyU_D1SQGIqIfaMiC3T_dqLMMeb
Kobe Sizzlers,"Jubilee Hills, Central West Hyderabad", Central West Hyderabad,Hyderabad,4.0,1200,ChIJBQbyC8mWyzsRji8xsWTCUwE,AdDdOWrm6bnqvghHYRfufg7grFdDKLeA3KiUvhIKjg2vr1PrCYUkk0amDT5Xw-CY1g096C-2eNa1hIDYfNeg6DO-oLJRBVcSnX1xho8dZvcmtgAC9AWdFDszVaxLx5RAPy2mfwVKNU2L7uxb6cFBS2uWeaw0gV-YxepqsnMP-OGQ3fTGzjF1
Maguro,"Jubilee Hills, Central West Hyderabad", Central West Hyderabad,Hyderabad,4.4,1400,ChIJz0Z7S3qXyzsRgspxPf_FO0A,AdDdOWr7NRaUyHLcSDV38HBGziY9a3xSSjHkhEkCPOMAdNiI3QGlFfZn5EFoGnZcgW-dv6RsjQGSTbGZXB24Ig91e6ozlK9W78iVEIE6k74M7I15BdTcr66iRmHxnVrPXr0e_wbNKFWt3Oph8Eqt-_cXOZWXWr9pM4xa1hgjeIe-2RhLDvHY
Chemistry,"Jubilee Hills, Central West Hyderabad", Central West Hyderabad,Hyderabad,4.0,1800,ChIJGWksfmmRyzsRefsiCOvhqkE,AdDdOWr5xPAEEi54T4HIif4v9YE2T6z89BbPE6CRyCIREMvzI6QyViVO_iUY8A2cN5N4mJ4I5thIKi2hgbzPPD0iBY0BNwKfYfjWdyM8As8SipULSemkOILGJaIWT_r4k-oGYRdmn4x3uQelq9_8xd-fLnwzGKq5rZz8FzJRr6UAHyteuTQ-
Santosh Dhaba,"Begum Bazaar, South Hyderabad", South Hyderabad,Hyderabad,3.8,600,ChIJw3nRY9aZyzsR2AnxaRWgroA,AdDdOWq4ONgly-DkPvrCDBAGcv4tXx7cgyvIFXBQ2CRBD-TbStVCOZ6IwvU8VnKjG-fXJxSWAIw_UmnNRXMGY04ToNHQ1FSgS0XAClGLzlhdf6kBZHlgJLFcRonIfy6rfrLyFJ0tnmR4f6OLhJTusjjaAY0MBfU52dXdXDTUjgnpATDYt4_m
Istanbul,"Sami Complex,Jubilee Hills, Central West Hyderabad", Central West Hyderabad,Hyderabad,4.4,300,ChIJ44zNlGaZyzsRx-jL5nE61RI,AdDdOWph9bGjDlBkR1McwvY4oEunalf0q_TfpC0tGSbPNpwN-m-4jBrqDUyg1Xk-vNBP8FV5ND0qOz4F6w2xwMKCMvHvu42c6SmW1HnMEwJCOFgeXtd8oG8oOo2hO5lXQBhV9TvqCHdiDeCr9kqs6WRVnJvNUOTECBtf9b95WjR4J9sbujtl
Beijing Bites,"Cuba Food Havana,Film Nagar, Central West Hyderabad", Central West Hyderabad,Hyderabad,4.0,400,ChIJ8RsvvuCbyzsRZ4Q6fUtBihU,AdDdOWowK0GMkwwYg9Rf0mEltkemXHVn9AK1i6ipGhC6XtJgbQPyGwqI2Gxe1IeNS57Omw211bvRbOstRRkaKB95KUN7Egq82Ukg-63E2Qv6DEX87fQF2dqY1zlj4ho2iznvqSqcxoiuvAiWyrxlgl3CAXSLVG7Z7thAWlARiN8Ko_KIj8Ft
Hotel Kass,"Hotel Kass,Kompally, Secunderabad", Secunderabad,Hyderabad,4.3,1200,ChIJy2JJCKyayzsRdWO4FiJIPbc,AdDdOWoxDFUMIghgLTkryPp1ckFIZckRt0XOV6_xMFjDOUlNt2VdNo4T7rVE3PnCJWOrHTOfE-OGIkR0ynEAbnnDo6GI5NW_Lp2VDFXECi4cmVcIX70QAdSmOODci2TTxInH-KZL2C7e5m7nMofJ7njEeNjFWI6DcGen1zRAUkd78drinNbK
The Pizza Hub,"Kachiguda, Central Hyderabad", Central Hyderabad,Hyderabad,2.0,600,ChIJ4WosFviZyzsRM08VOA6xsfY,AdDdOWqm2iHJXQfe460LJTbvFwltYZPQSjIcGI0sM73EZBm583OK9HjEn3PWS57ERShwRcBfhrtY0TGOe8qX8ruJK9qz5yXMyTpt0UZiwmYc4sHs7TKNw5VXQxlkclAGYfcOyzrclKRth9EQM7U5HAq4CxfKAeCQzseyWG1cnNmU3c3tM__f
Cream Stone,"Tolichowki, Central Hyderabad", Central Hyderabad,Hyderabad,3.8,400,ChIJs2Z8Jy2RyzsRUvMabDrmsNc,AdDdOWoza4M4vlK-2Q9lX58v3M28da6jW_oCY0wxU7RymBqEbXaB1AdhPBYKS9Aiv_cG6EJEDjzxxW4QnGnA13-jW8HmZHcgYTYBVyyCLis3Aa9IkayT51mSxWeTgpG5yHoYZn0xrtCOeaCTy4EPSxSHrdZS9JtxTF8P7DJ-CboaGsQU-SrD
Carpe Diem,"Jubilee Hills, Central West Hyderabad", Central West Hyderabad,Hyderabad,4.1,2700,ChIJ2ZYxoSmRyzsRjdm-Ym4I-QA,AdDdOWqwh7pKJ-4zluGnrEhGlchZa3Mo5uUv6U7WDwHgIRc946xJ1YDLItXsjjUFxyYp8RLUfNvuklT1SOPqYgBCb2JWuW4MWL9rz9DiblfowNONdlNGdHdLwR89rGO91Y0tl_dh3azSZwSM8JFRrUZh-e-_yoQ71VxC4bJuswPZ6--FSqSg
Ironhill Hyderabad,"Kukatpally, West Hyderabad", West Hyderabad,Hyderabad,4.1,1200,ChIJBf4ISQ-RyzsReMLhHzYLIyU,AdDdOWqAJXfS8cbNQm6vlduuRKJE-m-BLaz2LuuEMHfOWjMgVh0wrh-JBw95iq-e8K40COe8CNnkburfMmQ6xzXXrlqBk1MHeQcedUAtiglWBpb2uOB9gwshrzFfk9MqwnXCrHVGgAnd3K2Nu0rJVjFYJkh4he1sPxqOqKN9dD8OSNcW8F-3
Ci Gusta,"Madhapur, West Hyderabad", West Hyderabad,Hyderabad,4.5,1000,ChIJl1350kSRyzsRV0I60emSa84,AdDdOWogDr4SQfYHtGKMEar31e05av-2K4KXal_ia3axHN6FYA96UMf__TuAMxgppLQZyrSrTUK5GyKOCKEb8FvFfi2f-Dk4dWE3IaawIuIrtQIJmDD4CVi9SCPwFtsMrpDzPv_Z33xev6abvAaVwWWZ2Y62x_792R7SpB89tYwz2bS294iW
Over The Moon,"Hotel Daspalla,Jubilee Hills, Central West Hyderabad", Central West Hyderabad,Hyderabad,4.0,2500,ChIJNQa7tUWRyzsR48gXak_fRU8,AdDdOWoQfgBHvD2zJNYTY5kiiO4nprRYczFKYjOMURmi3JCAUjwlvnXpp0inht_d7zoNzW-1lA5dVO8SZjKGuyVkVqU1Hr7Zd8hc7RrCJZCM_8_36dKNUXmCrYx9T5yHazEzsIlbkXd2eIC__eTYXOQusJLCGzQFm4O63_4rbd2LtovVQ5-6
Nasha,"Hotel Kass,Kompally, Secunderabad", Secunderabad,Hyderabad,4.3,1500,ChIJweiZlUWbyzsRf2t_adazYCo,AdDdOWqi1PsZoz4tesnbhdsaDuXc_RvFHjUiuuqkEy2vVvp-Kc7ofvQbL5V4DDR0YQPgl6T4wPpt9bNJMyYHPayA592X9sc759kdkSc2IQnZgMncPTiveYHquOIOqIO_exEFubcg5vXy3KQHXW7KvdHDxigSZnBU7nZrSDRtESi-iY_ecNUE
Palamuru Grill,"Madhapur, West Hyderabad", West Hyderabad,Hyderabad,4.1,900,ChIJy6BrDmKRyzsRjjO52_go-e0,AdDdOWpDPeUiRRaioivG0QyomeerISbrI6Ke0XLtlxHnX2VNZp1spiycQeauIxhS9layN1UHC2YYRL6a-slJdByOMWcnPb1P7ojMec4okKN3iTLvLS902kIO-2Hv9JZD6gFBYI-o_UPkAMHbs0x7HYa2uf9b-EGLybrG1RLwLNSvVJjXRXEf
Reason's,"Jubilee Hills, Central West Hyderabad", Central West Hyderabad,Hyderabad,4.5,1800,ChIJHzRqwu6RyzsRCBgzd2P15AM,AdDdOWrFkiyEqJkGZkXr-tfA0RQCx8HJvpef6ZCLz0KqxxsXtjFjW6jc3cvqRCrEy42gz_nRAyM2wHbKlIgW2gudgRAFIRq0qm65LWPBTlsgPidn9VANvfYhEJ-nqN_QCPZoKl6hAZsHJ4Q0VFh3MY43DOs7iTMmPFqrxmcUdHjNT0Jpos6v
The Chocolate Room,"Attapur, South Hyderabad", South Hyderabad,Hyderabad,4.2,800,ChIJTwHofsqTyzsRRMgSoLUI_mI,AdDdOWpUvzovbCnFjuKYKaLV2j0cN2PYWVymBP-Xd3XTCMBe6WGU2Ui1qIMp6urw2PAjRXVrZs3xaLb3tn_JbR1mzPn2lu_yHwpTF_Y8_9KJudeFB1C5ZOQqBhRgXhhdMRh6bCSjbHsNmXMzmDrQdKIOtjTyz6VwNJe2Q12hsBF7P7vY2JZH
Burger Mischief,"Jubilee Hills, Central West Hyderabad", Central West Hyderabad,Hyderabad,4.5,500,ChIJrWU6rnyRyzsRnzd1prjONAo,AdDdOWoMGS-t83i0AjPQ2GcS_nkV051V5spdQwAla8yCWB11L4PB88gFrTzqQXfD8CX4uTiUy-l21SufUpJUsiUsT0yPRoiliu-7yZjEQ16I8CDOzjP5PD5UDVv_vS9He_LWIzGZYTUEM25ylrWcE685jiUkRZucUpLRby8lRBQlzopdEloM
Zozoz Pizzeria,"Jubilee Hills, Central West Hyderabad", Central West Hyderabad,Hyderabad,4.2,800,ChIJP6zniaqRyzsRIvVdV8eC2Tc,AdDdOWqj3lhIA4vzJs8qB0ExU4hC4YACZR9t3iyMpTxidOkh7fu6zTmBuanj5E4QB4M60xBoInc2-OPCB-77H9rX4Vg2wxYHGWLnf596skD55MCHE1011WiQJgQc6z-SgmUQWuLxlNGmCV4mUH2bJSNtpSkFGtbeR2WA2LVmpsS38QvFPgz8
De Cafe Studio,"Malakpet, South Hyderabad", South Hyderabad,Hyderabad,4.2,500,ChIJ9xdLDTaYyzsR86M3PU0Z9O0,AdDdOWo1iXhsSpFflRJ1jp2CaDa1RVcRRzZpDyC1eEetK4jhpaN01ECiF_iCv-4h89StVwjKKuz1AU7Px03x7J1QSBJ6gj12p4aj32xAB7lV1JzepfHEJ_eYRc-MD5tezYtqNEDG2ohLl2hqwmjNfQ8gyBF4DtaTPdj50Gk8rsPubkZyAl9t
Hut-K Spice Kitchen,"Madhapur, West Hyderabad", West Hyderabad,Hyderabad,4.0,900,ChIJ4UYNOlmRyzsRG0b1LJ5e6KA,AdDdOWqSwGJplFx_MtOJVi3ZNJiIB2DKBC7UOU2RpwIe4LmNymPOO7HaRQdZeEBY2b-EVsAkwroAy6qSbggTq8VhzPN5YQwJWxO7ByKstpOau-CVgIhSLcK-ueifcZ7CXWZcVeAcFNaSi5EOhJ0Cu89OBD5mVLvmB10D24wMBYdLUE30Z7eM
Circles,"Hotel Daspalla,Jubilee Hills, Central West Hyderabad", Central West Hyderabad,Hyderabad,4.2,1700,ChIJ53XxB0WRyzsRIHB6FgG8FA8,AdDdOWqxrnZOrpJt-NXzY5bh2r4W7uYY1mFGuBGW-NGAspa1wDAw3ilf_1tSq-EmK1JEWb9bJfefc4csMdiV_CyIqxzSsCfWLlWs61lExmiGVKlQ-YNhsiuJeLdqXpeO2ilxvkGuQniJiHVGFxkO-AIrGC0zIhbYKdKGHcYd8rI0kOwhG9Dg
Beans & Brie Bistro,"Jubilee Hills, Central West Hyderabad", Central West Hyderabad,Hyderabad,4.2,1000,ChIJSwTU5V6RyzsRWU-c24cs0wY,AdDdOWoMO-Go-IJrdaVyysmgWMr5t3VHWM__-pyQCqpIXaeN7xE6JEGEBxfWhxKfFE6RMrPlKfNI5s3JK-u8ezIiU5jb4wgBiQS1-yo4yVB611vUxVwHDDnjhHT1VfZqyXe-xZ4R9X34imcoSUPjjlq7u5q894IqCVnpvR8D1cyMpueWge_l
Revolt Jubilee Hills,"Jubilee Hills, Central West Hyderabad", Central West Hyderabad,Hyderabad,3.9,2000,ChIJIUbtOUSRyzsRU3OYD3wOkV4,AdDdOWrrpQWfnfniEwt1eaCTiICmXJ7S4_DTCDYhZO2yTA-C1z0-yCc_CQP02G3AJB4KYhGFMenoZhaVm41v7Av2_3y1WY50f4fUholUhfBVTxrQ3nMrG3cOxSoDn6HYzMFbdAh2j3rXfQFCwayyqVPAGX9K2PwoomJ1-UW5oIvGq0xuzn61
Mid Land Bakers & Confectioners,"Ameerpet, Central East Hyderabad", Central East Hyderabad,Hyderabad,1.5,400,ChIJLTZf1h6RyzsRcyI2J6ESFks,AdDdOWpxzCCzjjJvtJ5MYKHMpZBoGVbbY6NI9WqV7PupzYsYRmaUK3q_JmZjc6f_f37PCyjMTt0DzG5va9zDZ4wlbXPa0r8VUZJl1vPQuLndhlN5HEMgUNnuOGDM805UHaFqFRJ5GjuoUZ2-57kOQgeB848EC7wDoJu-GmvlAuGNi-R94lx4
Kholani's Dine in Barbeque,"Tolichowki, Central Hyderabad", Central Hyderabad,Hyderabad,3.3,1000,ChIJcf4a0SiXyzsRS6gBhgli42c,AdDdOWp1ZYx8pBJ4zvnzmXHKrBB0YHvkXqx8BVVRuu4czQUU1x_UG6fYeKtuJAMMKrXUEorSk0D8SupMyPs-RYsG6WJ4xikPoZ1k39O4TRWiJ_LAGjHxcHhXWBuxedOmEH2rIv_FSKQe9ai0MZlqHCUtc7CCuYdgvL7xMGf33olzZdTS91E8
Fusion 9,"Jubilee Hills, Central West Hyderabad", Central West Hyderabad,Hyderabad,4.4,3000,ChIJ6c7JgFeRyzsR8B1HlXqdITQ,AdDdOWqVE93mK2-vcFYd4p91aVu2uGqHVRwvWlVEbFWftG7TZq9yZG40aiBsImqGTkDfcqT6CBNV7MIkfClNNB16lqAm4BlcdP6OvkSCcq3HJsnWvdcYBkOkd2a1S0S_gVYVBvxxbsE98FwI2lWzG5CW18M2B8tcMooIbd2Y8q_WpbLW4y-D
Olive Bistro & Bar,"Jubilee Hills, Central West Hyderabad", Central West Hyderabad,Hyderabad,4.3,1500,ChIJBdTHClGRyzsRjU5SWqXEeJk,AdDdOWqwpEqQSzTgFlIIssDfev6SgO5tLTo57vA5WxM7m1qfhpo1RQBYBBuPN9FX-iluM-GBRcHhIEQpr7H_JR44EvN8QYxw-62EOTfLPklEoD19eyVOuG1cNbpxkeq6vaKDZcgdqpxUOxFb8h-up09jkWtF6TAOOxMbPuUTBMWZDHKeaq3a
The Hoppery,"Jubilee Hills, Central West Hyderabad", Central West Hyderabad,Hyderabad,4.3,1800,ChIJSfsvCFGRyzsRVVHDEqPTedg,AdDdOWpoMz55yjpPFRh0E0E8PTXISjbzI47mERVdfogR2N5kkQy9HjwLfZBDpDskKmEUKtf7pWrmf7-6dB27kSz_NDJxn1Dq232KBBZcaLHJjb6HG4Y7m0RgBoiz5YAdvxVDeJzDR1YF7YbgWzXgexpgedc_X_KiT779f7VJyawtLGXABKw
F3 Cafe and Bistro,"Sainikpuri, Secunderabad", Secunderabad,Hyderabad,4.3,900,ChIJXfii45qbyzsRi0cR_b4-o6c,AdDdOWpTlzXczwB7QRncLW1mzbalKvrD4FMc7ZtOBDCH5eegrB_iDxVzyDFHMP-XJSSOXAf4Swx1ga2L1CNJP5pvJh6Q7pgTBv-hxopAZvrXRYOz4gyqx2CDolKx1mqLDx-HUTRXXox6Ijrxf6ELjeX30gLR1Su4dNG3OTvK1e-lI6XLQ_lU
Sacred Earth Cafe,"Madhapur, West Hyderabad", West Hyderabad,Hyderabad,4.8,800,ChIJA1S1vEKRyzsRppLZyzvnOaE,AdDdOWp2vV0ca_CYWnQYuffom6y4Fi0_U40dPBRXDH53_-JhshXdL-VA92qAaj8SNrDZB97R0FAT2bbH28gqIMIQOVDqE-Zi5bZYL9d6NHF78oRPrDXmGFnGAP1mnn_bsLk1YF9YviNlIeGZkY-TN7GNd8w9wo42pdYSbv4qTdy0j988JAEx
Amnesia Sky Bar,"Inorbit Mall,Madhapur, West Hyderabad", West Hyderabad,Hyderabad,4.0,2100,ChIJQXy9RiWRyzsRLSs0KeUpDmI,AdDdOWpY27MQazKPLDX--4IONEsVekFOVBVSizEluzczBk6q7xXuE1XC0khADSv0YD28nSIhHM07uvWNmRvpW2sV-OBdnPpVs-8n44WtWlMFruIZjvxYrQ6vMmfvQCWENMeGQnnKRa1EFTNrsE2EEAgrguCi5n4CNzDCYjX4JaeDdJzyFDsO
Coffee Times,"Hotel Daspalla,Jubilee Hills, Central West Hyderabad", Central West Hyderabad,Hyderabad,4.1,800,ChIJO3ArqEWRyzsR2lzem1rKixo,AdDdOWoumYylNKKTvjTz0A2rQyVoxhqHpt_Rh9f6xNf7g48Pzx_MpOPROcHffonEk4YzCNzUHs9D6N6puBiD-SGXRh4MNOHJM8lyFjUxHvxS8tWNfJ-UfzN0m4yAxGQytsvFTeQhggbhi8R50ZUhz_nxRf8Wr9I3dln24kJjjP-bRZJOwIyf
Palamuru Grill,"Attapur, South Hyderabad", South Hyderabad,Hyderabad,4.1,1100,ChIJy6BrDmKRyzsRjjO52_go-e0,AdDdOWp43jt-JAPbpaUzTrjQqabzPugDatWzvJbre_HtR11aRsppUKqdANjNV4llK9cj6mgzNgbAdH7MXCSON0kyLdcqoz8Z8GN0HkyH-5BmIfCuRa8Sv3FUalO8wMC2iDfHfDqPBG0COfiMge_qjf9Sx7-ec_OvH9uiGhZx0IZv67cad9Ak
Ironhill Cafe,"Madhapur, West Hyderabad", West Hyderabad,Hyderabad,4.2,900,ChIJdcR_41uTyzsR6wC0OqfY4uM,AdDdOWp6AZnTkm_wEMn2Armd1cUcBLEJoHjTv2PxWr0YCjak07y64BZ9pjgyOQYc6KpBeYYOL4VHe_AlCe3xhI6DPPB6XQcYcmEM67Zbba-APvDDKK7wsJjDroEJQl7muYzo1Er2dmGLRsp_jdPdCnre_j-3g2DZJMgDDiSu7YMAX8H5seZ3
Rayalaseema Ruchulu,"Sun Towers,Madhapur, West Hyderabad", West Hyderabad,Hyderabad,3.9,1100,ChIJIzULLjaRyzsRzID2G355Ccc,AdDdOWqD-G60C27kZCtabJ7HUDr-NZpYIRcWjTM9DjIEYXUphIAPMK5dv7ROLrGJ999Iv4-rjC5LAGSUO6UbQELnKQJGTzAnMuc5ukxJN_Rhl1DjjDqhj8s2k9Kuzmm1eGzyDpJrcvv4a28qYATku6o32YrL-HKqqA2-BzhJdmFa0_QeqlQK
Biggies Burger 'n' More,"Jubilee Hills, Central West Hyderabad", Central West Hyderabad,Hyderabad,4.0,600,ChIJsydv7yGTyzsRILYRSJ1C4Sw,AdDdOWqUGadFhB__nnHE6L4EjBKcEg1UR1lKRRdwAD2B3uqSJz3fBeW2e97SK-W4SvVVXRnXL9UrVThEa8sc5P_6Z14UtI5IAsVXVFfmIasBsZaxuxI19MbrjpiK1RAfa7HHTNLNF0yR6nMaYypKhUYMsXPwSUm9Bo2QAR2wobZFQC4VoMeI
10 Downing Street,"Kompally, Secunderabad", Secunderabad,Hyderabad,5.0,1800,ChIJ5-joE8eTyzsRaehg1eTusM4,AdDdOWp3s-q8z_GcJbWdNmSkaKerqz_U-sLx9UVVGFuBogZBDT-a9SQzibA9plXJPRddeD2uycL3GNjln17AFpvvl78Vq5X3r3G5J2uLlXNTXhbw604SZlooeqKpWHG8eoQKsUZIXGYpzAf1zZAFZbE30jrI6TiJfGpyl-f5cS98kUaDzi6m
MudBrick Kitchen and Bar,"Jubilee Hills, Central West Hyderabad", Central West Hyderabad,Hyderabad,4.3,2500,ChIJ7bsdzsORyzsR0YgHDQz-qm0,AdDdOWqeFxpbp6wgCEDPWCFYzjqpGatoTATl7LpwsIN0Ap3C8QgXn8BUVaWU9E1ZEFzU2GfDB27oWm5oAwyiIya1D6I4qSfzJp0sXBHhmHrE6tZAalZZf9X-FZE0UrLSYtbmp5NA-VcajdLD_WoUiZURAqWC6gWYYY8QTL75hG3oGueM3ZHC
Makers Of Milkshakes,"Film Nagar, Central West Hyderabad", Central West Hyderabad,Hyderabad,3.0,400,ChIJQ3g1ro7zyzsRgdaFfPMuSmM,AdDdOWrWr8kGNfqsWWGPMRlB_QhQuTjLTRp_3enTSg12MfXMktGFx7wjhKjaFEFAV1wDsUmJhnfZ5ljWsdFlfjdYk-iQ9A-P9L2zrqtwVkjhNSYQkgh1pWgRzrBugqWhAivbw8rTIFX8rQd6Fm9giGo3yb17nLJSSgINSlClN5Yl_XEk8Tuw
The Grand Trunk Road,"Madhapur, West Hyderabad", West Hyderabad,Hyderabad,4.0,1100,ChIJoXsmFmKRyzsRFAvFnZ5Qmx8,AdDdOWos662MfRhXkeaux7UjBFQXGAdVdBLnRpsTtDBStawJESJArL35NBN7Vm--b5vyElfBs-gxr_egxPleMY4tEMETKpHdgWkrsRrzokIJ8u69w_gdxxhw5RFQBT4stV6KITT5dE--o_nghxJDdZceZDPqyM5oUh7zk0Mi4bkrzyT3kHoV
Kesariya's Sweets,"Madhapur, West Hyderabad", West Hyderabad,Hyderabad,4.0,200,ChIJF3GoXcyTyzsRDfKVcpkmnWY,AdDdOWqaLZX4gO2Sk_BnSq03vW55nm5avENYI22mvLXiTzgccbsSEM6glaDlifdARiD7hvpd4WKm811qCEQBVMy-mZ8lVj3edvl8JEu-UZw1D8n2nDV1F0TwcLS_CbJJCeVu7nzmW34eyWnJGArC1NEHOGN03xM8TAo-830R1qBqX5_O7AnI
CIBO House,"Phoenix Tower A,Hitech City, West Hyderabad", West Hyderabad,Hyderabad,4.3,1500,ChIJF4NRh96TyzsRuQItK64EJW4,AdDdOWokgQ4-1PwPzwCDCr7_xojjeFinQ697LJK6AXXG8kDPfZz8GvGtgdpYychHBbK2JA1In65W67edwpX8ReYlChzc9Tus5Cvcwimu2tv8cDqXMY1fe-Dc1VnVhAbwpe141cAKCMZim8wbF10z0i_qzJkhmu9pfeqOv81zhwIFBYYowlZC
Fusion 9,"Inorbit Mall,Madhapur, West Hyderabad", West Hyderabad,Hyderabad,4.2,1800,ChIJ6c7JgFeRyzsR8B1HlXqdITQ,AdDdOWpPCSk2vQWaX_EksUrNVIAKPRbbNvhI2H8y99xVbMXwRGS0fnyjuM0WlYiLRFi7EgzHwEW1jULZ7i5Lho71sskQSqNRia41rf2J3pRztGJFjBgoOyc6WVGhEh2JMrVlDmhoZfoOVauFWB2e5qGiB_RZBKh1-mMo1DrJGIxt_zOFpWAq
Dildaar,"Madhapur, West Hyderabad", West Hyderabad,Hyderabad,4.3,1000,ChIJ-5FcKWKRyzsRDDKgSN_CJVI,AdDdOWoVTCDj1_sVQrs2dzt_YagxOvBX9EManaNjmkF4xoJ2UbAiPmlR7eCFM3b3M131u8zvOaIuiag9eAUMkYoPYnBwq5MQMMuP-Gv2WBI7RlkXX3YWBg7VDAT1a6D54LTlwoUM5H4TFozt4iRm7GWmuhSAq-NXpjUgN0zs9K9Y7kDnFDjd
1989 Pizza & Thick Shake's,"Malakpet, South Hyderabad", South Hyderabad,Hyderabad,5.0,600,ChIJR6Uw3VmfyzsRoxEMWXYHE9c,AdDdOWoFKA65tEVf9d7q8kfNHVuDFZ1f6Xkna-SAT60P0IjLs10rx_oX-zQCiHAdcnXPsFkoKeDU3Tvzmc6EOQOGdPVYw6kUIl8Q6NOTs75bQbogPl01pxyBEK0Y2KrhsOSZRAASSbvtRFK3whenE4jlhoMi-q49qNNM-oAoqpd4WWIf8aXi
Frozen Bottle,"Tolichowki, Central Hyderabad", Central Hyderabad,Hyderabad,3.8,300,ChIJc5bZXRCTyzsRbtKxGy8YeeQ,AdDdOWoud_spoIHdiarAz0agbsuPG_nuiPbdNnXYte4mTLYyu4w7LpHzJEB-CHiI0LmxPk8lVCtIH6UibYzkdVFjrNQooP7f53OsDWY_UvpzHJEDrsFMH4BFco3-um2KSXzjrxbit3nbymiS-nTwbgg-Zt0tLUrQvrPUQKbEzbDARxIx6R8W
Chili’s American Grill and Bar,"Inorbit Mall,Madhapur, West Hyderabad", West Hyderabad,Hyderabad,4.2,1800,ChIJWfkf9S-XyzsRbPg5AgpvFbk,AdDdOWodpIr8DY95kOgSppOcrIHhbUx6voraAUxrL_HO4qGDwUZSO1Sk9wgVfoqEN5qzR7S7nCa4dbvdVncarNc-DB397x7IsJ_neZlRH4aTOhQ8PaFJeD11P60hqGuKGGZxfVG6xV7Qhu93OEpSx-a2Zz6i1rEJLauDMvByKm25nUzYkjpu
Bird Box - Bar & Cafe,"Zen Building,Madhapur, West Hyderabad", West Hyderabad,Hyderabad,4.3,1200,ChIJ-Ysijm6RyzsRfsiIEZPRx4E,AdDdOWqO48il--jNXsT6b4BJVXWu2NXiPQRIMX3JPlWrFMYRthGp_aj83zkrU_E8dWhPeKxYpnjOOFhoyonLuW804IGL5kdGwWtrbv24HW3tueyoCU4kXXoODqDlSbpRLtdk-xHg5m8Uigg4p7BK92GSWCaLqElKlaUat2UT6cNmj2eaGAk7
Barbeque Nation,"Forum Sujana Mall,Kukatpally, West Hyderabad", West Hyderabad,Hyderabad,4.3,1400,ChIJt3TsmjeXyzsRW78eukz3few,AdDdOWqvgYGLHOsW-M6tSZB_aciGf0L3GjgnjoeetQW7bSGyK6ZW65Ejj2PGohPw0YO6FoExB4CZZZdmHIlEAvP_VxjbyWPp1IUsiMH8u1Qzd8RzCWeiKAFIo9HhzAe4FcYudp-JTsmwk6hBzuh_BBYNqhLHt745M13kz8M2ZdX7b0RwCqKa
Cream Stone,"Bullet King Commercial Complex,Hitech City, West Hyderabad", West Hyderabad,Hyderabad,4.3,400,ChIJs2Z8Jy2RyzsRUvMabDrmsNc,AdDdOWrd5fUAHJxfY5vWHDzjq0SdtY_2eeExlkSFPIgcIGXLS-rOrxEOkjx6GCBfCU3z4DYxYdph96vTu6dMMB2I7R27KjQRls6mkQpKy2qtyTS2JnfnRn1h1wqYVM6n-pA8eHWNS7SQOheZ2yr0IE7zoqqFwgPU30rFxpYuPOdiZHzuj62w
Cafe Lilliput Bar & Restaurant,"Madhapur, West Hyderabad", West Hyderabad,Hyderabad,3.7,1000,ChIJZ9UMcYSRyzsRXcWoadcYydE,AdDdOWqK4ENEQIxSeHH-xzzpQkvnjsyeUB2QNaAKxNz60CSc3VQqamO1zWUgd2ed5hZGpkHNNaxuDT2j2XeHH9W6hlXIpJ5Oj_qQWm5OBDkToHsDgkX1OPRsT6Yh6C-tcB6mtrD_uP7w_TfrLAmEuO14XLWIFeX0q4v0Fq3O9vzUBHf3huhb
T- Grill,"Madhapur, West Hyderabad", West Hyderabad,Hyderabad,3.1,700,ChIJ7eP634OUyzsRFdtrRki0RXM,AdDdOWpecjvICKcJmtTl0kdKx0kmtNHDU93C7QMJho7QMjxj58jaWTczYI60v_E7MOa3l1pUfEPDPuRWGLaE1iETrCtN7xs-_HwrJwVOZovxD7QLA-08u4wBtgOelsZGUQCzHP115WleEJYtiXnvjywe9r_AazrcUBOCe0Y9RyXjg_UWSmgv
Cream Stone,"South India Shopping Mall,Kukatpally, West Hyderabad", West Hyderabad,Hyderabad,4.5,400,ChIJs2Z8Jy2RyzsRUvMabDrmsNc,AdDdOWq1Ynu9_B3WhoR1RrR1IOjzwhYLAzwhNsaG3bFSl6u6xZOvafgHwf51srrP964eGSfHUxMw2lb3VxDO5CxERBK-ACmUCjYKdRdeTJBIqBlEa_6iwuBzZuGyHU6UiBc0daTp5fY1xC0i7Q0hSxk0MxqMbddEVKIKHvzjlJ3LiYL6u10P
Gudgudee - Tickle Your Tastebuds,"Madhapur, West Hyderabad", West Hyderabad,Hyderabad,4.3,1000,ChIJE0KEH76RyzsRiNRXvT0M6W0,AdDdOWp7vFYUM1x6fvWu-B_XD8obfs9vkgPxyuNn71hsXyJ5EUkWULTl8oviwxfcaKBFzrZt3yZjYSwvhkSYOEp_meE2Ys9411i8u_mUt7GkeMsWyFEL6sEqt3fCulQiyErCU4rDY196oYGjLXmUfkloVvRprsFoYFh8V_RpUefB5iZ36_Lc
ABs - Absolute Barbecues,"Miyapur, West Hyderabad", West Hyderabad,Hyderabad,4.3,1200,ChIJDX3wkpWTyzsR5ukjsiQCMqM,AdDdOWpdLaRsNvqQmYf8-S28AtdpnmQuFGs4sp4RlM5xwxj7qF1enUXd1YUtopdnHuogp2VmTHJVwsL5cZgwGBRS8CKYILdBQeQAYxeagO0xNM3nRL_HuLn7SaisAcyk1TC6cRjefXn7kgN5ZfuKP9rQ9rom8HweJJCXAHWPWTMwbbMHh_1J
Kumbakarnas Restaurant,"Tarnaka, East Hyderabad", East Hyderabad,Hyderabad,4.0,600,ChIJ_0qYDmGZyzsRHdECwO4I7uQ,AdDdOWp_09wwXJuM77LjzHaR-k1Oy88K2FstaplPNcduAW6sx-cWIpiR35jJlcRUaL-8YhGp-eQpiNVkdk5ScaANxfH0STtFOAmAou_MLiJfiaz-NRAbj37Zfg2ZJGP1_v9zuJz8B0n-szV4D57Yjl-9IwdvDgaFGmXKE-mZct6J7beUcjNq
Sri Santosh Family Dhaba,"Tarnaka, East Hyderabad", East Hyderabad,Hyderabad,2.9,600,ChIJZfkzWRaZyzsRbUV90CEc4WM,AdDdOWp1mOty7VNc3eOcQiq_-kUR9zi2n_xSfjoBnBoVCzAFeA9tb_6lZpApso8EYBVZxVxU9gynT_F7Kg8Qn0T2jv5U3clJRPemr_WpIWEkXRllJLTGcIJ_AYdFNo487f1N2pbpm65rAYcbNIanS-0_F8WXx5I-KSMRpBL8XmxwxNo2Vzzu
Date - A Middle East Food Affair,"Madhapur, West Hyderabad", West Hyderabad,Hyderabad,3.6,900,ChIJnRQmLF2RyzsREa2Q7M0OvYQ,AdDdOWrRTIxdXy_VtjOkXAGwCc3GEA7AkE2o8LMmDSvUqBuLYH1y8-Mhr0BKtX9O9mfi6lkEvgZN8Y4MAtVtJQNIyPijoNgfbYT8LadvqO36vVhIhovxTyPTDdmn_qW5A3EjF02YHWbTSZ3sDgByZNQQXZPXGnWCekChjW0g1wikua6ep9E
The Fort Club,"Ambiance Fort,Attapur, South Hyderabad", South Hyderabad,Hyderabad,3.7,500,ChIJZZj_3VOWyzsRwErSIEVVFSg,AdDdOWr02CF7ZENJKL9qS2EYtNhlLjRxFTsM8yOx_6xNUoWTIuLLI_vGEyKFJzBGacxGHEAw6sdgD9ZkPtEBLx--Fgss4sOtRv_SjSLTqs5Ssvcm8TDJrl9o6PGAVx2JRi1kxX0JGIKT4GZTXo5xpCdf8Ryg5R3OHdNeEhJNBtHbMzZljoix
The Glass Onion,"Gachibowli, West Hyderabad", West Hyderabad,Hyderabad,4.2,1700,ChIJpbW-aKCTyzsRrG0GymarwOk,AdDdOWq4aTI1cki_2u35bIfW5oILlbHdKJyX2-Acd1Rd8z7D9TcyX8iL9MYjL4lTsR_6ifQFfjlHnaiaJr_C4-5o1ouE2TEfJQM3VTx2IvTra4O7gpuwd9GmTq7GhS-NTVUgUlIyI5ZNHuy5zpFFsDPZ2ACBi-lJK1pYQPccREVTuutIBbKQ
The Big Cup Theory,"Madhapur, West Hyderabad", West Hyderabad,Hyderabad,4.2,1000,ChIJRSbJXL-RyzsRXGIJZMjF-Bs,AdDdOWq1v70s_xqju6KSTfKQNCDoMaTMNqLWgH1FGKpmgykB6RgUM5Oag6lmxKeXUvHUj0oEYFvVDk5Le19h3MEQoBMrb0uk5EGuqzSV36V8J8WwZbHszcq6Ose62icwBl7rtfz4vP1csSiXeyYC9ato6vQyKnVh4keTev4OEkL1S2o29JM-
Rotis,"Hardhick Crown,Hitech City, West Hyderabad", West Hyderabad,Hyderabad,4.3,1200,ChIJswX52N2TyzsRItI9huiPdcs,AdDdOWqdJ-1TN90UF-cKntDbQbdHPqqpQFc-khsiUTyAj9p8UfqKqSpMJDG7kEQqqJIQ_K6bjyIZ7n4Rka4vRAKNxQmnuJwfiWtQVxuVnqAue9TYXPAgeFV-Hwn7lO9yLBcd64Mlh1DfedgMJOsUYO_d-GNHzO-XQMS3NGmW1CHpr71XK6K_
Express By AB's,"Pammasani Complex,Jubilee Hills, Central West Hyderabad", Central West Hyderabad,Hyderabad,2.7,600,ChIJ01jJjayTyzsRY-ncyntaQDk,AdDdOWpbn-TgBV_C83Ot6vi0XwjoLNWT49tWgdCyfEZiygj-HJ8Zb7z-NNgHPkZzrtWpAefpadf5Xz4BUXyRKq1RN5pQCGVTKz-Z8kHAjmqzMbqc5Taa6jayFtPCTZSMIbOcc10ZzJ9MTneiefFJRaos5Bf2DhoEXoW9Wur53VDBW2SfRGfW
Hawte,"Madhapur, West Hyderabad", West Hyderabad,Hyderabad,4.3,400,ChIJd6RZ9M6XyzsRqJ-4G2hwF-0,AdDdOWq6qBKffHgYaqIO13U6yiN1jDN5ROJz561zqiRbdXK8oBZP5LFGvoxMiJ9NttYX-yhJ50j8iBOjDEJRabAfQLhCcKAwlYNK4Q121MdcEBNNMMYZFid9TVFQYuCFfM4cfm9xYIvhM9L_l9bY5tXogXGkwRVCLPXTO-ovR11VH4oeQ4WD
Barbeque Nation,"Kothapet, East Hyderabad", East Hyderabad,Hyderabad,4.2,1400,ChIJt3TsmjeXyzsRW78eukz3few,AdDdOWodWL5TA637kKhEY61fpzRkcTcWQbDEdCEOnr91bO5Jb0Q5Mp5ykWHzXil6bL3FlMGyjnf6IRmxIVZSfvUDOpv0dne4eLpWzmlRRileT-pdDP7yg8N3PjDBC8AtYOr0wtyEobes_w9PXK3e0r1Qo5osqbJZXZCCU9KkuHuwt57dmiUq
Punjabi Affair,"Oyster Uptown Building,Madhapur, West Hyderabad", West Hyderabad,Hyderabad,3.9,800,ChIJJRxsWF6RyzsRgQvCLJSw1sc,AdDdOWosgFrGHWYisBrb2tH-OLW1ItXNfhyK2PZSjuHjTfBiZFDnhXEVQYlB0sWiM5EtQFPeSrEAKEpTprOYoMCBEpRfbM4hXocyYnpqrdfTFirCrBRhtVlZZIREWw6wnwVtUvATkXCyp4_hVzyL3dk_I4eRlWwsHnWtdGWsKKMyl6l9OCKK
The Coffee Cup,"Sainikpuri, Secunderabad", Secunderabad,Hyderabad,4.3,700,ChIJ_RvSJnebyzsRMjwh2mVwWsk,AdDdOWpypqqUhBZX-1mKrXK3GTQ8WmL0WXniamMjAZ8VoH3try-MpO3KEhm70OpoG8_Y9EefglmF_hNEVejzcECr56tQTPoG2jtiYv3oUbRWRUXjDOQy8k5W3fx2xJs8U_kms-BjehFICIK_HgLV3ZvJGqeendF1LpDmDkjUSz0R2jL28U9M
Ankapur Village Hotel,"Madhapur, West Hyderabad", West Hyderabad,Hyderabad,4.0,1100,ChIJL2bhciWSyzsRccQz4IAJp2w,AdDdOWrI4s6ERtkduRq9eBIEJmLONAeUY3fggpgceujefHjc2-MloxICgMtPPPL-4YDxF5CzwH0zhpAt6OOBvLC3TD_QmKNrxX3FSS-bww3neYL_dolsSAr7NTUZ18MJgEC8pQmxBOi7K1Trv-ldwrJt59dWu_wRQbXY2pAb0hwBUuz32WXL
Over The Moon Brew Company,"Gachibowli, West Hyderabad", West Hyderabad,Hyderabad,4.2,2500,ChIJDzl4MeuTyzsRaLjSrquwWSI,AdDdOWo_WG8uncocAN_0jM1BECkk7fQG_u2ciUD-MSizdgkmmY8doq4pmXlXVNJ6KwOuJIX9YcuUhsON1ru1Qtz0E8accTzLDzwFEuM06yk_3Fh8eC75CRGJYv4zMlKPwUL6zNeiWYLDEkc9StyqHcyW2x41tU84mDTXFygjHxAbDdzwcRQZ
Punjab Bistro,"Inorbit Mall,Madhapur, West Hyderabad", West Hyderabad,Hyderabad,4.2,1500,ChIJ08HxiseRyzsRni0lJJxK_Uw,AdDdOWolsxhlenK4woUtkB45DhooL26aozuDRG7hEhVF5VCkg200IiHkH7xjeEJUxCCnxwfmRQGw2wiIUVImD1oSML7qaZXc_E3YfLQZaWTqFJ-metZwtPq3zOEkwgp5ilJHRlbLXmd7Wl91IsLw3JjlqxmWMMn8zRU7v18xLe6ATCoWpZ-p
Taste of India,"Habsiguda, East Hyderabad", East Hyderabad,Hyderabad,3.5,1000,ChIJv7h32X-8yzsRTbRbo_J1oMU,AdDdOWqD5wdueCC8T7nNJxs6FII27M9_vS2j0wEwWm_1S0_hZmxUbvyHo7Hr78dEKRYR-DiPlVYrbpgTib-qrDMj8tu7EMVIwkQ4TTEzawALuowMXvws6dxezUYa_-ubaLG8dSqwOPew8K5pNtTBE7xgAAvg_3gsv5_fh8-NWu8xoV3osgx0
Snort,"Hitech City, West Hyderabad", West Hyderabad,Hyderabad,4.1,2000,ChIJhawCzvqTyzsRkyN0jHEUggI,AdDdOWqwLjioLsFEwz-65LwkdqQLcCz9pDiz1appqOo6EVUBGDEetySgaL2Q_XBRD5Zak0pkDmmAfkmugut-BkJv06wVxENxNIefk-tpA0u37VTaRP_mXiLi4wGi-L2WgXjKmWmzzKAEu_GA-G59RJk4JBAGQT5oOumtkBdhLMf46ft6BnXV
Seasonal Tastes,"The Westin Hyderabad Mindspace,Hitech City, West Hyderabad", West Hyderabad,Hyderabad,4.2,2600,ChIJQ0XUreGTyzsRncF5MBOE83g,AdDdOWp6YV8QOcQzRJ3x0VkEkyuwx859wSmP1GcLSyZ-N71ERrs6uY4nCa1JBckykxVpojVwA4C8WM5l9ZbsZv80_YhYqW6RLa_vqDJX6HrqFCHULGjm3SMRorxiSBdZ6GTqCq-WYvnF4NAxWzljIjwKRcCvLe4cQd3kCb8a3gLCJGZ6Wsxo
The Breezy Bistro,"Hitech City, West Hyderabad", West Hyderabad,Hyderabad,3.6,900,ChIJBwJcwtaTyzsR_jyRlf66lYs,AdDdOWqZkMqPXSuv91eKFRYwoS1Zyf9pubW494Z7Zico5mLOM3vJU3tXrjGlDOl-Fgz-vaClbdg6na2w1D01HwWn6hSWBYZiTytbNhrC3Quw3nQX1TcyBOYyJm-j4oge8IhBZTZ6v_GdZRCgh8Z1750aoijY33lRMNhUBLPGgXj6wsHcT9hf
Taco Bell,"Inorbit Mall,Madhapur, West Hyderabad", West Hyderabad,Hyderabad,4.4,500,ChIJcTMbWsqQyzsRfmZ9_DmfyDI,AdDdOWpvFU5oAe_AfbQ7xRaO61rdWOK1ZzehG7fHfcy-MkPgUyjNwfCmP7LO9-id86zciZ1GNZNCWI-iWau1eltKW0YkdeZtw2s2h5e4Or1vWKr0fD99uA41ZBjMA81EJXYaXCS_HK_xaUabZaKTEGee5ek47cO1mKh2dFtrWEkSowo4UzwB
Nag Restaurant and Banquets,"Alwal, Secunderabad", Secunderabad,Hyderabad,2.1,900,ChIJHyrzLuObyzsRcoSY_wgZOKE,AdDdOWqHt-uG8VZczEh_hlfxxRBqbboLO87h13bY56p23ndovqCvjq6JmU3TDlqxHgDMGw_bFsmwQdDE8Q6sfbOSypYTFmS78qTJ5qb1cGjRPAjoQsJvhjHU__tBZ-1sCEd4f9FftsSwLQJvTYcLXe5mfm4WFHC2fOXyv-GyeanH8aWohw3Y
Coco Fit,"Madhapur, West Hyderabad", West Hyderabad,Hyderabad,4.0,300,ChIJpTnhqoCRyzsRUt5CK-4gdrA,AdDdOWo-VkS5dIqOjgCMlGa9P6psH8gG2gn1rtnCam2Fj-hzZ3raT_W4QD28G1tub9GTk9EMhw-VSvGANbfPt463oFBbQQaKeZp_xcTRAN_JkvUTbPU3lYZLw8goGXQ7chcfJb3k6UWSelu9VBbL0swf273et6Yu6SXTEtKaAIEzNA1JItfO
California Burrito,"Inorbit Mall,Madhapur, West Hyderabad", West Hyderabad,Hyderabad,4.2,800,ChIJuUEfrQmRyzsR1cIUqRhFz4A,AdDdOWr-A4IQegMjPpI0d7lBBz7S9kBk4sbZg2U99n3nNixESwMCWDIms80VWTXdn_owvCUVkNuAZACswqIST3rBQDExmpy6qq2nxrq2U0nhgQSofpg7hqrE-X_wy7fCXUqRh8pMLo4Bfu72Esgd2CwG8_3RA0wfEcdD6yKfEp9vdOBaeXn2
1989 Milkshakes,"Dilsukh Nagar, East Hyderabad", East Hyderabad,Hyderabad,5.0,600,ChIJM83BSe6byzsREtG0ijm2ZEI,AdDdOWpEjZeceHhbD4S-cOmh976ZMH2SX695LJwhysezEAaFti6XxxMKywMBAv0rW4s0z59Lef3df7Lqy_VP3yU2UNbIiIX9qV1tmRn_sBwjxlIuAmFG4E7z5CcyiotA9FoCTRwzIpn-rVXcEZ3-bswLEUUYuz8Haw3uoQ9uP-CKhBAn4jkF
The Joint Al Mandi,"Madhapur, West Hyderabad", West Hyderabad,Hyderabad,4.5,500,ChIJ_8FhQ0WRyzsRVcLOmK-jNwg,AdDdOWo25elalNVgCboITzDoCulH0k60p760TXYR7H0otQfVN31Xe_kTwsCKMFM7uyqIn-SPQwXbAq5tefLZo_l5-9SF5cfqo_yZoNxT5weAztlJQHYMHq3-i9HLkDScN2dyY_HnSbshXqEm71HJE9I2y4SA09Kc9RJREtZIW_wquIuXcgDH
Cream Town,"Malkajgiri, Secunderabad", Secunderabad,Hyderabad,2.8,300,ChIJo34gWG2RyzsROYiEOAgEvv0,AdDdOWpRJYrVUKupIfiBH6T6h2pNt1BSp-xQSXOzldkremSvbevZfviGBw38OYYP7oU6z5BZlKIDVgs22ILLceMxXK3WbgjFG4YnIk7At06iY6pyQPGi7Bd08_gkfhkijNWJ0mXaMQHun92usqDSCK2TZgh5ZEouWnGlO_ELankPD-eUz9gw
Makers Of Milkshakes,"Habsiguda, East Hyderabad", East Hyderabad,Hyderabad,5.0,400,ChIJf5uxn8aQyzsRVTlUc05OoJI,AdDdOWpOW5jB-HMwnpydSU7KZHCitv62_ToUUYopF985jS1jnsZCcnGGlAXqm1aM483yk2jthQIT2sNDwAtyuiXM2Ay_20q7Je2hiC726Jhrm15vDxPs0XauHs8MxuLdJVHsIuT-RLb1L933YzEN0oZJFvKNLqHoAnQjOTFJK9XXYegfSOxG
STR8UP,"Jaysudha Heights,Madhapur, West Hyderabad", West Hyderabad,Hyderabad,3.8,1300,ChIJT7ZisguRyzsRWd3wbCfvSqI,AdDdOWrAChx8TjZWTPdLh9y003U2VlX236-sr6cir5XoQXFp-u1tp0CFvdhr6HZfs_mn-ncdZf_sDb1SrA_LPe09YL6XD0oNEsvpgE9eDiVVXpOshgbTTY4I7RNochT6Gycn0zGoHdcleeyBmHBbv-RJ20-59CgjtELBymEqvrKSpArygOpS
Heart Cup Coffee,"Gachibowli, West Hyderabad", West Hyderabad,Hyderabad,3.9,1700,ChIJQRO0FEqRyzsRueYadEUO8QY,AdDdOWo0iffpIo-ZESB94PibaP09E-7RkZDAQljQJgPhxO0yy6xC9JbeZ6shjYF4QBwkbAvs-vgoO67AoqkkgFZz9PaOXvpnrSOlVguNro68jGiiOW8W-dzT2olylzhL1RDu4qgEsvD6UuNHNTjsdxx-kyhu2lM3RDS-QiHNltRzUayQWQqe
1989 Pizza & Thick Shakes,"Dilsukh Nagar, East Hyderabad", East Hyderabad,Hyderabad,4.5,600,ChIJv2gZYcifyzsR-BGkOAmY67M,AdDdOWoxTuMMv9iz7gI7qANzKWmPwpSra6VhxZXCQaS8sgkcNpaocL_dJgyBlDMtbjOkRk-IPB_8MWifNwnI64AxVgw5q1syzbEfKNPsX11lSSZhC29yIwidVjSohPPetPCIQnj1-XFtKjrxnmpqlTq5ExkUGqQB7fqhCOsRkVWNoAAK52eW
Shree Santosh Family Dhaba,"Madhapur, West Hyderabad", West Hyderabad,Hyderabad,3.6,500,ChIJbc_8b9uZyzsRljPB8OG4O6Q,AdDdOWpGVN531cCB4oenh_7XzrgiVWcL_bL5pwIGBSH2f04Y5watJcKb1UHATywYA0OIN-ojONqsvYimZ5phmXvEjyGM6tZgmsYJJ5tgjq8y1wjlAmyZm4ROPH9Eve6Bmx85r7E99AsDYSNfvGRGeF4GztkMtx0PqAPpgySF3AR-6b1ScUIE
TGI Friday's,"Forum Sujana Mall,Kukatpally, West Hyderabad", West Hyderabad,Hyderabad,4.1,3400,ChIJM88YI4mRyzsR7FGofyGTpws,AdDdOWrV1gxDEn980noShwkcZnj_uqer8pctTbwKqNGbP75OsSvlFK1fifWPXOsdeSMmVHKrAfnbRkYkujAYi5lVgNV3Lsq9JxM5yeFvd6biCDWL7QgHls99GCnIYfC6X0nJypSSmOvAAz9OlYpmfWAU9Ici12icS1LeQM9Ps_qD6ajiH92n
Tollgate,"Tollgate,Jeedimetla, Secunderabad", Secunderabad,Hyderabad,4.1,800,ChIJ620tP0qRyzsRb4F2clzYVE0,AdDdOWph6X6GPC5u6P00bHREAgS3EMzjh7i6_hGChPXZH_g67KhAR9TaICY2kCXQiy_D9C5GW4_0r1DuW-CJu0F8RxJk-ssueiUlXZI3ntf1NZGSmGT7vHfe6kQqaQtORYJ-DycEQ-UBR7pmx07ynhkkw4muYF8_HrsFbMWMllxh5HRMXM9K
78 Degrees East,"Habsiguda, East Hyderabad", East Hyderabad,Hyderabad,3.4,1000,ChIJF7O5OkKZyzsRkO6L9Eov53Q,AdDdOWq9yIPc0RHgYoJ1fHHlUN3ch222vFmHGcuqO-Zbr8dTYlYbANXKBGlTu8lgYuvX42x0lNO3T-oxJAug3zGGWScSl12XOAAp37ymeXgHfGivA7E8hHm-ddUBv9QVTSEHrSUd8NFkJO142fM6ZgsSCz8oEEAxO6W7OlkUzzhHtewxzTVV
T Grill Thali Time,"Hotel Deccan Serai,Hitech City, West Hyderabad", West Hyderabad,Hyderabad,4.0,800,ChIJnRY7SeCTyzsRNK4yqCAJAeY,AdDdOWrtONSCLEWS5uGTEewqCABD2P8--JfSl3ngiHlcWc-RwR7vtrL1G_22wYXDV7fJIo1ZcYUbWVs1uJHWU50z7DylNcK8Aw5gHQUW8NUcg9fG1dxrxZRuzfjaq7pAV3b9lev7DcT7VE0mnZoIEhOGbeDf4TVb7-RB65N0VGjPSVoT6jWH
Bar One,"Madhapur, West Hyderabad", West Hyderabad,Hyderabad,4.2,1000,ChIJC9g4J8aQyzsRCL25X0Ck1Kk,AdDdOWq25xznepEYpg6GSpTYbJGwRT9eP47BoEDYAoRk6Z6qeUUTy6zgBOK3xACNSeOOwln6niiRAsf_TapaKAP6TvCEKHBLIFi6RSX3SiQ2kiONnDFwW3n2DS1PFnvWiEarktfW8HTxJQ8N3jxTM7NSjrm14Vu-NV9qVGzaSyDe2KlUlWs
Stikstof Ice-cream Cafe,"Madhapur, West Hyderabad", West Hyderabad,Hyderabad,3.9,500,ChIJM3MAfq-RyzsRS3uSB_NX78g,AdDdOWq-8uCtN_UCnNWNLTbM7Hhd-mSvkzP_Nkwe7idhnpxUDsx0h8bD14VRZEvAZW4YlSWJEOvcHcaZ9TzWV19JBNNoRY4VVN2iJC6TJt15wdgOvM0RgUXabqWEub1jfxRpoQrnCeyl-bjAhlKKQCVcnV6cxGyH0bFTciOGGmuZyPsKTMiz
Dhaba–Estd 1986 Delhi,"Western Pearl Building,Kondapur, West Hyderabad", West Hyderabad,Hyderabad,4.2,1200,ChIJTdCPINCTyzsR84TchrNJsn0,AdDdOWoDJXP8weumoX9dr2bXb4i5ydOK6KJqYkYv8LOCbANkmHZQpIrmyR2cpwE7-hT_rofQDMKj3Q5WEUX6ac8yuHOj9cF2lSr6J1uxbW1Zbd8LLWnaHwQhvghp6qzMmTBp2WIbV6aDWXaj0STGe3ZYO45Hx7VZMKhbPzOzA2MowfaQ933O
Up Cup Cafe,"Madhapur, West Hyderabad", West Hyderabad,Hyderabad,5.0,600,ChIJTzG0l5KRyzsRSI0zCpnSMik,AdDdOWpKtIQ4iTTr36psc759B8bzJ5DzoCtQQWtDVbsnMpAmuBrq0VxUyOCqpOvTrTuT3FkVRkkV1ra_cCAQJv3WaWBeedpUwMYBA0J8zB3mEkZp9nxmIrNT_DRvw7gj85jw_KXNglXf9S-WtzJX753mejjGi3pm95ijHPlM3BP4kGe7OVMB
Ohri's - Rubaiyat,"Hitech City, West Hyderabad", West Hyderabad,Hyderabad,4.1,1200,ChIJEdt0zd2TyzsRGL_MKXzq6yI,AdDdOWqMigVi8KrPF0k1-q7OTUafsyyQ340dkiSxaa9CJa6GHOvETwebbpcZ3e1HCFV_kt3VoPAEzBzLqqXyUs591UZLvEXB-5OSjpRVv9Q3pp3VNZ9aNhQ79EsFLhBeW5wHhw22E-L1dp7tG5CVaZlR_MRnEGDULQ4_GMca8wHCw5hEXF-y
Bake Bar,"Madhapur, West Hyderabad", West Hyderabad,Hyderabad,5.0,400,ChIJQyVpXqCRyzsRnYxHwUe8cFo,AdDdOWrqRKF4AHNVau0hpI_O1wVPDFMvGc-ekep3bvc4E2lKleKFBSwhTRL485jHHNEyzoOyUk6ZTySp7WzP_8hMVeuoadG9kxHg4bj8HaUaQJgvx7d-S9HKHugmNagIq_Z9UPyfzlz4MNtHgnlbkycN-LGs7ot93J7QtpiXjO81UKzyyFs7
Ulavacharu,"Fantasy Square Building,Gachibowli, West Hyderabad", West Hyderabad,Hyderabad,3.9,1000,ChIJmUquVMuWyzsRoWShUKeGUJA,AdDdOWpf4MGQUpItRdTFLWNe_TCduuw4d1EenH2jiY60wyn6sEeMCx_tTMafPj66F5fJAfQ2aTQKuX-4NPNrF-hTAfBp0jOFQRYYG03Icq2YuO0_IjacE9zNxUkEgr_Ev_i8fSlwglt_U2lFWTitQPnYzpHa40JmfVUAEk58kOxSbWkGmhZc
Eagles Pizza,"Habsiguda, East Hyderabad", East Hyderabad,Hyderabad,4.0,600,ChIJ-173_9mZyzsRkO9097bJ-KA,AdDdOWr72J27sNzPM4nQJqDksw9HHWhLmrSku6---fF6kN0_S5TjBX9Mw_gMGd8F26RU8ImIl8i8GIHIbSr9rSOP0z5aUun4_REWP6YlqMwNSNsb7PcrV6xZAhB3Yk1UyMTpLQCs5eDFuDKcHdYxon5A5tOwggBQM1EN9jYObw6-9rSz8otD
Kazuza,"Habsiguda, East Hyderabad", East Hyderabad,Hyderabad,3.4,1000,ChIJfzOwZEKZyzsRyCWQWK7K3uc,AdDdOWpnPdT1QceKMn0JbTK_yGlS4KmybxzRF7mnLzcHL2Ti1y0mVBcaumAjH9XFz5yBe9XptRBYZ9T-xSuyKRb1fOJyeAN9leihWByfb9MR1Zqhj2RJmDFFBzJY1D0booxNPJvo7pCCmmwxtmE1FmTIaWXr-eTGUC2BULGs8Bfn6R2AE1bK
Good Vibes Only Cafe,"Gachibowli, West Hyderabad", West Hyderabad,Hyderabad,4.0,1100,ChIJ59ahtm6VyzsRnRJqB34QonI,AdDdOWpzIKKM6bWsp8QM4NNZpep4wVbARaSbhr3Akg7FmLS2SktwlVm1tepovw_ewuKlOIz6YLlLS4XHvP6ev-w1KSclNCLm9UYvrdFgUQjvJcXH84Iyn3GqXazTxLMMnyRquyQEhm8-eLSHXL8Rzi7lkV2zVH9Imiz_sVce4fUU7JgmrlHH
Maryada Ramanna,"Kondapur, West Hyderabad", West Hyderabad,Hyderabad,4.3,800,ChIJbYX_scuTyzsRhfS_ouRpMfA,AdDdOWpwJwmAKZbkDPK7xKrCyMYp8wSBXUOUCwALYEWFtu8yVeOjQoQEXxPBQhuwHRrpDob2X8K58EIKyTqTGuEd4cccHiSVve9y-GY0Jhmuoy3jhMd3MiLy6hK81Kv-JHu9O_Fcy3AP2GzEUhxXQAMRVKTfDlhNA-BZoo8Zb43yLDdO5RiE
DOF Cafe,"Prithvi Complex,Habsiguda, East Hyderabad", East Hyderabad,Hyderabad,4.0,500,ChIJRatT5KOZyzsRaCxyXY_WJrw,AdDdOWqAc_ol4_FCI5ieBbqrTGid9IKa58kRkmo_B2KEDIGsMRgDEJiJFnRtOsYtcRknUZZMQgrOy797S3WnT1I7Hf541f0ZTqU2Q_XSMGsZKqptvjoUpq7z2znHquLiiEmgw_TbDlBb-8BHCwI41rHotR9sJtp7vaE58TxuvxRCvN9kSezx
TMH-Flavours Of Taj Mahal Hotel,"L & T Metro Mall,Madhapur, West Hyderabad", West Hyderabad,Hyderabad,4.3,1000,ChIJE7zlPTORyzsR6iVEfDY-5XE,AdDdOWq_d4X1dx917RAeYoej4DGE8uSNNUxqTGE2TeHamWhIQ9EZOu4iIlMc6XDNy1E9JtmtS0SV7LXY_H4FNWeKW9l5VbCY0O-w9dEvMG6WNkdMIlqxvjWTfBzLtBNxBLSWjuzqL4WO44p4DfF47hDnBE7_zocgtEq78qYt_1txpOoc7HEa
Barbeque Nation,"A S Rao Nagar, Secunderabad", Secunderabad,Hyderabad,4.4,1400,ChIJt3TsmjeXyzsRW78eukz3few,AdDdOWooqaJLpKSBgXK1CI3VHYqTeEc5vlYG-yXWMVpzmtZSxZfJTBMlqzwBH1z_mm5ATJoyhqejiK0W9JF6e_Jw3HAQhL7TcSRzm_2yozuoUIMh6JHqZSWP5bTgRJ0KZcN5BwixMMYPw0vga-dHdZvgFQuVe4Mx1FW3ik5AouRXKHj-OsWu
NorFest - The Dhaba,"Apnaa Nukkad Drive In,Dilsukh Nagar, East Hyderabad", East Hyderabad,Hyderabad,3.7,1000,ChIJpfDfC8eTyzsR3cLsibEUPPw,AdDdOWrcadTsRSvTSYIVgcxhTiAb15JuR50O7HMbNl0rFa9_Ql9zJvBn5zKA5WakIerQPJ8bd2x8eJeXLo3esVdIbtvlt5Wo_80rBptwFGDa-EFtxowhXYJBzBk-K3p31PvKKdDLv_WQzCRQJ3ciBgiwcI30-nJtF1pZTqhdczWY89Qg4WN6
Kinara Grand,"Malkajgiri, Secunderabad", Secunderabad,Hyderabad,3.0,800,ChIJQ4NHRJyZyzsReQP7XlWvkQU,AdDdOWppLWC-2qettqoEmBJB3EepnlEvqhJ5yZnJ90pjiIfnYunYe8FPd-vcqMCe17pFHMQyCVkVBnLl0Y_fXLagcorl-1qholh6iDcmVdWNUn39HY2cqWgf3ty-EufrhuFPXuYfEL7mziDl2m61fpH9FJhx_1Wy4rQggEfE_MKIPY2ln0ye
Onesta,"Madhapur, West Hyderabad", West Hyderabad,Hyderabad,4.5,900,ChIJyxRcmjeXyzsRxTPDwjzH7T4,AdDdOWoPZEtTI4O0Nh1U0V1G5VBcnsedCOx4-Dvb1Ibw-WE063pM4IATSaWvdmKxj9IXB-ptB709bMpRCdIBUMsN35bHMsXuYKF9_XVJnWjETu6DuarO9DCrKL-sCuKA0XJ7yZ6Mw0g9hmi1Se0ZWzllQRWNSZ1Xp3mH7VO7NE8bhq9-Gn5f
W Cafe By Wich Way,"Sainikpuri, Secunderabad", Secunderabad,Hyderabad,4.2,800,ChIJiS9EYSubyzsRh48NPaxVocI,AdDdOWp-PiHi6b2y3rRMTGJn2k0u34W6ULnu4MZNTL80ipCRnKk1s9iy24qwqWMNr_5Nn-_ycLHMs9hpUVWQ7AySY9oQQl_SkEfXoabL0CI4B6XHU7U8tp8-90utBPIhUZgo24y0wC2JYypXGn1dSzkxNhpERowhL5ILD-tiLeMMO3b_aWNG
Taco Bell,"L & T Metro Mall,Madhapur, West Hyderabad", West Hyderabad,Hyderabad,4.3,500,ChIJcTMbWsqQyzsRfmZ9_DmfyDI,AdDdOWoD0KMFhzwbXeE9_16-3-TgoFsWwnoI2Sa95geCMuVZpGoBbAU59p-7fHXj6jyIwRcWgNdGLfhZ28xOw06AerSZAVYO-3PPEGCHLzWYq_00nT0_Z4fNNuDrOufA58FMkfz9fguGdpnDt4qP4Geptz2KDWPz39NxOGs0Ld8C30HyAlA8
La La Land,"Cyber Edifice,Gachibowli, West Hyderabad", West Hyderabad,Hyderabad,4.1,1400,ChIJbQN3EuWbyzsR9EPVHiQvHZ4,AdDdOWqLiM0IfJeyjV5r2fUMg8WPIGaLaiqS7b4ytW4MhxZwBB5M4olWCHHsykpno12CN_BZx2TRuQzfwccvMerzm9gWtdHQ63iYrm3PAK5XinIrAGo8hkeYCxikSAq_mRg4a_LYUF-6zCe0Clqjm_slPkNjzRa5IBzFNhkrPYLukmMf1G1_
Brundavan Bar & Restaurant,"Dilsukh Nagar, East Hyderabad", East Hyderabad,Hyderabad,3.9,1200,ChIJK78uI-6YyzsREQsDQPm27DI,AdDdOWob_s4pE_2kPHFXtSCdANTKAeHQFDHxoqd-uHn0NexpT5wpaidz4s2Cr8KX8d0u1ehllw_-H7apq0cqxnbUnS-4Yq9LXI9v3GzrvOLAOuRYH4ZwDuOA_BVAh19uer26E2pp00fUv-37Vc3KddhZR8LmsUB9VObobzAi_lx0gNYHQLsK
Heart Cup Coffee,"Kondapur, West Hyderabad", West Hyderabad,Hyderabad,4.4,1400,ChIJQRO0FEqRyzsRueYadEUO8QY,AdDdOWraMg6wu2Y4e6bf_invAktyo0L-g4Vhtk9lFnPIcty7gqptirZ7tNPE3rjybSIvPFShMCviuadlNF4eb1P86NCeDNNh7rkLAnm3vkeI91NpuFsgKfSrooUf0mbcsSLQ3mNdmOyL5twwjApWLMHiYeb0fBf7o8rt9wYGEtZU-o3afiSk
Blue Fox,"Huda Techno Enclave,Madhapur, West Hyderabad", West Hyderabad,Hyderabad,3.9,1000,ChIJXzdd4dyZyzsRJ953vfUPU8k,AdDdOWoHmIes_nyNcjT0pnivdXCHGFUh4OGS7xjnSlCDu5JZm9170iIHB1U4_7ZWMAT6BO2ZJyNSdXm7bwLVUF7YyiFb94yRMZLSLE_RFKwRQv1Fp2HvMCdcsw0ZZHs4YB28ZdW9N3oKCELZuw_83-K5sbbkrCVxJ74jFWIswMLh7vXiP_uc
Sandwich Eatery,"Kompally, Secunderabad", Secunderabad,Hyderabad,4.2,500,ChIJb4V_DIyTyzsRMUb5__PaqP0,AdDdOWoyBUAe1R6tWKs8fflOkwcWPbu3V6jQ-TAm5N9KDpeKb7EmXpxH37f53YZE8y02FC7DIBunzls-q9UErMVcaiwoTu4TcagipzaqsiBQLv_-7OTW02_49o3H29-bfQfT3AFKtqjStZGge9occ6uT5BkkjrNRCnQmfS2FHItXM15-LZXO
Minerva Coffee Shop,"Huda Techno Enclave,Madhapur, West Hyderabad", West Hyderabad,Hyderabad,3.9,600,ChIJybdPGt2ZyzsRhnkXr9gvKcM,AdDdOWqg3fsDFBi04BYc6Qerar_TXP7m-wqfdNMiwKVzTqsol47wslvFnP54o7W_77V1wnWmKFXqy2d3m2Nd0tLZuhfkdOT1cg3CevERRh1beg_inlGyeHPwc2DoDl5OoRbhyUFmx4hkAfhkW-qnrmMNFs9cPRASW2NP3gAaXufXRiF24XLR
Wings N Pizza,"Suraram, Secunderabad", Secunderabad,Hyderabad,3.5,300,ChIJxR841AKPyzsRAxMLYSMryGc,AdDdOWpwkSGHABqrid-s67t_EfPtsoUnueKrrk9poJpwF3oXPeNeuU_7QtLnZOApTJZYGYuYak5nv-6OjP8C3SHYa9LnNcF0CzpsQheTOiSFFj2zfqkXAg_m_M6r07WrCCSDXdftYD_M2VrpergnzUGP7Sf5Tyl9bzQbt1oTAHCyv7FyJKjo
Palamuru Grill,"Kothapet, East Hyderabad", East Hyderabad,Hyderabad,4.0,900,ChIJy6BrDmKRyzsRjjO52_go-e0,AdDdOWrxlMB5kr0ABDkZFjUvUEuX1uRMOSpILqmw1yJtxk-lffyPv2AR4VJ6U_pSisFdiN6_VvGfzfVXyT1MFKUM5_1oo2ZrvBvVoFmnXHR08unGiGbAnLnif1-oNxfzLkTSOTsYCTkjBuRH49tV2NXBSnr4mIVSmc0nIYm1SoH0gnD40MbY
Cloud dining,"Hitech City, West Hyderabad", West Hyderabad,Hyderabad,3.6,5000,ChIJBwJcwtaTyzsR_jyRlf66lYs,AdDdOWp7VYvjcK-aVZC1zCy1ggCtFhq6kdHjpN0ZJnL4UTp9er96I5UVtb17hwg9przd5OcxXKXaa_o54jG1q2m4sgRinLhtGQNe2R2wQ938jM_bPKm49QCSJlUGSLF40LimglZRzJXGgKcIj5kDNXntmDslkqT7vzxgdcUzEalyVYm4u4GW
Casbah,"The Westin Hyderabad Mindspace,Hitech City, West Hyderabad", West Hyderabad,Hyderabad,4.0,3000,ChIJHUOpsuGTyzsRVvjqlRqL9XQ,AdDdOWotXE5rjgj6u8yDNm0XP9mhjpkTZDcIW38-m3gOCiBwBQFRt5wToynphc8VJhjy2o5eGcGZf3CyTKxFjk8po_HlZ9_rETxF089eVJawmUgdC72cnI7KGCsBJSkFLhUmcjc4eQy4aVaso5lL0ofJ5DMksI9US7ZA1CwRBoYsUlSPYz2Q
The Chocolate Room Co-working Cafe & Lounge,"Hitech City, West Hyderabad", West Hyderabad,Hyderabad,4.2,1000,ChIJTwHofsqTyzsRRMgSoLUI_mI,AdDdOWqnSb644nin5dSzWsiZkYjPpSj_OxAQCT9xG9iY3R3ANf3EWyKqoy-y0m3nws_8vUw5U2U-6jN0ueJtdqkLplRrmiAA8jw1BuHEZOcH1fG0g0x1edt6QGubhtNXHkubCXJF612wwljIn0Ivh4ggSivw99WGttepLrddtvUBpImxkNmu
Punjabi Affair,"Gachibowli, West Hyderabad", West Hyderabad,Hyderabad,4.4,800,ChIJJRxsWF6RyzsRgQvCLJSw1sc,AdDdOWoQIAv2dCU_iWhjg8m1NrYMi7q0ahrJC6V27x9Qw65vMGrifNZaiW7n72hTu3WzYOK8h390ShMlsJHQAEZs5Jhn7CW4ClPTanPRz5vUoCqW_cksN5_yXyCn9ecM-u4NLbPSi04ApLrgXtk1VL-GtWiJfF3PUG67mb4sfiGm2uwXJbsj
The Lal Street - Bar Stock Exchange,"SLN Terminus,Gachibowli, West Hyderabad", West Hyderabad,Hyderabad,4.1,1600,ChIJ93wpDceTyzsRtMoIZX47704,AdDdOWpVrI426j5xkDh6SYaHjS8kSVDT9-70xH44rLLwogZ98smbJfQ1uWKsJ3nxIFKFMlJo25CjJ5mU4gwUiD1HBixViSEyDEm9LtFH56aqxj_LnN5hUV6DiCa5i4wBlnFlxiSZgxGvBCYR1DmLOh3XDFFKpscf1o68aonh9sZOfwjHBprA
Mamagoto,"Western Pearl Building,Kondapur, West Hyderabad", West Hyderabad,Hyderabad,4.4,1500,ChIJgZRnJtCTyzsRl0Xc20V2ZKY,AdDdOWqyg1ilg9jnXUtWWTWvTl9O6Qnsf_8VaIcGx1i61Ir0G-F571skTRcaLaLXIShUepCD1C1i7DgTyj9KP_FK-RPIrxQKDEbtgtQX1W2FOkoXyaIhujupIGmVpohLRvzcVHbl6x6j-rAl3do-Mb8u-WLPzMRZi8hkM-pNgPwTL1EN9m3s
Mid Land Bakers & Confectioners,"Manikonda, West Hyderabad", West Hyderabad,Hyderabad,4.0,400,ChIJLTZf1h6RyzsRcyI2J6ESFks,AdDdOWo15sseMC8wh3iitxbRXT_nrFD8mN7Jre8BlrdRgjwnxRlilFyajrqwtGy6beX7tVqVXSEyNPTh4wZGOHcXZ3u4XwMfyyNOh00iYiYeIDcjSAc7wDfhuISSGRHSwoNsFkUxcf798i1BdjjhdtssAgWjSsUAG0vMY7zw6OzB25DR-82O
Kangan,"The Westin Hyderabad Mindspace,Hitech City, West Hyderabad", West Hyderabad,Hyderabad,4.3,2500,ChIJ56yjq-GTyzsRqXAw2_nPQHo,AdDdOWp-hxwXtYu_eZGId7lly5SNOVLbRa4500P_XdxxIGCYi5us4_btFPcMJo-xFJeXFgNJwM9-vTj6VwQR9cEvQDPOvI07iyyYIhr50Xvc0qr9ue9D_OfrIwWnqIqPzBVZPMGqZ54a3HaYjaEKRLc9_38drRGqtP5MSEdcM9c8MWTvZS9b
Taste of Rajasthan,"Madhapur, West Hyderabad", West Hyderabad,Hyderabad,2.1,400,ChIJ--wZNX6RyzsR2PY7EcgI3NE,AdDdOWoL2G0goC8wwExkqlO55uUe3h4LE2cMgHGwj5O8pUaVSwCAXWOqws7Aq2CGqe7cBeSWVrMS0vJNY9BL7t0vAMXXsDGqQ-lw_zcqfJifitbW712cMsUiQg9CgwRkyQYgzr127-B_zM1sy-lpm9HSD18Bp9uo1avYvF977QBXpo8vkAJe
Teluguness,"Hitech City, West Hyderabad", West Hyderabad,Hyderabad,4.1,1000,ChIJO2SHcauTyzsRicTycDCNGPw,AdDdOWp9iC_kkopydLsK75hkb-xzvJrz9iEmXJLofIKJJQzXeKMxSdKtDs4mJRN--1w6xSI5lda53f80EqICdvFjaugAPbTcijRzAK-l35LMXafSWYn9kEyEXkQNPzPXU90Ct7PpP-gzk_Aoz6PjqopAXHvQV0ZYq5TOX4pD4nSlAVuS1rcA
Mainland China,"Hitech City, West Hyderabad", West Hyderabad,Hyderabad,4.2,1700,ChIJLbmrFtmTyzsRqyk3WWFso7E,AdDdOWoJ-zzxOFwvOOx8I-AI485sxMYXCFN9PaRFslCgPY2Tf97TKvxtQNI9v5K7OT07ED5G6ur1Af2KECy-VZ-yl3i9uMYdD3ItPg4iz6qdPWpDhOfTjOtyIxVQ59vp-wYTbrZBZXJbONjxZFZisDz_Xl1Kf09Vk6XPNqt4WMV-8JhORghu
Southern Spice,"Retro Drive In,Madhapur, West Hyderabad", West Hyderabad,Hyderabad,3.6,800,ChIJgyiBfemZyzsRUPiKMbXNPmI,AdDdOWrnVmOWYZuVIH9T_GtblnDH-kwpBVBwTvLVBBLSRa-L810X0muop4jLAvh3wR07JTlBEigzq29aIKYtJKgs6mXpNLiwmhdUBg5q1AvmrI-MCRa6Nh-RKk5mmJfMjr5m_twR61u9BP5WARDLHQHJk8S_pf9021qD-DjHZO04D_X4XiyV
A'La Liberty,"Cyber Grub,Hitech City, West Hyderabad", West Hyderabad,Hyderabad,4.2,1300,ChIJp8VtcDyXyzsRvrUJd6PPex0,AdDdOWpWUbrDaKVD9ocanLS-VwLThDZFLMZmNQ61AWIDk-nFXUDSvmhImyfNQs7cqiTFzUyczes4BmuUffRblanh4HE92BjONvjwwX2h7G20j7Zc5VZw9maeDyvCA8riw9pUbGUuVGfdp0EFM3RUHRiOVpwWW1aNFIP8wnoQm7R7fhPpWVdn
Spudato,"Gachibowli, West Hyderabad", West Hyderabad,Hyderabad,3.9,1200,ChIJ43b-14aTyzsRS21_GUlHrwc,AdDdOWpf6BV9Wjhe0f9GUTlIeXztf1ON_YVe2PI68JBqvyVulDSfaFMK08-aeMW7RKUYtkzj2Q9gq5CxMOxD-c-64n6Jp4Ki-MuUwDJv4V5PvmkBlacz8Nr3s6_90hSY9UZ6QFvWx5NNFG0svyQ0gDesegdnb0SgkKH5xjNbkjpakDw6uJ4f
The Tilt Republic Bar,"Fantasy Square Building,Gachibowli, West Hyderabad", West Hyderabad,Hyderabad,4.2,2000,ChIJfcBKafqTyzsRnUA4xBS4a-c,AdDdOWrCDKQmjTZLzBe1NkBk4khfyHMSE0gWVRUBMOBK3PFpKmy4o0e8VC3LkBIQ5NqbzuBHv5bgQfI7C4IXF3qcSjif4oE05ei0N60EGXNPjTtHAbag4lx1bdayCSCKhQTUULGOXXv3aZeeFcf91mwqSHwVc0R_xo2uIggYtYB6fDyTfb9f
Ala - The Rooftop,"Kompally, Secunderabad", Secunderabad,Hyderabad,3.9,1600,ChIJq1OfGtiRyzsRmVQgJLSHOu0,AdDdOWpcC_InDZuWEpVBL40E3GxndzMy_nWQIefo8QqZXy-ZHAqLOd_iGEQrk33tMPI9T06bzuqWvBkiTwlsIwucWXDEUr-QPWnuLG70Ksy2gD_i5VE24rw_X_5XA1LWlqgba7XOQL5TjVr3yLP0DgTRI-IyGCSXgqohtT1tmaTz61T35dc
Full Moon Multicuisine Restaurant,"Alwal, Secunderabad", Secunderabad,Hyderabad,4.0,700,ChIJtdhOnFabyzsRGh-cLpF7sxc,AdDdOWoX63UsbuwC6OGU1fsTj114JhVuWlxn6t1Q0Hd0QdDqUUj3vmjWIC1BDSwroMAufGizO2dldHUKJZPU6cV5MzqCvfvrYldkijf3NYD0G_THGLwf8yKek2OXK5ry1_lsMhhAajmhd7Bw1YqHZ8dFOv6mGfAqymniRbKODk_sGnDVyyyZ
Chaitanya Food Court,"Kukatpally, West Hyderabad", West Hyderabad,Hyderabad,4.3,1100,ChIJnZqat46RyzsRPG8lWF2YkEQ,AdDdOWppu66VeaVa_SJRIrAbX10bKElfTbGmtf43y0I1PgRhEDd7nzj_gr6O0wvTepfW4dZ7mRBjVmqi8IwRU472Z4wK-G-FIfPrIfX7HC621SG1IJnpTGj1rHGPed9OnNWUvk8BobaUp7RBllH4q96PE1kkhZtJwsuO-AmLnu6KWjxLLU0p
Apsara Ice Creams,"Kukatpally, West Hyderabad", West Hyderabad,Hyderabad,4.4,300,ChIJ____v8CRyzsRElN9KeyuDSI,AdDdOWoVcS6WNDvl5BPl-RdTtiefPKN-c0dGDPvvOadqczhTmKNJB6_mA_iLpwDw_dMEslKuoXQiFPQvGAFghHYPoOfMHoi7o1Y6jqlpFIF2d9V0KAIM-kJ5K_C1Nu48WttRa_8s8UpE5yGRFPZ4NamQEt7ikgWWJYXnIaMMVBFcKIW9HVby
Barbeque Nation,"Kothaguda, West Hyderabad", West Hyderabad,Hyderabad,4.4,1400,ChIJt3TsmjeXyzsRW78eukz3few,AdDdOWoRRziobLTSt6_d4Yg3Ug1o_XyljARFhxZ9ynI7E5mWA6NhcQcxQWXM5K58nrLscVDKvyKJH2Ee6ko3a6s1hIPOC3cGEp74AjbP2LL24uETYZr4FpJrpR98pIAEM8KE_C0qt5OqZSkKsH4Jz5vHu625jn2JMslC_sOoV3BTxWvPdep4
10 Downing Street,"SLN Terminus,Gachibowli, West Hyderabad", West Hyderabad,Hyderabad,4.4,2000,ChIJ5-joE8eTyzsRaehg1eTusM4,AdDdOWqxejVCMBS8wqfPjfQCiCSGZzPGoZe6avrJJnPzynXdlbCsExsoqkdgMxefh-rkjJIXGXv7fIukmAADk5hhKuLGS1THA1e5MtYk33-7zzxWLxqU4KPqIhcYmMTXMW68dcLfP-djcZcoUS9CV0dtSj-HScjaSHANVQg-7VDU7T763RO0
Tiki Shack,"Times Square,Gachibowli, West Hyderabad", West Hyderabad,Hyderabad,4.2,1300,ChIJHyns9jORyzsRWnFGH3bPrBs,AdDdOWrAd2_QuTzNfHzxuT5tL4KvheCg5SQtsFZkZBoRsogB-hwqEyZScoipl9xZQgDkW2DC3OONYhZYtk3Cyc6zXsNXkhORhIY2Jxk-8LazI1x2yesZeAKnccHfAt8pT0HCuq-JEsZfQun7bPkToAgMoP3qNx24XJBMYgIe1ciGuyxa8nST
Coco Fit,"Madhapur, West Hyderabad", West Hyderabad,Hyderabad,2.7,300,ChIJpTnhqoCRyzsRUt5CK-4gdrA,AdDdOWoMhs-RhIE1sYI_D1MjtmKOYq3ioEnP7ywXNrkJu-bqpEztJk6KtRbjpKdE0Z6BAI-Yoc8kqaa7Pu0Q_WALFkyqszvxS1Xp4IH9zERduZ9lUkybYEgXNY1lp98GmdFnpaKD4wZP36962-uKn2xC-GOow6D_MArejpMILpDLQMI66HEe
Little Italy,"BK Towers,Hitech City, West Hyderabad", West Hyderabad,Hyderabad,4.2,1800,ChIJpXFwOM6WyzsRDNt4k3XaefI,AdDdOWrLPA2TnLqhmxnzEAoMO8EmqPzN7cfBqdXRtFinTYGpxXuVxhRfchXvHcHouUNPpQn07Pm6A6Z8uqPj53r9lriUFKGxswZt-WTHNhFDxoc23jAYsk3wmDfdsWkcjrtJQU2U3lQ_05XIG5HM3sTK89ww1n_7TuPXUpbpki9AzS0jXQu7
Aromas@11SIX,"Gachibowli, West Hyderabad", West Hyderabad,Hyderabad,3.8,1200,ChIJv5O7xwCUyzsR1uLw_64kXtQ,AdDdOWoaI6JRfchbhdFfEgZ2iHirkRa7uRBMxo19thTnY9eHN6wCan_ohHuAdrc2_Q2Hj4SY5tElhMpwy3oOgGmoTu-q6_ecMyJc-_yGn7sLW5x0XrZBN7A1okh3Alrj3IHOlT9nsOyiIw_9gH3biMdgX7rt9sBYptPJHwkJxeqTDper_lpv
SKYHY,"Sri Tirumala Towers,Gachibowli, West Hyderabad", West Hyderabad,Hyderabad,3.8,1700,ChIJf7hjdBGTyzsR8QGMiCdid8Q,AdDdOWosv3l_yxsRXw1WCwUy-Mw3O2vOOxus6q8MBaZaPMpeyZQDmN4RsQts0axKpjW5885irRY02U_xmgpAD9RFcN-srZLbZjtl1LwR6sGIc_UzBgetn3MCcFx4E_xxXFc7djKKrnCV7h6FgWjIGah5n7QCRVdvUfDjozLDnWbS6JPJyYyI
Ninety Six,"Trident Hotel,Hitech City, West Hyderabad", West Hyderabad,Hyderabad,4.4,2500,ChIJA7i-pd6TyzsR7t07Uot0dnI,AdDdOWre4Wd7jUS2cZtc4aOlLT8HQ4BPqexrN2-BGBOz8bapab4tUG0q6tYrAYU6JUGuE02oOgBM53a7jViJB7pi9G58NzfJwEBn-9TqoIKe98NeSxiWDQV7gXHA5d4IlJkbucX8bTz8KpM0fjxrhiLhthYsdg0KeSoPbNWUKteqhVot_y-x
Nakshatra MutiCuisine Restaurant,"Dilsukh Nagar, East Hyderabad", East Hyderabad,Hyderabad,3.7,700,ChIJ2wqdgQGZyzsR-tsrKNfwVAA,AdDdOWon4QZe8RcqRS205nuHCEw2sj4NDP4ZsxIZsaR_CW9ohq6SDxihKM1arFmkvBvgrDf58arnQRGLp4I23KTR4VAuhN2eVaD9nns1nxT60xP0oErbx8F6YV6fq1TQi9f6HyKb-jyzNB1PP1ytBPMsIULTmzU3wykOVdapmf6FbkQe-ukh
Akshara Grand,"Vinayaka Plaza,Kothapet, East Hyderabad", East Hyderabad,Hyderabad,4.3,1000,ChIJn0AOe2SZyzsRq1Halbw7T9s,AdDdOWpb2ErqiRhUwvEtwgz4JKSHNUo1HKvQVWrQYM2XcbIdanQAMe6FZaajn6-RuCMlRBWI_d8PhToUZOHN5hYOmkN6AaJtshOXNJlzehlMR3gYpu8WISC5KOOWNJaZPY7XlZxEmxcskMj6rARh0k1P8eKanCXMoW9KsElPr_rPqFLU8JAa
7 sisters Hitex,"Kondapur, West Hyderabad", West Hyderabad,Hyderabad,4.2,500,ChIJyfRspYuTyzsRCAFBM_QytgQ,AdDdOWp8zpBCPnYBcEaTPvR1Awzwl_HuzouFuAsMnZOPKG6Z1BgW1-D1VKH2AOIt1MhuSq32J4ork54K1V0k7hgD_p4kxHgMdG-FwiW7OfqP62WxaOgjJ9VAr0EWuOoZro2fkIikWnYKYp7y_m0j2aIbVxpPDQ68_sS-YDDmCQ5JJ3k9EmEh
Chinese Bells,"MNR Complex,Nacharam, East Hyderabad", East Hyderabad,Hyderabad,2.6,700,ChIJ7bxvU1mZyzsRc30QfctqWEY,AdDdOWpKZvbPb_uFX15B_MTFQ6I23TrjEcY0fhqg55L4Sso274RJ4zBOLGPYKMvdNyHrwC9I0CBzLBJu1_WW05EJmrCWOIft836wclu28rBp7YAi8Q6IcLGitC4B2YpqVbn3MmTM5yeEqPuUJAvY2Dtt_abRGJWhbH74NyvLMAWB5eaxLR8q
Drunkyard,"Gachibowli, West Hyderabad", West Hyderabad,Hyderabad,4.0,1500,ChIJJ5Raee6TyzsRHHbBb3ScIlc,AdDdOWrESiOzcLIaSd-rBIPcpke2XRwFM9nGUsXe7S_rAiPdGcPqGjsy3G7AX6BIOaOxmh8N3T2hehmWUbTFv0N9gNSM3r3QTKNHSfir5bD8jGq34B7u7r7YNj2vvTodWrDBGuU1ek1_jyfFaOxzAae_5icYVPfZP692tC96DBXa491K-CqT
London Bubble Co.,"Dilsukh Nagar, East Hyderabad", East Hyderabad,Hyderabad,3.5,500,ChIJ07HeBt2ZyzsR-3rnAEVSTz4,
Karachi Cafe,"SBR Pearl,Hitech City, West Hyderabad", West Hyderabad,Hyderabad,4.1,600,ChIJt4LYcTSTyzsRhF_Gb_j3vic,AdDdOWotrBMbHcMb9I3hpuVX_Psop_8Pl5TUU72rEM9aVH_yMy_gfRNFb4IWcvLqAjZuDEk9_HI90R6xALfp0vQ_PJ-JrrWP6CL6JFwM2C66VZ5ZNKjz4gIcDUqWWfhFAomg6rA59STDZ0BYKnEgMGrIbe1DZ0kPwqswt2quNI7M9ZXyr_8d
Biryanis And More,"Fantasy Square Building,Gachibowli, West Hyderabad", West Hyderabad,Hyderabad,4.1,600,ChIJk3Gv54yXyzsRGheGX0SYols,AdDdOWqA10-T_3pXFtWb51Lzwpxzpgp3CBwASs6K4wQ4zBqMj8lYtsIwncR1rdQ42-rGIdvj_Bdr0oaL2epkVrkMSgX939ysRcYXQwHXYTRxz585a1MCZ3m8JE2DZLym2ZIiILWrbj4o_J5hlog68RuZj6q8UIr8TuOEPTGqbSx0GTMdSxAy
Mexico's Chicken Poppers,"Manikonda, West Hyderabad", West Hyderabad,Hyderabad,4.3,500,ChIJObHDi_KTyzsR67Cg7wzm5Dc,AdDdOWqHOQRYzPOcJzhBTyYzyX1FOgRQvu_KFsswQ_9nWl4In5oBrFcDNeKxCh_s25Hn_Gtz31y6LIaoLOw1lnoBZ4K6azqZMOqrlXbTSHgZes_6Mgpto1GoU0fFHG-AZMbZj1w_B9LkRz5HULlpX4KuAfLwpmhf1Hj1P0t_7IjSwfPhgeqG
Biryanis And More,"BK Towers,Hitech City, West Hyderabad", West Hyderabad,Hyderabad,3.8,600,ChIJk3Gv54yXyzsRGheGX0SYols,AdDdOWrquRNhkdPIIdZ_Lky6TPJc4qAjWTU0FdH7wxUvlM9GmCYc7htf3AWFgN8FiTI3Rlh4f3MqxknWXCaUG1UjFMNzsm7QVfpvRMcYFxuuNuY_vXqiTJ1u6fDb618XE_ugUVxpEyaaFCY2ylEIDI1rB0iiIL-fX3bjRkG6kO5-u4hRIC-1
Almond House,"Kukatpally, West Hyderabad", West Hyderabad,Hyderabad,4.7,500,ChIJtdHyBzSRyzsRURFxZeSpSTI,AdDdOWpqq8P3xgKFQZPN1F-_9laxwVFn2gUKmkJQuqXhGf4P8M5ix-a0b9HIRUW6mFF1hW_1pei-jUwGhpvYcO5jl_AyPnXMLh-G5ATX5QgpRnQtkJna_3QBIVt0NCaO8gOa6PccAA-GXfWmU35Ox_JFfciBvGe58XolZxAG_yMrp5nZxyPs
Buffalo Wild Wings,"Gachibowli, West Hyderabad", West Hyderabad,Hyderabad,4.1,1800,ChIJER7FaUiRyzsRrGYyP5854XE,AdDdOWoiZLzUSH4A-EWh31gloL88CVTx7C7eg5YkBvajVmf0-ngasimO4SWlcPulLPbMDKMrQMrJPAo8IK_Vj3M5EfUv7QcLjEX1Jrh-WFPcl_V3Us6kLzrgbjX5vR1WXmwEJZKsdKR0tDyBT0s_1fL_rS7JrVM4Kyv3-ZpD-8YKEwfnMKB1
Bikanervala,"Western Pearl Building,Kondapur, West Hyderabad", West Hyderabad,Hyderabad,4.2,1000,ChIJF5hj_DiXyzsRn7P0sjf5hkE,AdDdOWqA5cvByrCto6Ejj9vLwAE96obA0YLuIjVcOgoJuZzctrymS7s2ZB8iiGMsw_q2QQAYJpQkNlZDWzWFZxPnycgjzyp9MUOVgm6eBASQHDuw_aqPjBBrcITi-GG5D_QLkOSxVDLp0yt_DvJZao_r-bCGOLAxH0ihZzAEg2BSI6ocsTIE
Tabla,"Hardhick Crown,Hitech City, West Hyderabad", West Hyderabad,Hyderabad,4.1,1100,ChIJUfJnWjiXyzsRvX1NnV6K2Dg,AdDdOWqdpmdXdIPjvFo4SkvnbXuCTwIiM4nlT0FCso5Fzw4K6PjmNFhVM9bNbykwP8TCSDxvzGdPFEiWvVZUPK4C1FqadMMQ1xshApa2t36kJuJ7nM3ooxN4m_-4-6uSDYKpaa1KWiNHk_XYoWb3AS3lk4_f_FD8Df4ll4GLCB5rqRrdIhBz
Cream Chemistry,"Manikonda, West Hyderabad", West Hyderabad,Hyderabad,4.3,400,ChIJmx6x52eRyzsRa3p1GkE675U,AdDdOWrh8HJESkEsUL_QDFQPoPcDsVg03KFqLJK4gX6UDr6hzroBwAE6uQDsq1Rj4vQoVwVA6VNoJpWauDkkLzvh8Z6i47Iw5RjgJUHR5k9s9xVAcnckIDvhYgwd7m6sDb_Tf1J6pmZqnxmJ_aqxlqjZlFGGDIAhJHwWvmV3zAnSEEBAEUs
Milkshake House,"Kukatpally, West Hyderabad", West Hyderabad,Hyderabad,5.0,400,ChIJGwlWhKeZyzsRuYtrfiukw20,AdDdOWo513pThB4jacNdNtHTUw9kg2iUYOWi1uKbCUYddFPLmfsHNnKbujhP_aKU1WPLYj2BKKmbqq1j39NQ8xQozV5Y1MDDpzDWoO95OkOoTD3SMB2mHBHfidPLIX6BTCSx1rlkHNX4FrYPo9MO8QjOQqSCOW8XPfTiWlfxUtWy9PbcGKFK
Spice It,"Ibis Hotel,Hitech City, West Hyderabad", West Hyderabad,Hyderabad,3.4,1400,ChIJWWyzft6TyzsR4WqUaoVE0ng,AdDdOWoaF2MTcZHYCOBUtOsx5eAGkEJOKkg1l216vndDWPXVN-zCNnQmDPiLm2nJSa-JMpTn18rVwDL0zdvQrT5QeAdmjJhgRoaoos_CPbBXsotWkiMEOOIIiTpCgYwLnCxBj3ogG7lRQfZAsEmaPD_6Q4QicqjheuezJVr5pXcmMvj0PrwQ
Haiku,"Gachibowli, West Hyderabad", West Hyderabad,Hyderabad,4.3,1500,ChIJg1Lm8SeXyzsRmQOfVvh0RWU,AdDdOWrdu6bn83T30skvuU9VGgXJ1yM7r6OPdOusr5txvY0nvdkGf0zibQZLQ2O-S50UZAOFlvwJrPL57pYldfPQXsIhzbe7ag1MsnEUIt3dleDSLXGU65pVr6_Vl2jNL9dpUYbNlxJWxPJYdRIniKbEDHGoSznJgCEVv6YdOyZWtRn8r_iG
Dine O China,"Gachibowli, West Hyderabad", West Hyderabad,Hyderabad,4.3,1100,ChIJLX_ehe6TyzsRDr9R7n4Ew2w,AdDdOWpgco-3i9uocJyJrUu8HsCYTNgQ7FlA5lcJK3gxnxy6IBUYklILyJpPZADZ9RLTrKwx2WJvzE7KdIEQWBJ2RqDTTAWN6hCEQiIC0ERWmKL_XS9HMsSqwgUDFVbwyFTo_wyUGAY0kUE1I1ubX4Mh7mQATondjG7OV0OXWSKPBEPH3PpU
Sandwich Eatery,"Kukatpally, West Hyderabad", West Hyderabad,Hyderabad,4.6,500,ChIJb4V_DIyTyzsRMUb5__PaqP0,AdDdOWr4sgLNYDE4TDn9kGX9JAb8ptyriJlexh67j0QRHhhDVK5RYJsn_YRTZKTE1L0YaulybAQB9rl21mx79-aGPHL5hqNCq7U_Didc2JaBCm_dnaZORwDYj07naYbImWoJi_TdH4pNO6xmjCrY-jpccQMrjbV9EtG_JAhz5bXKDGYXF-FA
Harley's Fine Baking,"SPG Grand,Kompally, Secunderabad", Secunderabad,Hyderabad,4.3,500,ChIJKRqDksiVyzsRBbaBpRLyQ5E,AdDdOWqBVjv1cv3FWslPG6I05zhS7DAuBADGna6-YB39rj21mtUl8AKJfL3irUDOOp0s8NAnEccqFKvtANRoNlVJvTDiBLYsG4c0jO0Pz-D_g2eXPN4RGnttjFW8Qh8hz_Vhos1QrOk0Bs8RchIi1OEyi13tzNj49UqDQPkntyVuH5J9obVY
Groove 9,"Sainikpuri, Secunderabad", Secunderabad,Hyderabad,3.9,800,ChIJYcdClHObyzsRsWrT8WXT0Rk,AdDdOWqU7cI6wUf4MColCRATbIu8ZRZ7iSlqiKS9OjBEbkN--QfEx1q9L9b2GQrHhZiN_KrKZ4810S9rO5jOLz6X6D2thJvMffSTmyF-ndpCSMYwo4ZrCDDa5jZAY7F5-z-0vEs_5GNBjtQvkIIHDiK6jkhlvZD9UDj_3A5p4Mhuuda416Jc
Tabla,"APHB Commercial Complex,Kukatpally, West Hyderabad", West Hyderabad,Hyderabad,4.2,900,ChIJUfJnWjiXyzsRvX1NnV6K2Dg,AdDdOWocBHaPiJDFYUa3xf4VVyy2bXKEB-5ZKi6Si25EaGW6wb9U9JkD-3CLkMGLCr2L0cj0-t1ZK4jK1tCCoXWQCxY4J8RNUQrLoerzOpLQoWUfPb3mQTTn3M1_P7MJPIZzHxqYUPO4TQQ-1pTWA0q7bnfw44mjaijevl_uTKJgyIbSEdDm
Balaji Santosh Family Dhaba,"Neredimet, Secunderabad", Secunderabad,Hyderabad,3.8,600,ChIJs0Ps3pSTyzsRl5dCIGFZZyQ,AdDdOWr4Sj65w5fhIYtqAI_8FlsPz7R4H0kdUygdZLlCitNmKHdZciLaC40sRCrMJckNo1LS-jZx6Hbdt_cgXEFuRqGuTaTPbLqnISDVYdOtlvlhc3N3nGw-MX_-Y6nV9qCnDft3oFFOzpuoDxudfsdVc4Oa_CmlejazPMCDka2CVsl0XuMk
Jonathan's Kitchen,"Fairfield by Marriott Hyderabad Gachibowli,Gachibowli, West Hyderabad", West Hyderabad,Hyderabad,4.2,1800,ChIJJdT4WIaTyzsRpnuNqdAx5vk,AdDdOWoJ58M8QGGvaHgj3V5ynuACkr8RtLh2cux-YKf9ToZ7qHD5ACDqL71CYhVkQIMbPC6NBtzw7xxsmvRz78I_yMZbg9hasv98iLSsg0hiL-c4_cLAX_uFrhirogOLsWg69gYy9baGNKw5BmZQY43sGBcGpJQasXEtoNxs2BiyUgFRmd0p
Ming Ustad,"Hitech City, West Hyderabad", West Hyderabad,Hyderabad,4.1,1100,ChIJ_eP1PTeTyzsRN-wdltICjgU,AdDdOWqH2pUClnpCYaNIguhrFcupbIpVp6Mahd7A3AtDeO8NV-S2o-KaOdLw32ZpxaNnDIIwhBLuYUfKfFahhHrHb-Jqff11CO870mADSbwAyV0h4ZynikR74QK4-Yxxn5esGciApbxkgbgkr5NkwIHTmvHhJqw18VlU1nXPhmsAn_T_bJVd
Cafe Avail,"Indu Arcade,Sainikpuri, Secunderabad", Secunderabad,Hyderabad,4.3,500,ChIJf0DhL7tfUjoRmY5ikRtE9Fo,AdDdOWppOJgYh93G3cAad4qkcdB6K9uYBFzZM2-Edr-ylU_6h3nVHAlw9UShohJi-h5F33PQuxu6GYcsqK6nczWvSWar9KrJANftHj3ZR_PUER1TQyu_U4Mu47R_6oEauZTztwhzMvnyQwVyJ7VrdOG-0rCIZekXHaG0wlFlhocoiQl5SKQp
Chinese Pavilion,"Venkata Sai Ganapathi's Gold,Gachibowli, West Hyderabad", West Hyderabad,Hyderabad,4.4,1400,ChIJkYEw8DSXyzsRcXJyrxkiID0,AdDdOWo7PuR30loJokL-pkxc5ZkfzodbM1CkvOHa_vG-qoYjrFy57WwJcrQlz4P7E6YisWGS_f0tvJ3xf4IkykgAIuad-tTO5zve1GhAsPTKuVm5jUPEaVNn70WYbGn3_ssL27ox_UH-mmWEUphsrLQ6cuHtiCKZHbxl91v6u6DrQ6hOCQvz
Raju Gari Vantillu,"Gachibowli, West Hyderabad", West Hyderabad,Hyderabad,3.1,1200,ChIJaVaGIcuRyzsRgPWDmrzPWvg,AdDdOWo5Ct6dUDPvdLGj81aQWjCCldtchwh55GFn2JS_SX8ic--2G45T36skSO0vvntLCXSCAMjtydMPYQ-GPGE0wHIWaqpXPDbCDzTbTtmQSHDzyd51Z-4H1Lz9LN7axDQJezxa-L53sdMB2WfWo4K7ztuUtLTytk93xYyz12BoHtCQxuLU
Glocal Junction,"Signature Towers,Kondapur, West Hyderabad", West Hyderabad,Hyderabad,4.1,1600,ChIJxyqcakiRyzsR2eNbm2kmfMQ,AdDdOWpmf9CQ2OKaJakoFT6uLUlkxNqTuV1V7xiImUryotYZ5knjOs17xJwUtBv5q_Lw1BgfGSJRXhG_seADfm4pqyS-x4zW9GchEBqYwh5X4IU2FSipdHBjzrq5DerIOHK2_-viiT2lygwGCpR3AhvChka_r2arBmWXrhnups6h2zDcznXH
Paranthe Wali Gali,"Sainikpuri, Secunderabad", Secunderabad,Hyderabad,5.0,600,ChIJz3cviA2byzsR4lF2wbug2Gk,AdDdOWrrGy_EOj9iybVmt3NMLQBe1FC_LQqed4W7RpqcNzo6Z4DIFbXqHmJ2QO3LCg6w3HJmdHDgB2tqscV905_gKahfSB1Q7EcWWVGkcjB7UrPHVHVva34nDuRYAgN0qwjzK2rg2nHYogGEu7RwF3itRaY-WNNroc8idkxQ733bljCPn4nP
Taco Bell,"DSL VIRTUE MALL,Uppal, East Hyderabad", East Hyderabad,Hyderabad,3.4,500,ChIJcTMbWsqQyzsRfmZ9_DmfyDI,AdDdOWraTn8KSqEIXKSd1IMGouUUCPiUbncPnXxAX2-P5lPUo0Nh0v0JMe1ZHgFG94qNriWTI3ASNOFXCXtEdKV4k63SSBffMO5iSyMimh5SjUPLDMctJPzPFfT9n1Eg9kgJeleQUETenfpz9m0hta1Li_VlAspqnN0FndawPvr2PwWzHwb7
Malnadu Kitchen - Telangana Cuisine,"Hoysala inn,Kompally, Secunderabad", Secunderabad,Hyderabad,4.2,1800,ChIJgz_QlfSFyzsR-vPZtqcC7Q4,AdDdOWpx7vK8bFYDsxeGQttWost3_F7rUL4te7q0qnfOIAnVNP9NNOVfxR4J1sOxJuSauarfkGmx3ROa-b53KW0UiZq2uh1t5JXqS0CGLPtpU4PeV-EyRhcd_kq3ptxrC8TsQbH7Ra5K8KoFafKuDx-5YZZ-bA68Szs8aiUD_Py3yJU6rQa0
Thinespo,"Kompally, Secunderabad", Secunderabad,Hyderabad,4.3,900,ChIJv5jCElOFyzsRv_JtwWiPP2k,AdDdOWpdys7tgwEyx6veUjAshc7whmPUfi3KEFZx9Sj7nHiYh6df28sat9TXsqtlWImRz9xibGhA1Cxc6Qs5YQ0a94fXc3HBB14czprVgm3CilECMXKhfx5gtKS_toBhegUQ5Zl8KGYYBaaLFqz-7D2FzsSf-xQuLhnaaIZX9hmqLukFgKMG
Grandiose,"Kukatpally, West Hyderabad", West Hyderabad,Hyderabad,3.5,800,ChIJrfHLoq2XyzsRIb7n6OuhHM0,AdDdOWrPL-rHRY9B2KBDpPAlNFo_QClKETNIJoGbEhBzHXXD7p8g4VbaYKxeIdTqbScoRVgBgG2pMAsVoFxA0l9iNhsNWkffEfDdJI6USPYw3H85iVfJNYK3D7hv_lJef-aCdfn6hgY-GMhzcNxtv6i0Esvrhb5a0W3_KkxZz_Sumrz8d9lG
Vivaha Bhojanambu,"A S Rao Nagar, Secunderabad", Secunderabad,Hyderabad,3.8,1000,ChIJeVurljCRyzsRXvkaOVyKuIo,AdDdOWoUOS53O5rWNI-jYAP4uxWvJ240cCddZyZavYpwStNAxMEtWbAuDKNSRu2WJhbtZTv3oCY0KQvYJV3EZrxvyFjekxc-s05gN8V2u5SxZdjZrosZv6bcWuxH8uSh5jUMXTQISf1a0sV76D8k2IwUHv0P788V0X9z5eHwzgO7_l5gI0wk
Pind Balluchi,"Forum Sujana Mall,Kukatpally, West Hyderabad", West Hyderabad,Hyderabad,4.1,1000,ChIJYZiPxwKRyzsRwiucyGIhakc,AdDdOWo3ABhQtL7rC8TliCShxWlBpyaloRCdDhDYdx0UV2idosNNVxXFoALEMNjWhAEmCUTlAxAWxRf5PEWq0PAfFYfxSsPpzxIJvTxWKRusuWrDbtg0r8Rsw2qagFdxpG0iFIAmv3RcwIyyHwza5UMewpRlqAtecxXzBUMBYadn9k20_3-_
Cream Stone,"Satyanarayana Arcade,Gachibowli, West Hyderabad", West Hyderabad,Hyderabad,4.3,400,ChIJs2Z8Jy2RyzsRUvMabDrmsNc,AdDdOWp5XtXBe34ynSz_I-diDlGQihFDFL3m267OAnBoO7H0ub91S7c3HX57xfCGFF9FsbletKz4IXA0SEVU3S-R5AzFftdT-nXAvCoNmHtSt-UQiljyzFsxqt4jJFxJb7l0_0_8qHTxg62GQYgq9Gm1e3Da5m9nppPYm7IMwtc43a9OXT-7
Salaam Namaste,"Hitech City, West Hyderabad", West Hyderabad,Hyderabad,4.1,800,ChIJQ_8OS86VyzsRbTJj3sCJCKc,AdDdOWqBMRWQnDXQHqC5Vk5hEEkJ2DJFnxH-_NQxGQHj8gSdPHQaWA4gSQSSbg0s16vAvNXF_1-AXJHiqVRejmmAV_kFRxcHpDYfXdRfk0BmnhygNY0fpwgcBNNHE2RxPgKBkRsvDGXii4RCBD_MXJlngSvVnVeT16SFwwKzN8bfIAKwgHx6
Food Exchange,"Novotel Hyderabad Convention Centre,Hitech City, West Hyderabad", West Hyderabad,Hyderabad,3.9,2300,ChIJtXMB3_eRyzsRIPM_UAjtJfs,
Hawte,"Kukatpally, West Hyderabad", West Hyderabad,Hyderabad,4.3,400,ChIJd6RZ9M6XyzsRqJ-4G2hwF-0,AdDdOWoP4bjqfEDvv26B5hhHHQY6p1OHnm3HndOdT44XTafITk69LsNuVhAMkdWni-N34AVM9MrL4GHTVb8xgIDg_jiOvzi73n4mYPFQZy4_4rLTP4liNmK4avM3qXXhYWKUsKeZ3oB_M3N_7XSx1V-nj7ogaJssLRaWJA3tV9cH0ci2c3fF
The Old Madras Baking Company,"Gachibowli, West Hyderabad", West Hyderabad,Hyderabad,3.9,800,ChIJGbivaPqRyzsRGVuPzESXbH8,AdDdOWrLSC-0ArEQLHGMcY6s1cKvLzcHhqSvDhMj2u-SbuDgBovkokSa5gsSnwmtMmiXHT7mmTZfgtJJVsn6L58kQ-a6VGGhCO1gEE0F6sOWtBga3cpR6kF9FJBr2GASmAjkygu_KygnpcLmvcGeA2AdHWn-xn8n4v2nRHtmrpBGl1qqdQ-b
Belgian Waffle Factory,"Kukatpally, West Hyderabad", West Hyderabad,Hyderabad,4.2,400,ChIJX960JNSTyzsRScDcfvXfl1o,AdDdOWo-8UhxDdt4XZ2ODE62wkdOB0zMzykC6qBXDtfKK7TabsXzg5pBSEZxfuZ3p_wnCEAJA17D-nLz9he0hQARL29Ho_VT-Rf0_YwtA5lIvNsa6wtkc3ro_aT1pE8JvS2sybZgDCEsf8VzL85WbpPaxR0H7UvqtP0A0a6GbRC_qpHmAaht
The Punjabis Swag,"Gachibowli, West Hyderabad", West Hyderabad,Hyderabad,4.3,800,ChIJdwY7oXyTyzsREOBXFKlVk9Q,AdDdOWrxB6JmRp27TFwTGDUbg30KB7LnG0LE6iq20L7a1QiCBe1_AgnoEohhZqypLtZ1r1KnO0RsmMRx-whzbz1HJrZTzQ388pXQYSPToA8dIgffvW09caMyoXIRfQNA995cCmI2Z6oPGtL13D5zAv-7fVHUhQqjtBzFHoSRnWrHefdqONGK
Foodies Flavoroso,"Jeedimetla, Secunderabad", Secunderabad,Hyderabad,3.4,600,ChIJ3Y_lepWbyzsRjCYvHtNVHaQ,AdDdOWqtZMYNF4H_OuxqbFMAQ4ikgGNBJ0bdxeCiFOT-9a37VyKT7kwAwYb4GQipv2yGoGdJt2L2li7-idb2ecBy2sRkn0z8CcCGWMuxFEm_F3I1U2Hf2zRt5iVrOql6Q43Y60TkxoOUXulRTzL7OU6Bhc3HpYZIOI4r5Vrna7l6u25QBz5-
Mustang Terrace Lounge,"Satyanarayana Arcade,Gachibowli, West Hyderabad", West Hyderabad,Hyderabad,4.1,1700,ChIJXToZD5aTyzsRRuuLZ1Qwfpk,AdDdOWrA2I_eTVdO0YAc8mbr7RkwJXHAe57zlJRWxaCNB_1ulnaUR7AYaon2FaBqPVACSDRZOwZSUFM3EAKwCDU4BOqHDfUlxrRUiIUBO7SjO2qH-yj06Jnb2juyJXKnQRkRRV1WDuSsNAJnOu6p9hAb9tq2vV8r99RhkkrLLgN_TG0SM8O3
Eagles Pizza,"Kothapet, East Hyderabad", East Hyderabad,Hyderabad,3.4,600,ChIJ-173_9mZyzsRkO9097bJ-KA,AdDdOWpWahcxtDxFUV5yVLkHFs0mldhw8k8yqzKP-o7Ag0-wnke0HlinCHTajqllEEMnX9m8NHmdu7185rYUAm5bWLCQ5g3ITKQuwXOpfrZSnZXwMHWWU6eMNf0iGQQe1-1Xu-mTL9x0aGHFHRO77h7FCP6ww2SAMVw4Mg9i32kL95nObsnN
Milkshake Buffin,"Uppal, East Hyderabad", East Hyderabad,Hyderabad,4.3,300,ChIJKRpZIDKZyzsRhA5Hb509NHM,AdDdOWo9HZr-qXKRdQOT3rl8S--XSWCBVhexf2L1d_FKQXQClrrxhXrCSFsFAgaR37Vwbd1mfsG4wEieTnWEdQTVldd7laE0j5uwCpQ1NzlNJ_dfU6JmyQw6rM46P2_hpkyOJ-c2oY4DkNmOMn8dhziBQzr6wepY6EVhzSyaC8rBk5gWiz5K
China Bistro,"Signature Towers,Kondapur, West Hyderabad", West Hyderabad,Hyderabad,4.3,2000,ChIJpz9POcuWyzsRYYoPzFzZHHs,AdDdOWq4i7NDQX1ifkigk-mrZk3hWUIXGwW3TujpB13DiuLaqi4TrpsFFcoecGfderBhQdUPqgn53GHaQMIcSEqkRucn1nlzC-HIoOkjAY1DjM6kSz6HWZXTc9xd4tt0i3NL4SUOmYZWOeRp4Au2avXUo2Srzac2xEpPnN8J2NXgOdHHQz4-
Eagles Pizza,"Saroor Nagar West, East Hyderabad", East Hyderabad,Hyderabad,3.6,600,ChIJ-173_9mZyzsRkO9097bJ-KA,AdDdOWoVwk41TEI0QZc2YmGhpr3MqR1CpF8l5s-VR7nJ-sjNwjh5D9QJzbeQhgDNf3oTJxANbUBAKDBXx2MmBm2EGZIu8Vpf1Mxiis7n--8ohNIo3WKCD-gFRVchal-NHU8UE5rrFt1n8Hzsm_xZHy6-HfGMeDbL1pAaPwnF351-L3UEvmbF
Makers Of Milkshakes,"Sainikpuri, Secunderabad", Secunderabad,Hyderabad,4.1,400,ChIJf5uxn8aQyzsRVTlUc05OoJI,AdDdOWr25qaP1epeT9QFN9igEYgXvL5tG9rfomyIJBd-CWZoi0olAjAullw7eG2KIA1LNxWMzZb0q3g4Lnov-zEbFKUGVZsqo62W6bcG9WHh_c4aP9quQrS5TTBfZ9vkK4ovVDvagTeSliYrKY5ZIB5ZXKLCZTUWnT2m1xrvo2iFQp4c9EN-
Pondy Parottas,"Hitech City, West Hyderabad", West Hyderabad,Hyderabad,3.9,600,ChIJqXSf1I2RyzsRtzQCEuZqpik,AdDdOWp1I1W6CeiIjRM8PxGAz_N3QmvAIUBEGMdJa3FYG_dhO7YLyb_jCYH2ipbW4ixJ54uo9izhS1YWzw6b--5XMdH1ApeAtydwB5ViOHKjoboZkI9WiS3_x_8fQAjgTf4vGMfOcdpakfLSy6ICpBslK21wwfdCvS7TrzwERfzeMtLIa0m9
Indulge Ice Cream,"Gachibowli, West Hyderabad", West Hyderabad,Hyderabad,4.0,300,ChIJmwXiIs2QyzsRxNY2dDQpdes,AdDdOWrhhx-1S2dnx_h0jRkG_yOGROiozfC3u8klknpxtTbgX7BtN-p4T9EzBMujHkaBvaQwrlsc_DVIh20ddpOy4crb22hu1-uDv0rXwFSYCAa3ewAbBqZXv33wKcMUs_7P7JIchpfzF_iV8dfGcirAx-GHi1nY56FvwLmVXAQyTpzfEoD1
Palamuru Grill,"Kondapur, West Hyderabad", West Hyderabad,Hyderabad,4.1,900,ChIJy6BrDmKRyzsRjjO52_go-e0,AdDdOWqYPuQCAu4jeIkSU2kXwCYvc_p6JHPrj8rS7VLNzPm84kxqZcwD2rwRq6j-BdJhGuwetAJOZUPenkXq-ioPJVycohAzEelXe0y0iG7bcD0LJYifRPErXNSZkU-XX3h48XV8gN1jjoe07N8TlCV-O-Opji0ajY5MCU5z3gBPXqn6RaDT
Hotel Swagath Grand,"Medchal, Secunderabad", Secunderabad,Hyderabad,1.0,900,ChIJX8cRVMiYyzsRrGbbT3umNOg,AdDdOWqvsR_Ssa_ECYUJfqiZUBM_2Nh9Yexdkmg6uEJP0QqZihg7AeH0za5O2_hsAHk23ApXp5hUYLhNnszGbtSYaGE46tp2x4PCQpxFcAGM8ZREb2cbVhF_8XmPCjwlD2uV70JSdc7M0VGlAtUDWk11EWWZ-IqlQfSaOVC1yXMrO_dDKm3l
Tasty Village Multicuisine Restuarant,"Alwal, Secunderabad", Secunderabad,Hyderabad,3.3,500,ChIJH06TjtibyzsRobJCQqKHpiM,AdDdOWoRaLuBHinoJN7Wj5uNjYb6b7WMB1j8VSBErh8faMpuYTsnXdc7Z8sVlJNSnT1X-33lGz7asHPCIvqiomlCDNBYaSQIM95t0h6m1qb3x6gu5fVN8bVMrLSUZkJyo0WquMY7oRnRfyYJzg0qlA8R9qeXvZyR_VtuEO6rmTdT8RVjfUd_
Frat House,"SLN Terminus,Gachibowli, West Hyderabad", West Hyderabad,Hyderabad,3.6,2200,ChIJR-OGB46TyzsRlGMBpk7Lvqc,AdDdOWpDmvA_THaKhnWCDXLn5RXLB6ZLHbccenctLzj7dhf2Zty9w1xnV-1MJ6N2fCRmIzhVzigdkmF0LTb1kuStEuKz8gztLh4QG0Dq2QDFFgXSEPiMPfu3h7Wl9cUkVmKchgyhRSq1GUmy8ZHD9mQP1DCo5jwI5BmcZlx7AMufRy1MhkiR
Sky Garden Rooftop Cafe,"Kompally, Secunderabad", Secunderabad,Hyderabad,3.8,1000,ChIJAQAfEHWFyzsRVkW-szYSFto,AdDdOWrkc1_qdUVj5sVwr9L8Y9p9ioOWytov_RG1S172NK2j2ONJCZcOyyRv1iW-JeAAo1EJLXDaxDa7trwqktH0BWKKfDgzATAMUYkHtpa6sEPdVy3OQZj6jPgiQhEuuCnUgGIUaiBXC9xF6z9rMc554yDGy2G-AauQ5rBTASAnWvyQxfpM
Hotel Mayukha Multicuisine Family Restaurant & Banquet Hall,"Kukatpally, West Hyderabad", West Hyderabad,Hyderabad,3.9,1000,ChIJV0b9_peRyzsRQF6HHJJvem0,AdDdOWqUQvPOvhLhQx93yoI28sClB2duqrgIbBylGaZAYtGmUFQePM7HYw40110pf6KjiYjMAGMqiV9fIr7wtVRNOxgoXu9BYGZw3wXRG8x80wqv48e0kOVLMT2lYFe96CBgnJywWDPMMUy0awOPhA26nGX17FcRtR_1azmbnXaMbMBoV1a2
Aaha Emi Ruchi,"Saroor Nagar West, East Hyderabad", East Hyderabad,Hyderabad,4.5,600,ChIJdxSCEo-ZyzsREN-AjqDXS3U,AdDdOWpIE39NGqfhVPCA6bvoa_aENazfZa6nLPplCxO-4N0K2gaMeuBfVhyoX1jloRcaOgj6wEcQjogXr01mK_UPXSdO6AV1E35t3VNK_J_0-2czaSxSIukH-Dat4RXOn_mc6GhWoXyIIike6osLGYbVVmOxRl9UlPjIo3nYzA-W0JdW1XOc
Coco Fit,"Kukatpally, West Hyderabad", West Hyderabad,Hyderabad,5.0,300,ChIJpTnhqoCRyzsRUt5CK-4gdrA,AdDdOWpfZTMHxcD6mGnQwzs-yBWkebhiZL5ItMmJDSzVEnByj7cDSQEeG-Del_Xo18TkOq4JNCc6U_ARkYGEooTQa0AutD9Y-KXjdgEpEpWtv1GdInj59HgDwXWRpYa3KqX2zXgE4iZc-m4u55RSc27iptDj0WaHY1lzLckrgjNbxIAWVpts
Chemistry Family Bar,"Sreshta Platinum,Kothapet, East Hyderabad", East Hyderabad,Hyderabad,3.8,1800,ChIJ-evu1wyZyzsRcUsZUTrp3hg,AdDdOWqXRVstUijtDrm4tOgj0mUh4itjT8D1DgwzeKMW374-6IVvtoNvd-iRCvE2m81Cg8himkUTepKMM31ZJ13PMPS1jtPK54wJc2RJXR9CjLJNhJivvB9vjTTYMk-a3cJTkMaJf7_8D8u0kuTVvY22qGNpN3DhQetrAAqvvrOG5b45eDRR
The Old Madras Baking Company,"Manikonda, West Hyderabad", West Hyderabad,Hyderabad,3.8,600,ChIJGbivaPqRyzsRGVuPzESXbH8,AdDdOWoYAQWHD7aA0XY0BQUOtO7nSTRJ9BYMg5Plql_Yjbe1jFdZFP7AVbuymqP27X5AAH9SNt0bVibSfnoNFeUWAdDnXuIrVe2Xk8jHI92VyP7mCE07L4MJ7DEq2XE3RDMVEYb797qpbo3zg8y_wFMV3_5NbTvFxqbD97IMAiR3foWMe3Uj
32 Country Road Bar & Grill,"Gachibowli, West Hyderabad", West Hyderabad,Hyderabad,3.7,1600,ChIJ61RNvb-TyzsRYF4IHUDasM0,AdDdOWrEEx4xC2jubfVQTD32LemTwXxekMfhXU6NIakY52RPBAXpLSwltp1jKmdJKLv16BxCDRpOar1iWGzxtmfPO-Q1b1Jw7HN7PAJKGowkjJt9irH5dRHTM1XvvcD0Jb3cHSGnxlilljlOPsaJDgIjcsYCdUax-FBLPfdPrxKllHzQpfya
Shree Santosh Family Dhaba,"Kukatpally, West Hyderabad", West Hyderabad,Hyderabad,3.2,700,ChIJbc_8b9uZyzsRljPB8OG4O6Q,AdDdOWofYkPvIeshnM77WLeLmaba4qPMLh7h9t2cpknKSkh105FMO4mKgvMG2yzr-yoEBHYlJHUJxvwlCT8R3-PAVQbKcmpaJfHE4Y-p62HIpLeDKd6osiwphuPp-MJOIgZ20f42kZeuDjAs39-htFp4FVNRzq9-cg0DDfwOJlYUDtVKFUuF
Masala Republic,"Sreshta Marvel,Gachibowli, West Hyderabad", West Hyderabad,Hyderabad,4.0,1100,ChIJU_4mKQKTyzsR085ny7sfwTY,AdDdOWoyAkGMJYiGuwwmcz9dxt77_PKnegxAbjV96da8BI30g82yBDSrsNhuTpM-w0sOAAI5rBLVFELpvNUUfOMx7zl0eMybz9q-6nwh5shV6U_Ji4tI0OT61lwEgzb24hcGT_rb2HTVVEC4G2OLCXpw4J7wXJ_sf9IxhxZYyDSWk_hrOw
Latitude,"Le Meridien Hyderabad,Gachibowli, West Hyderabad", West Hyderabad,Hyderabad,5.0,800,ChIJx9Lr6tqZyzsRwvu6koO3k64,AdDdOWo7uigPuSVzcAHgrobHq7wKKuuGKhI7b3geGepGCms5FphJA-A8Evcu4cHIHLHrzabl1CszUQo3ByCE1OFJF8lfX8xCI0jCL74hscj1AQePpNGjIM_G4rMeOpZEjZK0i_rWLaFg-O02iiNgDCmvX9IBujaONYQV267ENtn9zmGSa5Fj
The Coffee Cup Pizzeria,"Sainikpuri, Secunderabad", Secunderabad,Hyderabad,4.4,700,ChIJ_RvSJnebyzsRMjwh2mVwWsk,AdDdOWq2JG2JT8QeVATg3KH8l6vbeuiqQ3eSvv0He-eHIxnAIqeyP29JA9w-YHEtbvx5GOYTlqul0IyQVGG96BSkRnV0E6ojamuIhuPr8p7jRh6miGlWZlEGetvgR2ydHOUBq7SWGrB9XR4QU_VH254qE5p2GIAV-lhF0RL4ebY3XQHhA3kc
Gappe Vappe,"Kukatpally, West Hyderabad", West Hyderabad,Hyderabad,3.0,500,ChIJ5zhoiJaRyzsR9bfS_bORkY4,AdDdOWp-ORN8z6Jqu6kldKBS_ir7c69k7ONvYR-knfZbgnqymUcFRBPUcUh1vgc-5m0sQgMFIBnWMVAL3oGc3EsvCSK4E1KYK2ELnwvZgJegLTvGuwQHsayfuZAN7RrWmGihMpdKvVj-JdjMksYgePK0HJZ0lcF0DozSuXcjWwtr_LUjaUfl
Pista House,"Kukatpally, West Hyderabad", West Hyderabad,Hyderabad,4.1,900,ChIJOQniFvWXyzsRQ1K83DNOYIE,AdDdOWpCp2gBgqeJwOJLRGkrnMG-tiM5M3HLDe6WWHCCxQ--njw8BFS552_396OSeX3qS854myna7KVyZnG-m4NJa1b7uGYPKTobWjDtDBdQlkuzCNHxtLHDcvimwrm2UQOo9YQ95HSj7FxraWCw9qoXJyySqMTp8rvT7Z-Ve2FSzT_Lb_Dp
Artistry,"Novotel,Kothaguda, West Hyderabad", West Hyderabad,Hyderabad,4.1,2000,ChIJqW6sesWTyzsRta2hdR7bisg,AdDdOWp9QZhGmiAzc_dgD5Z6s5VNG4yhD0uH94CqvJ0MYyD_poxoTlVKZvRqouTEGWMrgEIs4tCwCroGEWmOMvG5fRZTSo9yv3j5dB7mFsXMosp8zcmSGyMYkayNiMpZp0zS4Eg84dP15CSsDDOPXGuosb2t2jMy4qprISSTCPL4fKk8tfqw
Caffe Ritazza,"Sarath City Capital Mall,Kondapur, West Hyderabad", West Hyderabad,Hyderabad,4.6,1300,ChIJK798hGSTyzsRxLSw9GU7bvg,AdDdOWrK1GS1ofz11-AFV2jAr9r2RdN_JN0wupI3hIsPYItODoZxQklGKJ9IimGbVX262amx92s-U7WB8JT-S-uQmJqwlL5mMFKsYJHDvbYu8rgipNJD4wqOzAOvbipOe_H-yll9GkbE161aTzkP-X_h4Pu7QHywoOqIYNKMC7LD8b__O408
The Bar,"Novotel Hyderabad Convention Centre,Hitech City, West Hyderabad", West Hyderabad,Hyderabad,4.3,2500,ChIJ1zY_LDCRyzsRyI6X036eZQo,AdDdOWqql7i9vK0eefHETsvAWGwCzwyIjQJ5yl6yBJTo13M9nk5OCbcuZHsGLxtabdnI6t4RnoWStCn36T0KrVG5Vl66ze82JV-M5eLBOThUksZIKqAqjTO3W9oCddWEK4e9fzjBa5J8lNwclfoptMaa9Xamy7L9GsYRxfrXm1p-DXI4PK29
Cascade,"Radisson Hyderabad Hitec City,Gachibowli, West Hyderabad", West Hyderabad,Hyderabad,3.9,2300,ChIJdbJS9MCTyzsRl_wLCEAMX24,AdDdOWrCfbvOGpxVRYQY2ubeKIdltsb0GuolpMzaTOKtixaHakd5zZtWbScqj5jPVYXA7XWE82XHiOMuCQ8zAeQ6dNa0UPrehYUsBFhZ4X3StNi9Xp1jnbMtq-mQxjOO6CfBFlJfwYRrpuL3FtnHhXTqhgn3irR6oxi7Hn8nyVHJNd1DfLhg
Moxa Kitchen,"Hitech City, West Hyderabad", West Hyderabad,Hyderabad,3.8,1100,ChIJ4_eqZ76XyzsR_SKEbNomSVw,AdDdOWqywEQs_-kar1SBtXGqy5g0OHdvLES3eWZke05Afam5K3FLLNo6VFeSLf7aeHd6UOxkwmiKvLoDI5GyBRFZ33LtHLvFxkIz8LK7ccnLFUZn_4t0GsuqgLPNqujfodrmKf7dRP0cKR34I_s7L48O7JKbOba4oWFoHV0Jtxf_Ss-4de8T
Hotel Tulips Grand,"Tulip Grand,Uppal, East Hyderabad", East Hyderabad,Hyderabad,4.1,900,ChIJ_7PJU-yeyzsRb-oFw9geu1g,AdDdOWrWmZJOAVz47DlbMUF9xEKHyn9H9OaPon1CLTMNoC0adcExMZEUovCxbWYaQgm4Hb89moRh5efXPLNPV8t0xR3LcJPXQGnU3BLUG6-H_Q2L1d-8ED6OMLqx8wOEKU1WBVQx5s0_Y4JuVZStK7VQapp1OwyGnXBya_r3Cqgxnft-69Em
Barbeque Nation,"Anvi’s ECO Grand,Gachibowli, West Hyderabad", West Hyderabad,Hyderabad,4.4,1400,ChIJt3TsmjeXyzsRW78eukz3few,AdDdOWrw4ujfEWY47snjKBJUGErNg6RxM9Q4Jha7aLDVYIflMrW0Yjm1evzOmQ6_Ln6rpBrCp1KlR54AIRMHOn7Ua2FEIbw7aZFq90l44wt1etcaL1cpjFlw-n25BkfJ4CeKdJcSOUsv1volpOXzvePAJjei4lvsa6E01Cv1I2tqv_JCtD4v
Harley's Fine Baking,"Nagole, East Hyderabad", East Hyderabad,Hyderabad,4.6,500,ChIJKRqDksiVyzsRBbaBpRLyQ5E,AdDdOWqLCiSqWWHi1nC2kKMDaf6zxTSeX2XAmmifpqTtMKwGRHC5ObulUngxlYx3IXp6ShqcIJkzl37C5BZLYZvUptVmVzrpPOT1Q5T-yBSEa8N2hb5bzn7jvfl3jPOj9WYDwMIXZLKhseutPH5Ytp-u-Ut0YjFIzqEbOUjQVbx-GYmLF8Hk
The Garage Project,"Sainikpuri, Secunderabad", Secunderabad,Hyderabad,4.5,500,ChIJI0h_KwKbyzsRrDxeBJG4n0k,AdDdOWreu_ToSvVZ5zfdstzMedTM_94WpVxl5JMcg5DnfxNA3j_rbI9ZX9IZeGOBUE7D17iCh_gk09sUJY8voYE-hIXxxlOcvqEnjJQzJ7TBSP8_JuQ7mU7uqVy1HAPheX8khBFomiP05AKzO2FjQq8_ruINLPBprKDRPZmUXIzm2jx_q9Ab
Parathas & More,"Kondapur, West Hyderabad", West Hyderabad,Hyderabad,4.3,600,ChIJHYkeaaSWyzsRU2VbxAp6vbs,AdDdOWocrmD6nCn0JBT3pk_-iEYkqVh6360uZZ_Pglb0zwT7TEBTdiMDTsDhZdbFqW_VeFsxuDZyke-_81xpUWJAVU86-q_VyD_u1bqlNq4rlqgrLTKeRQewI_9BvFMveBtvrgnvXbW-YnVCpmFRiyEOgX8XBu0TV2tKKvhLDzPb76nbzksC
Pot Belly,"Yapral, Secunderabad", Secunderabad,Hyderabad,4.6,600,ChIJF7V9goWbyzsRnrYWVrz_eT8,AdDdOWpTAIrTDy6UlQy3mXL9243YvdVNqUnXNJl1pROS-cabucE2trAekNdQ2wWjiyz9biltMf2UDQedphDICdJQlzmysWk5LAKUd0_Iu0qoagOb5ZdgMfbYaO7FhWw4INORIG8H9oOYr69sDLw19AHHsf6fVgIt57t8qhPMmrePR0rj8mA2
Myboli Maharashtrian Kitchen,"Paradigm SSS Square,Kondapur, West Hyderabad", West Hyderabad,Hyderabad,3.8,1000,ChIJD7b3OQCTyzsRpm6SYJAKbZQ,AdDdOWpRLrKCgwacLGaNfFxjjy_Bn9zDVS15_MPqs_kF_qEjkMrNTtLB155dcP4_PhvBiCP1fBVOGrvbIflSMRWqT0Q48-1olwTNiUUHLChpxJmqHMEPGdoP4DYBIHxbhjEnHR9S6Y55rR8DkCovBqpfln2j_wLuMUS-OhNKMInQoCy3PXby
Punjabi Affair,"Kondapur, West Hyderabad", West Hyderabad,Hyderabad,4.4,800,ChIJJRxsWF6RyzsRgQvCLJSw1sc,AdDdOWoevf34Kr9A7w_5R7S_ukojx34_Qc7vjcbLdJ1RAmGa-Lvbm9z-b3jVRS_vJG-oo1cQhTMNk3wl-e_HKkPnI59elRE_PWxzLh_lsyytQyHrYWMfTW2PBtg9gORvBtHebnpxag1REkx47cmN1RV0T0k9tcD0UdUArX_deWhQv5PDw9iK
Taco Bell,"Sarath City Capital Mall,Kondapur, West Hyderabad", West Hyderabad,Hyderabad,4.1,500,ChIJcTMbWsqQyzsRfmZ9_DmfyDI,AdDdOWp_J6JTLEGohvf47tFvMU0wzNoYSXqXc9vFtXnjonO5usTCJv3YhjNyR5hjwMPfu0SP8xrGdHfEIQqcrJ3Iahwq9Yhq2A8OCjDSuQm63z2wP0pumOnkCMoOKUCYtMyECgV4GEQwi9uCxrBsHjyypN3Bz5PxByCVH5MsXfAQog0L689d
Kinara Grand,"A S Rao Nagar, Secunderabad", Secunderabad,Hyderabad,4.1,1000,ChIJQ4NHRJyZyzsReQP7XlWvkQU,AdDdOWqT162qOFpE87XzelSEuS8EUvt_rwmuMKD9_7bOr43GdaALnvUTlWXUrv9NrwPj1JwVFWwUhNZXMSW6lZD5q7AtgLv9wVScOBfGbEfBRYiz5J8Cgj7SgC-WdL0Z7AZY4Gju4A6F9VjP0zDqhKKga-epDcSsdEDe0FsIJtCk_WHZOy7b
Cabrito Al Mataam,"Gachibowli, West Hyderabad", West Hyderabad,Hyderabad,4.2,500,ChIJ9WMV8O-TyzsRV4nUZ9-dGvo,AdDdOWpF1fp4VmRPXGPArHSkP9y3XRY_UZjjCUP891Wv1tOYh6VtbsG2_HlK1kol_I8BxbRRVqWWENNw1wpig-LX24n9OU2lAwqIFJ0oNOpABcBMbSnHr3VeEkr4se537SbJQhqCDH5rCeOKt8_lwnEA__5JMbc9kbZdMChocT7Fn2JtHC8T
Temptations,"Kompally, Secunderabad", Secunderabad,Hyderabad,5.0,600,ChIJBUjNNeGWyzsR0aKPC5iaFwM,AdDdOWrh897__sEB6EZyt2lBigdHohRwduxNmLhIzvjKRv0YFzm6eQmIjRfUsijXJr4QyICmvmMZwzK04YbvLdbEYRV8--TC5-F4K8tdIPZeijv2VcT8qvPj1Vy82JiRL1ZhW_GwCGj83y6xnm128_r9YEUysMHxE79IVxvYYTwC3fAUEo00
Biggies Burger 'n' More,"SLN Terminus,Gachibowli, West Hyderabad", West Hyderabad,Hyderabad,4.2,600,ChIJsydv7yGTyzsRILYRSJ1C4Sw,AdDdOWoqC1D_8BcIEx6L_PF0SsiF_W5MQ-Nl0zGqwIry_dxzUgSh2mxb4FLMI07pBFQmDGPTW_fKz6R9xAQ0tyiRC959Vub-BNaagPc8926_pg33yGFH351iLt-A8gdXAeZDsdZXO-EfwvBW6FZaMPjLTWjgy-XTp2BEue0x9D_GP3RMrOlw
La Cantina,"Novotel Hyderabad Convention Centre,Hitech City, West Hyderabad", West Hyderabad,Hyderabad,4.0,2500,ChIJncd9bMuTyzsRGVlAAScNRuU,AdDdOWoKq2h13m6VYqa7izJcniaL0eOqH3B3CCxDFrEu5mCYHkvadpjWuOjLRQLXqnULlUHJv_QvZqw2BXdOdsoU2PvZPptUSVvdRUqv7GBpDGtmaSGgX-gJw8RRyscRobPWMytnHG-0F0zeItBFSkoytcuslbYHCIzIKNoLB5NewvhCrove
Le Café,"Novotel Hyderabad Convention Centre,Hitech City, West Hyderabad", West Hyderabad,Hyderabad,3.9,1000,ChIJmah69S2SyzsR4LK7stGAAeQ,AdDdOWre7XJWYnFhM6o8LpAD8YBUussmy8jtF_njzkfbgZXZyDSFt9h_nPnM4K-8pWWP63OaN0tRYVNMetJbnP3uUIfSqbsjlCIwOSAE3f8sVwnQgZIpq9pQGhC94at4y2ZIV-oXX3KZ6yMOJ8SOn6DbJa44GeSa3nCQc2EzMLWFmRrfGd2w
Pista House,"Kondapur, West Hyderabad", West Hyderabad,Hyderabad,4.0,900,ChIJOQniFvWXyzsRQ1K83DNOYIE,AdDdOWoibT4E2-Ko2LzzgB2DpbReSB2LAWLpQKiM7TIZ4qXhiaUrXftrTDWXG6Oc-gML00qLpPNwFDS7l-lkzeub30S4qhSVVPJJ4ohjKRaFxscY4HlGJBwYi16kdjWmZX0ln8XOXi1mAE8ZfjbSVoSsIVpd7tpiuPusbUBJ5FkEeI3FvjZa
Tabla,"Uppal, East Hyderabad", East Hyderabad,Hyderabad,4.1,1700,ChIJUfJnWjiXyzsRvX1NnV6K2Dg,AdDdOWq6LpBDCNFTTbSy6iEPBSrp95jziv8UuTz2ohA69Rzmcn6XZXIwCmFAAcZ4Dz5RM3SnwUmVfsEHCxsShC1o-oBrZFk_68g614aqoouyQ12BPZ1zgVVzFetWi5j4QUSS-pOmTlytECXY7I6hstzZYQF94i87n6QMg08GrQbg7tVdLyZg
Karim's - Original from Jama Masjid Delhi 6,"Times Square,Gachibowli, West Hyderabad", West Hyderabad,Hyderabad,4.0,1000,ChIJd-AU1-mWyzsRW1ezM1tKOO0,AdDdOWpk811vwOxeab4TXlCABH6pZNEL_GKCNqBM2SVKh4Fs97JBoGNO1w-4Gez3G3YmPdbdn7siwbmVYlj900d30IriJjxyouUONiPsOPDxGiEcaVlaa2w_FiFl1neKbf792KW1A6inp3QQVFR8-aXyqosicEv9_nWY5N22BUTBusdy9LQ
Coco Cafe,"A S Rao Nagar, Secunderabad", Secunderabad,Hyderabad,3.6,700,ChIJbXPrY6abyzsR6H-SdpCiRlo,AdDdOWr5yDHhgpBgHyLM-BvMN5-LQXndBN6USgjYncSqlSPJcerd8ZUDtxQTvXSfVMghKUShXl0ofhCc5Je8f6R0qQSls2nWtyBAPp5JXvKokwPVCeeBctAjTDGX5wa2xsxy25iafyQ17_AFXbXsMBKt9atz9IsVXfst8OvhG_9TLQOJzoXm
Gappe Vappe,"Gachibowli, West Hyderabad", West Hyderabad,Hyderabad,2.5,500,ChIJ5zhoiJaRyzsR9bfS_bORkY4,AdDdOWoWHXG2xQ92EOWvW04JhQB2syl7iuIhsCfTKYxX-w1blIt4dJryoqBN-w6EjArq4ZNAy72A1Wi0B-j2kCyRpoRz0SqYJlrtmfTvLZV1JBI3hik7QlG3vGRZ4p0VRATXFNBRPVI1f29l3GEHZzBqykaE41JuGQneCzeK-z1TRCM0SJdO
Top of The World Restaurant,"Tirupathi Reddy Plaza,A S Rao Nagar, Secunderabad", Secunderabad,Hyderabad,3.6,1200,ChIJL8ideWqbyzsRO850uADowB8,AdDdOWr2K-RtD4BM54MtECPSEv4MNYZd48NMaExuH3U4aXLC7ixdm4OYlLX79aAAAL3pjtMNYRsmNJAw10bxoC0RjU_CyhF8nEg4Mj8p1oAF9pSNxQrirFzx0gHc0TgdHTmS7QyTth_CwVbfOSYMhioOcJ6vLZvgnLD7UQ6S557peSslwHot
Riders Sports Bar,"My Place,L B Nagar, East Hyderabad", East Hyderabad,Hyderabad,4.1,1300,ChIJpbkoMMCYyzsRBZ8kh8S88EA,AdDdOWqXoyFreVrQyQwuQrQ9-5QMIOBeLgofHt_DCcuqentWg3IZzAR8UaEn6B-hgUVlIixKCAGw2oTb_Gqp8j3otdsuiPlBnYpJCcs0kd_n0VDFYPlKv9Dgqa5GDwQ8i_LKm94ROieXz5vXAcvlc14D2lnWElfITO4gnfa_YjJLKG3rA2v0
La Prezzo Woodfire Pizza,"Gachibowli, West Hyderabad", West Hyderabad,Hyderabad,4.3,600,ChIJrVnc8jWPyzsR5eAbF2LuINg,AdDdOWozHlumnObLQNK_RxXGTDRZskJQE7B2zydngNk7NLUIybIgkyQx4YgB8jVWqzceddH8t6fPdvU4NUPWpi5OZamz9FgyMtx6jVYe6Ne4gLmhQEVzrsRT4BtAe0RWygrd5m56--vSy3lkGEpNq1EM8_MAJcqfiZ0MmsOBnA-gLbuQetJ5
Cafika,"Sainikpuri, Secunderabad", Secunderabad,Hyderabad,3.4,600,ChIJV3DD4MORyzsRC9Fo6rGdA2k,AdDdOWr62kRkFfsC8BEZuFkSOCdBQWpWz9rN6jHxvJ8hW9SRkT0u1vKC7RVFlWrrvsQm54MPqxwxYL2RE-rzKIFXVDi9MFcrmY4D6aNK7fqlTTrldtXhCVjSNUmBQKC9GgMniKK_-qYle9EcsaF0hNujHmaY2O53peUX4SOfctocEcJ_cdZm
Aroma Multicusine Restaurant,"Gachibowli, West Hyderabad", West Hyderabad,Hyderabad,3.9,1100,ChIJew9BNFiTyzsRR7_9Y0D7P6I,AdDdOWpTJ1FOnm59T_NkvVakCiar2tTa1qtvYz6lWHyYriZK3-Szc47KL9-lkK71wX5JBeXksT2dsNn6h_byddinVUsQpSK37ilpGdun9L6Z_i3qTab4KSrtvMZNJlNLYEkrj4AsQuqW4c3PaDhAJZv4isQT8OweT6decSf9eB0bcEgdrzB-
Qube Cafe,"Hotel Siesta,Kondapur, West Hyderabad", West Hyderabad,Hyderabad,3.7,1100,ChIJAQAAp8yTyzsRoEsRG4GotTo,AdDdOWoWV0tZaQjIDDg0eZ2PAKNnM3kY3j8FiBgZVerROmFMSMovIqT4DJP43xjcM2d-HlXoHwsWWbQj-HuoWMogsMKhF5cflBDQeTUeFX9cZKPKAdD6McZKvhGFUUrpBOjYKo_NJzICjxJNUGN8xdQ6MG2TeqoBfZwAbZ3_rasbo8rQ2Juo
Kumbhakaran Restaurant,"A S Rao Nagar, Secunderabad", Secunderabad,Hyderabad,3.9,900,ChIJ_0qYDmGZyzsRHdECwO4I7uQ,AdDdOWoF6BRQ7e5ROgpFPmCpqaQYnUISwYfZvBStiDG9ITa7jYiVWKwSIOVWK6jpT0e7MD6s3iymFAjcfuVzPF4-6Mftb9F0b-Aa_7AqLNa_GI-LhGXpMLZT1NB3j_S2PIdEG78TAFqJIHTiAGBmoxNAKFC8lL7AnM4j7V07MY1smz5uzsUS
Beijing Bites,"Sarath City Capital Mall,Kondapur, West Hyderabad", West Hyderabad,Hyderabad,4.0,400,ChIJ8RsvvuCbyzsRZ4Q6fUtBihU,AdDdOWp3JczMQsfsKrZPFs-ZqMr9_imWef4RJYTwgMhCmENVCsvVJWpCtOpLTUH-QNImBl-uH_X0gV2cY5GB7vPjbsFQO41LwIeFpVXQ1WJM3R_JnF3CjEzdTkepgmZvgVEy3v7gZherO2G-99082bZghhOcf5YuV4FrMNpwUP5-4SciL04_
Frozen Bottle,"Gachibowli, West Hyderabad", West Hyderabad,Hyderabad,3.4,300,ChIJc5bZXRCTyzsRbtKxGy8YeeQ,AdDdOWpT0JJ3z1ep69rfJWWkbXUCvktiPAEmrRgbYi_vX3DKeqFviWdpL0sPXO6uY7JsKb10rZTq-V4y2iTU5AZMdpqH-V9e-EXIraw_Bkk4ayDgN_2uS6kBVYNSGd-WDoz9pfp-GiCphFQQ6xENHVKL-PHWFolFHG168ZDM8BvduNOzvo42
Palanadu Ruchulu,"Gachibowli, West Hyderabad", West Hyderabad,Hyderabad,3.5,1100,ChIJT5v2ohWTyzsR8W73Y7UvyzY,AdDdOWqWQeEs-YEmMELI-gAKaPr6hQcatJLuT8X71SNikDY9adh74kdsPBreCGn2IhimvuFgYnMcfEbEEj_cUy0F97HnRdkiBVroYOBWGk33Op4j4Sp2Aj2gGU0aPPhCutB5TPMnO5LkC1PAjysnOK5DRii8a_kGS3QVrjCUw3HGZx7zlqbf
Express By AB's,"Apurupa Silpi,Gachibowli, West Hyderabad", West Hyderabad,Hyderabad,4.5,600,ChIJ01jJjayTyzsRY-ncyntaQDk,AdDdOWqfA9xjLudcavVjAG8t4AEzanLVEXA4kCLrR2bJtYWmfqd_zslDGRGPQK3TNoKJ319UZtdULBnFwZobkmaL158P_6d8ZhXLe8H80AOy4wcuxXI8KA6BLZVtWtECY5KWpld9WBdn8Jz7QG-ZQa2_yAQkA3hmNCahjb3jPBKpXvP5LXZB
Tulip Elite Bar,"Tulip Grand,Uppal, East Hyderabad", East Hyderabad,Hyderabad,4.2,1500,ChIJ_7PJU-yeyzsRb-oFw9geu1g,AdDdOWpXMkZiTi-0D4NOIKqPyxkvWc-UCrLcOoAZskTlrJY1xtuegLuMl7n8UVlGZIBRXXP2DKE8HxpwAMc755c0wtGQWUeBw2uy4tWcQS2wgsdu4iJGOR3f0FCSObySTd1LT8-OzTeIVwiFJHyPTvLnVxaHrsuqWCL2Fe4gh5nA4viu72QB
Sky Lounge,"My Place,L B Nagar, East Hyderabad", East Hyderabad,Hyderabad,4.2,1500,ChIJoYXOjN-TyzsR8x709jMtK68,AdDdOWrAc_d--0z0i6s76wsbhXRUItscliXWBFsgLlB5mWY2sTQDYCGGJjdM3DGqRS_H4cG_8KpnhO09iot0Tl1SEPexvjjCKFQU-gmRy3iUjknDIzVW4k1jXChuDLn4q387lnJCsX2ZleudV6j9sCuXp-61EIGMjz16e7-qZTL16ca6BEc9
Kobe Sizzlers,"Gachibowli, West Hyderabad", West Hyderabad,Hyderabad,3.9,1200,ChIJBQbyC8mWyzsRji8xsWTCUwE,AdDdOWqw1pxBs-_oZ8J4wtrEvgka0QUU9bNbytPgz8-l2HewtSey16MYkMEVeh-mRR5VhS6xpf14Y9zuNFqo-wa2znCG34juSvIsyflYVUGyfYXnyYts60TcJUVWWeKC5kySdVsL1UiswDG9k_0UgE9P14d4lyOUXwjkTUt0BQNQI9QTDE-e
Turquoise,"Le Meridien Hyderabad,Gachibowli, West Hyderabad", West Hyderabad,Hyderabad,2.9,2000,ChIJIRjQ0QKTyzsRhJg5ukwEPIA,AdDdOWp_QcyIU_WlcX4EqNqUZP4H3lgjkpOh1NC2L_wV6Vq09R9LmVFuL5a7Me2_ffRSg6FAP38fJ4z7NE06mFbzDXrXh74cpppchqi6KpSuT6q9GIDScdBPnmkqQKAu1TCFCRGhaxSz9139R-HbCbLtgy--S06I2Mf1T0iBg4KF-VZsmbLF
Fly Rooftop Lounge,"Kapra, Secunderabad", Secunderabad,Hyderabad,4.3,1000,ChIJQwaw5jCbyzsR2POO01ijNso,AdDdOWrRUc7eJ0sYJcGFmMvOubzSus6HAM1AjA4Bh_8TqTj0tux5N5poIriodRBVYFUxYXMQR1zbTvNSVS81vMdRRU90GtM5KNoOPhD_douKwW0Cw79Im-auQkMNUEtSNenCIXfckRrkvIn-IF7FRn9njHx6c1q-XLYviH542K3gf272aidX
Urban Asia And Eat India Company,"Times Square,Gachibowli, West Hyderabad", West Hyderabad,Hyderabad,4.1,1100,ChIJV0Hn9jORyzsRErHbhbc5kUg,AdDdOWqLoliv1YVTW8f2VxVceDFdU08Ss30nLg-4GNtjV98m3fPxalGJxRN4m7S_F9-PKbnujOE6ufUH82GTSTz68odFdBqWfCUr6aXyUvwgudWkczEapqX2sG1gSGqAsDaBvIfaG3IdIiiquKq6XMS-AeQRri7zETt3Lf5eqMgE5wj2cCh-
Coffee N Cakes,"Sainikpuri, Secunderabad", Secunderabad,Hyderabad,3.5,600,ChIJR2O0eWGhyzsR1loJmBiDm8c,AdDdOWr15ssvSxXzui9gmZwvp59q9grWhiQw6jH9uHC19It1B4kAzOetXuCdDiQ9EE33Hl2H0eehsNfHDoK3hu6BwPhespsB95JGYx2TOlN1CcEwAwk6bsYPznYvDlnp22m7AuGkCrKEVA9zWd7eflffHU232DiT4zcYeO9Amm4I15BkHTnD
Musine Garden Restaurant,"Sainikpuri, Secunderabad", Secunderabad,Hyderabad,4.0,800,ChIJrfwBa2uZyzsRtEWB-q8SOAE,AdDdOWr_rXWhWywv-zyJvQc7dlb9SRHIGvMzIa58sQHK7D9OfwmqbXu2JYaNDggiTC5W8MFkqmf3VuwxynfyigC9JIuZkeYDrvy2P6IZ3jjqvuJ3cCPuWRZqkGXflhfqSD26LIPRnFKE0J2SbbFVPZx_CjR1Xjqih7sPU5zqjcninW9CNB4E
Raju Gari Vindu,"Kondapur, West Hyderabad", West Hyderabad,Hyderabad,4.2,500,ChIJMZ3-JQCTyzsRpaveruagkm4,AdDdOWod8Pe_hkLixsSZ4vDoWGk8IwvIQYpxFDuknnYhGr1IAwoDbePz22FSTinKk-ZHpPjAELbMIaTxk7p8IQbrxx2EOyakgNN3H-F6vqqRneEVMrc1aLh35KHEZfqeiQiQWpY-zC3bNSKduLushaFejD1NWEahgfatiEziedS6GJPMrZmB
Namak-Pinch Of Delight,"Kondapur, West Hyderabad", West Hyderabad,Hyderabad,3.9,600,ChIJVzKvMVaTyzsRWdHFVGpemac,AdDdOWoVx4YUlfanb4cMK6yQXytS0QKLPNiy0DUrH-A_YEbhqhNyAMqtzxbCMo1EnIHksLOpLOZwYnchsr8IzFDyvaDdMI8aHBCqEiUBxThqt0s-jWxemwWQ6ODhBisJYCP-LuENSVMZisplugenSvXaDJMkEhLz7TnrH5cruE53QuSvXxnN
Al-Beck Mandi,"A S Rao Nagar, Secunderabad", Secunderabad,Hyderabad,3.6,500,ChIJl6wk9FCbyzsRkbBmcItIUWM,AdDdOWoXHD2WvNJX74Wq4fUe9rZETN0hZO8HQ04vi77jGQFFYFz1UnqVpWOn7CvYIj-K5B3Nsl-zUU683zGrJMdCJaQxK5fTUocnegTURsMafVRRaNoQJuguVpWuqqM_hvnhZYfxdH8R1ZQYGL3HhNOOBc9hglt-Dpiz2BoVqGryDE6Ghin4
Tabla,"Nagole, East Hyderabad", East Hyderabad,Hyderabad,3.9,1200,ChIJUfJnWjiXyzsRvX1NnV6K2Dg,AdDdOWqNOOPmSZ1_driurGHf4aYXY00teO2W6bnP3I9m7NlpSQHApks94cIJAK8XK7lHyDU-6Pm9woz1sohWIJ6CqsVE-gNwHSYZJBooOaLd5JWrqgBFnLsUMTGACW8249JuFl1xUnZXhuuLBm2IKtUGFIuwn-M4PWiRYbrlzmLPJc18m8D_
Chef Baker's,"Gachibowli, West Hyderabad", West Hyderabad,Hyderabad,4.0,600,ChIJVVUV_0KSyzsRnhETvNJ_18A,AdDdOWrbsYE-7zFV3hllZlJ0kA4HIBvWzUB1ydXvOl97BAzgiQGNYsHYq11iBPDfHN4MJhmCNwT8TGzLttlZE34_Ql_VdFt-JhfFig1yHdtceOV_MsI-bsiWdkRxhvn3b8jCAzY9uAmZlYoJ1gs2PPjKOpgD80BuMoPc7AIpJjE1NDv8Rwtp
The Hyderabad Oven,"Gachibowli, West Hyderabad", West Hyderabad,Hyderabad,4.5,500,ChIJ7S5uTkySyzsRXiDdZ5DQxdE,AdDdOWo59jQYLY52n_L_Q7JAWhKM67jrMebISXA83TQ4Nonx9MzDDINanPJLNXsI2IdXSllEqRu_THgK84dJUsF71WuTmDzU_b1gZsj5ctGo8MFS2Q0UB6u0p2YzS0UTYf-Jytdpawlury-PhrEsz-SHW3fmo9ocBZfLqvXJVq13ka5fBJg1
Komatose,"Fairfield by Marriott Hyderabad Gachibowli,Gachibowli, West Hyderabad", West Hyderabad,Hyderabad,4.1,1500,ChIJv969WIaTyzsRH2o6lUlESkA,AdDdOWr_jGNCwEttPY8Qv2PmIysBk1Jc4l9S1wv738JpkExF3G6fr316y4Bv-3l2ar2Wgl8BzlZj47iWk3Tl7N4Tyw5poDHURD_LCdMBQlkBnyvum40F0iqnUG49_H_UIx9IVG_2Ko5WWlSFccpQXJYRGWt__2qPmWPX7l6o_Vzyad_KEmNG
House Of Dosas,"Ratna Arcade,Kompally, Secunderabad", Secunderabad,Hyderabad,4.0,300,ChIJt71qW9WWyzsRo2WRo4Yk2BQ,AdDdOWpIV0eVp6ZiLbnC1kI7o_iWMkkzLy7BxkcsFUy71chzh05AHth6h-XwMiI1-zYpoHV-4hO7_Pu1zlA3GIcRecqbFSykhCdB8gWMGV37ChnAGGc2eFoUhG215aQmjE10OL1A6oYWrCalNaldLcZLhNTUhsqyZejbCaESErlVTNersrN9
Palamuru Grill,"PPR Complex,Kompally, Secunderabad", Secunderabad,Hyderabad,4.1,900,ChIJy6BrDmKRyzsRjjO52_go-e0,AdDdOWoVg9IJ9PWX96P5x5g8eXgyue_RdjEnbzbrLjhg5ig916XIyAt_AevON4-iEncXqtrFLkfgHqrYXyPh3Z_SK_m2WCEAfVr29xNgGrjRnZyt-bfgf_tAKuujn3IB3fQKM9TtVf9Lgs8aFwWP35M8Z4-sKeAhp3oeuI4q6Ps288YjXwf2
PlayStation,"Tulip Grand,Uppal, East Hyderabad", East Hyderabad,Hyderabad,4.3,1100,ChIJi14mkRqayzsRawRiyhZyjrY,AdDdOWr_jymEJgjHi9gaHKWYdUw49ViE-LL2D3sYdtoVYU0kBP2svUMonZAv-Zwsl8-mZ69wJbxFJXSF2On_fpsI8QFkIqdTp_hidXpeAypN1YIuB0khEpNBGfMT1WDM6cm0qpRV15jwPOCRDAGPhMzwgZG62x4d0BRjWWsTwwxH8iS5p8Fd
Saharsh Udupi Grand,"Kothaguda, West Hyderabad", West Hyderabad,Hyderabad,2.3,300,ChIJEwhGKD-TyzsRQf5uoTtA2Ps,AdDdOWqIZ09O8UU58f_K4i4fLX16TIdzTA-5Zm4JtoHBxuNGC62fA6jCq3aUEMiKVdOiKujoBPuUyFLjJ7Lbb8n0dLY_m8QEFZLTTlj42qRTGvwvX2UxCF_B2_7Pm1XV3h9uUNMkA-BqCOGhOC4tvqO_6sL46uS2jXWSdii6tWTqcsMPH8wr
Kulture Sports Bar,"Hoysala inn,Kompally, Secunderabad", Secunderabad,Hyderabad,3.4,1500,ChIJEdYL9J2FyzsRnPEZYqDFU20,AdDdOWrgk0QjT7faw-_UKj_DByOdL2GekJ9uamnrv1U_Vej4tIaHZoMaUtUa13wn3r-xmfjZDi2m4Z0hl1JsiGePXSxmXYdNAlVYfO9NNwo-qIWrrorNQ0RnD8muOGUbPciY8yLrYTtN_eph-7oPi11rCCDrSBclXO74mQj31DJS00nGsd6y
New Chaitanya Restaurant,"Nagole, East Hyderabad", East Hyderabad,Hyderabad,3.0,500,ChIJ05ITIt6ZyzsR_-7NMn4-QB0,AdDdOWrCNDerYZqMCsWPY79jVe6uB4s63O5VyWbFdW-HAnnP32XGyNbGiNndUKuw6p_FFiAmoyep2yZImPMpUGqfzRuF2-lWblwHGNQjTwuJKoB5OvZbfvpQOTtVvrypMzDDRQny7_MhKcpOOSY8faqMKU7SbFZ5th3esBSop6g-NbTI0FyU
Lassi Studio,"ECIL, Secunderabad", Secunderabad,Hyderabad,4.2,200,ChIJ_30SxiGZyzsRAUMf-kTgy2o,AdDdOWpHtjJ09Ch8GZ5LEwyM1soenaQLZ5eqyHcabOgJeOsx3DSrKAvcsOMbjeK3_tEjz4XHdlt430V1YR4WvUc8A0Sxueny3uugpOZf6eyZirFJIt7gF8lBLzCnuCJK4vmnoCeF6QE7jDBLbO5deXwgyIsUmx3yW8-hX0qEVm0vpgwA3Fk0
900 Degree Brick Oven Pizza,"Kondapur, West Hyderabad", West Hyderabad,Hyderabad,4.3,600,ChIJmUvCS7GTyzsRD3dQeimgU5E,AdDdOWqDgGwbUS1jyWAHJ_sGuNJrtuMmP2Ca-ccXRUYRRNL1CjpfWZRpopLFwTgdgyboJCGj64wSh4hGRyd3MctzSr5Z1c81zaRlClISmYdRKwgNFOIN3OQJiFyZd-vixSmcdprGzH9z2bkT84OQiO4dn3ZC9NVhN-uKqnP1Oxvn3WA6DGo6
Madhura Grand,"Elite Complex,Kukatpally, West Hyderabad", West Hyderabad,Hyderabad,4.4,800,ChIJMxJVveePyzsR035XigF5UWY,AdDdOWohRN3A2SO5mkUntMXYvjx1mt1fN_Yq5pBq31cI2fx7KwCWVWgCOgsq9XGuHz42pahCdEKmv87nGnVCZSSiU5tyHsVMK-S89FAs5UGrSoxGBoZO4ISlLbOtU3KPqhFwKuvDQqhYpXPY95lU7a5ho08q-oNheyR2_EHJaIf9Ta7bDQWi
The Arabian Mandi,"A S Rao Nagar, Secunderabad", Secunderabad,Hyderabad,3.3,800,ChIJj2PuIUmbyzsRm9q2fjJgEJQ,AdDdOWrTkXQKGfGR5ieSsYDP5sti5WH_rpjwCUZgUyKmoswQ3OdxVOXRWzejpcABMIlLc1o-ydTjVzjRbe1rv5RxOgeLkZkuLFYi0p2aBY_xrB6WDfCXXvJFYN17yxJTOActZGcW5xnE9OCf7jU7DP-6MbDnglPpcC4N8uy137PyZWt71GFP
Spice Nation,"Kushaiguda, Secunderabad", Secunderabad,Hyderabad,4.4,500,ChIJAxYMUNadyzsRXdVV9EwmmxQ,AdDdOWqFL1mmo4gXDHK7rThMPOIPOSzyOzVydImM01N7HIa-32JcPeskw2t4unf7N7fxg2O9H2nmn5-MJ9EWseAZLpRlhjQhJsia7lXIpriJ-hg9wkyWzLdUFjbhTI3qzvCgrCD3UawewwKEd8rcEbVVU3dEPJMuK6ziYwZ8CIQ_21dOQvBo
Amaravathi Family Restaurant,"Pragathi Nagar, West Hyderabad", West Hyderabad,Hyderabad,4.6,800,ChIJlWCCMc6YyzsR5yweVtt8YDE,AdDdOWrPLHsqG3jHrfqaSzFBzsdQjSMU4xzBGGHaSMS7o6gfBo93vcpBkB3NPDz5ei01Pi7gpfnTx55Wh2JPsLG_RxN3yZp9pWNRD9Pt04TPyxuYgLQjyBaHbAqkpXtLY2waZNaxXJ8o9VvY0DKKh4aNMQLZh4mQEiAp9MtrPqGKOVM9oJ_B
Cafe Liant,"Gandipet, West Hyderabad", West Hyderabad,Hyderabad,5.0,700,ChIJy0VSiX-VyzsRJhcGRzL0Ofg,AdDdOWrai6GB6CPD_wzQ-aENTwgaL78LhX1mu6t-4nl5qG0hDDqUdamr5C_sUDI8Op8Zg9wXGMsWRaUx-a0YBTsOhuVhe4teQZqKFcfp-tZ5U5Asa3KxlEvxt3-fDJ__GddTGRfReF5sAXq-IjMZ29SmAhH_aHggqa1XkCuH7g2kAvsV2g8W
1989 Pizza & Thick Shakes,"Uppal, East Hyderabad", East Hyderabad,Hyderabad,4.7,600,ChIJh9fLHJKZyzsRvwjf2diqwAQ,AdDdOWqudPos59a1OQR8WYrV5WRX5KhS7uKmuaoLSYOaLUD6Jz1Ylt078-21l19aD-9j3XT-WnTiDdT-bNcJcn-H3jilRW_0tSyN-DeeGx4k6EWlCEzqD6HflsBtgJ9jDz4Fjl7InBxYYF6uI51TCEGLyJ_HcA1pdG8JMonPpkT9vV1DWZnq
Sandwich Eatery,"Kondapur, West Hyderabad", West Hyderabad,Hyderabad,4.3,500,ChIJb4V_DIyTyzsRMUb5__PaqP0,AdDdOWqqbUKKFu_qa4mGDqaCT714vQ6EojINoceIwiddQpEAfBn41owL0VcJ4fBXXJMvwxt7Tt63sPl2XkwpzSqbd11QgXA_zFbKrzIMWKHOGlAXei0sTDpp7F6Tn6Aw_i2BRaGfj1vv3VVXFmR0Nt2cYvKS7g3tv1X35r_HTF-GpuHmq-4t
Code 32,"Gachibowli, West Hyderabad", West Hyderabad,Hyderabad,4.3,1500,ChIJKzrCC3eTyzsRmSd49qjODkw,AdDdOWoLUQJ063SCnoKXMDB56uy0_eAAchhNShzziMHgyi-OwAbrOKhFA30BFmw3dnur8XFY6unmHSEWXPOPCalc6o9Xt3h8roDLxnAUx3LLfcnRjpYixbojH35nQ43iGgnrQDL9TqUZmnSfN1VqLENckt6tBoqjPdGwGf2MAUioODqX_aVN
1989 Milkshakes,"Uppal, East Hyderabad", East Hyderabad,Hyderabad,4.1,600,ChIJM83BSe6byzsREtG0ijm2ZEI,AdDdOWr22Wc8tuyuJSIt4TDTsEM5KPge6qyvidH4Lqc7XKyK8S6cXZEpeMOy4BGwWk9NOXvqvIX9aILay2KZWVlllCdfzGWX9sqQBwsvX089eitPDvrdSLPBbBaVRm9APC3tElhlGEkXcbMr5momqKT2dS-Pfo9Q3lUSAxweDDAhVDJFAj61
Palms Kitchen,"Fairfield by Marriott Hyderabad Gachibowli,Gachibowli, West Hyderabad", West Hyderabad,Hyderabad,3.3,2000,ChIJ26-EOCCTyzsRbVQgJfNEIrs,AdDdOWovmtyVCWRwy_kJOTQAoR-juewHgVNL46hCt3OE-hizMI9zR7kTrmMg4kDu7dRCXSZawzfTnuTUdWg8rn_vZreVbyJisVYU29cudesscmNgLjivXldUNEkRvubXYdcmYdPUf65rYjfHhMTcHb8RClGc_cc_CAHiRqNXOova93_SEPil
Kesariya's Sweets,"Kondapur, West Hyderabad", West Hyderabad,Hyderabad,1.3,200,ChIJF3GoXcyTyzsRDfKVcpkmnWY,AdDdOWrq99nfO9B8GDYg4Syy_bicdAsq20uy_jodogs3IJgMOpZHPMKNm46kjus0qtFYy40ne4mtqMax015i7OQkJk9s6jwG88a-Ikm3b7R3JH3JrMNMgJmWx94tSmLS6ud4IqwiTKTLXz_lxpE_7-g7ifzAHnghBtd06i8IrUF9svf--7q2
Deli 9,"Anvi’s ECO Grand,Gachibowli, West Hyderabad", West Hyderabad,Hyderabad,4.5,1300,ChIJ69TTNYGTyzsROyIldWgJQjY,AdDdOWqBO87rZrDYAkeC_bcj9O_-AQ3gstfV4yhKZwFBrN8QiFj1UAlRtefl732m9ze9WzsmpE9zWYoGK8guG_A0rh--JLH1Sq4_A0k4zRPuhOrZTbaeGhe5XS-EILSLng5qhynk_9y0dQ9Jw-nI7K8biovtbDgbwh7T4FSCpnpJ8hPVwBM9
Kebab Pavilion,"Ellaa Hotels,Gachibowli, West Hyderabad", West Hyderabad,Hyderabad,3.8,1500,ChIJ1W6CtJiTyzsRihA0zI_m2ms,AdDdOWp2XXdqu9pvJtQAKjT8f0Cxr-7gG3DYjOFWgaLDl_gLiwYef0k_3bL50j3jTPnsOsj_wB76caN_boANM2c_6LJR_DRP2qIREWXtp6rSU1aTeBTApAQwdUkX42Vt7wUAHOJbRDLPqea7fr6nYiGqPpS4A9VlEemFWGOTS3z6Q639snwa
Frozen Bottle,"L B Nagar, East Hyderabad", East Hyderabad,Hyderabad,4.7,300,ChIJc5bZXRCTyzsRbtKxGy8YeeQ,AdDdOWoCDpr-4pnZyzKJAAcO2FRPBHmpJt_Tm-0AKSYXr6B4ykAyowEZVXjEMM-8I-bjjeTmaVMYlI_fGAnDCe5BbyZa4U_1eVJC0U87GN1O8XxcQc0E_qNIJyYVU0ajXXt61QLiYGGdK5fENRqoNtQ4_kAwsvSwcR46vROQ8MN3foZp2Pu-
Indus,"Ellaa Hotels,Gachibowli, West Hyderabad", West Hyderabad,Hyderabad,3.9,1500,ChIJkwEQgfDuyzsRv-ZLGvwWQhY,AdDdOWrB2wk75womGoOzG5a-A4B5s45uLTFWvjadr5_ffTYlw5DAIEK9_NUcxlIvcyUsyLv-XMRPgi-yo5pTPMYzNDnw-PQ-_XkYE22sDQ6J9cOeyYG5NBv_Al8aATK_ZV7fcDZ-vk4pGBFnBwzr6Sd_d1NgYDfyS9SHVmx4Y6u5Onvj0A0k
Alchemy Lounge,"Ellaa Hotels,Gachibowli, West Hyderabad", West Hyderabad,Hyderabad,4.3,1700,ChIJOwgAAJyTyzsR1bDYMWtgUjQ,AdDdOWpQpYPH6Ksk_9k2Slo4OQ-k6b9BjFzUekXrl1FJOTwdT1BNz3fTNEgwDiEOlQjU7TjSz8oEEHU-YQcdETRP3Ah9gMDNSTIyM6Qr028ggC8hKqZ-rCDjmzwL_ZWQgASQLWPbJSw9IpPPB5Fem84hYIqR3sR4enrTucZHheZqslYbmH2o
Sandwich Eatery,"Nizampet, West Hyderabad", West Hyderabad,Hyderabad,4.2,500,ChIJb4V_DIyTyzsRMUb5__PaqP0,AdDdOWqqelanFwAkLTiQMtI4yQt7Cea05Tp84MB13y8lYKNBpiat6zO6oLQX3loSIpv77oL7E9NOuhTj03UrAjT34bqZDqQ-q8MNsdALU2ayHl0WXXIb8-Z9VXq_osofvIAQVur3h9UjRGttmAtS-gXZ7XsOTj3zHLhQKSg0-ZZ20mdOyTei
Zega,"Sheraton Hyderabad Hotel,Gachibowli, West Hyderabad", West Hyderabad,Hyderabad,4.6,2400,ChIJX87KoH-TyzsRQsuBjE1I06c,AdDdOWr8aK5ezYBvz6b1L7nXVK6EY-BjZfTRctCzunLc6PjCEhr1M8udcmFCtQ6a6XdszwwjPdy5rO6aXfIf-HEbmA6qEUMjUb8h3OdcRMNawuEAbG905BO4jLyaeosdzeXdtcA1-JcxRjNngSnOibaIw9Ou0plpatMq8sZ5fzJD9jE7Mirr
Driven Cafe,"Kapil Towers,Gachibowli, West Hyderabad", West Hyderabad,Hyderabad,4.3,600,ChIJDXW2XgCZyzsR0j09KVZsyzc,
Collage,"Hyatt Hyderabad,Gachibowli, West Hyderabad", West Hyderabad,Hyderabad,4.1,2000,ChIJG4Lch82ZyzsRX5FNl-ZN8Ps,AdDdOWoXiWHwxBozWL1x6q_hal1gjVD24OHwWvpBjfsy8ZLK42sF0zfqN8eyZ05FE4PDTQ0jvBA3UfgAGV-MiX3_lXJarpVKTNb1lA0ZZPJT7cO_wthro5uxFMNI9cL6eNNyXaDvu7jRkacNnfmQ5Pcdv8SHZIMlJ-OJJA-sab591eg8h_qb
Dark Stone,"L B Nagar, East Hyderabad", East Hyderabad,Hyderabad,4.0,400,ChIJb-rsCu2eyzsRV19Axkd7kfs,AdDdOWplbeULtppXRWd7pCR_3wAa8FNxYas8T6jVzAl5HIr9-6ziTZsX6oBYwVU_0DhctHZr2d4spxV_F2LimqHyHYi_xmKuFZJEXIi020wP37vCbpi7CFPHk9PKEiPytvPoZDw29aBLk5c2JiwpfwZHyp96C6XE8Ql4kBv_zMWpdgxso4Wi
Ahoy Resto,"Kompally, Secunderabad", Secunderabad,Hyderabad,4.3,900,ChIJZ0Jg_BCFyzsRh2fsBLsd8zs,AdDdOWra0nLh_PibKiRXUkUlr_6sqpZRKZZSUAUcaQnDLCse6R7PwEBjCFOo3cnYGR0JzFzvuPiMfmDp6hohlqktkyRa2VJGVV_2DVbVumjAUUsGGpPdbEI6y4NyzkEvWr77i86kvV2pOvv3TLkxkJw_YiVrCFUZpOr_7V8-6mMlo584TXHZ
Firewater Restaurant and Banquets,"Miyapur, West Hyderabad", West Hyderabad,Hyderabad,4.3,1500,ChIJaZ2X3oaTyzsRzvqAMftwupc,AdDdOWoq_vwQEf2-jwEqINwiZtnRquUGyLKtuqMoiaMUGLv6Uaoue0EFCe-tW_DN6hBRfDYtch5KDuGAt35xfhP7rZfVaOq-HHdWJxkD_XlutVxvsst6GqmCtTb-RBrdPbtWQmqF-H5pAMeug7Po0aVesL8wdn_ysDEKbvNSZLiJ-TWqRb62
Cafe 115,"Oakwood Residence Kapil Hyderabad,Gachibowli, West Hyderabad", West Hyderabad,Hyderabad,5.0,500,ChIJ62fYJ4CTyzsRVVwnGqFx6JQ,AdDdOWq8FefCr36MwVtgB7T9OQfkYMW9xOBfkv8GyQiH3Ifw4_xb_US9F-xYgKlhp4vAQRufVJyiolg0wy4Jzn-DCuTUqO9ud2fgX47AWB9z2C9hfm8oQRIvom2JsMJ15wf_ViEE5p5D7gO71QZsMsRL_daoDU7vgVk7ozLqfMwpok15u8SD
Feast,"Sheraton Hyderabad Hotel,Gachibowli, West Hyderabad", West Hyderabad,Hyderabad,4.3,2500,ChIJu3CsrZmTyzsRZC-l_xPWRJM,AdDdOWrDUCpwVPNwMvVUZQjZPeEKZI8m7QaT0adzI1uSFEEiVpJ9XKdKg96lRw-sUs0CU3_qI-ayHyKMuHGjBlAtK1BqDsqjuh_BFfod51nvJzxnqmtAiLNEGtK1CsQfMfPhcmt2Dor0E9Vazu7rbWbj82ycrRucdkI7b3GYc9PFmY2BKjhU
Italia,"Ellaa Hotels,Gachibowli, West Hyderabad", West Hyderabad,Hyderabad,3.5,1500,ChIJh_8u22SXyzsRVItDTi-0HFM,AdDdOWpzCXpVA7c_MXEzPx_xa1ShwRSBlgCPI_3W6n8dMlEWYenBzLMtKXiBGVSMTLkCTajup2cmvwJAfy9h9GcK8_pY2HeQOwJYZzr1zGe2c8Az03FNmIgwEtt-MUAoVQXuvPxmO5zmQTzWOu7uCerI3_mxDDb2pDkZY-xYJ9oCJ8ORHAHa
Link,"Sheraton Hyderabad Hotel,Gachibowli, West Hyderabad", West Hyderabad,Hyderabad,4.5,1500,ChIJZQ7jaxqXyzsRbPT5Yge58HQ,AdDdOWoOOd7Zs-_oFIz6oIb18BuKDAyZM1XTsTCU5AhT4VQiChOa8daRBrza23IQz9FXnm5dGg8kfLIAWQvT0trZj3JcX62K3qZ6TaHgtB0ceAyAgx0eLICNRyqXUYVpoj90v6LO0ug2UeJ8LhMC030wcAsOsK-5NEzIwwQJXcuddHTYCfm8
Old Skool,"Kompally, Secunderabad", Secunderabad,Hyderabad,4.1,700,ChIJCzBWKvCTyzsRPrczx9DZalQ,AdDdOWqARz9cGUSmjJeJmzhKI2MxrJwQONy173r6KoeW3aLg7wRwudYIAv0YQZpa4Kx9Eu5j2DoNIyuuPD5hLEpiYrKDdIgabe2xSi5_vGhA6Ku9R8Ylp0cbZNiYaSLdE2PObaYcQDuG8n4c1eB3rTud58MpwUE_0qItftV-Fn57hlySPBKI
Oakleaf,"Oakwood Residence Kapil Hyderabad,Gachibowli, West Hyderabad", West Hyderabad,Hyderabad,4.0,2000,ChIJoUdnv0qTyzsR96J_OzOaPD8,AdDdOWrBlS7w1JHqYzkLPQqN1zS6fk2pa1tXMPlcD2pBfdw7B_4YheL8el42-ZCkgoE-UkzijDX4kj9-WPPWeZI3shLnPOUk9fcnATVqrAepix_Q3v3Cwv123gJ8RXKgbB1xK6v8HrUwTizlPvc1FaI7Gh5m4jiduA_PmI0TQ9dPjz63QhWC
Sandwich Eatery,"Miyapur, West Hyderabad", West Hyderabad,Hyderabad,4.6,500,ChIJb4V_DIyTyzsRMUb5__PaqP0,AdDdOWpG-VnEWJy_3eI7saZcXtxu2_qBMf8fCCzaKiBSTMDJS8JCMcl_-Ck2uRzus6duiYnuUj6WjJif0ETtde8yrfv0S_A7x_ohMYsG8jb0ZQISGKepF7vi31bz3AMPBuTy7vdve6boxfZ_HjYkvsQpyGbOucjb3GIupy4ZBUKoLo-HtvEj
CF Fresh 100,"Gachibowli, West Hyderabad", West Hyderabad,Hyderabad,5.0,300,ChIJ_4zn63iTyzsRxbIiSM6kaAg,AdDdOWpQfmHCXYAoNgIOmiy-bqV-Sy1vVzMcs7yvLkO6PJG8hAUp-yawKscUF_0MJHtfWBS8RlZGEgWG7WytOJDf2nSrssbjrdCs-OEKuRLyFuRyTdiQcE5yiKK806GH496PKA-YYBNr_fvdwFB94wrPBl3FlT3lJ3eowXn4th73JqOTbDfQ
Ankapur Village Hotel,"Vanasthalipuram, East Hyderabad", East Hyderabad,Hyderabad,4.4,1100,ChIJp_QyE1mRyzsRSgzwG0w9VM4,AdDdOWpyIB_Ki23loJ2huTGdg80IN5Iss0d-FpKG0dxZZbfyQTQYvWAqUFaStO4nQmTLmzGS78TRTRzo5teX-DH3MOsOxgJbsnSpuwFw8fDsK4hXNJcxUQgXd4kNne9sN-EsOZZunnYfU3aiFtMhbFlgFdZZ4d2C5xgVVmzRQhKFxqFbHdEp
Eagles Pizza,"Uppal, East Hyderabad", East Hyderabad,Hyderabad,3.2,600,ChIJrWNKEeaVyzsR5SfE3IpajZ8,AdDdOWqCJQ4AtMtQmjrhM6sGKe7Orxkbyr2J4mR84ZHqGV49lAMXTDb-PR9-vVouDH9JnNg7XJIIlDsWPRKid2IRPp5jE_xNxCf_GnF4AeuPLW5twEXZAbbabhft98xTPlTwjNKf8LOPvOFwUtUJhnChkp_wIDTV46nt-m-nr5-HC39ia8Tb
Cream Stone,"Chanda Nagar, West Hyderabad", West Hyderabad,Hyderabad,4.3,400,ChIJs2Z8Jy2RyzsRUvMabDrmsNc,AdDdOWqoBNhnDxfbQJaDb79N5WfMBhCASdCklxbuzsNqdlRuCQXPrFuBaVFLKEYfs6U5YL2iuiISWWgG5Qj70WRVP_8dHl0YyjYqoZLiE6icfDZOM-8jufPWRTyAoFNFw9PkZEI5Yr0o5012L4qUk_lO1xbkzmHf4I0grvkMdI9xwJNRqQ31
Express By AB's,"Maisaiah Yadav Estate,Miyapur, West Hyderabad", West Hyderabad,Hyderabad,4.2,600,ChIJ01jJjayTyzsRY-ncyntaQDk,AdDdOWrxBwOUfyWd7r3I4AaNsNGa4rIevJpguhUplz3iALbeAFhMxR-a-gw0fhec6YTTugGF2AgI4IBQmsYF6DJxm0b58MtR9AUPql8tcL0LjpSMbP53V9SxjHd80dY-XRL0YjShRbN7cBPHzql6GCKlHZY7Vl32KiGjNuv4yV_9HvCiD8uY
Punjabi Affair,"Nanakramguda, West Hyderabad", West Hyderabad,Hyderabad,3.1,800,ChIJJRxsWF6RyzsRgQvCLJSw1sc,AdDdOWpQFIRZWSyfaGU_4xLtPv_vzzcVHZfGB28n4Lx3RDFuRjeW9hCFYWydwncm1gKY6f-m1-Qg5HuBlglaA351LZ8cBB7T_TdsoInM8OO-SZlZZw6b4hyvCa_Uezvz40u64VMjrEpq_mT17EE_tcyLzuJthgZTaqUa3FMQFvurLLGg-UGJ
Eagles Pizza,"Miyapur, West Hyderabad", West Hyderabad,Hyderabad,4.1,600,ChIJrWNKEeaVyzsR5SfE3IpajZ8,AdDdOWpT-bZEORJisFmn3uST5Sd4j34C7bAkc2wpjOUy502lket0JfkWCRCKLpbkG1cfVo0O-r32PKEdIgO-CsiZqcPeiUAnp-GEehruEelsx0QiRhecBhmd0h1vYfH3xY46RaFNS1PJoh0mIg5UO_XVUGH2laizGb561DB-M79P0INulmnQ
Chef Baker's,"Hafeezpet, West Hyderabad", West Hyderabad,Hyderabad,2.3,600,ChIJVVUV_0KSyzsRnhETvNJ_18A,AdDdOWrzAzKQkk4RQXzHYS_nf6O9bLeY6cGn2EtWIJ3c-JWlNLBKbvnNMXonQken_iBnai_KJLTjmC-VaZisSgL7HGePw8-rJqbhkQFMRCbDx9E16EjZfxUXAjAzNCdbD09qbEJ62_Hxwf-7ddsrHuyFXH_lSQT8ECPM4_nsrwx-ak2KYDYi
The Bake Factory,"Lingampally, West Hyderabad", West Hyderabad,Hyderabad,4.7,700,ChIJI8bhZqqTyzsRlpymMk--myo,AdDdOWrt8vh7fbdfB1AXB0Y9x_0Z5eeLcDSuVHcKRg04NK_Jii6w1y55D7KzbThRWC7B0YCgYyw0ITKQQjII876KyKx3VOp5oD8J19ga4IlASqIoZhIbcvqUkIjiLQnF9svsCH_rVtxwpkAzGyMurPrumBzufV2gNFVVCxnReVp0HQ8u-by5
Milkshake Buffin,"Vanasthalipuram, East Hyderabad", East Hyderabad,Hyderabad,4.2,300,ChIJKRpZIDKZyzsRhA5Hb509NHM,AdDdOWqZDvzvDEV_z4M93KJAHvNLpHrC3T_f18xoJCZSCQ13MA8KAlroAHrUO2d6AqH62GbzFwuJwqABYf9rsvJN-ZRD1-ETQZS8b0bonNbw84HgVNJra97_gLDW7DPO7MHixzB4ghLDDjYHDQLZ6Pylj99EbSDvx7iXeDFYDYQGCwF9MxKL
Hotel M Grand,"Vanasthalipuram, East Hyderabad", East Hyderabad,Hyderabad,4.0,1000,ChIJfb1azmOhyzsRN2AtfMwP42s,AdDdOWqX_vbAfL8K92wdOIjKzwj7E_Cl90AZjWnW1Ji22_J3vHScNYa_pPm1NWmHBiF8QvwOsQ_7W-H72OWEoGlbBKg7tz0EkMnL4vah8xd6zOo29WnzruPXekSlFuxxr5Hf9x814yEwoUQmKcwuM2wY5QE63E9-HKAjEidawA0sOcpsFsY
Bahar Biryani Cafe,"Hasthinapuram, East Hyderabad", East Hyderabad,Hyderabad,3.1,800,ChIJXwoQ3d6ZyzsRt9dtZ7q3HQE,AdDdOWpTJ4p6j2Z2hjVjiNoIOC0B4WKcif0zFkr9jCg2V_4u3miFwq19pD8M-VlX5OJBuo8e61l7HAsFGX39wP9aXJsUoIYXxy7RI5oZHu0tkiSH90wnmh3AfOlIbLcNLVsKp1ZpTFE1-uqi-kKTFSCkI7pHegjNfypJ5pG015lp9EGpAkuu
Over The Flow,"Hotel Swagath Grand,Hafeezpet, West Hyderabad", West Hyderabad,Hyderabad,3.9,1200,ChIJpbkoMMCYyzsRBZ8kh8S88EA,AdDdOWoJEzrfOI_9ai2riTr9CAh2-fX34wyn0iMuGQHlAxyy5wJZWpf7wTfs85oKYYWozh_nDog3ZFrW3My-SmwDiy7Pax6Pv-DrzvjrapUM_SI58CYbR6kUb1sS0V-XkW8Jf8InDu8Zoo9m-bzht3lWHxXYL_-_a-Ghbm9h8g8iZMxKDEvH
Little Island,"Hotel Swagath Grand,Hafeezpet, West Hyderabad", West Hyderabad,Hyderabad,4.2,900,ChIJ7UbKIOqNyzsR7Y_aMqWFAgE,AdDdOWr1M2rMFjm-FcQzT5N_dGz4K4VD9wfhLsW698Oy_KI5tGGWZYCVeV5vhhE1YpWj87j2W8jc610SK34O4Akbh-ngbo2xNOQrfX6-jRlAdw6T0-mEWLrLPNSYUl3goLNXGLgUfHD7H_1puMCaf31saV4RK7NpJXYBhKCLEJ8RpPM1Fbdc
Yellow Bamboos,"Hotel Swagath Grand,Hafeezpet, West Hyderabad", West Hyderabad,Hyderabad,4.0,1000,ChIJOSYOxrWeyzsRXp4DcB4sLqo,AdDdOWoeaXs3bpva8zaGiTJZboh7wbO3tpNaQ4ek6ks4YoN3ce8XGLocRT0-YFxJBETK77tmkiGSDxa1hXuau2hks5RZs3x2OqW3xPT46ZXh229tj7GDiJiMrjtxgKJqKf7nW01vCTivdmpHW7fybkDGubWxJnkgCkEySyDcW6A8HrTLN7-k
Southern Kitchen,"Hotel Swagath Grand,Hafeezpet, West Hyderabad", West Hyderabad,Hyderabad,3.7,900,ChIJ9whnVWOTyzsRaMrChaIrqZo,AdDdOWrKrpJbD2sW3Sn6YxP8YgcRznhJmRP3EUGhGHR-UVCOd77alSpLCVvFtBHVZSw-8ObCVGTDvzT1zUaJ5qm-FOxMZAzFy87NXQA1HUNXnlp8FaH8XNETvxKoEb0qZtLABc4sw-7xLw0jvVHrIDQX_T2mBZJsDBpY6X2A2lGKTEYKNal2
The Scam,"Lingampally, West Hyderabad", West Hyderabad,Hyderabad,4.0,1400,ChIJ9TbpeUKTyzsRlgwaYIz8854,AdDdOWoWcaPeBUYRY8fvaPed6_RIwQqn6CFaA44dYs9pUJSx-UN_NGxLSF555xCvce0_NOH2eBiyF3O--pSXvpuQ-Ua6RV-MJG_okmZOAo4tK0oAEgGyLaiubv0bgQ4UjCsMO9HhJAuVzv0me81VLyNNUBj1fSlvppE7pHOn8p_R4Jhn1x2y
Taco Bell,"GSM Mall,Chanda Nagar, West Hyderabad", West Hyderabad,Hyderabad,4.0,500,ChIJcTMbWsqQyzsRfmZ9_DmfyDI,AdDdOWrUpHlyISuGFYxtfXhEGa6jrNcBqLPRMmeHnT7PDN1lGXc_I-tEVwUxFDV34BgAMNVAoS7pYIee-R1SHGKsAK8TWgmfomZibMFnmJ-czoS9gBYxgPAAtR2bPL0ezOdBxVap5zdJuCEc4FS_rDWlm4YcslbIkPLhiMkZsfCqLnlOo3Cm
World of Tortillas,"GSM Mall,Miyapur, West Hyderabad", West Hyderabad,Hyderabad,4.0,600,ChIJzTcSOaiTyzsRESyOWgWYvEM,AdDdOWohmqwYbvhaBIpkiSeXB14sY00JZ0Cj0IqaQuP2Nd6cr0wjeyvQPyb3DabjfbUIbGUu_JWtqnvkjMF2e2KAueqvLwQ5dvvggZztaFOg3SVZw5vCgYn64SF8esFgK_RH8bRWw-E5yzyPIK6htOnpT_-L0S-d41uClyDoQizNpoXVt43D
Nature's Hub,"Gandipet, West Hyderabad", West Hyderabad,Hyderabad,3.9,900,ChIJly1BbAqVyzsRFK2CQ2dIuh8,AdDdOWrHM2DBhwyuAAOnXiyZE7pUNQsi979BIdmLMDpj_s0X4hRr3AjpvBI070Aqey4KzdHJGcXI_wzhfUg3QeexA-Dre-hX0AFVAYRu7v64rChSu7N97i4Bz9n74a4HWCEOCE4LNstCo80oQ_w2k3QTW0gh4xXRMApPHaqgXgQmDvc2ZYUW
Chinnari's Kitchen,"Gachibowli, West Hyderabad", West Hyderabad,Hyderabad,5.0,1200,ChIJmen6tDGTyzsRLtu4fOHHMPY,AdDdOWpSZqZ8z2z1jS73__1hvF98s1QSjoDe8BJGZvk2yMHfDEyNcnZONLD0PqZi0LznM3rl-LlPVOyeP_k-Rphz5BXkHqfkB1JiABkog7tjq1FIEDsK-ZWc-6BFZ4ynXyeP9I_mkFn8mxx2eLlqu0DezFIACzvTzy4cEXpNA5QZEqxS4Xla
Theth Masala,"Lingampally, West Hyderabad", West Hyderabad,Hyderabad,4.2,1200,ChIJr2KyApyTyzsRS2efXg93qaY,AdDdOWqTSw_H2IGb1-XmIpsr4PIo0JbvYXaKCEYT5rwh3hQExgB-2zm1x8_rBy6sN_U6jehyBErmknRvPinR6vl-ee_plE_AgXjSQZqdLcPyPfk7NMYH-GvzVK-NTfJBQeheJfKfHWujSdyTa345iQrtLqqEoG3UCa_gu9IVqs5Q0CqYFiq6
Santosh Klub,"Lingampally, West Hyderabad", West Hyderabad,Hyderabad,4.6,800,ChIJOzuemfifyzsRx2x3MS_k8fo,
Broccoli Pizza & Pasta,"Lingampally, West Hyderabad", West Hyderabad,Hyderabad,4.1,600,ChIJ-cH5W0eTyzsRg3kbkIFT64s,AdDdOWpcENelGcfP6MmyvM63OwzwmRxsbjY34dzDJNn23erUot8Jr8P3tBnwI_R1PRmU-D36xWP6SHxICtQKZHPkGTU5M-Mk-MsXH9KUG48HoZH7ajRmomIB5T_Uf3VhCMVrFp-DyT0OadldwE4GC6cpRoD11yGW_k65AgVv3cpmOBjxr8uo
Cafe Gluck,"Lingampally, West Hyderabad", West Hyderabad,Hyderabad,4.6,700,ChIJ3YdntDGTyzsRdzWU091s8ho,AdDdOWoSsq5peRFSpSN_uL18hLtvJhTOnQuQbcB4a7vG33skj60_Iw3FYqz96521cK-hW6sXE97J-hxUq2lWWuxVx6_RsxhDHlyXqUHSTOkUBh8jDC8GEPB7hysPFXGulxSRR9vr4WWsTC22N9bWW0jf_0Y7u5P9we3etOq3DrfslcTfsoxr
Mid Land Bakers & Confectioners,"Hafeezpet, West Hyderabad", West Hyderabad,Hyderabad,1.0,400,ChIJLTZf1h6RyzsRcyI2J6ESFks,AdDdOWrkPZJu9OvvFTOjsvn85q5Fi5CiU7c39vJpnr3Y48i-R2dfvk3ant87sFdLrLnRl9kcwSlc6xV5HIivM7zrx6L3Th45sc2kTF-GN4augpaT8ZHOryiP2DS-YSPO1Xm_WWQQ4BLcIFYVkuJpwq_vKlnRWuS5Lsxs8d6_6IGzpYyyEhhM
Makers Of Milkshakes,"Lingampally, West Hyderabad", West Hyderabad,Hyderabad,4.5,400,ChIJf5uxn8aQyzsRVTlUc05OoJI,AdDdOWpkly_syUWDI_ADfK_NVe6akLbRB3tVzYjo_2lcTw3HS_MgbqffUxMJqEwzMWrav0D0M0gFcRs9j8Z3toXVAvzfRg4tKkkcwoB_Sci2XaA2KYVY-QcQAAV7CJQGQ5l2kLmyeSpSHw4vccIF17lg4i5lhUD4k4S4TBRRJXEOlqYeTb_i
Tandoor Restaurant & Bakers,"Shameerpet, Secunderabad", Secunderabad,Hyderabad,3.2,600,ChIJywiyvjqRyzsRk8SAS3u80iI,AdDdOWr1Yhc-JIvb-mu0-qliunTWqq2Z2C1gm-vnIqRPdJT00hLwf84N5Yo35eaHjofPM0O5E2f47pcL6nI5p7hcHTba1ocxxbvMI-UgSFLuOYO9ZFBE7KGzoXCMGR2Db58S3ClG9rAOwaQdsd8474KblS3d-SBx0KsrUPjtFSkqVNJEWpky
Broskis,"Pocharam, Secunderabad", Secunderabad,Hyderabad,4.2,800,ChIJe2SkGjSfyzsRPil0AB16yqc,AdDdOWoKmBPadhQH6vvVI_7g8wn6BMGr1UUdYTDeNpRaEWvMNMc9g14OtQsCr1U69zpNm-4DLeFzlZosIx1-U2m45ksPPrplEQipb4ZYykXPj4evVzLkTE2RQHBlbI3rRLQ06CnNiVuZRI7eUXYtSepk5hmUydpH4Kh5FtHEyp8Hg07AfNJ-
Bikanervala,"Shamshabad, South Hyderabad", South Hyderabad,Hyderabad,4.6,1100,ChIJF5hj_DiXyzsRn7P0sjf5hkE,AdDdOWpz8pf8MU5yx1dvtRSIhR4dxbCzMVjZdKdDmMF9Rd0VMNFraxLZov4LghjBklX6DPSfnUy27d1WvyINFOjUZd79jWrtUPTReYIUn9E6p8EP4MFOrg2Gm_T99eglf_Y07-NL_Jqxmv6si73-b4Qj39zcosqyemEbMJjHMozkzuvy4Qdl
Kenny Rogers Roasters,"Inorbit Mall,Hitech City, West Hyderabad", West Hyderabad,Hyderabad,4.1,1000,ChIJieFradGRyzsRBG_IS-6k4SQ,AdDdOWqGIlg1fh25J8flUTk-OXGX8PuozAPLJd3ZmaOIX5LEVeCTGEMqpqz3lm5pwn6D4syIa0YVNQDM7gfA0PSr2DL64_Cj2phD21YoJm1xvf1_dY_bH7txb3NQV1PeBh1RmLZF5TZdbRsEZDoOUtSz3zRyhLOFvZIXALVxwDJ4j3r5hOLR
The Big Owl Cafe,"Sainikpuri, Secunderabad", Secunderabad,Hyderabad,3.8,1000,ChIJkaO45-ObyzsRF4P7sHQzlIM,AdDdOWquqmw3SNDkJXUWaTGMJyQqdBUmKFENHAZ_SmRkPjh60a8Njqy2b1TtuhU_otr4RsiknPwdwiniMvpfbA-k-llsygIh4MBJSriF9R-nwOu_Ad11c0TxfQMoNQGKVm28M6Q5tNKeClJQtPJYYUVwGvQFD_esdrurOcz4DXEp_WLux5w
Upper Deck,"Swagath De Royal,Kondapur, West Hyderabad", West Hyderabad,Hyderabad,4.2,1000,ChIJV0XPQUCXyzsRT1a8hnAJ1Rg,AdDdOWoGsL0sknQefcqHZqWnIwQTiKllsK6q8-vewcaaa2r85CV2HldKR9AqJ-VUXd1JYt3j9oF3tAmGdF0vj3oxRf7YTRdBETx6ecRIIIuRQXkSs7Ygzb3Mqk8-YtT4n1iQVmnYm3xY8TRlXKHjgi4bHk7SCTEBdCG4oUFAjpizksj7lqLw
B&W Restaurant - Swagath De Royal,"Swagath De Royal,Kondapur, West Hyderabad", West Hyderabad,Hyderabad,3.9,1200,ChIJTVSyPsmTyzsR-wY9fPDTeaw,AdDdOWqq4ruV8TJeX8nOMEGeJlamVqpfgkiYcFjXba9HTO76a-7VpImxV3tSfDwcuIKnRWNhFmeQXoLGPI2k4GOjryx1lmOztVGSqd7TPI29b2y31rge7zEadksR7OLbu-TVGp8OUqsksYbW8d1-HOmP2Kw0S2Ld7IWzy1RfYyP6l9EgEAHE
Caafe 360 Degree,"Kankurgachhi, East Kolkata", East Kolkata,Kolkata,4.5,1000,ChIJr-_TNm12AjoRHHluWQRPjpc,AdDdOWpFNbdhe4XnyP65aYmEeIHYDskqRcDchh8NuD1nB1lu_qJd8s2Dk1CmtpvqKnGBNmeGxFXegmTwV_McZKkZ25HujihGtGzHTID9sD12wUtCfVxHZSNt_3wG-zsVir6xck9Bhna_Vkkqsp3HpUYk4Drjle6qORdoi0BR4qH91ns26jwk
Carpe Diem,"Park Street, Central Kolkata", Central Kolkata,Kolkata,4.5,1600,ChIJgXo27g93AjoRKKsNh9EZbRo,AdDdOWq5Jsaez2T6fZh6BEa8cxc6x3MAaBC-So753RWE22UYLtmKJ7JcP0jGIu9YcUw6skp79vHC1ldDmoZ9vFDMF6pHSJu16g_gPSYx6JiX0HeW2UyXN74xS7bqvMLKonU30SYOxo4jk4plwRrUzaMK_QPEYoQb6R4DCkT_2Mn3S_ELt_wm
The Loop Cafe,"Kankurgachhi, East Kolkata", East Kolkata,Kolkata,4.4,1000,ChIJayBUGY53AjoRSab4QMbBgnE,AdDdOWodBHyew_zq0garPI-_QqCdZRI4WC3grSV7xrRgqW44msq5tSPSKToKrjQsmfsNisYgDFtop4ZFO-kjzXS8QhVJIYhvfnfGmOZvcTfQpVnVS4-H6_pFmCnW8q7IWFbWEK2rqTGcvoAkPxgC9kVhTfxmwL3Rmt6GS3H6Utdq0PhfIN80
Pawan Putra,"Kankurgachhi, East Kolkata", East Kolkata,Kolkata,4.2,1000,ChIJfcVfWhV3AjoRxyijC9Q87MI,AdDdOWqhoJQSp-qLRyiE26bev9BXsNv4mmYklne15wp6Yd0KFk9TTrYlu1Z70UNgmMWjr2Qvh_LTdrZx-Pa7WfuZRJ32X5owhmYH0OuibAWFRLoyAXspc9_orIV3XUyCFsw2LJbjCOwtvkfrlbWM6PNWXGB1lyz9r93Zhdw85YXnEuW7HWQA
Fly Kouzina,"Salt Lake, East Kolkata", East Kolkata,Kolkata,4.4,1200,ChIJn_WO7uN1AjoRDr2drBO6vjo,AdDdOWqGmKgELd9l5e8yYmhjTlX-3HltFuTuzFTKTveM17eEqtyP6dtQB8Qhd_LFYck2J0gKy8dPgikUVvxOG4s0DvJVp15ishbUxDhCUEFW0KewShgWLJB3KhRweXkdvi2eF1aspr8lOH6S37LjhREXH9se-ScaOi1vbCWQTM37MqIfObaz
Uno Chicago Bar & Grill,"Kankurgachhi, East Kolkata", East Kolkata,Kolkata,4.4,1500,ChIJ_9t3JHF1AjoRQX_2UWx4PrQ,AdDdOWpN2Ddf1pCiUoe7umNGhtaiQ_dT19rKenph0BOpoa4iXasFXtDdaiGwTpZMaxCBBibwDljwrSOvgK2sX9EKuY5hG_gORMX5ygfyxjwjSAiXCSstAUX4zk5v655xmG6upxxnPrD2fbtHRmNKUfyR6sfiW7-ItNLOCKZ8uVFim_bmHOem
Zaairah,"Salt Lake, East Kolkata", East Kolkata,Kolkata,4.2,1200,ChIJ5YXKibx1AjoRMnMyC2KjnPE,AdDdOWoG1sOEtyd3BSBBx7pmHqom3gioMktYCgAtksjE5wLbX1Cgmvz3-7SSbMWpl-2zW7C2Ki_-s7Fy4Zg60AMDLrNMmc2KSb0rrHXWNEB4xQJ3MUAplWayOz3VVT4AFkMpZmOXPiTIy3_Xehmh-SG06PnHrUnMl-Z8nFfGS5a7JoWLMsRe
AB's - Absolute Barbecues,"Salt Lake, East Kolkata", East Kolkata,Kolkata,4.3,1200,ChIJZSCjYwh1AjoRkb97Sss1Umc,AdDdOWrEBAoYTKO2aSvwqk_7MTvBSqj-QU6mJYFeW6dYgpOEUdWPDITM3wsiYu52KZ94-8S1ul4p9GAcpW68pk6skgTI9zgJ4g8E9zAXqyvim1i5l-9UDZIhBo7A4UWovp0BnMCchdtTD-5GFvqzgjdnIiFN1rX8V3JSO8oquWCCxKIfGurN
The Chutney Co.,"Centre Point,B B D Bagh, Central Kolkata", Central Kolkata,Kolkata,4.5,400,ChIJSyfdu6Z3AjoRebifuH-ClAA,AdDdOWp65A-QfamDcqBKYEYGbv3OV5r4vv8m1dJXSNQtp2afnEjVlmI4ayFGDNWGuMK6aYmPvCivufqrvsvsdkPF2jAzUm5kwN4VqFZATGo6SsAEgzGj-6fGon2SOtY9RD285qRjczwfrLES-0cQT0l5FQorSPIvArUwaeujneU2iYuibWQD
Fantastic Food Story,"Hati Bagan, North Kolkata", North Kolkata,Kolkata,4.1,700,ChIJxy-arUl2AjoR-Qegiwu7IAA,AdDdOWpFcejwjig5I-W_b8kkT8J5_zrz4ZHa4foO3WNjLrfCIt7OLNSjtXOUr3iIbYIY5_DURhM-7L9-a4q6DaVClsJJFPUjLUBjesq_EZlWhZPfQ5hhX17LLssu5-2NoB36fKak26ErGzKa4Vq_GR4Gnx5728J5zBankqr4Mm0e5lcJZ09C
The Tunnel,"Kankurgachhi, East Kolkata", East Kolkata,Kolkata,4.3,800,ChIJzYvDoON3AjoRLCm4A-tJ9x8,AdDdOWrPDDzmpncehzp1ewyq7LSIwePe8piZmXktxwwPCipG41DTkttqMZTYpVtnG56RjLjT-4aGr71MywAoN7efCcbBEs3Vv534eqnak0NeZ16p4f1CmuqJzrcRNC_og0wxfGW6NXGS3BLXWPHrv0-xwGS3nAnxq2KTmdhOSOclcqwIAxOj
Caafe 360 Degree,"Downtown Mall,Salt Lake, East Kolkata", East Kolkata,Kolkata,4.5,1000,ChIJr-_TNm12AjoRHHluWQRPjpc,AdDdOWq7C365k1jWFFgF0UXWYzIxddtzU-P8ixYhVBetvQ-L7m_8d0t9_OEyj0dUtGeaojLsuYysEc0bu3XL_nTaJmY1EGleVecG2upHQaEQoStDywjXBnVcG87bcmyZ6UXAqeZfYL76jspcQJfX0SwLLAU3pU8HVk9-vOHNeBJvvbMknFmF
Go Green,"Kankurgachhi, East Kolkata", East Kolkata,Kolkata,4.1,1200,ChIJg_YYNm52AjoRa6WIYPL7xXI,AdDdOWooDFUYhRgKeOqcqN5imheqaYL6Y_miL0notJlRYxs7gfk1p-kfUxZH6E3W-rqUHE7ryLdQdFMfByA7NjArAdAW8YQnXXiE6Y0NCtdD_8OGj1_TsnX29XsfG__gcU5yCQ_OKBY_RtPKPe-X7pfgOGBS1NYRCxHE1QyNO6QRA7yxpAOA
Le Coffee Creme,"Salt Lake, East Kolkata", East Kolkata,Kolkata,4.1,1000,ChIJPfyprhF3AjoR-ENmxbrqIxc,AdDdOWq6WEk2L7H_xjOo0yBvy0NBBw_C2vErtpyAhzKQC2k-IFaO3RJHWtrGxA3y2K57z_GJVhjIOV5fdijtV9pWfg5rWChmuzsPfJC0lhdcFXu18EU9zjBcGN0U8xXasNGm-UGhPN7MIgbTJK7olJq6kDSZbllDtYWI_dxv7VEvOChaeVyD
Calcutta 64,"Salt Lake, East Kolkata", East Kolkata,Kolkata,4.4,800,ChIJZ7jDyENxAjoR4eV88Ghxopc,AdDdOWo_FtWG3wom3uX3iAVEF6N6i1rJNCkK_CRhcDD4zbfBRH67fEzaVKIXUD1ZwLJ9qgzmbLf4vIuJpxqnSyuuwW8NrDMu1XHVN9m02M8biDZXUxlhrx_B4dskgWHgIDFuBGVgNzytrE0nPgQmcUQxGbrkf6_g4LtuUpcEBjs1wYv5A6qG
The Sugarr and Spice,"Maniktala, North Kolkata", North Kolkata,Kolkata,3.5,300,ChIJT1lVVc53AjoRADEfMUgAbVU,AdDdOWopR2kDg37cmyL4UoRmF9wKIt-yf7d7rI9Zyw1azJJ84f02S8KgR2gyn42yXGIMb4Hn_yROmhXMsGhoBPDZRJI4Bxat_JPjzz8BOF57NqlfsVM0eoIl-W-2UWhUrYv3ioav2xWom9yz4fmbl5DiWUfzy9KP2UAXvqkF4Tij9ihG_3x0
Monginis,"Kankurgachhi, East Kolkata", East Kolkata,Kolkata,4.5,200,ChIJFf3mdxB3AjoRFYsfU2nW01w,AdDdOWqYAYMl8sFNt-leEyUypL7PBNiOJE2iu0EZV44-kEEo4NqbkM7XxMitP5-MHYCaemLTM-4SwwBuVbt5SeAPneJ_wxrV3K5rN9ZN-qmB3InUN0W-KmRsDjDSm8StGtCxTR1QdZN5rFEWcLWDAcI9jbUNsXAH3602rrzD4oHHhCbOPFK1
Krazy For Chocolates,"Kankurgachhi, East Kolkata", East Kolkata,Kolkata,5.0,300,ChIJo4ZNyRl3AjoRUmb1KFELpMc,AdDdOWojT09DnzbIL8X93ohV-ILqA3GsvBogU07vGKaJKsu2dadQM1Pu3kzQ8MsWHCJEPfcK01LNrcDEdL6FgJUxg_3vflOw8J0y81V5VcPir_TY-b_nXpn4TvzgmHBvXsQ7472BekryEYjZ9zh627L5xaXys_I3SaHD0IJ2pirjsvU5lGbL
New Paul Dhaba Veggie Hub,"Maniktala, North Kolkata", North Kolkata,Kolkata,4.0,500,ChIJ1WOc0Ed2AjoRhtn4-3z3un8,AdDdOWrRTBkQ-Qy0yXcsP2hnrDcnDhkDc64IdyBDDneDB9nZUx-4WY34WX-wxqzdRU6UXPUUvX1CUw0wOmmJQ36QXTnvjmBBkyVzzw_A6u7SGNYPn5RN7tVUt2zEfJPlVSL7wOHHlij5sa6FbAKUA7MgkNFliR_NSf8Kw2XUw8l5Ero_n52z
@49,"Maniktala, North Kolkata", North Kolkata,Kolkata,5.0,600,ChIJA5g35th3AjoRLJtGKaVuHGE,AdDdOWqzZSym4_lH7O6eSc_P3mYGqicdVcfp6FYuGpe1E_XkdtZijn4_dKTM8XsaUP0Lus9yM8il39ZYoj-TMoj59Kg3o2DZ6l8GgmDZosJQVu5ApZAEvqv_CNZeT5RBOAN7LhD7bJE1UYrvu_Ee_5G0JuW3JkUxacZKKY0BEEzjiPfy1o9b
Chili's American Grill and Bar,"Quest Mall,Ballygunge, South Kolkata", South Kolkata,Kolkata,4.4,1500,ChIJQUkS4ql1AjoR6O9qS6vnuY0,AdDdOWp_B3Lvh9bY58oEII2ZQx91h2yl-GckAhx642pTh3Qhqv9LYC3ewfnPtG-YeOhJq803M1xIUIWtukcVlTAmRR5H_XL91m9ngVoRoiD8QK_mwKOZ0MEsr2xXw_LPtSCf1Fg6Ns18K5FaoFml9pYUsyE8froB3d5UIPE834YMZcmq4jPm
JW Kitchen,"JW Marriott Hotel Kolkata,JBS Haldane Avenue, South Kolkata", South Kolkata,Kolkata,4.4,3000,ChIJE8LEEZ12AjoRSZ6SzeDkoo8,AdDdOWrMcYv5voQvn31wigLVXbZlcgeL9amfYQnEWv__VsnBuRDHyMeAtbPX13ax0UcLrITdHZ13nroOBW5_IwU6FpsqXkVcyYvMO-Q_pXXAyEKVF-K6ctXORpHNc959eUfx_cgWOnxE74GJy3-0bCAQ-v_pC7Ed0g62_FwakzhEiPF5HkVJ
LA Bar & Kitchen,"Fort Knox Mall,Camac Street, Central Kolkata", Central Kolkata,Kolkata,3.8,1000,ChIJ9XwAklt3AjoRyrDVkJUkG6Y,AdDdOWpi8_4WeYGkLYXEXNdIvhSRV5mAMmjJAMkZgRr4mtmJdaeue34f3CeD3z3csHT4apjoI8FCzwIENEt1bKL80W0F-Gn5dTnxADSQxZ183Jlx9rlfiBYV6RBijzffOPZe5vAgfK59UCze3ki23_FVkujnnOQ-u0wokDu9v9NOUSagMcgZ
Food Station,"College Street, North Kolkata", North Kolkata,Kolkata,4.4,500,ChIJxwdGy1J2AjoR8-i_4xpEAL4,AdDdOWrTNCK7990jGexB2bFenjlo139LKNlC7-jgK1A5BR1-NztSw6qdkiI4vBTUlZhb4JYk-nDTQNCiRsaStLldKKwwETNyfN6Ev_rwgLvPKI5lG_jTQ5_ECf2uM7D-r4TdwPB75tUoEdEuN2mTtMXadwlj92ajOFps2UCBZ54XUpNnIICh
K Local,"City Centre 1,Salt Lake, East Kolkata", East Kolkata,Kolkata,4.1,1500,ChIJfTQ-KVZ1AjoR-OounCKxf7s,AdDdOWpHJJ1pU_9t0kDYHMFbQ4YG9Tt4mN4CayizhDCoOLMnM5POAPPxkwKVDPgeBZtYiJYYwsLLIxikMUCN8YrSlSVegdQ8oZssFH8M_DnG5IsxHkUa03W2puH_7GOFtsqDMkyo9OlodtptFR95RKWLJBOQdLRzNHdkqWaQTVwg_x-QJWY0
Canteen Pub & Grub,"City Centre 1,Salt Lake, East Kolkata", East Kolkata,Kolkata,4.1,1700,ChIJRT70wSZ1AjoRIQiTqUxt0Xc,AdDdOWpH1X1T2pcZEYmhbAnC5fs9Rj_SUSy2nOdSSVWowi69XDPIbwssMYdKqAiJOtnz_TH6XiccV5MDIC_HwIR1h1v5i6CMLm66JY2BMn0FxpdPeEH08U8ekUIsZMmTwlB35DQ7jYhFiLix8aoBWRHeI5mMafE8C6IfEYNdqffe2lhokFwm
C/o. Bangali,"Hati Bagan, North Kolkata", North Kolkata,Kolkata,4.3,700,ChIJ2144xTB2AjoRyVoFwOp37vk,AdDdOWq_C7mWCuxtSRxc0K7aBLMzTdH0Tnb4C_j6jCq-C0w9zeQrjf_k4-bcq6m05Jg-VkloE5d7gxWP7kOOB2LZw6mQQDb5TM37atVSELtFm3kxV0KG82ReCKRntdnbV8DR5nehB9Jvg30Dbdg_b_fQTa2D0n-kcQ768u699xubL6oi9oQW
The Dugout,"Sarat Bose Road, South Kolkata", South Kolkata,Kolkata,4.5,800,ChIJkfULTiN3AjoR9IVrok9jpXk,AdDdOWrIfWyQ_fTyHnef1lS_P7COQuACWw33VO-HFoqL8Ctiyf2VysNUPbPTmpini4oFrjpL3IxRnbb5URJx0GguYInXYdyLNH16wHN6ILLlcaBRAtOqXuHIC-TehmhXFffC6HX8pyGvrVrRFhkIny8aTL6si1oqGhixKPoFDfr6XdaSOGYX
Ganguram & Sons,"Maniktala, North Kolkata", North Kolkata,Kolkata,3.5,200,ChIJRdsEGEF2AjoRpMzTE19vk2Y,AdDdOWoMBeGy7edG2w67QZs6JmVpw4gZ24Kyet5FRLEIhj6w__W6OqO51CkPnTm9V1IHvEv1d7nYFFt1rZBipUFcIVPS6R69zXE_kFtHp8S2dla7OcDYU4e53qYM-Y53XuUYriHZiW5y7XHiNbZhxkdrftJIpLlJGcVZj28lnG183l4KqEoW
Flyers Multicuisine Restaurant,"Ultadanga, North Kolkata", North Kolkata,Kolkata,4.2,800,ChIJA-TSV1R3AjoRMOvGHnmprbA,AdDdOWrzmfR1sd14WaFxdQUuIk4vrwey42rHP3RBve_e7FNiNOKg3B6HgMG2WkiRo7CT2uO-pETjRhGknjTxLBnGS4tw8orC96Jj8ivGyDr3F7akXcv3sDtseIod_J2jzjEYsad52uub53avQ7YwRyCxopPHI-YfU9wotKJPKeTnX8nTthBZ
Aminia,"Shyambazar, North Kolkata", North Kolkata,Kolkata,4.1,700,ChIJCZhuOqt4AjoRR8yc-F7lrXA,AdDdOWr2NQewgQhZLQar5tky2k39HCfvyRrVGCqSzhsKV3p6NmoJ1IKIJZUtdkBjzFpNBTBN6Ol_alTiThkNRtPNnUidJyqfWwB5BrsTgXTyondKBGYdVFaDFMW9SmB3oOifRoMpIVFPidxy9epNO7_7jJzYCJl0CfjxjX6CFAuAL4p1GI0w
Bake O Cake,"Kankurgachhi, East Kolkata", East Kolkata,Kolkata,4.4,400,ChIJq7ijwmR2AjoRhlZj3q9LFSU,AdDdOWrb4s5h4rvVT_k58yF8AqH57PCp2hciuz9u0XxeJldKtqZ30utOyYW6gYcVOKk6Yi289fJjGTEvY01hVQl2JjsXVj11iN_45CzFskF7kMqsDQ0nKUUx9w1GsUN-ociKhsdWqZPu3Q123vHkklyULrq0i_xKX3JrOZdZJEN1kVbLPbEv
New Paul Dhaba,"Maniktala, North Kolkata", North Kolkata,Kolkata,4.3,500,ChIJ1WOc0Ed2AjoRhtn4-3z3un8,AdDdOWpdlVNR6QE6JTi_Pupx79q6YQATifHODBR1HSiPRVKIJz6aQWNFJSJFHKTTCMrhqsGl58taeR19Eu19msobS92zzkC4snAIO9wK4vlSSnNwq7fiXrbe-b2YgMeEiNPnkJ_p9W7SbxuH81zBc-NUrJbX2u0291qxPIyinAQ4MkEDp735
Aqua Java,"Maniktala, North Kolkata", North Kolkata,Kolkata,3.7,1000,ChIJfVYbOi93AjoRncuIQw5Gbks,AdDdOWrw4yiXJZ2zk0MywMegFoj7vMU_hY69OQIWh6n9AM5xTIDXz5PkZtjYWKtdQVsEMCmLXukqa4DHdXYsgjS9cBj3xVMKDndEnACmB3tB2cVj1-XgXfyZAp0dq58eRfq55SoTE6mfLRqnbVov9ql1Cm7dtUEoQ-A8g6GenUHcsdXq_DM2
The Spirits,"Salt Lake, East Kolkata", East Kolkata,Kolkata,4.2,2300,ChIJ71BDgaV1AjoRMMvFl1-Zd_c,AdDdOWrZECWJ8fxoJv3sjXMs6Qipibk82zxlTqCoAH6nQIPYoL1xtHFI3g9SbSrVFs9lRiR-jJCzUsxaA8lhzXyS7SPPuB1qSjlMQhnD4Q7qj-jVxRGXSIggYRkdklT4AzAAgllKxBM7wQ6vDMFUqGHpaWeOTI3pRGprO1iT1e9gkhBUGPo6
The London Shakes,"Phool Bagan, North Kolkata", North Kolkata,Kolkata,4.2,500,ChIJpXMkjKB3AjoRtKSRTMppZpM,AdDdOWquy51oF80PqHmWNknDHNuPUHpO8kZHeub1so-TmHR3Izm2qAjZtCL_UHJx3eh-qfCS0rRIQ4ewHBhHmRm-R-AF_In_fin_hao44U-A7iwJqD33JW7KQbUtFdaA0wtQ-r2TKaXx8J9Wu_-EZpjlg8T_8-0Etp_ZVNwmC2OYE3F_rMf2
Trapeze,"Chowringhee, Central Kolkata", Central Kolkata,Kolkata,4.4,1200,ChIJe8DztIZ3AjoRgSnrS2IAbGk,AdDdOWq_mAf63DBpazsj3cf0Qj9nhpdu8QnSGYmcmm2ChExs5opPDZulRPZvAirlSXMj06lWXAuh9G77cpgK4uNQqRewMMFuLr8LIQMEWYRL5KgipPxQyFvxRj-RvSMgdjwXhKvH6zevDC2-PjaYLuSzkMOtXbQ9Ymek_nZAbOabQhj_ZxcC
Urbans Cafe,"Girish Park, North Kolkata", North Kolkata,Kolkata,4.4,500,ChIJ43RYQUp2AjoRCyRDYM4s1_s,AdDdOWp4b9vho_ckgGop4yjUtYevkFQmxPDXlDUylKNFh_KugyjggUNf3livr9awPKpFG4aKultm8Z9ZbXOQbW8jevFVluOjxK039W2omP7u02FZAMoOrTW99ku4OHxanhVaNKhKCNuG6-gI2vUt-eXhpONrbxmi6MU_OCZci6kUQoX7gJFe
Jungle Safari,"Mani Square,Kankurgachhi, East Kolkata", East Kolkata,Kolkata,4.4,1200,ChIJZWOYRVN3AjoRIM6mQEPGrJ8,AdDdOWrl1W857FEfRphTzkAiRJsnNVhXmvNfkimqgaG9fVBdHTFqx91K2k9X1cJdUfWceLlxn51yLHTzfDmhaH9jODgcdj8YYVvfnfMkejzkNWOZkETP7bDuO_GLq-rYiJGnrBB2ARzB_bn0RDitbCbUjUj5CkvnMFvNKslzX0nyPE6b4zMl
Momo I Am,"Salt Lake, East Kolkata", East Kolkata,Kolkata,4.5,800,ChIJ-Vy8w2N1AjoRftLy9joFw6M,AdDdOWovlg6TQGZ8eS5KiSaDjmu7ebOOAc0pasa_8PBbDuJVLthRErxOa3Uw_7CjTGCrDt7u_U1olxsDDgSUMVbGptFbIpVZ3XtrW0UZVtNuXmqujuT8N9MEznT_2QQDP_31PrzkZmKx8ZARRQAcLFNlRw_sscY0emguGAHlN4aJ5Ru695QY
The Lords and Barons,"Park Street, Central Kolkata", Central Kolkata,Kolkata,4.3,1500,ChIJN-kIhwt3AjoR-8je2ybAsJI,AdDdOWqHbolA2-5jW-mDIZexyYVMky95ROieHmrxE8JeNUBj22skafeL1D94EMjcQeHtFKzypv-Exi4IIQDcc6Vwrfc5HWa3TyYubvtpiGB7yoXZZWUNTEtQyMRBkE15M2JqzZmqj0FtU39Ri0nyts0NY7r6bDyFZA-y8klTYA5bA-VyA3Vo
The Bikers Cafe,"Platinum Mall,Elgin Road, South Kolkata", South Kolkata,Kolkata,4.3,1100,ChIJE6ibxT13AjoRDiaU43z5-Dc,AdDdOWqgGonvegRB3J6b4fQv-SUW6Vlp1cuTqB3tLLUm5XIaMO2kelDrDBKrqX0i5kBplhoAqeAusrTy5T6RJdktEw53UsRLBwCyYLqAQ6dP3TJuvghwKLUKWsfOyZn-S4LwHn3cMdga8095PYgv-x0WbP9HqlCCG0ez-Di0iXimnHGDi8KU
Apu's Kitchen,"Kankurgachhi, East Kolkata", East Kolkata,Kolkata,3.8,500,ChIJnf1Ze2N2AjoRN0rZGkXC6sM,AdDdOWqQ7DJbZcbTm_nxpNCc51Qfttx8aoXP9V5PBCwVnmlfri76CdQAqrvvUzfU4k7hsq4dLWNwVbf8cZgZgeSXWjWiE8x3RW1ewku-v5Kqe1pDfTty_DqOYTZRtmtbVU79pMQSmHW8DCwPAyOqQiwCvuQxnMkFsGtoarhs946i_k2OSpk
Urban Masala,"Lake Town, East Kolkata", East Kolkata,Kolkata,4.2,800,ChIJpT8Ligd1AjoRW_wczfNgssQ,AdDdOWqD9Nzk_2ei3VLjPQdx9ngJ203aFhR8zjkjfUVdhLMIOGLuYOCkukT51gXjiyBkyU0Yl-SEBQW3v-ApAWWXl6WYxxf8lGJ-qt7CFx28yMzWNCgb1eH2Xz_MYOt2io3tb0qixgfYMPwQDSTaKxjC4MvklXQ7HaUjHXD1RJOPJ4kRopjo
Kaafila,"City Centre 1,Salt Lake, East Kolkata", East Kolkata,Kolkata,4.4,1500,ChIJi_Mdh911AjoR0lBtvN9mKlM,AdDdOWosG-i7z4TUhxUrBdhbGdYkC3xva-CYUMwqe9RahgCaEu9to80ezvUrnAqx2_AOok5c6BTvlFqsdRxHKJorAp3hEZ4hwXyVjxe9MrzIad1ilaj6KcsTDHSpo7UALfhM1Bga1MAwk-svJU9BWH5-pmIYedUGGtxAq-slB42N802CghPc
Monginis,"Girish Park, North Kolkata", North Kolkata,Kolkata,4.3,200,ChIJFf3mdxB3AjoRFYsfU2nW01w,AdDdOWoaJb0LPhIVTP5QeponwufLNhmYooufIXKaPD57pNniTOr1CCTnYfmrOXM_qiBGqpI7b5PW2mY4s7O6hv36zCz4BfW-6XQFlxRIRejg_2-6kJ2ykuGRVL5BuAGauKYjjoPelPHB1CyUE6EBbMYSQZDgM9QCjDMWZ7bfBtM9cT4DNfSF
Petuk Kolkata,"Hati Bagan, North Kolkata", North Kolkata,Kolkata,3.9,500,ChIJX1ZKATx2AjoRM5VQzoKx8FQ,AdDdOWoaQh3qo_kqJGcZdIFJ7YW4bIMdhKlqfQvkLi4HqNJr_1384PymKsEnHQdSxWyUjRPfaGBFLllXgRtGpeB8QpI7Uvpmc86oFtwT6-5HUrbhEWg01GvolbccVdED5VczBOvwbs-Ibj1vlq-NKGqMMDyScBl1rvw-_Tg9R99HuSzZWvBc
Hoppipola,"Mani Square,Kankurgachhi, East Kolkata", East Kolkata,Kolkata,4.4,1800,ChIJS54gwlJxAjoRexNQU8tA2aw,AdDdOWoqLM-i-v2fodRaMUqmiy2oMqwyVmeP1bET6n_802ceTr5xxYKrDU1zVBFKTqIsp5cffVelAis8uyBQY0BqBte4LZKo-S4_Tot9nPyg655HaFNPRR2WXdAlevqYalH4LCzqgsWeVtu75hWjJph4g_yehAXnoYxwPtmIsZ7RECb2CpMD
Waterside Cafe,"Hyatt Regency,Salt Lake, East Kolkata", East Kolkata,Kolkata,4.3,3200,ChIJGQs9UcF1AjoRl1wt6jYDxLM,AdDdOWox8j9MIaT_3A8czFhBKECnM7Nbp4jTQhUAoale6ZkBRTJi6DyU7M0D-mR9evpsl4xilHh9hhhQFLx6H7pFm-dvtUk2OEHx2hiLI09itmtX7moqoUdk5fAH5UPg-D7hKm4pZeIDxEsQ7yNPkqS2Scc-Hjy5t8cLutudN1IQ2Oc58PqJ
Wow! Momo,"Girish Park, North Kolkata", North Kolkata,Kolkata,4.1,400,ChIJlaWe9w93AjoRIloOddJqmSU,AdDdOWo8BzaOtJlaYujEgSKepwy-XR97OSRL47IqxjfHTbvf3Ms_fMYZeFCPJlXBFjohUCmNHQWa2-NCDj1bNMJ5LTobK_6kxlPusTMMjglNLt8SlvXSQudiUcD-NgKYlGCTRIjNfjBCPu6TT4GF5PyW7ZvnvUtNQrTyOB5KhFAfbhBSB2Gb
Peter Cat,"Park Street, Central Kolkata", Central Kolkata,Kolkata,4.3,900,ChIJHQVk-A93AjoRR4ecYP0gZIo,AdDdOWqQtrhp35DSiKMQhW2Z2HgPqEVxTaw4eZAAnEUVpL1QgUbyrcvoHkHehvkq3fFSd8VJk5D1XpLhTSvf3sOX4im_z6fMLclhSuI79DMe3g7SO-D0som-z3gyDGb3hfGFAN2-o_AyULDrAsuiR08hh1Kj60lcueqU_3MwY4WskZ9iMzTm
Kareem's,"Park Street, Central Kolkata", Central Kolkata,Kolkata,4.4,1300,ChIJi____651AjoRCwWbbdQeq9M,AdDdOWpYmZR_ABCF2QdACGP_gKNfEY91f_EOd0dwk15Ng-ZV3nisXC0kmfU-o_b9b5r-eOEbARj-GLp-fX6qXZmDojpH51z1nQTQW2-ELRCO1_CgGratN5x0geuoU1hzO3Yljpeiyq1TOY51NZYo71pCoiJtrbo93pRiikb9i-KRA_qvfvtE
The Bhoj Company,"B B D Bagh, Central Kolkata", Central Kolkata,Kolkata,4.3,600,ChIJr-aUCgZ3AjoRYUBpDPUmzV8,AdDdOWp04CqGNvrJ6gBWKyetUiTmEhf0veTI0tyUd2tjfDUs7bkP5hHjqIJMpn0_AYcfAcUjsM1I0lEpXnzjnmxqe0-_lJORRXQAEQ6VWIAG2imEfgC_77VXVNPbOEpj0ktJevnQN5EmTMbx3IucdrVbpVEe8LeBnhVGeruzwgvSo9K76P3g
Refinery091,"Globsyn Crystals Building,Salt Lake, East Kolkata", East Kolkata,Kolkata,4.4,1700,ChIJea-rv6N1AjoRZzTKI2BSStk,AdDdOWqNapdttXweFac64yO3M1zrGaG7WXzai7KjiAT_V8R8iL-i7YYYfPADx96fyxmNz5rnAhTY1INXTr7Arfrz-Io3syL-hFUnZudzp6z9xNrw_oIT5rZltvBS38DizEAx9BfBaH30s5AoWJZ5UU82-BeZPz3uGP94BgThVZPbFafGSR5z
Wow! Momo,"Ultadanga, North Kolkata", North Kolkata,Kolkata,3.9,400,ChIJlaWe9w93AjoRIloOddJqmSU,AdDdOWr8dMujMOWtXs8MEOylb2JgZ6TTGi9Ov1faVZaPaEH8txyQlLzcDcRsh23rZRljNmF6nTPVKPq-4rSfOhXtw50sdzsJZvUf_qnoMmvzqK8FF8ColQrsyP63qCEOLRUMKfXRjLSVnRaupdrGv9S-jLNsA-4-BLNLvYCJf9vx1J1GdauU
Wow! Momo,"Sealdah, North Kolkata", North Kolkata,Kolkata,3.7,400,ChIJlaWe9w93AjoRIloOddJqmSU,AdDdOWrOaB4LmRaefBMkLn8sBFvBsEPjR9qRS4DIhdbDBwJokiLrh9F7wP1JD6iPli84eY3_0YMxaeaG-5edX0qErztwVkx8O6mHU8CcpvQPsA3thzAoIBkNPKABHGnB5q93wiq7UTfFUGsxhUMmNoSDReW599mb2j4MQ57HU_f3znd8aR3e
Barbeque Nation,"Park Center Building,Park Street, Central Kolkata", Central Kolkata,Kolkata,4.5,1500,ChIJb93BuRp3AjoRqdxyBozdusM,AdDdOWpeAEJ1LXDLTEJjYNzEz_OX_OfQCRJ5qJVZP8K0XhRBu8F3HCDxPYGp8m2XuEqMzh9M0-eyunOaSxpqjM1sD_2VpcLV-T237mny62CKwIEcjX00IpSEt5CNGHxOWmd_as2Iz7ndaqNloKJA1lGQaYFS34ixecMY1SXdC5AJwtaX8Stc
Zaranj,"New Market, Central Kolkata", Central Kolkata,Kolkata,4.3,3400,ChIJ24Jtvqd3AjoRFb_Bd8Il8Cw,AdDdOWp_EiYBYhhEmxxYL3ZEHTLwAwQEjv-R-8Dd5s0mhXIOrLtP_GO-geKrnvIP65tbzbqdM1moVFqvFnw42wH899SLEP9QNbitmgA2D89EHSF5MDvPKBNcY-XjFOCRX2yjolJHCETSIuekX8P7oXbl2_7ki2Uh3_OHKFBbaVgVaq6v-DOw
The 2nd Story Cafe And Lounge,"Salt Lake, East Kolkata", East Kolkata,Kolkata,5.0,1100,ChIJa7ieBnZ3AjoRVQdFmeT2Ce8,AdDdOWqqNlgWPL4uCWgaYlqeYkLSGRlhaWbfuvf0QfkIPM5xwNdvHqD-_Fert3ZfwzeC-Cu-jVngvsctwaVt_BVgNaMEg7b4340pKxuAHq_vn-aSN15Kcge3pRKxzS6Mz8aUDOrzE1jKZgiqm2ai7iQyNj5pnqDPAGte8Rbc7QsIu7kbabHb
Pa Pa Ya,"Park Street, Central Kolkata", Central Kolkata,Kolkata,4.7,2100,ChIJIwjWrRp3AjoRTKNvtvcnnxQ,AdDdOWqv-kn3yPwxep2dEADyqNWUxWia6Mr9-bwJ8jlGemdh7tW3qXnchbRqSjj6zIn9tsJB5nzYaOaaDlgxqJYcTxmbpv2K0y5R4nFSHY2REThl1KWQ8903ziat8Fz8tP7q5H9Obj9Bdxh9peB-a5iIAewqobyUc0ZIUFQUeIlWwAPW1l1c
Plush 28,"Salt Lake, East Kolkata", East Kolkata,Kolkata,4.3,1400,ChIJAwAAcON1AjoR6M6-uGWe5IA,AdDdOWrE75XoX3kyaw-RHp9h83538gvpLq9tOvJXYX5tceRGu8d2u1X4sbt7tKH_ZqSYoxu75M8WmiWBaYTlhcxCqpDgu2ZaE6y3cXnOnkxTQBaIYThsN6xHGahYtgdVPwRUI8edGt3Vn9GGN_ncM0Xrd2-PrdydZfxuwBeLsydBzC-4_MLh
East India Room,"Kankurgachhi, East Kolkata", East Kolkata,Kolkata,4.2,1100,ChIJscp2p791AjoRY_VIyos3-Pg,AdDdOWrRHWygTx0JUkQvGSmV9uknyNj4BZDEf3cLcYZIhqdvbp1CPMU_Gm9J8xl94b6Z9HbVYko3g7fWq8y7UguO6n0xlWWC0MuFV-FnQqVk1Ogj46CNXKriIhTPBvpJJikNM0oVwwmkK20QzP0sEcAxH63NlLQ3uKQvL9iX2HwPNl69Q0D0
Kareem's,"PS Srijan Corporate Park,Salt Lake, East Kolkata", East Kolkata,Kolkata,4.4,1400,ChIJi____651AjoRCwWbbdQeq9M,AdDdOWqY0JLSlNzYPMPavbEi3Z_1VqMuN4w_za5eJn8KPmhS9Y1bqZ4TKGwr8TnwhHutv2TY19faT78ckhiIgYTsFOe3de-5_35jDz9Fcm5S7PAzUuxC42XrrQGxSce9SD4cxcLm30Y5qjZWb_n1cWDxgVA5OitZb58KkvUT_r2TDE-tTZw8
Icy Fusion,"Salt Lake, East Kolkata", East Kolkata,Kolkata,4.5,300,ChIJMV4SHyN3AjoRrlXWjrfCYbU,AdDdOWrW_Y8KBx3K65zieobctSsUh9lp7s-pWhJYrdmMIO-_qDtlWLlpcv1LH0rv_PI8Y_ewT7oB4AFxKKaNLLByTNtDaO2B-958eEpmU4C_dK-pfSFfESZqnsAEFijMcBSRPTy_h4h3VDeAznLb-ghUcbksPE5VLQafQoxOTohkEwUV62ix
Soul Cafe,"E.M Bypass, East Kolkata", East Kolkata,Kolkata,4.6,800,ChIJIzzfwtd1AjoRTmTMTeKPdPA,AdDdOWobGh4LlGNXadRPXXfym5kfuGvOOIlrLDat8PPyY2BmA5lTpudrvnYKSqpQtAq_u6GM2fuDszuTbWN_bTNsaesNsbZRGS59YPfJKblfW43CFXw0BRuYmND-mLAnkmKF2Zy2B3g9Q0oIhPkAv28D3POU9J-m36-WZQuUuu9CihqgYOA-
Zobet,"Camac Street, Central Kolkata", Central Kolkata,Kolkata,4.3,1000,ChIJD1b5dQ93AjoRo54E360UAgc,AdDdOWpOh--JNAekvV03uTlVZzx3UiLO66-7HtqhwAWtadTka5cWaoh4hMQ4Dd4j2r-xwc58Ki5rr6g8QjxWrHxFwg-k6W_19tR129ZgOww1829Raro6tOjtCXwl1Lo4Fr3zKUu8W7tk7yH0FHKB5EDHy-nknjaIqp8k3EuPfJgSCuhhT8g
Ayan Fast Food Center,"B B D Bagh, Central Kolkata", Central Kolkata,Kolkata,5.0,300,ChIJvWOXWq53AjoRFmglp0z-qKk,AdDdOWor5plvLih4OXxBs7OrB4PyAJYk5UN2DgFmFB15DG9J7IJ5NCKPpJ3VPP7cdP9y1AKvIs8aW6Q1GdvIjSnBq2UAisaRFaOPPROjWax4JYoEXdJW-jJNoWxu6ESsPu_39I6kmNI5KXEQLXzPxnsqad2-GWJldocJPhSKkfQkIOuLq5kK
Kouzina Marine,"Salt Lake, East Kolkata", East Kolkata,Kolkata,4.4,1300,ChIJdwzqVLN1AjoRAMR-Ha_TwdQ,AdDdOWqJz8_VsAbM5Q2U4yG-PUGNyjluT60lML0HRMnegDKcN_sWpHllXEBMhitRxSfPNeZujvAaOxrxxHKiLjAjBamcDuKHlN_yEGh_IGptwxFYVts1x1K2Q8rRp3OpZpBDBjbYf1O5fFwDy66QuuTyBhsE5TnqDLmlPoFB92qtw35QU1lK
Level Seven,"Topsia, East Kolkata", East Kolkata,Kolkata,4.1,1800,ChIJDyGUa5V2AjoRTB4cpJXadCg,AdDdOWogx-dwU1x85w5aDOT5NQACMXxVEqdgsInVg7EbreDsioB3BF-VTFMcGLyDAyMGzbrIhhx0hEFaSt-98i_tQJYJDgxYhLI4HE0fY5d5jGD2F3DE9pHbyEn7nxzzqqqBLnpRtzPE_qiOg6LVXuDsUO-TbF3ijgIof4RofYNOaLpVvbiP
Kankurgachi Dhaba,"Kankurgachhi, East Kolkata", East Kolkata,Kolkata,2.4,400,ChIJO3csbW52AjoREn49mUi1Fb8,AdDdOWpl9DZcfD_jE5YVDWejRVp4bOW4p18TFHVXpSZe7TIzpgDlRDqKVKaqmHAn9J1PvfldkaC7WfRYo383e465h3Kag7d5EY7cj8eEcx-I45JxavQ_dBN2OSZqbUQAsDu6CS9AVUU3gc9otGJpV2Wj_SEyvl16O79jhjONnSs1Bl6dHlNp
Little Roti,"Park Street, Central Kolkata", Central Kolkata,Kolkata,4.1,500,ChIJqw7r-zh3AjoRt_TwHBYwD7E,AdDdOWpqBsCKtrdBz5-qhesoYJJJphlPoP_BopKXSVj0DRZg4tCUDCayXiPx2hpGej-q7bh9fYp1Yp57cjjMlF6CHL7vRQ51KKx6BpL-GIfiwptitrMYycPMeQXYYZeeOnBLu7R9k9Z48gSKEKz6cct_DWwbZSZiNXNLEfPdX4lmq5nXFKwT
Kouzina Mining Co.,"Salt Lake, East Kolkata", East Kolkata,Kolkata,4.3,1600,ChIJe7G1w-N1AjoR-sgAOqExo3g,AdDdOWqJ3oPhY0Yx2vXrRM5blh7L1ggy0VdKRCZ38SpZupLzJsw9Eg0Fx4rCsxPtMGt8_BKGImZ703N1I__fxMLVjLBhGlatRpQPKsTAVLPEeTJkLpJNRnMsz9BtPV-40GVNDoOjDYAgClHx1PPTaPobxnNkBF8Sil6TcUNHxCwNRNb4MjmU
C.I.T. Cafe,"Entally, Central Kolkata", Central Kolkata,Kolkata,3.8,1000,ChIJSzjoe_p2AjoRgEFZI35nfNQ,AdDdOWrQnGF0gVFt_K1K_GzJQD_scrgvsAIf5JVJDBIg1FTos6jt7NwZREYFnSEJ4bsAsPlStR-IYmwsXuv25rxHBvrLSPy-NfcK3rks6rhxLGkw8xLX1KthfXApYgJnSHtex36o4-xBCg96ZqnmXVNK8qThPLzwZcheH0egtHhelnLW8ci0
Wow! Momo,"Hati Bagan, North Kolkata", North Kolkata,Kolkata,3.4,400,ChIJlaWe9w93AjoRIloOddJqmSU,AdDdOWqphGDjQgdyYAleX_Bb2tiCFUaDUf-eNjWPykfNAzO1-m-9X-AJuoWp4aWZPSvsJlKjEicS_SrNK7lOp4K2Z5syICW3lg1XMWePOH0ve2CWvoFjc4lUrobcZToLytmuXGbV9Ef0jdgYtsisYp7n_gygmmcxUUxzrcESYg2VNzpSQu2S
The Orient,"City Centre 1,Salt Lake, East Kolkata", East Kolkata,Kolkata,4.3,2000,ChIJ4RWHRuZ1AjoRhCmqVrSgutA,AdDdOWpfwa87AS3D78GKlwSWSbJuY0MEtOJdIxewfhEeueg5b12rOlCZsax1NpJHy9g0263Fa0_-Ax-dj8c3ocJrKrU5--aK0bGGmKNBIPeK-poI64rDuq3R-RE1W1FR2pRoRCSJv4egspVCvli1G6IbXXI-d406jOfStRLTb729gTwzH2JB
Wow! China by Wow! Momo,"Park Street, Central Kolkata", Central Kolkata,Kolkata,4.3,500,ChIJK7MpEz13AjoR5iO7T4H8Ioo,AdDdOWpvOt4T-fmGF-xQY30ZOpg_JQn23sl1dblNQs7gFAG5Sl5rYGZUFvdUC6XhcLkehyLqZ_nECoDpX1MUL5nVay5xmyCU-piHIVKPC9tU613un70Cgyju3GK4AM7RZ4yxDthRi1QeBkHxduhATfYKGSa27wF9DTGJ0Pt7u64A5ddlGtM1
Afraa Lounge,"City Centre 1,Salt Lake, East Kolkata", East Kolkata,Kolkata,4.1,1800,ChIJGQs9UcF1AjoRrmdkKQ7W0Xs,AdDdOWpEbuE-314aD0shOpaE7Lj7vxpvQX3qY7k-2DmaVWhEtqAJ2zxHi1F-LYUmgpHE-dY6-MCM-4RXNZ6UrMPet2HCnqLAPp_HK9KdVTdlWKTGVNPtbhmK1l65qe2WwBfrsrC5q3LAqXPPEWXl4G4KdUJ40Wu8XnXro51k9zR0E7ve4EEq
"The Swig - Raajkutir, Swabhumi","Kankurgachhi, East Kolkata", East Kolkata,Kolkata,3.7,1200,ChIJf1-ySGR2AjoRqxjJs7QL7To,AdDdOWrCbgWR3-ac_SATkZzmeUzVmFyHPaqAgR6GkdGPJEnE8hlkiyFj1fzcEpzmz38gUTmQkP9p3owQRzEprLGvYAHkHjvZgz9IEDia_P-ge41GMf5F2hCWFpOpmzE_WiIfhk_RbwPMTWwdpxhhlSi4ZJSawMDalre_mosuvy1IkGySdECp
Calcutta 4,"Shyambazar, North Kolkata", North Kolkata,Kolkata,4.5,200,ChIJhffMmH13AjoRZMJ_RYNJI0I,AdDdOWpbO6ZujZR9jO-DIVUTqU5O7T3N1FfpR1q9K1rmeFDmf8b6dkxipYNDZh9n7BWJ_xoY57Xo6Smtuk8BU2Em6I4U7p72uOfvyuFCIXJlPRirs56Hq-7vZuvSSjGsCNHX9yI89teDHzore0XiOOD5UFIkOh6FWmz7Np2LJRxhK9wFQQbA
Smooky Valentino,"Bara Bazar, North Kolkata", North Kolkata,Kolkata,3.0,500,ChIJrxl677R3AjoR0ZPbkX_BlAI,AdDdOWr2WiGvfQQ5a3ejQqJGccwjWW92QScgyeg9voUx2evjRG7phhLbPa_1eIrytKOoGF5LDqj2Rxaquxshoy2okGxoOEGoWhuQaxGdWQRtsm83ZK2NUzf8-WWieqfytDWGlhxPzf22tNB2Vgg15DphklSpFvCz7Kk6cOWVdwY1J16Qq9BE
Friday Release,"Salt Lake, East Kolkata", East Kolkata,Kolkata,4.1,1400,ChIJRdQB0Q11AjoRyO0C826pZ50,AdDdOWr_-G0tMfrqxUOv_74FDFZiq9O51qKpyYEnf2e3lt6be_VvznbJ4r8xgun_xKpay9mqRRm-XYAy2zmD790GTIPv9bsOGiPCyAA6hSdvvmZTt3LEN-yu4cFgQCZC9_jT9zeae_KhLGJTM0na1msqTsq-rkz0r9W4NABN0vqy-whyqMSh
Scrapyard,"Camac Street, Central Kolkata", Central Kolkata,Kolkata,4.3,1000,ChIJ7UTFvBd3AjoRwAqI92WcS7U,AdDdOWomYKqFJ780A0U-gUS-Vb8_pTnjEAKPUHTCnMmIB1uVG2x3zuBk9OlRWuzX04CjLiHnMGwKRenooq7lMAepbbQEThGyuC6RapvjAAL_pg8RZBAVCTmPS_h4hD2KWe9sNo8rDyrHpXZ60aIIuLs8fP-lWoiTvWB51pn_dfbDaOw3Uurp
Sonar Tori,"City Centre 1,Salt Lake, East Kolkata", East Kolkata,Kolkata,4.3,1200,ChIJgwnf-Sd1AjoRmZb1evH39fM,AdDdOWoXoywSL1KL5DqmA3bz-6wG7ypVrzFLFFFW9es6yqCnuxeCGQUa_oibePBA6i-BBOTEzvMsIQzMAHz04BR4o0QIgdSFaFGZ4qOxUGEC8HqnRpRglqlaR65pQpb-oOfY7Xb6OHs9fhsHEjZzOxRJSi3-CGxA33RTlyaTiJVDBNMaLc3d
Ping's Cafe Orient,"Park Street, Central Kolkata", Central Kolkata,Kolkata,4.4,1500,ChIJJ3xMGxB3AjoRQ-pxKnJ0wHM,AdDdOWoFAIwovAuU4TLE_RCp3iM_DRWrDzbBrG8rPjppQ74b7-Psy7NTmD_dZvLnpV14BH5OtHgy6SFT7h2uwVFS86HKL-LkkyxTsoR7z2LAuXaYrvNDLFhbgYowKxnRAc34DWIbow03MmbJM-Uem0kZD7OrnWReGnCqMaxjFlTLkELo7TO9
Mocambo,"Park Street, Central Kolkata", Central Kolkata,Kolkata,4.3,1000,ChIJxe_lYAV3AjoRPzxqGSY1Emw,AdDdOWqS-ZGHuA7uRJ2EXIzQpxfcyiNcnibVeClmI_L6T3oXGkDklYqIgUm967kyoOh0cGCEz4NXFzA7slLRuUsWbby7fyi9YYa-Mohjuh6zjdo55whIx9sDRwb_XRDCCArfw3Vn9rq1y_fWNjZI0nWnKgRyD9OQYvMn3398aTGlz5Mo94JS
Wow! Momo,"Chinsurah, North Kolkata", North Kolkata,Kolkata,5.0,400,ChIJlaWe9w93AjoRIloOddJqmSU,AdDdOWouMIGcybbzvNgz2oz72clHgdLETiwm4_omM7lLvD6xlwKvsbVs40xSQTLp8VAsACLOWJ5NL8nwqGavxxWp-HeApDP-tv07gklH2-MGglS34pI8OLSjgeu_3Fe22EbMOR9XQzjChjoPIfmcJjGg7uOv95KmJqAtujKtFSK9pApRkNRq
Cafe Stadia,"Beliaghata, East Kolkata", East Kolkata,Kolkata,5.0,700,ChIJxZPwHxZ1AjoRtIkgtz_5K2g,AdDdOWp_D0Bxj1Wvl23ZUO6dtf1HPzmg3CUTVKzWnbTfi9zrGHHfSsSpMr4z7e8QgBR_RKPpAXophxH2Y0Xmmte6W4LJar_Zguzb50X0o29BpdrB3gdGnrwrdTslxTOPBvQMhornJ2yHORxqLWlKmrD9J8RP21qr4Ulno_4H7MEvLBZ75zQ
Wow! Momo,"Salt Lake, East Kolkata", East Kolkata,Kolkata,4.5,400,ChIJlaWe9w93AjoRIloOddJqmSU,AdDdOWrlfG_PNEn1Awzm8_DpzhikgrYGipwfLDZU5SGtIviqL79ZWN18_dqr0Y_6CDaQj9UEnA9ZDCnCyVFgmoWvGFcah8MRAEGEa_2xVGvi8ow9Y3VPVXcDJJ19STYmA0sekjymPTEQhEkJ3uY9KrCJFZ9mYcKmGRh3SvDwv0xHGyvZVMAM
The Bengal Lounge,"B B D Bagh, Central Kolkata", Central Kolkata,Kolkata,4.3,1200,ChIJkeGts6R3AjoR2gu8w1YiBbA,AdDdOWoz29Oz_cjMkiQE4skWML-quZWNr3ItreyCyg1ClgqyBtlpE8RcX-q6NjuZ0O7MUO_G0OqxS_XUkbhgbT4Jbog0q4LnHDmhO_gupBJ6X1Lwk9YrvcnTl1ef3tuEPA-6MyOkVQjju1CkKVNDY9elQswwMR2_9DVAAesIYNpRorSdwYqF
The Salt House,"Shakespeare Sarani, Central Kolkata", Central Kolkata,Kolkata,4.3,2500,ChIJvZ2ozB53AjoR62PbFyAdWLU,AdDdOWqV6ST49RiEFlD2nR047gwzqbJLxSaTM7dCkASrbpRc_WgVQGDZ7GeA36tLGEHLmZav73SKDpP01sBiMg6AkMMsnK-GrcHHo_TT8SqLqbAxXV5xQMU_wQX7L9tNxtj_pdlraREQfD1UUjW5PWk4OWAh4kar9JsWrlcHjr0IK2tGQSMf
Sareens,"Salt Lake, East Kolkata", East Kolkata,Kolkata,5.0,500,ChIJE5167Cx3AjoRHN5vU4vzUYc,AdDdOWoSMSnS0_J7oZEwuQyT94UUACzbtg1iRtclT8fQZk1vpN6zZood-y7BIN96DSnPvhYRhJwtGZT5gDxckPY97zRi0sste14ZC8-f6S-INnO9f1MCx_Od-DZtG6oRbUv74ECBe4lwyPHo9GW3aHhprUS6KRJtHkwlTM51klba4FOG799r
Zero Lounge,"B B D Bagh, Central Kolkata", Central Kolkata,Kolkata,4.4,1500,ChIJvaUM1LR3AjoRbaxEhRNoKvo,AdDdOWqx6CagZ1v3cDv51Zvi75ezAw--D04y0NHggC0DgGY6T5c_OyRPGAUUrZY50jKOpi1DrGxAuF9eyJGdLhJi60LGgEHqy3NYlIgGt3nIITcUGFxwOz-HWUrK59CkNKFyTmyIfQQczRHUJv-xQzc9pB4if2Oc52D67QmAvMiv4rKrlm4_
Please Don't Talk,"Ho Chi Minh Sarani, Central Kolkata", Central Kolkata,Kolkata,4.3,2000,ChIJ18xj-bR3AjoRF1Xc_On0Oww,AdDdOWrV7HpscqPxi9MwRYFAQ3vQJCsP5zEnupngbH5jmCXWt-MbrivuvNhYIaCHpC2YeBXe7HIdwqzm9_1GCvDTf3OAPurmvXpYI1BsuVETa5_a6LI7pi7NTodJQzfolpBsQcnjSgU_V-4wre8oENtBP6xPXlDLo_lLjcZDx-R5OZ_zZR28
Be Kebabii,"Entally, Central Kolkata", Central Kolkata,Kolkata,4.4,400,ChIJwQh7H9Z3AjoRx4jH-t2SIvs,AdDdOWrAQa0U6WfZbC3k60UGX1SiWBBryylITpbpZmkqdkgr984PnuMOUJPoQVfX77pR-UkiwuO10q9CRKg6nIEkEBviGtTW9J-I_5lusANQAdSj-wh75deZ5P2zBzaAY_giJfj5eutjFGUI0OUwcstEMp3uknEm6TJUvmUD5ULRFIrgVmYL
Port 15,"Salt Lake, East Kolkata", East Kolkata,Kolkata,4.1,1600,ChIJHRmWtet1AjoRDL_LaRvjTYw,AdDdOWrGk1oyKEbdnFurdY_yfI4nrecrjNHidLtwcQdpqeSHNv2NbDwb5hesMkaMqHsPjwel6LCJfHWMOs4drqQsU5W2vAYZAJ4KmUG9wKQ1nm1CCCqPlXVJk2WmG9HtzT8t5AO2QCqKULCzGVxaiYoNcztRpLtYd0LlvhdP06a9RCizfS30
Kwality Restaurant,"Park Street, Central Kolkata", Central Kolkata,Kolkata,4.2,1300,ChIJf-cClg93AjoRlA3Q2RIh4k4,AdDdOWpZX50jqlRMBCJ0t5crd7GURcPDGqMBLUAv0axY0zjT8qm4PEejZcrv5y5rnJtjuKTsWUsjmgTZqDIYWpFqPBdSiUszyzL8fTvXzkceQ1tzIATtdMtqgWNVpemIUbJPRXsFJKeEwKerYnXihm21i3Y9vLiuYkEoTcV4-UrfjH2NmCg
Krazy For Chocolates,"City Centre 1,Salt Lake, East Kolkata", East Kolkata,Kolkata,5.0,300,ChIJo4ZNyRl3AjoRUmb1KFELpMc,AdDdOWrGMuYoSCossfr3WyoPpREKZd9KrvaOMtPHJrIR8i40Cz14DrZwW1FzYE8KSwxdVR4Vba-crlKPSmaiLIAoGBaQ0wcBFr1M8PxqU_acVtAK4Oe2BWaryy4IUJ1-iz-gSyYRQg1LZSloZqvuF2zpEzXdgV49CCk7Viyh-TT3ZOc84teU
MANDALA - The Oriental Kitchen,"Salt Lake, East Kolkata", East Kolkata,Kolkata,4.4,1100,ChIJdQGhLvZ1AjoRYxZg_uKvyCQ,AdDdOWrUJ6C6Wo5Kgcsdno1l6XbwWgKltVhInvNLKLgojAeY33puiagqTueDchDaQDDektJvjW73Y2-fBHO4I048u5GeMCYubeBwIZRbgMv3NibgoDimKwHANIy-NTGjYOpk3zVRYLJJVaoc91H1VdRvFRJLI8fZLMfLAXxrU5URNhv-Yfrw
Rasam,"The Stadel,Salt Lake, East Kolkata", East Kolkata,Kolkata,4.0,500,ChIJUf20yNF1AjoRPeiMy9Z3NdU,AdDdOWq52CtLpCYVzkiEucHRslCDyIkKFB6oI69_8uIg6s4JCCmfAGp2gU8lx316822M4rjOaDfIbMaUIkq5V3ggOB90HJMf7mDcxWdtn2M-X5KXRnwraEDtM9niQeS46vclEDj2_grWoeVR_OdLYEhC-FPoaVQP315sduiy18vNk6XfQo4w
Chennai Square,"Broadway Mall,Salt Lake, East Kolkata", East Kolkata,Kolkata,4.4,500,ChIJ1UAClRKf-DkRq2flvPttG38,AdDdOWrOkbdeQqonQ4GkZKQvVGAkW8nUFFeNL7uSnOEwdSAwb7y378UuixJCyd40n3qp4-3OMfsoIjZGoZ-Z39At5yk4dzXtx0v11NhpR9iJR8KZ5o3f9iLmN0Alt4Mc6maiMYrjxGzM1kNM0f63MG1rptSw3hM4jhC-VEq5H46QGJCHH_4u
The Yellow Straw,"B B D Bagh, Central Kolkata", Central Kolkata,Kolkata,4.3,300,ChIJ4x7pmSJ3AjoRBAH3t43WNaM,AdDdOWpFmvQtf-ElVxVZij4PEjMQZyoEh4gBLR0Mrrz3fA49OhjgWP8q8rFnkxoVw1puNC8qvpdUb8rEH1e08t_srUSQ4xqVUP_CKjETKM_3t4_GCJ7BVS6l4ga6nFW3sdW7qdSnIHY3I4H3BfAfxiTkGbmfGZ9dvN_e4Nefth3_K1HnMGp7
Sabka Club,"Topsia, East Kolkata", East Kolkata,Kolkata,3.9,1000,ChIJuYsd1rh3AjoRMAr5AkuK6uA,AdDdOWqRvn4LuepN86QSvY6_dMPpT29X_Re5GpMCXcVHGBxwxti0vbHoChgvVLO-XBS--BBeyZj9mthYzWbhbdGrVaWG8x-tgMjz8zLsLx22BFzlMuQ30VTfPIzrfAg_97I-mnc7dUJGIOvYpsmxYvb_0VGSJqa_gzSTJZlJHYL0yIQz4LOv
First Innings,"The Stadel,Salt Lake, East Kolkata", East Kolkata,Kolkata,4.0,1500,ChIJmdjkS-91AjoRjYARIXRaxAs,AdDdOWrNSyEjR7-miP0ulRZ44Z86bYxKrQ1q06L-150-t0NufsYd42PKoV5KlYVBv5KRLYVepheejXON8yO7gh4G3WS1sVeR-a59udmi09cgBpjqjIZSNZOAKu8hLLiKvigsvZqPDxvGfVW90QmfwVDZ7MSK3THBo1ogFJDOoqVtbAoDHlEr
Blue & Beyond,"The Lindsay Kolkata,Dharmatala, Central Kolkata", Central Kolkata,Kolkata,3.9,2000,ChIJnxjKmAh3AjoR8n8JflmEgKc,AdDdOWoL2t4Mo8-DJgJdPg65gC9PcxNzJLvFD3Q4eRYYN6wnkC5U_e6fgbb4N1Aod5ZAHivRByyhFlzk5_G_8Yfpg8oFCT6pQ4-5GBP_Yhp-3r_Gj6h731TAb70RIZ2rcwiJG8vP-njqK3UpBExBHVMK0uD2GAcnPkHOccKAjSAQ46ldUvDo
Monginis,"Tangra, East Kolkata", East Kolkata,Kolkata,4.4,200,ChIJFf3mdxB3AjoRFYsfU2nW01w,AdDdOWqb6q0Qe05LWoYqkoC448N5qTY1mLk469D4kuLF69S3Okj3xOz0IT7dbVbf9qTcybd6UU_w2n1Y4akT41pOBxYQ5aXWm2QDRZvQI2KUvTPKUh2pVlQxVW1dqG5kQl3Sqn4sULgoMfVpS4lbMcVgE88lKDpPL4qn3P0GJjWDZvtFk-VU
Momo I Am,"RDB Boulevard,Salt Lake, East Kolkata", East Kolkata,Kolkata,4.6,800,ChIJ-Vy8w2N1AjoRftLy9joFw6M,AdDdOWp0JqdO7U7DhsJPHDJIpwJinmDe5FoCKyStdCYWZqyCVf6cL04GvdkL5dM6qWYsesIxap6Vl1rEPPPhNM6df90I9AYRifOlOrBZ4h4_vpJjQhrvNL_1se5ii5cX2FzOsfcjJ2w7KEm-C4lQAqCExV3scRwpPqYbD8XNu9GAVLEfmxAR
The Scoop,"City Centre 1,Salt Lake, East Kolkata", East Kolkata,Kolkata,4.3,500,ChIJm3JrYfp1AjoRu5VzypV1PdA,AdDdOWpxEPG4K9RBZ04N_kbjBr61WtEwmE4mnpXffDWclYFowO92uX1ibSlnxnaVU600-Jpw_Ke4bRS8f68eE0v3wPWPXpInnb9d6Ef1Xm-vNEq6iMv6iWGlLcQm81N8hmHqOsjUTNLpnE1Ff52_E7ViinRoSQlgl3Q2CPKnDK5vO5YX7WkC
Orko'ss Restaurant & Lounge Bar,"City Centre 1,Salt Lake, East Kolkata", East Kolkata,Kolkata,3.9,1500,ChIJ0QwtTOZ1AjoRSlnykogpjKI,AdDdOWrOVlGOe_cqtixC_iYU-kn59JJD-ILoZB8UlBSI433c9Yuba0almPz3WL1BTJmHsYzY4vXFtGLX-2gcJ3X3xnBedFuX4oArUwftYbXOGUJdKHvNOMPFz3pI2uKBz7_lU6ulaNmZtudCmq3jhJrL7ol6Tgy0FgMqerO6HMHxBaXYbTxa
Moti Mahal Delux,"Park Center Building,Park Street, Central Kolkata", Central Kolkata,Kolkata,4.4,1200,ChIJGbof1j13AjoRZ-rC0VoXtVA,AdDdOWojgXYMqc92hIUcWLNUitc6vrVu35TdpGm-Dkv9XM7082-KJmzf67zAKwj7oxctIrOKxqubreuqKzKYqb_STfJePwLQyLJJZQ2WulH11Ck2WDePLCqqODjoYa6_oJ77Thio_Wx1Fj__Kal-RHrpwD1AU_FEV_gQuJbWsUFWNsM161H1
The Sugarr and Spice,"Salt Lake, East Kolkata", East Kolkata,Kolkata,5.0,300,ChIJT1lVVc53AjoRADEfMUgAbVU,AdDdOWogxdBQajbESikiD2eHky8BaRtVH_Wm52OQO5txwXlxjg3t2GC6MvtvpA2j2eWHgCNG41hwM_n4LaTqeQgInLy7gOMELYQTa_IhlaaJnzSm_5wcMkD4OPbJK7UVfSAQJN_E7w4bp9YQj-_jk5aFaJkR09WGnbgBbYpmjUMozpCiBgVB
Wow! Momo,"City Centre 1,Salt Lake, East Kolkata", East Kolkata,Kolkata,4.1,400,ChIJlaWe9w93AjoRIloOddJqmSU,AdDdOWplfpRF0CFqi4_c_pQzGTkAH0HruXSioJUgzLBWeN235E11Vk1HUwMBiDXaNm4sX3Rb9JB9Si-3npFdyVLvFmrkj4XVtF7dO0xrOei9VZ26u_ciD7GGFn6WT2e10TJ5DwDqPuDZaRD_JB13UJP2QM76cJ16PNb9mTeQw8H3bxBae2uF
Kaidi Kitchen,"Camac Street, Central Kolkata", Central Kolkata,Kolkata,4.4,1600,ChIJfYelvBd3AjoRPUyVNEszce4,AdDdOWpYOayGmrkSsNYfaJfL17a78qhBTHT1_NlomUlmuzo2roHmHIui1fXxNOe_y4Mhx19ZWiV4IV3kaKGebJybuXdVSBNb_PFRT3Mb91Fb90QKqYz-HxJGdSkBtkLBBk5WBio7BZuvjnuRpq7ZSMnXoY_tHaCaC13_ZopMn3fd4TESrP2r
Billions,"Topsia, East Kolkata", East Kolkata,Kolkata,4.4,2000,ChIJ68hl6p93AjoRZCrm6Jn-SBg,AdDdOWrtF47d7EJdT6VrMZRrTv3bctOC9y_hOVe3KU_hs053yZRqSCb42tvbKskBPhVo_9N7i_yPIjZfFu-yrM6yrD3-i9s8MCMGc58w3fpHA9nQjmvD_vcbS0s6HGXVaJHFFqyReumhkKB_p_qNxw9mpwI8LxHLDDu4QRFLKCzN2edg264R
Mugs And Shots,"City Centre 1,Salt Lake, East Kolkata", East Kolkata,Kolkata,4.0,1500,ChIJJ8gWiPN1AjoRI6-7_pn_hAw,AdDdOWq8Lyi6sNP2Bq1K0Ptl2-5PvFIpszMRgKObMXklfVvj9uuJTyYgepIyDyf1lmOTIManDPNEqmHXSkEUUcnMLsOHYlPmwM9ssRcqBfegBrbMNGj3pFRS0RFygvbN6O1h1scbaGmyHFTDR0m5__BcA-JmKVNR9HZyk4cYgxP-_5N2NJsj
Dash of This and Dash of That,"City Centre 1,Salt Lake, East Kolkata", East Kolkata,Kolkata,4.3,2000,ChIJhT3JJON1AjoRDuv5M3ImTGg,AdDdOWo7hqeMXS7jU34BQ7nRmN_30TQyF-b469vK4EbrH0a_K-18G0eXAhdcfQQ9u8LL4C6jgI7p_q6UWFEqR3iaKjb54f3LQtqHNxgdgmA9F_NqHaG_6adSpXoVsNlBl00_ivTsHtl9u0y9nMctPZDOjByyl2ZghMsvhz9YXbGMewVX1ML2
Baker's Nest,"Salt Lake, East Kolkata", East Kolkata,Kolkata,4.0,800,ChIJXaAx79x1AjoR151gytoyQVw,AdDdOWr1LDmfwFpEb8Il_F86WfHjAXeLVIKlKW2APHPR7-zUB5p2Pcp9casRt7TZhovZn78277Sqp8xmzCiQavz8RNHVesJXHiwuRS83D27KZVGkEQZ5J7HBQ_6oRe8h9l4ma1_QSM53IpXR2UivvF50G62YHojBQyMnFSHPvyZn5Hks1zsW
Aaheli,"The Peerless Inn,Esplanade, Central Kolkata", Central Kolkata,Kolkata,4.4,2000,ChIJzZbVPgh3AjoRBcCd0tKT8KM,AdDdOWohavc1Et9U_BAxRFEfgcnliwitDY4dw0JgXuA1txBpNXePfA8jENXAMSrWgDO3r6IKtyZLMsORYI2qcTdif-jg8WrWeY4KwXr5f4DXFwSZM3BObhjzjILVpdpVU_Qs6HYWKRLCfEYglEE8p_dDrNtRwS2P0FobQCnKUo1O-Vs2eus
Piccadilly Square,"Elgin Road, South Kolkata", South Kolkata,Kolkata,4.4,800,ChIJJW4vMDB3AjoROCwlaMWE79g,AdDdOWp4OH3YkAuiNcN4iHvgDr1aoSflto6C-BdDmFINnYrK9g6EcgowrOFIlTwj2p9d05RsZwg596To7RsN47jo3Lr9WhkWkgzq-cyYnaIxxXrjWjeixiLMjtz-Ed6eXjzREoHog-dfAFQ0ejICir9nWGxumt7q7O5CiFcENp9jVYc8daKX
SAZ- American Brasserie,"Fort Knox Mall,Camac Street, Central Kolkata", Central Kolkata,Kolkata,4.2,1800,ChIJWQmvaxd3AjoRi-KyGPtS5vc,AdDdOWoH9sSGPijDnoDowm9sRmNqPGpEiQkY00BpFVAu9v1TeIje2Ac3XGXrjJDw8ptIwwbCn92FJI7SwI332ZuIAm8LeLcnuK8IxU3dXr_iX0fFcT1tyNmEZoHMJ6_XVS3odCB7UY3GH4RSvZE7_6ibFoeNdjvroM0KQnMtA2An15Aqg9Wk
Shawarma Nation,"Salt Lake, East Kolkata", East Kolkata,Kolkata,3.9,700,ChIJL8MYKdpwAjoR9p4CIeOjjR0,AdDdOWoXs41jb5eoiv8yglsmEX9hmRKcMTHGVo6uvm7i9tCul9GwPxZ72I0px4Vfh_Dzy-pVKXXAqs-45K_UPJ_h30e3sBGSYMeSkITfipoJ6Tqkt6TyYlM0IYqsO2Sa4iWxNwoaKej7OLJnjAwDH1hPOTuVryPCPsapeTP-WIN5dhppjbra
Heka The Egyptian Lounge,"The Stadel,Salt Lake, East Kolkata", East Kolkata,Kolkata,3.9,1200,ChIJwdDEsDZ1AjoRiESrHqnCTs8,AdDdOWq3NA-FjxmPHs8rbw3jkzXPrS45C6IjBhErnM_DXKoHdYiH5Gtyj2Z1a5Qj9TkETsJKSttCMCliEHWddfR1-mhLpgdMBIvc9NYToyVIgeOk6ynJYyt-Eg-JDOqzCUiEWBkbJObTDnm-27WAAT7w_NZVRxEM5qqBP10LdWv66ORoXEz3
Vintage Asia,"JW Marriott Hotel Kolkata,JBS Haldane Avenue, South Kolkata", South Kolkata,Kolkata,4.5,3100,ChIJrWFFTJx2AjoRCSs98vHWkRU,AdDdOWrA4nNbVsAko20LGxb7YxLJka57PYPprRVYkptTfZTuxZX8foByWcuEuCYfFrGI_PiaZxslS5YKE4T1-IzYIYT7vphx73LIPjmAq1XT7nT9pndfthSYhivabUk2rR40h-ZnnTVvlZMrhQ0N66YTpwK88hFzKOk8TEL3rectpbmr1Qrp
What's In D Name,"Park Street, Central Kolkata", Central Kolkata,Kolkata,4.2,1700,ChIJoUZVvBp3AjoRZSQL0aTypXs,AdDdOWrWOCZsfiqSweE6udB8pA6053ATPGHaTdMshy_3fGDRIf2EaJuumSpNhDpberfflIE7aI7mxrXFqiYiv78AzF5-v5W4lL0GNOkqzW8xrfOxSAUqWiRbZxcDJsxZjWumb2n7HqC27-YJnItPP8-0TEzykBXmvi8sPKlMt8sv-SN-EWsa
La Macario Cafe,"Camac Street, Central Kolkata", Central Kolkata,Kolkata,4.4,600,ChIJMTXemhl3AjoR-AiDrX2gO8s,AdDdOWo1z-e3Tch0l445WP6GrUn4ewvMjuID9h-V6EoDVJDHzSDrlUt-nK4FUYFXTiv3TYW7ifHBkY0-_cDRayfaE6WQD3hSEN2Xi8K-VzI9Ey5PfFzQb7PnVoeFMxmNmMJaO12-yMpXOkFnXkoQ4Le6mXxxOO5Pm6MrAisOZHdcXAWhDl7b
Nawwarah Dine Lounge & Sweets,"Ballygunge, South Kolkata", South Kolkata,Kolkata,4.2,1400,ChIJOemGyt92AjoROl5IrO_nbFc,AdDdOWqlbAYT-dOvgIyYkCcP33_nqlz1d5ASHfOFwYx6A0ma0bIG_Qy7Jyvaa2VMe5MtLhGQ4LkoFK1noHoi4diGA6ElJKx1mKwJsEq522_E0xoqCP0l5Upo1n9e5oDl4-Ncz9_khlBcfhS5a4YSAS4cU_rMGjDA7hpU9Ipz2afzFaznJtWY
The Sugarr and Spice,"Salt Lake, East Kolkata", East Kolkata,Kolkata,4.0,300,ChIJT1lVVc53AjoRADEfMUgAbVU,AdDdOWq-OtlfKUKPwdyb69ZcasF7NbdXd_eVqE1SKt8XAoHXM3kVSFB9EO50325WSFFmW8XTMxS2OVdPBU9pm9bG22hA0LO8JzSLun0NsOBlfwTNKckHKckXu93BN_A66b-t5uCgmjU55Yc5rclMp63I05h9EuQnfYWmWVWVCU6AGiaxIPeO
JW Lounge,"JW Marriott Hotel Kolkata,JBS Haldane Avenue, South Kolkata", South Kolkata,Kolkata,4.6,2500,ChIJYZ_kuZ12AjoRZoAMwZN1EaI,AdDdOWp0ePXi3QpmsTcQRAy_Asn3gLaXYueLH4ngh412u0ij7bVACxrppa0ko-hICrFp3tbD1RgRQHJ-jT8Y9R2MMZFz8rBy8eWjIpjJikl8pba3A2DPgNkqvIexRSteyeH6UAFR9EN3jyiAWIjsg1tCAKQRyKaQoJXHyuHvq7PQsQsbTpFM
50 Shades,"Park Street, Central Kolkata", Central Kolkata,Kolkata,4.8,800,ChIJZ8M-ZiV3AjoRM6lBB71OzdM,AdDdOWpDNvlKZbjvgLsx2WDKrErqpCwgeke8l7e_n6Ail6OwWeKyERllaYGhoh2m11w6MxLwUFmK4A3vp6J_nyofasj75Y-CWIaF8kEtWp4o3JI2DxaEmDpekKABUObwQH3h9n5qQwmeFHS39VnWX61ISpZwMMeJM59YB7J3DWnsJe4Kn-_Z
Krazzy for Waffle,"Salt Lake, East Kolkata", East Kolkata,Kolkata,4.1,400,ChIJX1qPkydxAjoRA6u57Lf5pZ4,AdDdOWqW7Dg2z660oQsZgXuB4fMqkNkk52Uw50B-4XwBsZl6xMZTT2buu3dBYFDjnTED__4KmwMqyTOQkdhL8fvCjlDksDeuz0_0G2Yaq_yVGG7kAg-4wg8P7r7N7QOUXpCxvhGEyLLfJwTyfy94KCd5zLoAA10IPeKhHWD6yN3BYpDzm5nD
Subway,"Lake Town, East Kolkata", East Kolkata,Kolkata,4.3,400,ChIJo7U_dhl3AjoRMjjcWPWoyPw,AdDdOWrP0WhSdD_ip67mLGsvr1L2D4HK8Nq9KlC7h-mL-oNIFdRs5HoctwR-LrnqwyWv2GrSAE7WFVZyzFGqIP9bxHJLTuo1Sb7XNTTCd5lkOLFg52j4q4TprQkXFBaAhP2LW_XvBKHzaFPB0G6L45hOejxmHxZ-WJ1mtHtzqZS66gDbYblX
Wow! Momo,"Park Street, Central Kolkata", Central Kolkata,Kolkata,4.0,400,ChIJlaWe9w93AjoRIloOddJqmSU,AdDdOWqxHDpNrNm7S_pBHnSfSKiEls76Ctqx7Oa1tQQbWKCAVKAukzGaF6YBYkv9xjmF2C49BikuIOH19rQL_8J1jSyGyPFQwoNna6ufjx5bHdcAIjrbHcjtL3DZsruQTVTMIENzVPIH7qa5JXVEZytp1L5X15-t--9zE9N7n1kbvbHM4bmi
Hungry Hippo,"Lake Town, East Kolkata", East Kolkata,Kolkata,5.0,400,ChIJYybBvfx1AjoRXcp2Y9Ewn-o,AdDdOWrtm-Ey4ukXfSQBcJ9h7ErwEVL-diEK8fTP_uFRUeOjuR0EdptCNyU7Je3sitfIiKJZ3RUKDPk5hIeaGit8HBCgUKCFOkSHK8Vy6dcLNtu83EikTiOkSnopzQcmWkhVY7j5DS5hCoSScw7l9eGHY5m4FZwy1SeW-pCQp6f03CkTrj4P
Zen,"The Park Hotel,Park Street, Central Kolkata", Central Kolkata,Kolkata,4.6,3500,ChIJH_P77xN3AjoR3kOxKQo0ZfM,AdDdOWoRQf8fySU0zf5K_G7i778nQ9OLX9q0eNHWrFvoe_glqDQPaGZucTyKJrdK0jqNPqULMV_srjfLnBgggZ2N8keuRBgjuSQ6hGQ4AlUbkWoN-hj-K9iETzaRNo4s0TcI2jBx-IVBlpAf0IHM1NfjOk0NHgG2uwx3Znz6kcfRz2WoZTXc
The Irish House,"Quest Mall,Ballygunge, South Kolkata", South Kolkata,Kolkata,4.4,1900,ChIJS4crN952AjoRDrmCzn5IhDo,AdDdOWr3yrmWSoCJODy25imbXtLPgZ6M28p5TSa9Uec2mTxzXu0xc0Ux-Jc3poH8M9rR2YY4WlZ8his9WNH9NvTM8Ttqdzswh8sETdEeqWztbQlpBAbIlyH4b_LLcQdWlKSX5sE1AhWNVSY95UuGdK6t-AMpxbqSCKF0OgbzjC-bMvU0eMw4
Bombay Brasserie,"Quest Mall,Ballygunge, South Kolkata", South Kolkata,Kolkata,4.3,1500,ChIJS4crN952AjoR72F6OpnLoZ4,AdDdOWo2qVsrjVGG5R0CEt9ZhEAqkQE1w01x-sWER-51LUzZ9w2j5Ezm6R99cfnobcCfiOD55xf5rZS2ci7QwVwMk3NBLkCbaUfFZifoUhfpHMV7clVf7xPBQYlp6BekQ-S_1JD94FBPijD70c-wg6UJT9leVF2owhVuKqe1u328m-64-T3F
Mainland China,"Silver Arcade,JBS Haldane Avenue, South Kolkata", South Kolkata,Kolkata,4.5,2000,ChIJT4gdmiF3AjoRrsLz118FiX8,AdDdOWqERBUPf2yS5S50fBHg4Ow6DdRRZq1G-hk9tJi3D9DqWF1UeSskYJOawAP41vt6ZdoWatKZ1OZNWrReyt-9LHM5scvBAsbYlj9dspA_rYtQlFVWMMvTcjopR982IAeiYwD_osVRhyTM6bDAnhkJtc6u1d1emjO5R2cg9h63sV4G-e-E
Fire And Ice Pizzeria,"Kanak Building,Park Street, Central Kolkata", Central Kolkata,Kolkata,4.4,2000,ChIJp94dey53AjoRV8Iu88IIEhQ,AdDdOWrolXwfYkT7f9wIbotb1ZVA0UbFjWfsGyoi3MDzrqHCYWYkuC2iLB1EBpTkav0t3rFt2PBmhbLFnlxmxM1LE26cDBicrbUHKQ68h3hPRO8UU_oyJOFFmX-GCMYyA8OdKcR688cZIxLOvgqgDuzRbSTy0JgR2VlXMeB59587uqyxAc6h
Oceanic,"The Peerless Inn,Esplanade, Central Kolkata", Central Kolkata,Kolkata,3.3,2500,ChIJYflvWFh3AjoR8QJ_7itTD3k,AdDdOWpdEPNvUgF-QuejT1KWU_S1FvTcxAE5NRKIJNZzaRU-5sVP5Lls6sN_VQG8Nx118fOp0LojPZKjBLqQxr2SR5uJDv-q3GYBaAGW49-3a80j4yHbKWXxtzVvn-fNiYIIuqNBnqhx-6r3guBVZtJmsJFPLQUAoLjyoQqw2kFxQXyAD6sq
Kitchen 165,"Tangra, East Kolkata", East Kolkata,Kolkata,4.3,800,ChIJ8Xx7P2V1AjoRuqn4pw5TgRw,AdDdOWoFe1rKlqDYBtmUK_fEnxE278J0QBGecuenMsX7itJaCp0YjfL_OcbHx7WPDuLvClZYJQfbZl7zWwYpai0gBEiUrJe36lMpb8LWOMNBQR5heTbSeNAzdUQBKF3GK0W2DwacgqyvsLSYEKV657mt4xVh09ulV4AHpfA4jGpkB78BWfxd
The Bhoj Company,"New Market, Central Kolkata", Central Kolkata,Kolkata,3.9,600,ChIJr-aUCgZ3AjoRYUBpDPUmzV8,AdDdOWrG7I1_ksFJSS1j_xkF5vW6jVVEhW6bEk2pAIGng54NxOy3rn6ugojpFcIeut1R9sjAEWfopyDBa0NcYV0H0yOX-eFYCIjYoJezAY1-PixqYdAgJOPgld8uPmZtQAm0zxcEA0oT976qSa3rqLl7TPnqbuqRwcezSYFDu3pVLVKZDPV5
Kasturi Restaurant,"New Market, Central Kolkata", Central Kolkata,Kolkata,4.0,700,ChIJ9SasSCp3AjoRYmFcSPR0P3M,AdDdOWosXS1FCe7w2cHGUodag9Wf_4dOizknqQHWOVNBL02K8e8CD1CkBu_gDDU6bouVWQWqYHUE0G_LK8CVKyEbdd26a8fv3cGhQqjCKoE4sXuqO2MxLJQadRioyCxunwS7P8PSSQS7sWIMErv-TDfQSqNIj4PlN_8DbLXL-70N8kmIASLA
Aura,"The Sonnet Hotel,Salt Lake, East Kolkata", East Kolkata,Kolkata,3.9,2300,ChIJ8-F1DTx3AjoR7KIrKeqXdZg,
Wow! Momo,"Lake Town, East Kolkata", East Kolkata,Kolkata,4.3,400,ChIJlaWe9w93AjoRIloOddJqmSU,AdDdOWocaFAI5VweUBlsLwFOqHqicm3TBG2iUSixdnRbSBzCJZRY7qpq_yRaGRUoxqNB2idHTTsITfjALqM2foMC4BSUmbdGoVcUpA3pntYMui26EUCvAjGbqMlHF5TVyZmvCMekGXVpXofvayoEDaJAp6r7kd1bNsf5bP0YPZW26DjuqUqW
Aajisai,"Quest Mall,Ballygunge, South Kolkata", South Kolkata,Kolkata,4.3,1900,ChIJB6vaN952AjoRWkoakuoiKL4,AdDdOWozbWVYdy6AQKkLL7c4mjVVBymn_9T-GDGZnLvqrPh4aQmoa5rq-Ghc1lQ38AUCr8sRkqmEKIfmIHvIiYD5xIENZTenjrT8iNw1iGIa9y2tyxywrpGqXyI9-j3JNhgbSUs1hhlL95Tfr9hByKbRv_44wjqtjzie_rSQa0Yr_ntbFTbO
Eaterniaa,"Park Street, Central Kolkata", Central Kolkata,Kolkata,4.6,600,ChIJ27H4NAd3AjoR_I8lfDilcbA,AdDdOWpAGfPBQeyLzA_tS8hQsx2cdbqiN4ViluPSHoOl2hPtdRsQw1EXs6Bc4xLk_ScmT_X_yWggLFbZpr6cHUqMsLUX4ilTsrqnbFNoz_NhdSHLtSNQ4TmXYKG-37_pgX7S2D1RckV0Sf2eVoGnesez7gg3IBRzjAE3mC-vqtB1JDbOt1bf
Sanjha Chulha,"Park Circus, South Kolkata", South Kolkata,Kolkata,4.0,500,ChIJiz9wgnN3AjoR__Izkjcgr8A,AdDdOWrsP_toN0gN4_jTt94u3xTgPVO1BNVjgxPyteYhQDFWudCSV_YUvssbzUEpWSu0M76WxcX2kkCmnv3ceUucOkVyiCuO39T1ANTgcm_tuF957jFWacnHdbQivD6QF5PeBz9lBJctTGAxw1D2mztLrl2pFzll3A4pvVAoCVUpYnnPVEX8
Five Mad Men,"BIPL Omega Building,Salt Lake, East Kolkata", East Kolkata,Kolkata,4.3,2000,ChIJsfxwho11AjoRfEhULPB-h60,AdDdOWo1eTt5gOMC5gLltC5vXA6nb6ojVSjREckJWE_ZEM7hg6rR6tkvHXG02VHUVFkFZFPknNB-im7Wn516p6ViVEUaw4pgAxRoQbZH7dAysvKSg21caxr3u-0le1TtEz7Iy76FIydKFnZLehDEIcYqdjFCtdcrPvBv4Dym9GqGAUkm1v-T
The Burger Factory,"Salt Lake, East Kolkata", East Kolkata,Kolkata,5.0,700,ChIJf7N2un13AjoRvrCgVkWJc2Y,AdDdOWr8EIgHn5M3YjzCfcSF54mYZVZvGY-CyCcEIgNPZTL2uBbeO9BI3CetDm7cgAY8VI7bQFH0Z5f9fftY1PVwod82izCYlamS_ZtBWotx2HpgLKEydFuJN_oTsh_FoPOfQRoyn5cyVxmsym0jOPK8Yu-lhQXoVPtIz3XJewksZgUKVOKl
Food King,"Park Street, Central Kolkata", Central Kolkata,Kolkata,4.0,300,ChIJVww-FwV3AjoRuoJH342xNHg,AdDdOWrBc46NpGve_syGZgJyE835wdwLAm8pOXzR2Y7uE7Io3BdHJHsgK8XpVU6tSFOWHrz6_mQVoQGcTLbQBJMDFbipdpsik9i4L9a3u_bFDXV-v7IfRNk7zQ-QuEFJFvO7b6aHWDBXZNj2s-JawXeQqx2Yxo-e8K454VEiqapTDpxoHGxn
Chowman,"Salt Lake, East Kolkata", East Kolkata,Kolkata,4.4,900,ChIJdSDwlux1AjoRI-0g8Gp1GzE,AdDdOWooD6AKehaIx6Qkthzhf8b5LdyHBPAAh3Pw9tBBW4QbsU5Rg-zklYAKhtCTIPEw4bI_zm0j4YADp_XU0ca64syRpJTg-yx8mRPrifDrxFofbgztiqid9rqXnYHmztRfHH9y7t6ahvmeiYxIEW0RGDoTXJMr5HdRdxeZf2R2eKirUTcf
Since 2016 Cafe,"Salt Lake, East Kolkata", East Kolkata,Kolkata,3.2,900,ChIJV6GlUJd1AjoR_0zBpt_tKfc,AdDdOWpQEKBEvzMEQMB-KcZMPvIomYNKIUSdeeA7p87O6c2k5B0TiHuyQ-RilYlIpFeFZfrOunQGqIQCAgyshwMlPnTf6LLAc6cau9Hk0XPsjGKPLp4IopnAKV3Fgt-7kM6_hm9N_g3l3PrtCmxXqcrDvb_iM6W8P8qFDBkCYIWizrPlk4fi
Awesome,"Salt Lake, East Kolkata", East Kolkata,Kolkata,2.9,600,ChIJwTQ079F1AjoRNjztA_kHcLY,AdDdOWqgrKgxXcfuRQ8lmIII_JYDDfg06Y6sg8tiyhlxNZrghZaQz3Sm2OG3Rrbs3xD9KeKjD0jHe8nsqQD_qr3enrXGnBr5CF9HHh67rVUwIoiWA5ZnQzP48Y5R5BbRNE5flL78GpeZD9fgOpudbVqh5wYQXjO_1Omj1saRRhOrQfDIzjqR
Wow! Momo,"New Empire Cinema,New Market, Central Kolkata", Central Kolkata,Kolkata,3.9,400,ChIJlaWe9w93AjoRIloOddJqmSU,AdDdOWrE1aeZsSLjagzjxxqnWLQdrq0-c51O1g5UtxnqD_lmfkViKIKHeCw8SFH_wXCZIWuk7lZZru8RO04SKzuqfMXMf6VAHUEf0ToJicLAWTvIhpwjpw8AdTsnWO5d9tOHrEiSCNXjCOuKB9ImRlRzH402zscQUr_CsVEo8Ev-s4N2bVfQ
Mugs And Shots,"Taltala, Central Kolkata", Central Kolkata,Kolkata,3.9,1000,ChIJJ8gWiPN1AjoRI6-7_pn_hAw,AdDdOWp3l8KvFoeOVASC8ZBWWBV8mMYqGyQy8HepLLKuGGCkB6fm_lAwXsOevW5bV_Z09Di3xBs_lCsAkj89PUOVqzac_MOpex2E-pMSQRJBdNBVv__gsNvnCgIbAstJ9T5Ycu-7wosag_KdNkTbJ_O2eEC-fEAdxDRxKaXYdJ1iDD-VskWw
Oh! Calcutta,"JBS Haldane Avenue, South Kolkata", South Kolkata,Kolkata,4.6,1800,ChIJtYgPxRl3AjoR0FiivmONMjs,AdDdOWpRPNbmWXGuTPcRo1h4IW_rdJXX5p5I5YqHBxmnz_1zDXRx1Xqv28grYHOwdFcRBr-_j7TftspVaKSdsBHLnrof5HbkT0QLnTod5v0C3btMNs0oD2YtupMUcgbpXOoKGUJRgVizvAWFWDnFwAassX1hbULd7CeRDxChCsuQLax_EnYQ
Unwine,"The Sonnet Hotel,Salt Lake, East Kolkata", East Kolkata,Kolkata,3.7,1800,ChIJ01wwIcd3AjoRVAJObAQf9jw,AdDdOWplvuGTq9GxVNGeKy1dTdJK935d8LgIcugnY7TavfHAWNDLl3iUiZHZWlpGB6HTmqIHZg_QUVcjClYFp2Bs-5BBdWsAiQjIVlUnBhS4YcuHFqjiVqEP3HPyG7R55jUL6bz5khykQ4segWvSM437KA32s396DFXhsR27fdOR1hOTTyU4
Don Giovanni's,"Salt Lake, East Kolkata", East Kolkata,Kolkata,4.1,1200,ChIJW5cpXAV3AjoRYe7niEJVcBE,AdDdOWouvEIvHxxB88DPvKCF4KzuceR_1Nu3ivjpsBXqS8lW4JzHTq5vGJ9fGhhh2fnPdZiONvbsvX1bAIIiMci44MmGUZ6JCQikwKvWPPaXVcrjVLnZJe0xtQlRPog76zwtxmgwr5U22n3EActoE9UwCMVGfnoX0-oQjMKIb5m7VdHUDY_h
Ego Retro Lounge,"The Peerless Inn,Esplanade, Central Kolkata", Central Kolkata,Kolkata,3.5,1500,ChIJ76z5Eal3AjoRf_WHNN5-kxc,AdDdOWrIHF6Wv1o9o1Hc094C-ibaP4YpST2sRO7cKJHGPr5tJuwk0Iqu92JBsuXcPuRyCFFIrIiMNBeNx8aAv5evLpYZBhRaOd-cgquFJcWlYtPUDEgC84BKGD_Vo0snXZj219fQrDAuVRDyvfiS9lMSXUlGrTuEc_Z9w_S6FPjnEMkbvZaf
Subway,"Park Mansion,Park Street, Central Kolkata", Central Kolkata,Kolkata,4.3,400,ChIJo7U_dhl3AjoRMjjcWPWoyPw,AdDdOWq_Q0utVmA2j-OGIRCk4HVEyCylJUZXueN0eSPewZ2p2BwGt-BahENuwrvaEo58OlECATcK1VyrRXIAS-wma-1uO_6r8iWr-y93C36iKjZSzJ_gGgf2DdFntLvOK6QMZR_31PfNVeSF823icW8mhjhVZzJx4YjnrHWQcFKTO3qT49Dc
7 Days,"Salt Lake, East Kolkata", East Kolkata,Kolkata,4.5,400,ChIJfU4lFbR3AjoRIkOY6Carf4U,AdDdOWoZyXZFVSzCmIXZ4ks3d4xyl0Zk73om81vHrTCceuU8ABm4difYTxFNa9hHvZYOeXhWxALBTTfkCqJprkzQpu5ZYy_J3XLh8qqYpsJ0PaWo2mSaRlDp_gIH7L20LvqBLclZjOBplKUKpEDRz-TA53a0hezfs-usg2cuUmdD2y0tAX9Y
Hit Wicket,"Salt Lake, East Kolkata", East Kolkata,Kolkata,3.8,1000,ChIJPaUWXMF1AjoROBVnOAJtBfM,AdDdOWrg3ED8QQEEhMPuzrwJAslHzLXW2P7Vt6nwFKCsPTwJAnnso3utV-taYvyV1flCa1g4b53g9zup2bG2ZW6hTKlpPZwa31h8mZoyRjZXANs74HHUT4uEX4F_C3OW9CTy3QebMK6IEWbWRm6WhCJTdbKgWYtmORN1vrgzCXL5YeXzX1xS
Tanngo Chutney,"Salt Lake, East Kolkata", East Kolkata,Kolkata,4.2,700,ChIJlxvybCB1AjoRPtXfEVtJVJA,AdDdOWoqG6fA_i47nzO4dNuGXsjpd0kRm_tagRUt5vhN8m6_20Xb9j_w1sSx0SRXIAQZGJ2Y7V6SNLwnfs2WwGb7iExymvSmQ1Tra8rUvcrn0lFYEkMDB_US-stE2L_T-0HM6ZnO2_Tu3AZKZyUysWrBDcsUurwU5wmKhwN9lph6ZO3iFE82
Yauatcha,"Quest Mall,Ballygunge, South Kolkata", South Kolkata,Kolkata,4.6,2400,ChIJyUdILt52AjoRGyAmYKqbOdE,AdDdOWq-Zhmm1R5CjezolIfIORvFiqE0waZL3nn14W7TQDCA9FYrzWa7pCfECgY6XL1ieVj_zjjT8vmZniE4Ct5OwhNLNFuf0P0FjNMdTZMr_aE7ldtBVLoxkXYRyTLpPmPHoG_5-RWI-tlzyTg0DtTkzctoVsAIq4ZvQdpTf2ZMiq2p8OAq
Ozora,"Acropolis Mall,Kasba, South Kolkata", South Kolkata,Kolkata,4.1,2700,ChIJCbjf7lJxAjoRskv1RgAXlAU,AdDdOWoUdZD7vXtOeqj9elxLA-Hm-NoE6CgLtNicL5c4fW056TsTtt1jdF4HGQqxA6qHo3c975LK0pHXk-ZSDNANLAAQRpQrgfwt6Cy1UrZ-aqLSjSmPoQw_kngufPGLGxObwR4Y99byFcVDL_ls8R7LL7-GyKAt4bBS1Cozp4wBFCZyE9ea
Aqua,"The Park Hotel,Park Street, Central Kolkata", Central Kolkata,Kolkata,4.1,3000,ChIJMdYUnA93AjoR3bVZk5MxHXQ,AdDdOWqKfTQK19JAfsJ6E4tPG0e4_DxCGPs9ziyFDYJNsP_LjBJU1y50PpIy5ruY_zbXrcCuW_rR2WHHyIS4dcanTaG0Xc4K_wWavW21eEd8K5u3h_2ruYiREQpKF6uyOyvqy0KHDW9sBVgqTTi9fNc_Anjixz0IhxHdgP1pRJw4eFGPH7HJ
The London Nail Art & Cafe,"Lake Town, East Kolkata", East Kolkata,Kolkata,3.9,500,,
Asia! Asia! Asia! - Street BBQ & Buffet,"Salt Lake, East Kolkata", East Kolkata,Kolkata,4.7,900,ChIJmW8pyJ11AjoR9ALZQ96REcg,AdDdOWoUlApwLwvPFvsqSJtu04OPhh36cvKIoV1ZDU0PDt_NOuNbMDxvUKwRiDB-0YX4Azu2x3cJJnSdSuIc4lM3JNpLsU5Ljxls3P2G91hSXT8pYq95Dd7N4ZxVkdZT_hi6wSEY0_OQerSEuTwBvZCSSw5Yp2LoQu1L2sUaVsmB8g1SHCDW
Wow! Momo,"B B D Bagh, Central Kolkata", Central Kolkata,Kolkata,3.8,400,ChIJlaWe9w93AjoRIloOddJqmSU,AdDdOWpuYd6Z-FBJYkqowpIAvrTE2xj7273gyAo-Y_TZC8sQ1os5pkLpEztNaqG-KNyC4bgHY8oSQu7xNY1hbW7MjhxlgTsRCzDKNo3AMTle7m7pEsGpcw4vmi8VjYCrRIu950Nv9In-ACzzrRV_eK_ze9rchOW0vDgLGD-x4bUO7UlDhGvh
Don Giovanni's,"Park Street, Central Kolkata", Central Kolkata,Kolkata,3.9,1200,ChIJW5cpXAV3AjoRYe7niEJVcBE,AdDdOWq-4eB2V7xwlSgJ8yGlt8dCCZlRNS3mYttUo_dIEj4_gdRtDkC9cUvuK_d_rRBaVBArfOn7hzw6a1fXjo8aUia3Y3wU4nfN-A5rFVnL6hgAnviW-TSzMTNBB3QyhTK_Ww_on7f8aUNzLMV-yXUHAv6epTtyfd_JpdDV6cIm9r07hEkt
Ilish Truly Bong Restaurant,"Park Street, Central Kolkata", Central Kolkata,Kolkata,4.2,1200,ChIJsyQCuYh3AjoRFuIs2EaBF0w,AdDdOWrJ2_oUX9f-obrcDcwQ7-HL3HLAY1tlKdKBUw1hZkbH18HwRi6XMoyMCDnc0R8s2RW-02vUJlGnFiA6U4jiq6vSSzwFWsCSOZBrLKag2JIO25EjBygYO7U5Tj7jFe17oOkhg6-beYUUfJp9oc9JsbIB0GOPM-zKMuR4CsQ6ZRHMjhra
Serafina,"Quest Mall,Ballygunge, South Kolkata", South Kolkata,Kolkata,4.3,2500,ChIJS4crN952AjoRa7OouD-FK1U,AdDdOWroVfvAcBeyUGGegFbSZSKky5V6P-hmlbVa-q5SlTOTnETjdRShvXzYwH8wNftbmaw6LL9SSLbD3teSVWMaz_xv5v2MsbvdnUicBJ4CEOsTqEnR4y0RbEQR__S4Qd96CPLvWFLe7npM5JusMCJcO-7-2YqN4LEdOerKTuw6uW1wrsI0
Wafira,"Ho Chi Minh Sarani, Central Kolkata", Central Kolkata,Kolkata,4.2,2000,ChIJRRK2z253AjoR3iBkHwcqCeQ,AdDdOWpWxVwHjT7k9p9rsLF0IKdfLNV9pSbecPsOG-Q4Lev5bzPokXxpOnIlsjhZqV7oz67o122K7VDabtchhD3-kE846nM7GkLhjr7qLAADV1WTzuU7v3usCZmhoCY1g6obmcIWGsUD-2lxZ49meJxYma1FDeU4l16acXeeF48vzofZBDub
The Accord,"Park Street, Central Kolkata", Central Kolkata,Kolkata,4.2,700,ChIJp8ejOAV3AjoRQyuhrIsI7Ro,AdDdOWqQk1ZR9LWl1Nq2C456eXW7-LDpW5Z7JgyC2sau7JKXp9SA_Zh8OFX1iYl9ORHfr4GpJfFOsj6LAVcFgsvkBauJaNLX-XHWyPv8uEDlvBpHoJX0sH0QxNFm5cAp1BBo-WpK2cvHOH2RS7jmN5iM0sHJIiNJefktUIdBftmY_aTJsJS_
Wow! Momo,"Esplanade, Central Kolkata", Central Kolkata,Kolkata,2.8,400,ChIJlaWe9w93AjoRIloOddJqmSU,AdDdOWrWnwMlwqOZX0jzfCOCs2ca8sUJ4-Bs3z4HSh2fg9vw7fVzJV6BZ73bBS4fZvC1bxTwBB5cBpxzXvD-dF5Du3c-5ZGfEF0MmpcQJ-wnFqfp1D3BTMfqG-RQFVVRbz4QiWYV3xkp4buPQ4MkswHci-gV972mF1UqvRBoDdfEnzPyDX_B
Hotel Shivam Restaurant & Bar,"Hotel Shivam,Howrah, Howrah", Howrah,Kolkata,4.8,1000,ChIJd_RrR5V3AjoRFk0ZFwVhHys,AdDdOWppl7z-PQWatpgj4rWEyX0dp6ymMhsLSDFKTbIljTQ6pp2TWCGUxW_WDc0nbM3ffNy-BYEjS0q_CXpt7bnF3iUr31bVk9eEpiBgvURU4Vh7M75r87JtZuG4jeBKIKpgkn1N_IYeSOVwbTblOCoWsi9PwYypo9bM03c3OrkHs-5uq1ja
Kung Pao ,"Salt Lake, East Kolkata", East Kolkata,Kolkata,3.1,800,ChIJ-9NzdlJ1AjoRJ0VFMnctnlU,AdDdOWolNtAr9ypPK_UfblNNePstnUeEmOS7P73xnVCU7nmlxue86wjdPNpGoVzN2-A_1IjqH63nSIUbnKsH1U0e7iezI9R44jsZLNXREKSgG2CavgYS7vqyFPKkeSYDjxxJE6ov59BFXCxKeP0ICVBl_woAAM6uihpUsdhxnozRFEPArEua
Monkey Bar,"Fort Knox Mall,Camac Street, Central Kolkata", Central Kolkata,Kolkata,4.4,1800,ChIJxdvLaxd3AjoRoEWW1NsU7UI,AdDdOWpR_Fq_FrUTlTSWwtvJkLkavpQZSeJkoKX8suOom6S4SbkApNbjfYA20y-UQzxHwLBQ9eBMHKyQ6MtD1ux8zqId-0RJMret_KhVHCMzLQ9go1F6LJlwQwwH8gUHHqQay_-GyyWUpu79SlGTBdeOVvYNFNAtV3KuxubFeRWD_aSbLHVP
Hotel Sawood International,"Topsia, East Kolkata", East Kolkata,Kolkata,5.0,800,ChIJP1g1CpR2AjoR2jWQpW0vGwg,AdDdOWruEqPDovsH2Rt9APl9dsCtkniTUPFPLNtEHXWoy4H3R59VOrv9R1zX26PprK7drRXVIu3RSRKD1aTPldu8feSdLHAONyXF3TpmQ8iBkpFOKs807Uxd98OoNYzxtb1yejBe2iCFpvlEIXCHX9ZsjletLVOA3t839_3hHyFYLCjs3T-M
Moulin Rouge,"Park Street, Central Kolkata", Central Kolkata,Kolkata,4.1,1200,ChIJ33o0YBF3AjoR46_E89cGkJg,AdDdOWpxRyMTIwawHp-GRckSiA_WkzYi9B_20wdKdTGA5vygNc8F0KroLotnldHQaKGUXLHA6TKe5rhOrrpw7X_8RmCkJOWT6ktcbxsFeJCEazEAi2p85xceBOwuiz5BfZyC1I724yC8G1mi_ArWbYi0RdKXsgkFLm0vfyL2f59ETwI6Ygm9
Waldorf,"Park Street, Central Kolkata", Central Kolkata,Kolkata,3.9,1000,ChIJD2CuWIp3AjoRUP_EjuFDfoA,AdDdOWrDihRwQusFMmX57g29MkfKaEsBu53ciBt1_6DRLj9erkVFz8vvpBAh5tecJC-wdScLQgarDgVyo6VtrMvODXZFQ3x6f-U4YGQm2clFfM9aAT4GUkNk1VW9RhBUfV79KcfNwUhEIAD2WR4yCzs81KrYNeb7pMdbXaMy3mtoQW3z4KOZ
Barbeque Nation,"RDB Boulevard,Salt Lake, East Kolkata", East Kolkata,Kolkata,4.6,1500,ChIJb93BuRp3AjoRqdxyBozdusM,AdDdOWotlZO0h2YKbI3Kbimw4IH3RWuQ1JSJS8HcBmDIqyqaS94Db0hYwuSnApL4aTMbiMuHp9lcUiyX9_iFrtwO-YitsfgNw_fs0o1UjLdk0nULkWro9IOSjrbFUlHXjXXboU7j9F2UKxw9TYpLf0KC8kwur_CG4IeBeGG2Hnwp6hrP9udD
Someplace Else,"The Park Hotel,Park Street, Central Kolkata", Central Kolkata,Kolkata,4.0,2300,ChIJPdHCmA93AjoRUWR5wecRWeY,AdDdOWrqwMrDJMDt8jSosWOmEnhTw5yG9fnM1zdLnhyEXuhroacqRguqF7KXIRXrOBdi7jXWezFUONtmy5zuU5yQDtLkV9riwNGI7FeLZHJ3B1PRUXesjzbTGvrlvkTCApkSkNXIV309HJRIEKS-2lXT8rOYnikQ2IuGJw4Z7_1DAElI2Fti
Elahi Luxury Dining,"Park Circus, South Kolkata", South Kolkata,Kolkata,4.3,900,ChIJ7cUd5IZ3AjoR7qw0h1JcC_M,AdDdOWqHn0fh9TMqt-QnVad2tbB5ap0RBdXeH65oXOUpnUJs2LcNyPt_Pacg9MV8MexfQtQ7yxXCbhVfnsVqm8SOkHjSIsmYzq9X0EEenUIh2Lb7dfZJjEtMH_hUhy-o5bu4LBQu9dpgaQJvmId6yQGS45FlgBWDYZTY_3xrEzjQXdrjTewg
Roll It Out,"Park Street, Central Kolkata", Central Kolkata,Kolkata,4.1,300,ChIJAZYdPlV3AjoRjjUZoT3lEWs,AdDdOWqHVSmTCke2880O0ZeTQJ5bLVOZqNne_Gk_4zvB3eP2E2EEE238ZCCvOzo-87QehtKFkX59i7ey20Tnh0OVfn-G9nvKfp5VqQn9M2_-zrIJ1P2iX10wbBCmYoAQdjBkUoXClqzYeKclI6h6J1jkLnrkLuC-ecYveRHjOSGGxoKM0pPM
WTF! - Where's The Food,"Salt Lake, East Kolkata", East Kolkata,Kolkata,4.6,500,ChIJKXchCMx3AjoRkGEpVnY9keQ,AdDdOWpoGOxfOtVByQbDAFpKe6YiyFyBTLv5Xv25R9WmsiqmVWEIvrASWG62KGjX6AKXftAMZ2AaF_bRgZDNfgKCIcwGQF2YIsU-EFtN0gkytO96EnX_uOhKVei6TXgTWInfOJg8htlM-nK7lPycAS5R3peTipo_IKHenf-Nmps8wGN1Vw0O
Chai Break,"RDB Boulevard,Salt Lake, East Kolkata", East Kolkata,Kolkata,4.2,1100,ChIJwRuQvKx1AjoRExdiE7DV1n0,AdDdOWosKJWkBdugIUyIcyyC3GOlcUml0dvPNY5xcCZT3LOq0NKxsUz_fFq-O4aBDj4ukK3_W-VS0sOc6PR5QAKlgKGmGuq-gyweL8gj1KY0uRh9aqE82lDGnZByZSLb7v7zB9swUvfMCYREep8bYKpm9aHTLRFxXIyxWefwzZRQGLIO2rvy
Meals 'O' Memories,"Bangur Avenue, 24 Parganas North", 24 Parganas North,Kolkata,4.5,300,ChIJFVHLTGp1AjoRmJLZ8qWON0g,AdDdOWrH3_Bb93Yeg8RwtiItURSvUtt16HyZ7UQdEmk8A-ooFjfyZQmlLfqwywgTeRzSigGtRbtNZkQVYkMoPR_nQwTMEGhNg28DeBdVrOLkK2bAHJwnaMuO1a6l8oGhnocJueGsLwjsbBD8EoLXVrNa98yGRKX-ZO8pC0FNzQ2FlSTCeYJn
The Country House,"Elgin Road, South Kolkata", South Kolkata,Kolkata,4.3,1000,ChIJC9aH91t3AjoRqj83rkb3siI,AdDdOWp3HYiVlqrWOgtn866rhNbhhwcrb7DXnvXzXkhxCLUZKOYt5qKB6JBflmoZjT7e3_RuuQJrcvBjfRP5MGa5rO_CHy9zfD01KSaXx4OtaFYN5quGYh3bKM5RkakQ-njNx87Osuvr3hvBtP8pkC_MW-hdmRGNMlSsAO6zzIJmOVTssp8n
Chowman,"Ho Chi Minh Sarani, Central Kolkata", Central Kolkata,Kolkata,4.6,900,ChIJdSDwlux1AjoRI-0g8Gp1GzE,AdDdOWrAxrjrCXD2Tz53CaWGJNm9PlVEAXIIaofb8AXWZYe6rBa0ZVNm8j0EGKYZPeSV9ZQ7eBIasakPjDcAGc6VJBcpLB71N892Z_h-aNHNnPU08-jvZQEX7s2uCz9JqY5FjACjEoGUshMZ5WYrF803ft-SP-RZgPMZJ4oEF1mmHE2AJM8d
Fumi Villa,"Shakespeare Sarani, Central Kolkata", Central Kolkata,Kolkata,4.7,600,ChIJY2mOno13AjoRe9y66Rc-57o,AdDdOWpKPuTl4za16jWT9DCkS4WW01g3IMgk6mc9W-gcmJN_0N1e_V2fohTrHUAdjqch0TPKuR1SrndryUMhCsoWKuugNC_sOodUnT6rtp4h3ucAogngLn7fHFliMeHuHUWBo5c_6mGdQUujCm92i1DNHB4Lt3PKIWiKY2iTSFrss05qf03_
Ralli's,"Camac Street, Central Kolkata", Central Kolkata,Kolkata,5.0,200,ChIJVVVV-Qd3AjoRW2BHuLP2i4c,AdDdOWrsV4_9NOltmG0YXRcpIrhL-xfUkfMj8v1lWS2rOh24h0JdEuSxf1_r9YqHl4FqRzNzjflk-PuzLKKjTRUPAQTgkZNoermKJT--wHqdCxspI4e5Kau03uV9iCDQJlQhs8Bdyag_AWNwwxvo_7T4Mt8TejVv-E3wrGPQ9eylkoXnm9cP
Indigo Delicatessen,"Quest Mall,Ballygunge, South Kolkata", South Kolkata,Kolkata,4.6,1800,ChIJW-ko9Jp3AjoRklMHlIZP4-A,AdDdOWoWZ1EUmRQaa5plpVy4_ErkbP5FSc5x6pq7FllhQe3eUKzt1Og8pwX5Y4pVa2WCdCQXW-x2OvuNO98g2jSceFCstmFfzeiKAFkYhF00hw5CgA5HZgbDKMsJndlM6od-ObCpy7X4yuR1SU2eZV00USUDLreNn6Yxzx3NJIj8l0X1ab0x
The Street,"The Park Hotel,Park Street, Central Kolkata", Central Kolkata,Kolkata,3.8,1200,ChIJ33o0YBF3AjoRm3Y_FjJzha8,AdDdOWp51hsI7v05g11yuMYYovsuLZZd2pu9sD4cluFd0DAMxJE7EGRF8wGAk2bsvt7fY2pDvsycQZB0qiAAhdaAUFkL1j84UL8_PEY7RCqdEz-O1ykH7wqzp5feM9giAyrnKi_qGRWxJ7OwHVrSE1Hau5wddIUBel9u4uk3GP3m2BpaX4WZ
I Love Haldiram,"Russel Street, South Kolkata", South Kolkata,Kolkata,4.3,400,ChIJ8Wg5dxd3AjoRMstzp9LE6-M,AdDdOWp-FtPtBAGufoKI6GAl-Xm8GSKVvi4sw1pT2FroFKqax0Efk2-UXBPQaJitxePe2E2IIrtzB-_HYUq9kFFPnV5P5YoCWD7Tdn7UsWARvuoqIsA7gS8YQfohOwdDRDUbeAzmTvqIofJ1_KjmyXFFDCAUIfDTV38dBRr4cDyrCgpJ1tFy
Magnolia,"Park Street, Central Kolkata", Central Kolkata,Kolkata,3.9,1200,ChIJMZkseA93AjoRHE9HecW6eUA,AdDdOWoxIG5of-YMq2HtSvoiJG6ZZkuL4nMr7IrKyBS7rPR13wYySLL3Y1n6gw0b-Ta_OBC6QEInz5mC7bcWc0Pf399DI1iv-i-sXmxE7qG4usiPfcg0bwx9GOAOGbQ_j727aNompHvAzb-_M7gbqmdaUeWN9dapjGMt0url1DV-W1hHMNU9
The Coffee Bean & Tea Leaf,"Quest Mall,Ballygunge, South Kolkata", South Kolkata,Kolkata,4.2,500,ChIJr3gsN952AjoRdiT4asru8pE,AdDdOWpgOFLawcZqjulPR6GUXYyTmGJAbFpDNHuXPso758DeRiLaaZzjjIKN5HyBduCBwDCnllNOmK90pptxc1aiGL2rgDtHbcaVp6dX_PmZx58CW_BxKIy-pDeqWwk_qsc5TSegVw8-h2Rx_RFRDD66-UZASaFTseZho9bqx6F-l0uooSJj
National Hotel & Restaurant,"Howrah, Howrah", Howrah,Kolkata,5.0,500,ChIJl2DbWul3AjoRI7DcDn_C9yk,AdDdOWqpvYYmn1NMlZ9MZX_1V3eARkc9_QddMhBpAeQmr8USSur5_bQ2lNVw7Vt27krbVAbP3owUs7kPbGSx367IrTJjbFsI-oU7paycs3HcYaj-YKzWJrBOjHw06ZgewCT2eGqdCRSVS41fcwg0rH9dGU7CZe6-w-Y3Hj6XVI4KzXnAErZR
Chowman,"Sinthi, North Kolkata", North Kolkata,Kolkata,4.1,900,ChIJdSDwlux1AjoRI-0g8Gp1GzE,AdDdOWqdBTfE76_lLfmZ4DIUUTyGAh7XGSdxA-NvpDlb3f23s1bmjxuNUBHu-XLtYWdeFy_eXRxwYoDUmZ9iRnGuFTiPOuebQvY2bI9SS82T0oosLD18DvtF7aKCeGwqs74VLFVseFiDB7Hv2ZtXLcPAF0GNR3Ic3g-Q_hb7G2bp0uRjWfAg
Aatithya,"Lake Town, East Kolkata", East Kolkata,Kolkata,3.7,500,ChIJUZtiEvt1AjoRdehENvigou0,AdDdOWrLZNuLKMzg36KGQewsmuamk5pBGrlNBkYLDepkd7hPKANefsdR_wtPb6D732jgoqb-uT2-neIpY9E6daE3KNdwayIBw9-hrvBYeD1TyJVj3MufyGCfkK7JD2UI-qvqCLBEDfFaXcaNZq4g5Rc06B7JbgjFv7MPQEyllf2zkL5DhnDT
Indies,"Camac Street, Central Kolkata", Central Kolkata,Kolkata,4.3,1000,ChIJZ_YISduC-DkRvCxsj-Yw40M,AdDdOWo6fBgq1Jl_rYVrwZ65M_tt_AsSsGDmZ-VgfxBmVizHqRcS3iz3jsC-BzHzhsm13T1uwLxB9pmgodvBGrchWUtA0gqmLtWt_LB3r49WyxyyxXKBWHNkDtUkdZbRk8xW7jk10qluM_nT1BBORWlS9acJbbJP4wPOk33TSkcEBOeFuClc
Q33,"Quest Mall,Ballygunge, South Kolkata", South Kolkata,Kolkata,4.4,800,ChIJ1yfwTtR2AjoRHZ0lg6NWTFE,AdDdOWqoL2MFnpEOc6ynma0IxP9gOsWrL2f1boWnYYmLksMuM2iHeYjsqiPyg2sJPcPba74m43aovQhXIywY0-X7fNj_qfj3iU6nwLnthL6G3XaY5dXGAJa5-uGxrlNaXX-Kv-NRt6a8ruD6zOrA0NaaeeqJlwN07NCcCS494hsogpGnAbrq
Casa Kitchen,"Casa Fortuna Hotel,AJC Bose Road, South Kolkata", South Kolkata,Kolkata,4.3,1200,ChIJx3DUiRt3AjoRzy7lVws_GkE,AdDdOWqoRc6iI_GSQpF7qhG-Unssa-1HYBLhXLI6x-Z9gt8N4xbtibEjJ68e3XZpt6ucB3FExC_fqqqa50oFqiB5ZIqD2qsdSz4QhH3Ak9Y2uEkM24kzp4gr4pID_lrl-LxJLDDCfEOMr2_HwulRGb3Pw6lS3DZChIYA9hDCi4x9N_-VNJiT
Fast Bite,"Topsia, East Kolkata", East Kolkata,Kolkata,5.0,300,ChIJ8ennz8F2AjoRpfYMZezUr6A,AdDdOWqZei0twm5-0h5LvtTUoH9nVi5wi-cWuPKoi22kAZBH1vO985sjisJJnR5r3ZqJh5FXG2y69ugvlehzumEAo6DywChvONvP-vstlw-Xb82qzbHzIMDmqmjvMie2wRPEA75Kngvdbfe4B5rOPF8p-QRAYbLBy4pMXe-ts2Ol9iFrSFgC
Krazy For Chocolates,"Howrah, Howrah", Howrah,Kolkata,3.9,300,ChIJo4ZNyRl3AjoRUmb1KFELpMc,AdDdOWrYwXpDhOmx-EVzAf_x0Zztmwsyi-ckNpe3ZLxJ1l4bQB0Gmg43dQMVB7IvshkbaIHuKZLQ4qSWfd2eaTYOexR2USFwh7t9W1f4clDTjFsBKZ8k1uuMsjETmv9-elS5ywOT964UTA-K3VfNiaT14DrGtj-VJng-nB-IDympqVjLoAkz
Shisha - Bar Stock Exchange,"Westside Building,Camac Street, Central Kolkata", Central Kolkata,Kolkata,4.3,1500,ChIJFdA-qhB3AjoR7Y_TdV2jWzI,AdDdOWrarZ1RccOimUAivViZzeuTz_UQ0KzKiQ0zvIfWnu39ZRqdfW03b5WNJv5Z4SDl31PJinyYwJ0uL4V-bLkKl6BmOx8BIBXnPxCcHG7cqL-i7rbI3TettDuUHu5-Wtj_9dx5HZ1e2OLpWQ02ImZGkoyeflRnS-XgZ0FU8UjILFN4B-oS
Unplugged Courtyard,"Park Street, Central Kolkata", Central Kolkata,Kolkata,4.1,2800,ChIJMxGl8VJ3AjoR4HGwDDEbgMM,AdDdOWoJK_PJRX0pl7wcTsxkSJbHBl19K7UASwWMyaeaGaJtcc92JP5jbZlZHLXW0DTeD77V__-Ed6TBY2Xi-xsjqE9YU3ke7FUU7ehiS-ff5jwBiYkQNgJ2D4-4jThFbImsM_32_-4VgwZwEj-_R1Xa9vjW_SpRrOi1zReRZyiMB9dCSHtZ
Double Down,"Elgin Road, South Kolkata", South Kolkata,Kolkata,4.6,1300,ChIJ-_MYHF93AjoRWweVcI97-_w,AdDdOWrCGSCH29gUK9acqS_8gN4hmpo3qyV9L-2hq5mPjHMQptFcZnGJa6apBIucarnIhFBqDOjGNobF5Y_QjbHlr2g6zpTr1TkrWBok7djCMq7GgObZeBZDG9s0LgFpV_ClQaujCQK7UevZ_f2LS2ifDR9d6DHATjKq45XHWjGx7zBBRpsa
Raj Restaurant,"Howrah, Howrah", Howrah,Kolkata,4.1,300,ChIJL_Zb_TN3AjoRFkvrqX8FCH4,AdDdOWr7H8B6cAZwgpjl2swJ6A015FuC0TpVaXXN37kStFtO6oW02UhcXjzmqm9wx8KVRwxmEICGiLHr0Cux0WIqXBbgDLzJYxB8J8XYFt72x4vgpUuqd_e9V59qFDqPSe03kY8E4XfsMAGPPR7niU9xGmdgskain7RlUqMCCcFEVks_cTWi
Amour,"Chowringhee, Central Kolkata", Central Kolkata,Kolkata,4.2,1000,ChIJr5PBsKt3AjoRSoDOu0Jz5Yw,AdDdOWr-N3cM0oODn3s7fc5c4cfU8nSmcs0R0c54jZyevtFcg2dpd4uw-pWvwH4yiM7nfB3hJsxnWoF7C8fySlwb3XHdwgcuhFYldUyvva24qPuCwfXy_k4ktyRxwZ_UVL5b1WvWVmnvYY_A18JYSI__pCgUVpjgEORjymqzQpkuZMNm13ra
Kusum Rolls,"Karnani Mansion,Park Street, Central Kolkata", Central Kolkata,Kolkata,3.7,200,ChIJc6Fckw93AjoRjs0yhYz0DHo,AdDdOWo9PhxfkkyvhB61OpMBXQd-6w5Lm1dCQrVJPUEGKHbuVuk2zRPcXbadEe9yu6tfYYlIxmmzfE0FJYtGa3k6_1eau-KtlvrWJIvW3t-jpS9bQ57URsxU8rT7Lwd0NAOnEIuEv6zSNUjTMMYl5KRCP7sgz4_PunU2BHzFuGheAvg_9ES6
Riyasat e Hind Dhaba,"Ballygunge, South Kolkata", South Kolkata,Kolkata,4.4,1100,ChIJnRDliBV3AjoRYbs9phZ6WVc,AdDdOWqJP40o4CZxLooapmgzIwIei_jWjzZaP-ld-aEsEly9YyeZznq748Fq5ouOqUHOL3u19BXGQWZ6lkcijrcIKqACDlELPtN6h_2xag0yVbAw3BxJTacGY7shLz6WWP1Pfjb7Xf9CWxKdSy2xLfzSaNIH2Mt96wJX7gxIw0WAUXdSwdfM
Belgian Waffle Junction,"Arihant Benchmark,Topsia, East Kolkata", East Kolkata,Kolkata,4.2,600,ChIJVwA0Nv53AjoR1qXY_b-JSZo,AdDdOWq2vDwv6or3Wo38SfIrsRI6kundw5cqbTDBdwdUeVU_C0ZUe8WHtL8_eg9Rssgb41u4k-djVZhKXzi_GJrMILogFAsFyaypH0BOkbI6inmlIfFFyUklq-cwQ1cHggpsJ7N8h5ze3CJ6gDv4nmEzPMFsha-wR3SgzHf3xG-zElILm6YG
Kung Pao ,"Park Street, Central Kolkata", Central Kolkata,Kolkata,3.7,800,ChIJ-9NzdlJ1AjoRJ0VFMnctnlU,AdDdOWrpw3x6qdDOq81Nfql-Cfw3v6p6GB_3JatkQ13NelPxMJR-Ipfc7b_ExzYF3DKXl6emL-RXtCLUEVuckGSvuFJqlNBAk_mW1z6JtZ8fqt3r2qKIhCv5ZfMIbFX-aNji5i5GVp3rKfcA2IusZux2cTmMeLREfakwU4QC2_MJ1OibKfmV
TFO - The Factory Outlet,"Westside Building,Camac Street, Central Kolkata", Central Kolkata,Kolkata,4.3,1500,ChIJz5gLDxp3AjoRuCHm-Xk4v1s,AdDdOWquWqgBeOmQCyYInqYU6364TV44ncr2sjwc1IKiCE2ENcQ4dmRjzAzvpKSdIHqDRvljWMnztwou4eFM9GHMLIxZvJ7FAuk2_HJ-TbuAxXaeHb9IKmuo6eJ51nBAedgx2kV-Gey82HSaha4qfdXlMa65jFa7GEsbzA49vT8U18QG3gM6
Mainland China,"Uniworth House,Ballygunge, South Kolkata", South Kolkata,Kolkata,4.5,2000,ChIJT4gdmiF3AjoRrsLz118FiX8,AdDdOWq_3vb6WkrMwoT2WFGOD6iD8eM_ksRksUdXhrTqCP01si-c-aXIGxnOlZu2oyotHgEaaa7og406upES-FYs68ugB-wlOgSuIvOIERAj8NGGpSAsnSVeoGeDOCfRXQ5pmlpmmRJONvJg0VLrUum6Vz5PlaxzcmTZ32bPJIkyhWa-2PDE
Wow! Momo,"Howrah, Howrah", Howrah,Kolkata,3.5,400,ChIJlaWe9w93AjoRIloOddJqmSU,AdDdOWqapMdUVYJIHm2OKdaiUTeerXaVxuJ6BOScj1O3VHOO81NMw45qRC-CdwfBHt-T8AIwAn2kwTz0FXJ7fAG6a0JMlLMfFNgJifq_37BIeHiZUtzAfEbNA4bY3Y3hTfZnP4P6AolSaDoDLFaJGbdZu61xa2Zsf3V98Qvonyzm9gVbcghf
China Town,"Howrah, Howrah", Howrah,Kolkata,5.0,800,ChIJlSNkS653AjoRO7M0ULoevyU,AdDdOWoSoN-y2uiKh5v_-y5sgcoTT-Jas2Vn-MBSo93iRRKGOryQna7cF4tsjy5FGh3UME1f4jWzp5ROhma44qhRuHKNU4Tbfe8bi9OpmW7qSx2KOV0xrb7Dbs1CKGHs12O681o-C3GDg-hNGMOAVJiCP44gPZxZzzeUEcGOlN6IAmOY6Jb0
Kebab-e-Que,"The Astor Kolkata,Shakespeare Sarani, Central Kolkata", Central Kolkata,Kolkata,4.3,1800,ChIJLaX1-hl3AjoRCobizaGc5F4,AdDdOWqfyHVflLbIOQJtg2bPKFw03DPJXiW3As8Zi8_9WpDi_6ViYMx58KVFWyFL5CfuOEFZ9NSeMaAf8DNx637ie9si9qYSmhrBfFu2mBu4kcqyvoIwvK7JJx0ibv0I7fOwyOtlXjIRq2kOUgzi4DX4Mavx-KQZOXnTXqSCty2rYtBQU58J
Aura - Sky Bar & Brewhouse,"Shakespeare Sarani, Central Kolkata", Central Kolkata,Kolkata,3.7,2200,ChIJ9emTEpx3AjoRuST6K6bDy_o,AdDdOWo0gUBjuLjJ50p0wF5BSJnv3qm1lpUZ2NnwMwFgEf_xEHe4ie0m2ONR4pc9_t_dklzj_-drA9QfXUqkRWFaZsThyaNG2ugVO1LMzlk67OI64bPYfdkD98GtxtJWabvC8NAetXBQhUe0f9TvNchmc8lY47jk4SlWj2fqaMfOCIhP3l8j
Pub 13,"Chowringhee, Central Kolkata", Central Kolkata,Kolkata,3.8,1100,ChIJ4doDdEV3AjoRTaLno1e3R9s,AdDdOWotluYvwjUwlUCn0DlRShnsHhg1TVSuStH6uDrlm-pX9TxR3Iv9sJjOGubxdmb0Zapb39ULvepfLVLa4G-nUZCgpxYBT8_6XW9eIYGxN98gnJtlvNCIHj4ajEaWNPIWNIqOTugvOu-z4vVjAl4rqd5jrss9ZIzg-37pBP5UXYZPnaaR
Scarlet,"Aauris,Shakespeare Sarani, Central Kolkata", Central Kolkata,Kolkata,4.2,1000,ChIJ_1QpyxZ3AjoRY2dwjnvrXDc,AdDdOWoaYMUHj4sXDKrom5lsci7WoX373T2lmv-_Sl_B4DxzhM-b6Zv36ZrbopINd5ZTTv0fSsoVF9Hy5IFC0wTAy5vCTumRb515t8kvl5V6JSfNCEVQkoVfhUyGb9sKhDcIX7XYpG7pLs921_81M-2ez8gRYHEAQVldDH_12YCJ3mRjyiJO
Don Giovanni's,"Beliaghata, East Kolkata", East Kolkata,Kolkata,3.7,1200,ChIJW5cpXAV3AjoRYe7niEJVcBE,AdDdOWrDvWu-4vAMttv864aw8RqbLW56tc616LZUuCNr6BLMsI5NcNi_7On-3PV9BTb6J1IaKw0pJK20CpE-LcdF1JEpLvNpTNqwtEoY948HRDb-HIt2lRVif38-NF3yFwBOVsYAWxw_DoaMqltfE_VLzdQ5W8qnrE_I2GUFssjLEjMhz5rE
Rang De Basanti Dhaba,"Salt Lake, East Kolkata", East Kolkata,Kolkata,3.9,800,ChIJA22FkK91AjoRwfGZHxbo0fE,AdDdOWr9IttSdliXw_vzLyQgfFr8WMM81Ogio98yBWdZY9umuUaiczZh0Ef2bgQMNtXLn7GYBC9M9d80fQZVoVGb4hjCg4vv5btdqepLP5Y1HQAiWGuMkQUhrCwEuoKD5rTDuZLpEdtmVxLf__Gsbe7erhgr6hyaS2A9f_jjD7hb-DSgnksD
Skai Restaurant and Lounge,"Quest Mall,Ballygunge, South Kolkata", South Kolkata,Kolkata,4.6,2500,ChIJv2GQPcp3AjoRTP3qpN0qz-k,AdDdOWodSaTJwwQjWrgKO2EjNh3F10telWtMwA-wxTG368EUhM-2DBDQaBJTXqDpILn50Ji92zVeuFxmIJTfZA58ynOtVs5Prp2jJ7B_dKBopEjC5-PA0Qck-JDv3DgCKbvSW-RnXKzTCgWxd_4q522WqBsLMEZWeoLVXKxu1DDGCs677s7M
Uddta Punjab Dhaba,"Salt Lake, East Kolkata", East Kolkata,Kolkata,2.9,800,ChIJDQt7rCh0AjoRrBn0U15aF7E,AdDdOWqVdLwkYN40CIXt7ve7WXkJN221sam-ePrwFUpEoudKx1IoZW5K_wfHSh8gqApPMA8DMeWLt9NB3BhYaybqxxWN8vdZyQ6SkA2qGO0LDecYmI4yiyM0CXnSEwLFVwP9N5qdHHpOFg0HYmyeS5204kOVMXz6EELLkQnCKZy9NWH7l5Hn
Uddta Punjab Dhaba,"Park Mansion,Park Street, Central Kolkata", Central Kolkata,Kolkata,3.2,800,ChIJDQt7rCh0AjoRrBn0U15aF7E,AdDdOWrif3NRS0UOFNSEOYfM0DrEvPaUHBEUwcMsfO_XSKRAZKKrIn891NE8bg8UGx0gRqiKKUMUXYPhA8lLjVUZuZl72ZbU3KlNaonsZ5fXcRnwRiKzzhVdAo_DtOidqRscOH-zVfpBVhraKG8wNLROB-bkMYvqnYjHCSDE-j-F9C4hdlt-
Terminal 11,"Salt Lake, East Kolkata", East Kolkata,Kolkata,4.3,1000,ChIJBxGKz-11AjoRUo6kUubVJHE,AdDdOWoHOeiAYI0rG0iVxkBOenZQ8UNP5zAbTEVG1ruVYrrbMDqy242OdhKT80Sz-2tdIfhqbcRUaOzR_GBXIzW8R4Ne0os_j3nE8Wa4FVDdOOwIdzwmmXvtBTNEvxS1rgfINUC3LNTiW_kyML6Q-9GNJczrk5oG54eMRvEE28s-nINZc2eT
Mouchak,"Park Circus, South Kolkata", South Kolkata,Kolkata,5.0,200,ChIJA87yGh93AjoR6TrYTXNq7UQ,AdDdOWqxcqZHI1quUDbVYR6DvLHAZiMtGNNTxIj8LL7u5aftmdOzkcNVHfF9Xq8i6PN_0GudFu8VA0nQbiTriCXoDr139Cne0x7oQ9Tq6fEv15757gPaTH_aszzOweCbOFUmsoYc9MLGLUhAW0H7IvMghn3skO8WbecDtkCqleE8Ca3TdobS
Arhaam Rasoi,"Hotel Crestwood,Park Circus, South Kolkata", South Kolkata,Kolkata,3.5,600,ChIJZW8wzloLAjoRA4fixgQ62Dk,AdDdOWpQh0xhhzus6a3FUSDKAk0aqWLo-Z9iI8POClKj8V6RWlcYFgPgKjlQBGS9OYhYVhrhEoWv5eU6UCwkn-9TYiHM8-qlpjNVtIAju44_J6hc6WDHjqtO5zJAC0hG79DW6h3uxMDjBhI3-NuZb8eNjlU89NshSa4Do82Q7WKNf3xj5P-m
The Fatty Bao,"Fort Knox Mall,Camac Street, Central Kolkata", Central Kolkata,Kolkata,4.5,2000,ChIJxdvLaxd3AjoRoEWW1NsU7UI,AdDdOWoZ0KJHU5Ub57zo6wX61ou7UMEhVDjP4IWunbXVKFKI_5Yarsqbwv1UoGgzv-WgyRM3lGtpe2wMUFBYYsAkFkx1YgSsqMlUdMAcY1AhPcWIHk5NlisYCINQkM0Hjjo2tgZeoSblx_M4L97ItFgbH9_-B_WfSkmhO0O5fzMuhDOixEUQ
Ice Cream Lab,"Shakespeare Sarani, Central Kolkata", Central Kolkata,Kolkata,4.5,600,ChIJrRVX10F3AjoRlA-riBrl9BQ,AdDdOWr88SOnvXkISQdbLUcrbBiLL305xNvUNKKCEO5CklayN3Q1el6DZd6WIz6MHtVeULR5eBh88D6iDRLaaYHI-ZSPHNOR-C7Tsub6pSoCUfOWcgOVhp855ulURdR-DwiI8GFNsbz-nnZm_kbalWoEWTI6X7EveBTYT_jRlnBKicsFc6zB
Mintelaa,"Elgin Road, South Kolkata", South Kolkata,Kolkata,4.6,800,ChIJ21Iunp53AjoR0gjwYJ72wsE,AdDdOWrjkARZSjh3R6HFTDL1tmWk69m5W3UPVIoEfo-nxGV3qG3j4do6xf5gzHC8jk2sSEHmwzQye5O9frn6rk8PlV2ZrTU_UX2SgpGxUJ-_gHrLCI2BNb8vgfpYNTRj1Mcv_tjHgZCT7SC0FFwSV1EOtc_tqTCh0bSilKKTkp6qOZh3zYYq
The Shake Factory,"Arihant Benchmark,Topsia, East Kolkata", East Kolkata,Kolkata,4.1,400,ChIJ4S9yOKxwAjoRKZhzjVMr_54,AdDdOWqsFCL7hBNk-egJlhwS284nR1DSK_OVUjW4F56VXSKCaLQEvXmOiunLbXeZ4-TK8rhSA69cE4yBP-sC8F2keJidteEgLEUzqCIUIy9fdKD5FqkLM_bXgA9IxqkkVWChgPOsUYt5zSUzK0RrxlM-hzxUfxrphpJdIkW-kKekjQTScib0
Chili's American Grill and Bar,"South City Mall,Jadavpur, South Kolkata", South Kolkata,Kolkata,4.5,1500,ChIJpz5NMd52AjoRs2zd6fR_gdo,AdDdOWrKYwBaaI_OYh5_Ra8KlxV1tB9Xl0PJvSDlEEpMjqqdtMv4320Q8UIgRaSVWCuspogVML5OP6DuhhDkMcM4kntwWSoe3xsemObFsy32faorPESmSi5NgtWZDpWD-Yg8cR42Ko_2reV2F5QTCqtWSn0N4VB4W_ly6t1Fk57xG9AiUuZk
Santa's Fantasea,"Salt Lake, East Kolkata", East Kolkata,Kolkata,4.3,700,ChIJv_yd8R11AjoR0lyKfrn0JWA,AdDdOWrSh76pflL3rrQNi0_WQcU-TUdj8kIVozl3jIi4iXrNdfeJoJKsAyxR4ym6tdsf0vXlShQyfZMQ-frt4-aB71BVSxHNScYYJGOQort8fms6H1ONd55IseCBsOQae6AF2DzTAhyRE_VvVAcuevHIYO9r990EFOcOv_CCP8xJJ6q5teAx
Cafe Mezzuna,"Forum Mall,Elgin Road, South Kolkata", South Kolkata,Kolkata,4.5,2200,ChIJz-E5Ej13AjoRl6iA06hjlHY,AdDdOWrIuogFzxc2X6UkOFJQUrMPQl0SdBwlhpxmF-P6KDhJaFZGHNsWq15BV_OvmVK1ZQVcWvtzaNrSRoUZ7a-MRC5gAC6ECk6urJiikAgEOrx-tyLbqZUmL4_76z7hT9tea1qayiEtxFH7l2NdAimGWv2IC3FvsdgdDCSC7BqxObgzDHBw
The Hidden Kitchen,"Bangur Avenue, 24 Parganas North", 24 Parganas North,Kolkata,5.0,600,ChIJ-fHw24J1AjoRbXZVBYEDfnU,AdDdOWq_2M38_0rmuLU8pjVgzFQk6dr7hI6O-8Ix8ba0J9VICjCtlF8ntmBO-ShSDSdlasZ3u2XHTsyAR8JfYTTcnD_kl9j81QBwsOlsYDFhEM-eSwYQ9mF5ylKRg9LfuNhPt1kC0XypkOEuZ6AZFo3bZHgedFVbcIvc0TrEhaTPphayvour
Krazy For Chocolates,"Bangur Avenue, 24 Parganas North", 24 Parganas North,Kolkata,4.4,300,ChIJo4ZNyRl3AjoRUmb1KFELpMc,AdDdOWpMqNsUDtRJ8TnhGmjWh2fwAa50wtAW0ra9AWDYfZxqNN0wmBf7V4Fg979IpVotXxOU7ZYrPD3XtnXxpoP-eg8jTccrPdZflIs10x7l5RHBg1D8YGReakHprAgHEL4AdwUvUc_RVQ62jrRNqV6L_gdq-wanE6SPkbM_jXHWO37ud7iU
BLU - Bistro & Bar,"Aauris,Shakespeare Sarani, Central Kolkata", Central Kolkata,Kolkata,4.1,1500,ChIJ-2KPufF3AjoRtADW34g9Wgg,AdDdOWoxH_BQZ1uuhJZ22v63QL3P--jdBrGif8Z6dX-6upkoOk1odLbKjD-m56MZfstgntxvGh60tJg4gCeXvje0UaQphZSZUa4UeS0laCr04CU3FdaOXsntwZqqPAnCqsyL239kwsXULUSB5iNeCcFUkvzASziCp0XsHm6tZYvXeusvcOM2
Floriana,"Park Street, Central Kolkata", Central Kolkata,Kolkata,3.6,1200,ChIJO6XXAhB3AjoR3pDRfD8JHdg,AdDdOWrT6VPNftRxQRRU85lmhh6VKGKzD_HvQk3lyfMWBlxLm3knwI2nXM8ttJ50H_7V6cPFS6oENX3NBUv2uy9709IJ5E7uaHSfkfSkFfEHxyT4DlGETZRVM8w6bpnaYOYLeheBFxEmXJjAC7quin9BUZNVMe0Tc6ODeaqw71Jc8NmDmNUw
Raasta Cafe,"Howrah, Howrah", Howrah,Kolkata,3.4,300,ChIJQY6NNWx3AjoRMxypqcJ1cv4,AdDdOWq8FcEoXE0V3Pv780Y-7p84gTvXa3dILj1dj2mNjEml9KLbsI8ScZWAlLll3eYim41MGEK72LmfPcsa-yMF71dnOI2vxvWBl2OpIUNSvTacIzxzIjSOmMnaafDBpUUOpqfPBs6BNX16QYzA7Wyak2P-6bbWY8NOvU9YVjdHkRd7nBoE
The Green House,"Salt Lake, East Kolkata", East Kolkata,Kolkata,4.1,1000,ChIJc7wEB3J6AjoROp0DEKgVnmc,AdDdOWq3EoEdxy65gT1KOkavqxYuH8-ZhqBOPYzari_I6TUCSAfdmyj0z5qyTNkzyBgILUL6EHGRYk3O51MD6munbhttUAIf1nhjS_k3PlMauQIf7MlhryUzK5erGS8Fbx4DkAryFD0zEX6rgJS7jrLCgRSc5oURCa3I_E7KLUYkdEgnnKTw
Azad Hind Dhaba,"Salt Lake, East Kolkata", East Kolkata,Kolkata,3.7,800,ChIJIxvQOw93AjoRDCA03DS9cAU,AdDdOWoKR0dpj7ZZs_Ia1ofH5nlMHeWKLezDJ_TdpC5rveswQZknJ9-wzOF_fEEirYJkCSzlbgl_rvIj8EGov2AHfvJWN9CXtpoJYb_njJ4pzh8EiccANLUwFniIEvyfnDg3OxL-OF77S4o2_QRMQPcgQ5Z847MeHTkZCiVwQRyGxZhS8LCj
ACS Chinese Flavour,"Wellesley, Central Kolkata", Central Kolkata,Kolkata,2.7,300,ChIJm3dgqAR3AjoRmmHfSSPhB0o,AdDdOWq5yWjCoqV-Hzd2cVi4EUDPJfxAr-9zl9hIyVWh5wsLsTR_e0cYFdIfdX3xc9AgIScAc6lKCL52W2IR8aPE9ieDbXymBrIeeR0ruSAd8BYtkQjG7LMohgOlBqAyBIdLYdxjRogiguKIlGdrIDEVBap5nuPY-GH9ZGcVGkBJZvvrWEBe
Fruitose,"Bangur Avenue, 24 Parganas North", 24 Parganas North,Kolkata,5.0,300,ChIJ3cDnRPh1AjoRNSNVgFyQEws,AdDdOWpuygpCTrLfqib7CSAAt1ulXqFQFxHg_Vb0mtDmbX0cTRa6f8-I14GIu_9Aup29b_3yNQUiidvJXtf2lBYgdRpHxbyXLAqhCYpvARaDd_MIHmTD1jeSM0PIQc1czJ4w6MruYZM2AonTeGRY48ewuv_o4ZGTfnyGJSfWPeR-YVS9jHjQ
TGI Friday's,"Forum Mall,Elgin Road, South Kolkata", South Kolkata,Kolkata,4.4,2000,ChIJNZ_WEj13AjoRfV5pdtGi9gc,AdDdOWozunpcptzfIGCbm2dTxRUEVJ9ySRxaVAPbwiyeOyL3-GXKJd53Oj0ylO-eERKVGl5CCMhx_QTqVUucdA9-9u2Dna-GS7Rs7v-kkHrzntf1GfhF4oz-WAXIWPO2J3z0IGdLmlYlRlhAXqkBQ9WIvWi83uEF2avvIlWVFFiziqj1SzmJ
Deck 88,"The Astor Kolkata,Shakespeare Sarani, Central Kolkata", Central Kolkata,Kolkata,4.2,1500,ChIJi2WBFqR2AjoR2v4srr6wW3s,AdDdOWpVHW4ehHDKVkd5opJhmru4Kz_VmpkgSIJE5oy7zCcSAARU5rZZ1DHjM9khYnpzCCr0pBtmCHOiICqQ156bXjMVo-avFSH5PdREGGXri3CLN4E4hWEfqBrEur3Pf1JgIkZkQWl7MTW89aZdbS89v0XdXwin1F95EMMnyBeNTm6HwHVH
One Bottle Down,"Camac Street, Central Kolkata", Central Kolkata,Kolkata,4.0,1500,ChIJW35-EBp3AjoRGIqSDyuvA_A,AdDdOWqqkM9zcJnPF9JzIPhbUIDYNw-GYtPEZlruDqHwZ1ih5WIrpUL1u9bgakLo8FUuvCZcGktBR31FbVHSLowj9XHV7XAAL1DbBIVv_TdtxEVq7sFpqxvqFN2jbHCWKdD6eyIHSSd1tUMaRQ7EAjVedbZyB_BzuT4yqIDbm_DWNVQSTpDO
On The Way,"Topsia, East Kolkata", East Kolkata,Kolkata,4.2,1400,ChIJmw01u9J3AjoRydKOD7gvqgQ,AdDdOWp7_KbQF7M6y7kPSw3PHDmoWM9yNbJtwDpfJBUD4kvh-2dJC4U34_LljcGOU1Yfg5HH5SoyvSxfMTwXgZeWdNidSUklKqt_KceS_nDbFi_k2nPBrf0VJUmMZ_xc0jJJjzm_vfec9hoeLFAdhl9KLcF1i4Y1gFp8bC7B9QlT6TPOpJRA
What's Your Flavour?,"Wellesley, Central Kolkata", Central Kolkata,Kolkata,2.8,400,ChIJ7Viq7fWd-DkR80DOoxL3MTQ,AdDdOWqACPsnElL87NUfA85NU6PQuP0ODylruOHnXSObyWi7UJyIB_UnI_EIflolT5_uFoKRKz6SbTG-gO_O1fQrfuId-fcfJYLFmOyPxIkejzHwVLQHondwpJxkhuS15sFEUSn5F7XNtO91FiTa3lX9Rq0DrKMqDGX9mHKDmGXdcg5Rpvmf
Golden Spoon,"Park Street, Central Kolkata", Central Kolkata,Kolkata,3.4,700,ChIJZzRs-w93AjoRGdhHe4pLySc,AdDdOWooxMxTD-ogpXa4hdXYaBiJ64QRYQ3FjTIoENqI8gtbSt5dSyBGpLQ3t51OlIXisF2IzS0zHi9LpVfbzf43EbFkteHOu7KOC6Fb0heGZUd_cjyw2373y9bdNxQEioGjKzLAzyEvTjw7SJLGoqAdvbrSnFNr2UpjOSuPpuHKWe5rEsTA
Wow! Momo,"Lake Town, East Kolkata", East Kolkata,Kolkata,4.3,400,ChIJlaWe9w93AjoRIloOddJqmSU,AdDdOWqkYi7gCY9VzadlTn0kx20VMKCMTxWiGhcB52XX_DAa4dVm9NNwQwOVwQo-y6fHL6TdatWfz5o8AS-Q2nyv08fTUQpJoMUB9LRQPXgsYrEpvdY2XRaHQ0y34RzsCnCFsi-d57pqDpMscMCReIQIQc8Uz0rDDTgmBwLFjGtDylrruL2I
Anokha Baghicha,"Park Circus, South Kolkata", South Kolkata,Kolkata,3.5,700,ChIJof-TluF2AjoRAJbsn5FzOJw,AdDdOWrhyDXnVHXc4UFvBa2EcZPuo6O2CLqD649v59IBHt-YbJqL6Cn51t0j21jp10We2G05WhD2y-sED_eZFIFV7qHUApaUWi52LVcEqFn-rAPL4XOd06pi4AgmyLaf2WPIhQ66uGnd13Rpb_Tl2W-jXdLD_tK-mg1c4oTWEa7mJrxcLBGg
Sam's Pub,"Park Street, Central Kolkata", Central Kolkata,Kolkata,3.4,1300,ChIJr-CzyA93AjoRCna1WBcZaJ8,AdDdOWoT3H9KeeEDKiewv-PDeRHt1nbnWlmdjk3VBkuDTS1XOPscU3ZgvMoX-Yr5R3YlA_ehrB_m2xgZ00QYcibi2Hc9IcWlsIzBUEXrfK4q_UqcCcWhUu9stjB4Pku3llN3rXALj2cAORBFfl8X5SRSu4ucQ8Ta230qtCuzBaQKg3QYi940
Taco Bell,"Quest Mall,Ballygunge, South Kolkata", South Kolkata,Kolkata,4.7,500,ChIJx9ylPr13AjoRHKloA6PEuIk,AdDdOWrMUn-EjVWBtH7hn08Ikp5EtbyUbRUxn4Pp-G5ZZnRF2YUr297qNApOKMXQpKmwVK52MpfAnw5t-SC_JpKxWB2FVfj-ryxMxzy834E1Z_XrHstsWfGhoLVByvgHmTPFGkXGaEt53--agpwn1TN0XMk1mWZDSCDRuYU0h0YGl6pO1kv2
Fries Before Guys,"Arihant Benchmark,Topsia, East Kolkata", East Kolkata,Kolkata,3.6,300,ChIJySOaW9h3AjoRXQRzNyrU-rM,AdDdOWqtHqDtb3_nRAN1S8-pRYKLWvJOvQYC-ndy00CZ54agbBgBiD3eUdqxYitVgAQu9qyV-0LHc90eXl8yJqkpm-baStsUrh7dT0zycVVPeD_bTs9mKoTYjQERHFCMQCkEWO5ztan7tRsnvsF2HKOfL9wCpsegdmnh0BDKuhPc5v0g3Ago
Ciel Cafe and Diner,"Salt Lake, East Kolkata", East Kolkata,Kolkata,3.9,700,ChIJL9x3uZZ1AjoRcvaj6w0L7u0,
Ganesh Pav Bhaji,"Salt Lake, East Kolkata", East Kolkata,Kolkata,3.8,200,ChIJZzSGFOx1AjoRqOyKlF6ECFQ,AdDdOWpi2SMYxXLPzk2OrnOW7q1UpdteSDSnBWN3l_UyfRH5xHsesXW00USPg8IiWEm4Wnu48HJL6sAShoEQwIsHJF3YDC7mxd1wjQy5_J2aefBNvCrQy7lBSPcKJBaqR5-bnw1-otd3_Un_pWtPDBJbBRPU4kK1w4nFbczzZsy8Deu-JfLc
Barbeque Nation,"Diamond Plaza Mall,Jessore Road, 24 Parganas North", 24 Parganas North,Kolkata,4.5,1500,ChIJb93BuRp3AjoRqdxyBozdusM,AdDdOWrrJ8EUpAQUgFdrxxSZaBPnPom25aqDrjICoPqWm9Iq8jxa37wFzGpWBiVOL2qHI134v2H0b0npUd6cZ3vmyGqHvIxkdoUZpwSaqeHO73vSOiMBTtbak1lkVz4j4e72vHEQzUT-QdyZ-ISPskQIQV2P7CagJ9VUHu5funCLY82dOhef
The City Wok,"Camac Street, Central Kolkata", Central Kolkata,Kolkata,4.7,500,ChIJ3fwOTdZ3AjoRbX6tgodNW7g,AdDdOWqGtqSkEqduu_M0M3hnB6Qo2Hoiv451OoChYYWEOpbfE-2eSmHEZsSRL8sO-mSZ15oLW8HNWkAfPRMCeaUA156WACeXK8nArdahJMst2Xngt-PJA_GJbjAUOfF1n93UHocPAO82oeBBiAcXoEHv61jMVW6QnJBfXljmwC_6eMUA8DoO
The Gupta's,"Shakespeare Sarani, Central Kolkata", Central Kolkata,Kolkata,4.2,500,ChIJGXAb6x53AjoRFyRlFsYij9s,AdDdOWq7YPg5AutsCkq9oGHG9lTIkyLjtxRkEOmc2ng206vRuk6-DSdLzZDD4LsG4aXan6I4C5e8impV93o1E1nOtdN5GdwduQhXdh6faxV-JxoLrFowswJ8N7Xtas2OKYwQqHAwhXiYD_k_HJDOb7ams3g3HhKTBr1UtKWs3Zo14uqIwg8t
Krazy For Chocolates,"Minto Park, South Kolkata", South Kolkata,Kolkata,5.0,300,ChIJo4ZNyRl3AjoRUmb1KFELpMc,AdDdOWopjuXIWh2tW8euQi-nj4l4Mtv1UNRwMQONtjGjy0TZ4tO4fTsew2NudD3POOqMh5jlo2SfH9hsKSHNffSyRuLZ87l6xysbaHgbhvfh1E2qJBFzADAnjv1boJFbr7Ibd1KHXbSDKpOTNpWtENGafbh1MA_434ZvvPWeYuS2E5u0evqA
Buddha Bites,"Lake Town, East Kolkata", East Kolkata,Kolkata,3.7,1000,ChIJEUJvG1VxAjoRoglQjms4AdQ,AdDdOWoFuUWZvqWloGXdzSNSgUaJVO3ppw4xe64OW6zw9o17Q8WBd6KesVfvTPrnMSnGHCrS9krSfqPeF9cnnH1u52hSw3iqBy5jWsz6JcbcXwv0QlZLHvvZMeIJYA5kb17SnhFVuAn4anB3uoby9WeJjDbjYFAdMW41tlKkqKJaBMGYm3Co
Wow! Momo,"Camac Street, Central Kolkata", Central Kolkata,Kolkata,3.7,400,ChIJlaWe9w93AjoRIloOddJqmSU,AdDdOWqUh45B4rlcAmq2fgUiPItNiVuS2YqS_EHN_NvKOfQhRr5A7AY4x_iLECsIOIi3xjHg_VL1U3hpr5Jh46L9mLxP4lp8IffS3VlPGTHgSDQNok1OKWuWrCbOA3V7DF1IrPZ9rTJR1UfboqQso10Lv4czHZdI7zPwra6D5szY2grcKAZU
Junglee Cafe,"AJC Bose Road, South Kolkata", South Kolkata,Kolkata,3.8,500,ChIJifyNiXB3AjoRyvYH1qOk6Lw,AdDdOWoqP88gcmge9Lo9G04fPB42OlwtBR0eOwwDTOZljhjaX1tGJu9qgh7-tn0G6ZsWk5sqjg-XdUPKOZt3RdRT1TEqOixDY3IRynPrhKqb6n80TT6BbD2AKTVV9ItPbPQv6wgj84xTdY1b4_-kHTV5_YqFMze-1Egm2xyYB7NZPX2cwMWp
Pind Punjabi Dhaba,"Bangur Avenue, 24 Parganas North", 24 Parganas North,Kolkata,4.0,700,ChIJcR1kVfd1AjoRZkBn5y_szEo,AdDdOWoa2getDPvclzTTjwTlG2cTCvRiKV3ZWnLbBscrttGy1UhqFM8qqm4F9ZG7ZK2jCOrdBo7Wo2w468Cg3QiQyyKYM0ISl_Gurku0RHfs0DJxo1rvPYpQs-zuFQsg26WufmWJ-tFUfr-l_f7dkXFOGdv3CtKKfXj4O5d6naDXqziX4mwf
Pool Cafe,"Howrah, Howrah", Howrah,Kolkata,5.0,600,ChIJwVy_631xAjoRbuwJs-yc4ns,AdDdOWroUYX3d__ngPNxXBK4T0fH6bC5PwF6ib_jkMCfvO3b5ay9cHOrlbmjBb_7C0pLqLefZSqy7nSrQNDQAa2cpcVgq-k6eshWhOPcRjwBnSOMmwz8WDSTT-phcjxPy22hrpeLG-rizrFRbzCPD0897THG9ifF23_h5hetlm3KXMOlMzrn
Rendezvous,"Hotel Monotel,Salt Lake, East Kolkata", East Kolkata,Kolkata,4.1,1300,ChIJNfDt06N1AjoRpXqKVUwbfTU,AdDdOWqhO9DaxH33dT3-aYbXOeJ7yRrVgyLdhtfZkrwFlRuJM77M9cLa9b-QTK-bBq68AD37XXwAraWpJ0GkBbtX18SI0_AOymcGczPny7cikgwsfiVSDHBI47byBaDVPn3WEc4dKdog7PoIDn3VgRK3PhlFlBCzcYQ15n0VLu7CFRu8iXi4
The Burger Factory,"Park Street, Central Kolkata", Central Kolkata,Kolkata,2.7,700,ChIJf7N2un13AjoRvrCgVkWJc2Y,AdDdOWoS2nHHDr5qgvCn5O9oIRy4pAyZDJK9HUQ76aWhpAzTRRMTgS7XZX4Z2cS0Dqw7JmTU36yxCVpRF8zLtMz_heIlHtjmn1hu2S0SszGow2TWEoWLM0ERCo_1UD6ybrSHnFPOH0IqxQBIYsPFkHQFr-5BWsFDpJJOr3C0Fxy4CDT01OKC
The Rouge,"AJC Bose Road, South Kolkata", South Kolkata,Kolkata,4.3,400,ChIJxVttbR93AjoR8V0VICjbINw,AdDdOWp8ZyxXp0gmvH2h64T-_swK06k_LlaYoBQnup4gmLrnjyibyDvaM4BFhp-2SBtGlaJMXLxjDGMatQxgUrCIcJm7sQkwHklGJchXzCoxFYENwu0PEbjpFZDhdzivAfuOip-J0uEf_KsMI5iTXDpNUMvBoopcCTG2iBMltWKNp_t-J17Z
Arun Tea Stall,"Shakespeare Sarani, Central Kolkata", Central Kolkata,Kolkata,4.0,300,ChIJuX26jxl3AjoR4kkMyy72bpc,AdDdOWrKtvRfJ6NrDbDffsXe38Otwbic59Z0FlwBIevLWpTa7v-NGrnxL9-BRHNESoivk491wi5NHDiFOw0lOea3xRXXbdE0xUGdcw3Nro2S_cYTGSjj0wZnwVdw9HBUI0Umx1pUJjTFC5NJnLd9TQY7bNrUPIGWFq58Opw1V5-kM7cyPihv
Darao Pathik Bor,"Dumdum, 24 Parganas North", 24 Parganas North,Kolkata,4.3,800,ChIJ689Pmvud-DkRFg44NLf1SIc,AdDdOWp1IBJCZBPnzmlk_Zvoh91sdo4cjVCl5GdUTbQK8trzMb1IHOUogEQ4CqjiZG_twVRM1aDF4Fl1gt5ND4Y9j_LnXbwiYPDhmSi9TrZ-5A9cOWoKaRCHEAz7JsGwL1HvGmeKYiX-FK8BptViUjiHWSbekYos4nvWwgfkshf1nsvSEAH5
Puffs N Bites,"Regency Building,Shakespeare Sarani, Central Kolkata", Central Kolkata,Kolkata,4.1,1100,ChIJxSuZzhl3AjoRkdgkjUVbblc,AdDdOWq_bdxGLTEvRglSdTzIgHjxi4B_Mqu0GIIyNBgEGZVQfghGmINW-CMlImPBqC96ZNE5Jwrh2UaG_y6n8SnD4ecb-unpE5j7b6BtcGYAhaYpniaGrpxyoAij2oZxo5NNan6yb9Sy4ikckeMC8d0MkPP9Q249tc9eeBWqX20wsGlB2dD4
Cafe Connect,"Elgin Road, South Kolkata", South Kolkata,Kolkata,4.3,600,ChIJZ7Xvmm1xAjoRvbBiKNqYs2U,AdDdOWpp81B8JR2k2gGqafQYIw49BlES68gWY6il2uJPLuMbqsYzYF_sXW4gxLErKxWVKAkMMi8t0E--BO3s2NRVniVw4LUf9vmu0ld718HtKgAMhUKHn11aWRtzob5dp3IhngMw8lHlZH_7Z325ey1iMPU8hTiL6oatJ3MbfUglbLKIMZ-9
Wow! Momo,"Camac Street, Central Kolkata", Central Kolkata,Kolkata,3.4,400,ChIJlaWe9w93AjoRIloOddJqmSU,AdDdOWqdJGU_fNSFZ0NI_NYgzu9o_idiAQGb4-ZHcGDfSmBA0dMwpb7mACERWS3Hsflpvkg2c4g8GGI49xPVpKVnszkfjoFokPQ3-UTRDq8wbzKsNZmifRPeBCus9D7HiDBJpc-anAUWqjwJMJC3tj9Zi2oDfGYGffhxgqCNiVbTPWGOmfVT
SGF,"Lake Town, East Kolkata", East Kolkata,Kolkata,3.7,500,ChIJP7QkzEd1AjoRY8nR7jgRQHw,AdDdOWqINmT68TvvCdbHcjmBJP7AxzBY3xAdZ6kROlzJP7effx6kCjXFvv7zDx32MaC8cCrqVkLlce--O5xTYbkpG_NdWrv-fQUMFQiIc0p1NV-gJjdyHCxtGCLHFuiPLHVsaUk74kyzxLFqeNhLP0UTtSVQDUzSL7S9ZMw0qd57Fx3br-sO
10 Downing Street,"PS Srijan Corporate Park,Salt Lake, East Kolkata", East Kolkata,Kolkata,4.4,1600,ChIJ-zukJAt1AjoR-kdtoPlJ_Zs,AdDdOWpwar1gRjd3k7wMZq6An426KDLw3lL8UZ4NchvjH9u_IJtz9p8Z78U3B6JDDhhkXpCRjdU2qP7jN2W03n6Be8lLQCd1ek-5qO4lDne-qmPTONKC8HbPRdiI4ZjzCkDOjI8yZFvpdCbbFujFOn00Ovrg-oTedOFqkjMwHfec6sAKUuUP
Tram Deepo,"Ballygunge, South Kolkata", South Kolkata,Kolkata,3.8,1400,ChIJ-5hcAt92AjoRDSOy7u8u064,AdDdOWpWRZLGvE5j5IlLa1TXetUiOaUrzHRTPFS1AZFGvOQVgLhxy3xM-9VjFn9eKeUD8lXoqklg1TPuZS0XQOw0HOjcbnfPanIoe-qPe09gOSVK1PIA5L0JOKiUCEdvqbdm9sjIWeBinwynaEUzEaJbOmOd0vYsgNICo3fH-pHQ-Hyg-pJq
The Brewhive,"PS Srijan Corporate Park,Salt Lake, East Kolkata", East Kolkata,Kolkata,4.4,1400,ChIJ06qAlUF1AjoR1ri6b_iQFHc,AdDdOWqVnGN-FeE5vgN7ETKvEMXsynraZXXaVdjWRLmzLOgegfqegXnpKTNtm8gPtvK_bTrnEIcTJDsN3Ro8RqDwt48_WzyEC4eeIVLUv8R0Ip7yXIjGXx0ip5XGqB1CNlGWansckLH0UPh3srVLLIfHedtaKra-8rXolh9O1feEXh1BUDt3
Royal China Restaurant & Lounge,"Elgin Road, South Kolkata", South Kolkata,Kolkata,4.8,2000,ChIJkZmGRGF3AjoR-GwIwMNbz_8,AdDdOWoPrLlbRuSWHs1iuxxyc8R6E7gqcipHDHDTZJy_7X4MerD2njHn0D7jF7I5GkNE7cYIzegJ-Svv5BAgv8Xajx-aUZcup3Zk0GQ-rqValm2dWRFzxEKLxGHeV2X1aX_9QOJ7Vg2T9jqWSDgl4x4nOqYLQxcdlCZ9GhiI3azFKe9nbRgn
Uddta Punjab Dhaba,"Tangra, East Kolkata", East Kolkata,Kolkata,2.5,800,ChIJDQt7rCh0AjoRrBn0U15aF7E,AdDdOWqWVY0w514v6OOYl93-Wf8qHhka0uoajbQllZGGFfh_UZGCmVs83D2_T2ih85PYnZK7Bg7rM83ShqSMygEgGyWe2maXUXnaf_YMLvBdZTVf8MimyV0vNqvZ-fReSnuzdevx3TEhbg8d_6e9JLG6I-N-H-Mi9E7Av2iQcUAKL4hSuRu3
Piccadilly Square,"Centre Point,B B D Bagh, Central Kolkata", Central Kolkata,Kolkata,4.3,800,ChIJJW4vMDB3AjoROCwlaMWE79g,AdDdOWoGvA5VWeoLOoQx5kACJxFxPKU50ELlUKK-Ho3njE5fU_ycJdh2nE3wB8Ba0hb6vCD7snhod4i7W17Uj9EMOi4KFzPMCHFMw-hZGPbHNvsOk6jnJmVZ7la4wI8KgFVwInf2mnVwkBjiCFVAjueW2_WKbwdyDGyVQqXItIbTZOFS1k25
Sai Jalpan Junction,"Lake Town, East Kolkata", East Kolkata,Kolkata,3.0,200,ChIJobLqCQB3AjoRNEQ4fTxSHjE,AdDdOWoesT0t5QPgYkp5teNDqGbxYO3YNzpx0nUNbQHxQ0rH1LSbr8dacFOFodzvY7Lg_JaUP3p7GXTBlZ2Pqw1e2s21YL1hu9EbkDo3PceQ-z7g3CZjMBlbrYp5ddSyOGr_KdAu44oo0sWfnr-vYfzlHI-Qr5vm48blsrYgSUPpdjLaxKJU
Zucca Lounge,"Southern Avenue, South Kolkata", South Kolkata,Kolkata,4.0,1000,ChIJUa9zKit3AjoRAQISEcdlcKg,AdDdOWo_fIpIMCftpBkCXEFzRHwl_OYUdUcQnweTcpanSKlVe4xFFvB8jafzHnuAF24y4n2FUXQNUf3pfdl8nn8lpfgZmh7We4ModQnGi6QkMNBuFU_awc3Hb5uYGRO1KUcoseBm3hr2QoMkyuQugyLmYV_0iz3_y6a4CXc70gL35YfkpCKN
Oh! Calcutta,"Forum Mall,Elgin Road, South Kolkata", South Kolkata,Kolkata,4.4,1800,ChIJtYgPxRl3AjoR0FiivmONMjs,AdDdOWod8-i5_rJ1kGvIYAauSsMoynyey_Ad78QNHZZhBcJErljEc_ZHOSu7bMbh-ZTfoKRIP3Mzqqw8hf-izhCGVxVRQzxTiRjAK8Lyv7HVa9qo71PSS0AEyVhnDc-VoAJPkEgbwzXBJ_980cI4vvcomIEeZ0QHg6BzdJ7eMfk2Ua3Wkovl
Mintelaa,"Minto Park, South Kolkata", South Kolkata,Kolkata,4.3,800,ChIJ21Iunp53AjoR0gjwYJ72wsE,AdDdOWon7h4GbV5o4T3Mksaw79UNRTWPo44HYxvxVEJ8LVqpUVoC1D_q8sGLvd2tp61fUyh1HEuL5N4KSlhJekN6dI874xvoGo2I8L_mdNUkLUkrQdV7GFaI_jQ0yCMmJVWHwfGvp_Hfx_3IgPULhp5KmoNhsRo9tO0VPx0S5dXiPpw8Ni2g
Tit Bits,"Chowringhee, Central Kolkata", Central Kolkata,Kolkata,4.9,600,ChIJeQywdRZ3AjoRLrasSlnPYZo,AdDdOWpwaoQ3J0aolj0iwA4nMiR-1Sny_-xJ25EHkhbod9O_sH65cGU9ueWuJ1CIWPdX3zmc0plDNvwOL38XgmrXyxiVY61CHsPe81Z8D4XdewNvbhsujmDKnzRc5rnbhSPDF-8cZV8xpsyZ2_t3wZesgU3zfNJ4zkX_p4eoGruxVWPUgmCs
Hoppipola,"Infinity Benchmark,Salt Lake, East Kolkata", East Kolkata,Kolkata,4.6,1800,ChIJS54gwlJxAjoRexNQU8tA2aw,AdDdOWp0SpwmpjQfCvNPCFJ0zUS_KALKmoYeJ5aCA_UoXObENmiK_GlFP8fak0obNJFBsB_MwvM_ukLB0H5kaoPR4orHv-W5CJ1gIVQaFiFQLjwI0IDPqi1S8JhwDz31Gxf8E5kGD-RrBl2L1mqh2wHGyvLUpb_dyz0I8W3kpvJFGDdqpQht
Sly Fox Gastro Club,"Globsyn Crystals Building,Salt Lake, East Kolkata", East Kolkata,Kolkata,4.4,1500,ChIJWWgSiq51AjoRcV6Aty5OY4k,AdDdOWqqXGp6W8s3uwQbBSyv1dbkBgWG3Cs3oWZMaNlt0MZ1TlHuai8uh6GyUC0I9KnV0q9VbdP28nYjAnHnMSMX3Er5C4cqxXkZ15Yrlg7ZUNamEJ1_sAwyULkbNzAPRns-DRL_YKf3YtkNgT1QnGvz0v6oTj2YduPPRjYFt3e6URyQ2lch
Wow! Momo,"Salt Lake, East Kolkata", East Kolkata,Kolkata,3.1,400,ChIJlaWe9w93AjoRIloOddJqmSU,AdDdOWoVnchkHaM9oM6WoMZ3ZFOtwl_Q_tWK6Bq3QbFI3Ku2IZgNYJ4_lG4WirJcMdonuRngSv85sKs82f9hdcBErjDJXqLc8m7z_MYnlSWo9xNFxjFpYzs4m2vrrXRsJ5X67-rRh6iW-pSIFk2xAFXPkeIIR4j1J0Q6Px3PNKjXlEhxirK1
Rasna Buzz,"Chowringhee, Central Kolkata", Central Kolkata,Kolkata,4.8,300,ChIJr09M0v93AjoRZmw2vTIJPRc,AdDdOWrea7mWH8VHuOaihy2kbToaVLKaOmEGKwOACuLZT68YpY9SvnOoLVRIF6O8LxWVlcD3eWQkjoP0WJN6OGR4YPbaD_9HqQrhi-eQ7ptNIUI2wTAUAvd17OGwZVEZW5aPbI1iip3a6MFxWzHqY3XYv4MjKyC6L9kr2R2Ly3exzESpz4JH
Koyla Cafe Lounge,"Ballygunge, South Kolkata", South Kolkata,Kolkata,3.7,800,ChIJe-FOwqB3AjoRVI0ttkjOZIc,AdDdOWqVTOlrWESsI_4Zb-2xWYhyY36DONBnRfEmsPHoCpNnL0B3xhVKSo3DQcxhphDT-KwJ5Psxpw0BAhsy9v3ibrBsTXaejQGUqlRHvKTc3GxxHFmjUDxvJehJrd4ZxAc9dob0epLdoIwwYiSUT28o_mpJlv_uzMAGcna4rQMr0SMk70gb
Rajnigandha Bar,"Park Street, Central Kolkata", Central Kolkata,Kolkata,2.1,1000,ChIJpx6cyA93AjoRX_B0LV0iISY,AdDdOWp0oidjAzznLT2lYQYY7joCNai81xaJw62-yocN8MSVMnLVVL_30WmWXyMymu662XHisWERCk0t6T3DQYtOKk-WALWoBv8BHPNkHgytXqdczmpjwzVU1NV1sszORgTreCxln4SnoY6UtFEYlPlPGqBAStBm45x-Pjau_ISu4NtnhB_U
I Love Haldiram,"Camac Street, Central Kolkata", Central Kolkata,Kolkata,4.0,400,ChIJ8Wg5dxd3AjoRMstzp9LE6-M,AdDdOWqwITfBvDzB61XNpizRuHtUQaDMhAmXejzp--91t1uXKgLogfrSHKdFAcsbh3H78636mUefUtMSTdXWwhLXxaMTHRWGh4naJvfrG4uwESliyTrmbsQyBHDHzqXZcYuMuuMleSAhTnlWUB56kxVePvhsjkuScw6jbPZR7yDfNy9iAKDb
Aminia,"Dumdum, 24 Parganas North", 24 Parganas North,Kolkata,3.8,700,ChIJCZhuOqt4AjoRR8yc-F7lrXA,AdDdOWrW3K9TRr3GpfTaZiSpxVsBq_ru5AaRLQHLj5i7l-2s6BIURB5Z2pbc7KfYShXKLCnEs7tNE5WlETH57h11ALL2CmI2y8bWmEmYibvfpFkSEXL6zq19V1duD-2J4lmbh2vWbfdYDdQLX4M8QtzbHW0mrr8uZQX1ETDsHATVPIHlFI_M
Adil Biryani Restaurant,"Park Circus, South Kolkata", South Kolkata,Kolkata,3.0,400,ChIJIyIjAyF3AjoRWXV5dD0R5Wo,AdDdOWqzrjRFKDPuaPII3ORVoD2dZxeSsSg0U24flL_xAxuX8Rqxg9GCzg8L07f2UB2zfBN2JdAQAHS2DuB98JYuaXpN9GoBE2JWWbubVWon5ij92Ym_JmlAFcUv7QYnDU2wSw4pv7jRZ2_32dVfwHs0nJjYbnVsDpJkEt6Swxg_EHZTsKGL
Deli Cravings,"Minto Park, South Kolkata", South Kolkata,Kolkata,3.7,800,ChIJrUuhvRh3AjoReMvU7sG4mJs,AdDdOWr0L5zIluBXKjtKVTsOYhv8yN1aas-Y04iAAfy29LB1MswHr8a3dat16TW9Es4TpPNtyHoi4gAPBLHyjOp6Y5UVq5fFgl6DtE6LsFFt4gLQn5T8Wkg2a1QoKLkJvQTC3GUo9VCSgFvqOKRser1PCQJNGuJzIX86ECTJW6johgxcX0gb
I Love Haldiram,"Ballygunge, South Kolkata", South Kolkata,Kolkata,4.4,400,ChIJ8Wg5dxd3AjoRMstzp9LE6-M,AdDdOWq5kKNSLf503b7h833P98Oo9BEs13k80oj1YQh5r9tQNDDZPdJFkS3v1Bvwp3GFQ26mIJ2NpMl_eXNRJPQaL0LcrVc-JVYLCL3L_6Ocsm2W5PhebWOiT2zigRR7YE6X6WI1cQCHOfPquCRPUkvTkg0T8nFAvCeu7VFORrcggRmNOIKC
Red Kitchen and Lounge,"Jessore Road, 24 Parganas North", 24 Parganas North,Kolkata,4.4,900,ChIJZ4RABVt3AjoRwctNY_-o3lE,AdDdOWpaVc0eS6PFmi5j27yYKV8ZFf9F6wwY3Ax1ONmfzILvCeGC9TWM-56xbnaV3eIuF3ylLoMwaQn4A4RIhe_rAbwIDEeVfjCLrLTJPfn-JeYQiBCl8JqH7DO437b0tHFeO3kI-8m9HNPpc-sHbjDmZ70dNYekylAjfoAn8MZiA1JrPbBh
Cloud Tavern,"Sarat Bose Road, South Kolkata", South Kolkata,Kolkata,5.0,600,ChIJbauhnbh3AjoR6Ua_cwFQzeA,AdDdOWoQ8LOd7MZFaTMFNZLPP1qNSgE_NRwr5Yk3KxxGKicQ31mCZ06JEDfMZzVccKC6kP_8IsTf37sRbKBq9UN7UBsmReuEYeuy5E_ex2cdhNG39IjP4MkinJ4obbveJB__Vc5yYIoydJjaIU2xGqH65knjmtojtUHq-ftdUmbqBHCncKud
Rang De Basanti Dhaba,"Diamond Plaza Mall,Jessore Road, 24 Parganas North", 24 Parganas North,Kolkata,3.9,800,ChIJA22FkK91AjoRwfGZHxbo0fE,AdDdOWpfzvMG-QYbTBRHajuKA9lR_nQsw8el4o02nfKUgd0Q523LcOwfIaOJVS0UfwtY8FU8vacM9I6xU2nzKhDOZMK0Ay6MM_Ni2yThduVOz8Msm9e_KwCg6TVq2xfgcnDVBqrrL9N7586FZUykX9FyuHsoqfFCbUeRTXZgAlilscPFeoUK
WTF! - Where's The Food,"Dumdum, 24 Parganas North", 24 Parganas North,Kolkata,4.1,500,ChIJKXchCMx3AjoRkGEpVnY9keQ,AdDdOWqiwRypveRo-pTS2h1IEzpWNATACouwFxCGgxnplYTGNQrOUsjE_dxRJlkzJe0nABj3NE4RDA3mg7XT9F5hA1UnSLSlXjIBBob-A0bGG82t8JrM4OOJHHQdY8FFAdvbBINd7yhR0R7EvKCP_IQeoFVSHvpMKa68epVf-JSIFIlJSRiu
Chinese Quisine Restaurant,"Lake Town, East Kolkata", East Kolkata,Kolkata,1.6,600,ChIJkYqTAo11AjoRkyAJau7V1VI,AdDdOWrMhCG02Ghtkq7IZZDU_gcD3qciOq2pn4jxdN7lhYfKiAn7lVis1eNaz0-uNOL5p2nWPxSmhqWXCpYEF7bSs8tZaa0B3rJcBfzupqwWdMEIE3G_f8lzSuA23QCSUj6pd0co6f2TrtieLJqx4TbdXTEiAGZmHMHcj-qhmHkF9ZVye7h7
Icy Fusion,"Sarat Bose Road, South Kolkata", South Kolkata,Kolkata,4.5,300,ChIJMV4SHyN3AjoRrlXWjrfCYbU,AdDdOWqMIoGYfOu8c5Zd0C0LMqyloiXImgIaWHjku6DePuhRnIgIQlLu-mDUFTB3ZCJ7DdCzeucz4tlBC7DpuRD_R4L7JCNM1loOuilSTZPLA7OnBeKOyzzI1APVlBZBFNnAXSSgscYnqdjzQIG0mnCruzZoRof1devp8c-1byDeG87wyCOl
The Bhoj Company,"PS Srijan Corporate Park,Salt Lake, East Kolkata", East Kolkata,Kolkata,4.3,600,ChIJr-aUCgZ3AjoRYUBpDPUmzV8,AdDdOWrSiGjfxeirKJBLGumDMUcKKk2xA1iyim2E8yJZqWLfWO59LerYiGqPldTuvHsPCYGGP7v_3V36fVnx9voSJtyybzRYkEsd9sAveQAcMey5nlXxMxpSCfYnrHDI8hYrrO8ZMm0dB1FKWTMGdaRBCyQG9b8IgAvYcARnBTd0EYcgUmIa
Hakka Bakka,"Tiljala, South Kolkata", South Kolkata,Kolkata,5.0,500,ChIJiSCNrN53AjoRwly5I98mkjw,AdDdOWrIoaG0l7SLUPLfXjYY6kIqwki-QAP6tUidLzDvjpqEObelJfjIWAyXd5ooYFUZxdKnSf1qWKM5s3pKXHQNLmzgQOKLLxifJDAt_mlnKwWYStcoZYlQnUGFW2JQmm4HZesS-X3toldb8i6bBv-DMhCe0efk3Fk-tkXAxfwkQGDQgI7M
The Canister Cafe,"AMP Vaisaakkhi Mall,Salt Lake, East Kolkata", East Kolkata,Kolkata,4.2,200,ChIJESEOLmt1AjoRrvMH9hOBZPk,AdDdOWqelGGVGDBZBtp5A0Vr7fYKypWSuBrRSIBTiG1bTFBbadGAz7qlSPy3XeEQXSj7NbpauutXMxCKpSxXxO78GPLgv99g2lWPrjagr4yOP0H_5CXzPNfRmIMrSi7aw6fwrBRDCiSxzWJ-KeDc3Bqx3O4eV7MQJCu_4eP8h4fz8y-Ce60_
Chili's American Grill and Bar,"Acropolis Mall,Kasba, South Kolkata", South Kolkata,Kolkata,4.2,1500,ChIJpz5NMd52AjoRs2zd6fR_gdo,AdDdOWrZ0nhh8V2xP4C8J2Res12816r6sr6wsTJDa850SUI1ocl7ns_S9-RafPjQ8I7VsyhWUsKHR32fHxuJNtKOrTJSEiJDR9fsF7jYTijzq7Kp94G6OETTNe6aUpY5AgOoant7x87wzfgCOD8UKWonwvnvwSXCbR6Z3euNQjZu3rtCVk2Z
Subway,"FMC Fortuna Building,AJC Bose Road, South Kolkata", South Kolkata,Kolkata,4.5,400,ChIJo7U_dhl3AjoRMjjcWPWoyPw,AdDdOWroKg3n-CGkQZJlytUCdZRhXZHbRrnVs3u7mzHNbP84-frHqup3xdo4vzJXiBSUK5WPIp8rBuI7lDe2NQimw8VUS4oc03QPnD_1IT5CVHqJjtuSHi5QofpoR6JmpeN8RWhEhYHq-q006YZN9MXy2QVBpXYqo8z9qzax8YoRVvJGSiJm
Galouti,"Salt Lake, East Kolkata", East Kolkata,Kolkata,1.0,500,ChIJaRXXtcBxAjoRNxoy4kAkON0,AdDdOWorHIUpz01OBGxzlFeZ2aQjI9kjroJSQacyUWvWdy5jARMoaCw4O9uWYVETUcHN06Uh3RCu3HL9fWQY9J7812X-FpfN4x6B2JujOpBB1Xd0mVNfLtE7E3bngLV7KPH6TU8I9U4cPiwRV6lKLxF0rvjAhIxdMgTqut0m0swRP7C-5eyy
Arun Tea Stall,"Park Street, Central Kolkata", Central Kolkata,Kolkata,3.0,300,ChIJuX26jxl3AjoR4kkMyy72bpc,AdDdOWq4Hn1b7lUqHX142fynGnxYzMcD-eptz32RXSsTl_DZeBBlzf-z86HeHqe_JAKQTvJhJnZImqiXvli_BxXzjarW98Izp4Xszq9l4qqm7n6U5mh7RcGOfZ9vjNy575METKVWvspR_VBb0sac3GQPAJAfy_1Syd-pcaRubUfAljzwx6w9
Kalash,"Hotel Hindusthan International,AJC Bose Road, South Kolkata", South Kolkata,Kolkata,4.1,2600,ChIJXWmf3EZ2AjoRjpVzOO0y0ko,AdDdOWqmb_J7i7xSLq7zN8qsem5kZRA_3jCbuRTmHDWtn4GtaE4Jf_znCk1MXxZDWr-XM_XXPlme-wotytrUcnvlbBOplWJIincyjHh9ZYJJUbNQVzlmumBRrCUdClZ_NABvsEgqY7lzqAxNhwqfNd9oMxfqI2pr3DyztBMTG0891ZHifTTc
Cafe Connect,"Ballygunge, South Kolkata", South Kolkata,Kolkata,4.3,600,ChIJZ7Xvmm1xAjoRvbBiKNqYs2U,AdDdOWrivR0NSLUA-919mJe0ky4tlgWkXbZP_YOKIaUXguDWE5SKQV_dVK6cf9Jh54YEyb2Wkpd2DZaRf4rH8ZEN6sEpZqm1Xwi1th9bFSe-EpuCf0_oMH_NtjCRAOo4_612RYLSLqxToDYDd4rziityyBL4MW4nuF-fYnYiCxgGvXxlDn5D
Wow! Momo,"AJC Bose Road, South Kolkata", South Kolkata,Kolkata,3.9,400,ChIJlaWe9w93AjoRIloOddJqmSU,AdDdOWoyjpGgJ_uu5oksZ_vShQ_q-fOYTEdSv9WnvGD5TubEvHJMObTUJp4E-EYISxFl6m1CkZiG8XmfQNvYuY9HIYXGl9VrjaQQBJ8Ee2RsDRNNvOwNLNd1iYW848hg5kmzL03Jt3DWTRgPERfh2s6I3Ez40TT6L6xCxd79OdGNuA99lZtZ
Jaisalmer Sonar Kella,"Globsyn Crystals Building,Salt Lake, East Kolkata", East Kolkata,Kolkata,3.9,1800,ChIJ92gSiq51AjoRLZkkdMkN31o,AdDdOWrfJgN2oRj5VMPzQ47hBCd29ypMNIMg-knQqDm3XkZkypq3zZQCDh8rlNSl6Dmo5ymMjBXo5gxdHGrQiXB7_5z4HbuHKxI-cAbb1aBZAwlldVrRqD8b5gkFKHFc0qRz_VjPgbKzvw7_gbWItIpXSro09lJ9HnBc_H5XGNU31ghZmxHL
Mythh,"Hotel Hindusthan International,AJC Bose Road, South Kolkata", South Kolkata,Kolkata,4.1,3000,ChIJxUkuCD13AjoRUYtXPsrQ6lo,AdDdOWqemYtXFGe77uaA-RQJifoZmcf0JG2Umc0tnkSyv2utXWSSgEZ79GwAeIH79gm9Ju0Dn0ORnLl6jAi8UsBTopXhBmZ5e1PVBUieyaO7gSpDFHFPZMCZPag33bKoLrWJ024KfYR9JjU13XFJWiwi88GLhF4pZ_K4ju26RlJJx75rAWMA
Wow! Momo,"SDF Buliding,Salt Lake, East Kolkata", East Kolkata,Kolkata,4.5,400,ChIJlaWe9w93AjoRIloOddJqmSU,AdDdOWr3XwzZBxVU8fdMjVSGnjN-cddl_C-YQzjMkIwdegVQ5zgXaBTPDzZYBDZtI-jca2TT6ncndpxEGG9a7PlmxN1oszLulEN_knPaJHoXufKgVoa7hx1yosNO5RbBYyK-wO4-_iCRlHDMoveX8Y5E0edz3YBU4Q0ksrD4AjKNESv_ZESW
11 To 11 Tastebusterzz,"Diamond Plaza Mall,Jessore Road, 24 Parganas North", 24 Parganas North,Kolkata,3.9,1200,ChIJqymo8u-f-DkRw5Mqqj1-jNY,AdDdOWq7TYA7loFH2NVgh6q-6nkNmdDH8gHYZLKupTk1fXR6HQPZT_vGin6rMlkJs3AX_Bou9qQaHgsMI1d4OkTgoB7W5cyTAX1k6UgFhWYyQ3W224wtXdvFs7gsej0B-hHgK_DgA8UpZ1Jx4NKvpqQY_HysJ_hp1yX_Cizz2p4KuHX6gR6B
Raize The Bar,"Godrej Waterside,Salt Lake, East Kolkata", East Kolkata,Kolkata,4.4,2000,ChIJw22qHKl1AjoRJx_inwB_XuA,AdDdOWqGGdWSDjWdpbB23A0PdBU6QNXpBXC0lbYdmkTOTlcJVyeECmwEVpmW0885qE1LwgTjMtno7F38YfvfFNID7rkW4rwOtULMI1R_TFXjDRE9ELqysrCUXjkb9xcDY6IF_wXdaEzsZpYwzaxmh4-6lNaXDrtCYdggpZag5foHfSXFYL7A
To Die For,"Ballygunge, South Kolkata", South Kolkata,Kolkata,3.9,1000,ChIJ-bmtaAp3AjoRcJb7BoggdgQ,AdDdOWreaQYmDOUQVHerm_lFdTx0yTvoohuOFEKzoFa6VEm42_06a81LmRdfH2LhMfF5w02dG1lw6m-8vtJobfkFCzZe8l6njmwztC2jp6TArUuDEBayuOKfUc9EjT_eLXb3RNltLXludlVsVw6ShF1Sg-9EymJ92HZ0iuhyTuArIU5qV1z8
Monginis,"Diamond Plaza Mall,Jessore Road, 24 Parganas North", 24 Parganas North,Kolkata,4.1,200,ChIJFf3mdxB3AjoRFYsfU2nW01w,AdDdOWqBeik0hLxc4m1Js51vVQCW2jFhop-RhGo0N2XZ8Ayyf7L_xgozXCxQ8XZLb1d8qBko3nG0M-oO38MxdqHTgL5WbnoFhQS2C92aU0_IY7FgvUiDIxA3eBiq3ottaUlJ8RYYfb7_YHMkdR00Vde7RWIkD2m7VRB_22n22kyTi9ijQdIL
The Flaming Bowl,"Bhawanipur, South Kolkata", South Kolkata,Kolkata,4.5,1000,ChIJsxnqy8x3AjoReqwLRjorKg0,AdDdOWqPsG2sFqomqncrpkELSI1fuBz87hCxmXNNyqhO9MnSwL2HaWOR0l6X_yp_uVlJ6IKDyHpL6x2E8kWd3rgt3hjqzhsniH9ndY_4v0OPHD0Sk7tnlQo_Q3yF3Xtu-pq2omUsVfvEeLoUkO-bqZMW6ntYpMlHzYJmRvC93My7X9WjX5Nc
Pepper Chino,"The Samilton Hotel,Sarat Bose Road, South Kolkata", South Kolkata,Kolkata,4.3,1600,ChIJ32HjqiR3AjoRANUoRKimImc,AdDdOWpiFznvqM5ApeOd6Y8WQHtwIBTrK61Mp1R2w7RIR3Qg5xFQ406KkfFazInWq3LRYU2k-QmHsLok9XDbcyBcfNNr-qpAnYggMNnEMTRRFlQ7OF87nafUxczoQ-0papxrZE9nAGkvCEa69SmhETH8EpW2HYdWgaTeH6Ud38XpnLUryusb
Hatari,"Rashbehari Avenue, South Kolkata", South Kolkata,Kolkata,4.5,1000,ChIJq6qqYSt3AjoRZj8CGwMmRFk,AdDdOWr55LGbB9EGDqy4Jocm454vXFAAfYhIRgx7K3JJ3TLxLt9ycid82zria8aqKbhLtpA5hnuYnAutP51T0dzSkuLQnSRW5TJWCGLhEsC_4JD8js2B-OzQQRGG9Osr9Luc1o1IQ9CpW1N8m0Pi8dX1bgO6EGejT42yjLf7z1wwwJaKm64I
6 Ballygunge Place,"Globsyn Crystals Building,Salt Lake, East Kolkata", East Kolkata,Kolkata,4.1,800,ChIJzzxYotB2AjoR4lKHCFz_7_E,AdDdOWrZWkdvmMacEXpmNwxU7Q5mbZqQynGMKT1ws8RngzPvwt0vV2FXcKxMIJTkG7nUvvewlVk8_TuGQ1u8YGdflHCzAwNz5qrDUXEsyTmRAiQPo5TilzziYGMpQNi-vdXNpkOOOs5PaIHWpP70i76qWFHT4D1zOPyNuWtKJKlSRAhV7c6N
The Shake Factory,"Elgin Road, South Kolkata", South Kolkata,Kolkata,4.8,400,ChIJ4S9yOKxwAjoRKZhzjVMr_54,AdDdOWo_8ahq1aQsF3J8iCpWm8pWyXKstDBx6Alw3OLWy5elOUASl1DXm9dvVb13hxRKpzTExncg9eGINgqunK5tuF0olGHlWyz85ZKkhNGD1_9SSG7efLK1TRzCOUsD-W7T6Ao1wjEV8u5x3Dk34gEY5zV9nPMcl0SMwki7YiRwILwPDo7M
7/12 Fried Ice Cream Parlour,"Forum Rangoli Mall,Howrah, Howrah", Howrah,Kolkata,4.8,400,ChIJzxigc9t3AjoR1z_4qU_joGg,AdDdOWqfkeQf5NvFeUM154fYWLsPWkIsDd5NH73tt15k0wLsc0u3A5T6vfRylT6EQA86dNF_HVbxkpZ1u2yUmkT39m13sGFjKmV6IV7O19s8NbM7vJh1eHTKJF5JIJ82IkdpUDAWZs-4WITqhPe4TpBLBzTSbIl3gCtyH1gfbaqQDnaeqUri
Red Hot Chilli Pepper,"Ballygunge, South Kolkata", South Kolkata,Kolkata,4.2,2000,ChIJ2x8qdyV3AjoRgZsRhkpqhPk,AdDdOWqlFZsZB9xa0ZTRKHZHtprmUNk-KbtDDTuJOztE6ogshwLK9OVh7DQFbRSsQLoRmgAXdkDbLVkQNVEB9KACwCuY6s2vlOz7waLIIehSG9lQz1rLoYq3Sow6pnnTvL7UsA4EseD74KlRt1Joi-ZuQA_VH8F7NslTgQQ3y8wJVznBS-Xx
Pour House,"Salt Lake, East Kolkata", East Kolkata,Kolkata,4.2,1500,ChIJffQPtq11AjoRj9brLHyKvNo,AdDdOWpWwp05t6AyxJ609GCNDUjMXwWUNntCnucGD032ET0U5SOZBdPRdsw6LB4hC10e-GUSzlbhc5My0oZsygbBSkg5nT_N6u6eG9ueQrusaPOeIUCV2I8KK9d84GEomSjejCOIDxIAjN1IEk3jyJqT0TV5RosLPNaBA6xYSMeyuCAnWbVW
Fung Fa,"Tangra, East Kolkata", East Kolkata,Kolkata,1.9,1000,ChIJwRPIv5J2AjoRDBDaqm4hbMA,AdDdOWoRQwBwdlS8e9QuWAARbNqXHvS-MywD9cTqO6awBzo2AbeeL1YFrrXsLCvZPq_CKiJvvY0x_7dOlYiH1YwbyVSlr4I9TX96TojNF2qS2D_zeTCK24eSMBUNbhVRodBK93P1ebyTdIVrAjBw-WYs5EMfCstT6OZpzO53DKDcozXtSYuI
Red Xpress,"Bengal Intelligent Park Limited ,Salt Lake, East Kolkata", East Kolkata,Kolkata,4.2,1600,ChIJGQs9UcF1AjoR7MsG0blXORs,AdDdOWpnhWmt8ipZkuATXg0dNUvhfNoyX2MwXa5DmU5DetWyybZ_mOEPDW9SPFJZe1z2gzELBCZMn5ZmOOwxXcs5ZUVvrm8-f1vvyp3CZwhqVmIlmZKCTJ1nEHE-XNC2BJbxPvJKvIr02g8Bs9VkUPaDz-ZOy95NxuoZlmz2a87ro59ort82
Belgian Waffle Junction,"Elgin Road, South Kolkata", South Kolkata,Kolkata,4.6,600,ChIJVwA0Nv53AjoR1qXY_b-JSZo,AdDdOWqqft6Qq6TIl34q8lDFh8mDAOUALhW7gF-ad_DWqm8DFiJ9GUPSJBCh57PTD4Qq4L8MFiINDyPjI9OC_rtfz6tajVW12fjPEK0dCHBABlmkSHCmAJUAXLdlRYbDAXZmIFrUBCzjE2wlYfcfersdQCEp-wIYEVdSdQzv19YRFlkIHoin
Fries Before Guys,"Elgin Road, South Kolkata", South Kolkata,Kolkata,4.6,300,ChIJySOaW9h3AjoRXQRzNyrU-rM,AdDdOWp0ZL2l64g5z0kMpsnz-rJsD5k6X9OMB3PecrCCEu1q4E2rgZR0IkSmQnvpb6pcaeBgF0ZIinO8ZfqPPSe_TDCZvpxrhpRm117xpSyTfrdRhwUXAlhWxQLiD2Fnaqpbk1JI0WGpxWn4cjIkqXGqBVpjksjv8AtDbvzto5nlpXW0a-uW
Eighty8+ Cafe,"Elgin Road, South Kolkata", South Kolkata,Kolkata,4.1,800,ChIJua1m4nV3AjoR0gjwxqOegUQ,AdDdOWpLDfv0lf4VtUO9W6sIH1O2T5bfTJYFcNXzyQyHnPkhc8StaqSwcLnq-ru7GO9fhIUS5lKVbjbKEF86YZFfKJC6k71p5FLb_RwrRfoR5-ua_6-FRSMJDvnBzZJqYpPPUdUL8yBJ6yrMVKrya-5Z_sKWeks821f8xcwDDiGj72h3mpHn
Starstruck,"Forum Mall,Elgin Road, South Kolkata", South Kolkata,Kolkata,3.9,1500,ChIJs1MrpD13AjoRtxwbF5yvCM0,AdDdOWqc11RaEgLXqopSTLokyjGvNCkHube9d5vP2XWdQdlbq8Vupp-Mw9fMkfsuEh4jlF2yyghccLQILXRwNiNP62hnC0GFnnBUGlj4pLD-Epc7irekFOVusv1kiw9WPHa1kEXdS983WqP64NWmRa3sOF93oLHDIGjMjL4oNFjqwNuenhu0
Rooftop Top View,"Elgin Road, South Kolkata", South Kolkata,Kolkata,3.6,500,ChIJzTN88BV3AjoRZ5uP-UYIq7o,AdDdOWo2EPk8KpV8MtxEhfQ9MqILEzPIyweHbOSECZBmhoixZUlWiMUIemBDu0P9KhSzqfERfp3tD7HycKn1cKJZFI1pyJPCSFgljVkbUyEbxC3wlzg6PgvCPBM-vf-85NIcZmAjKzGi6iap4IDCoLkOBaaHK-Jf62R22qO9QmdYZ4QrHEn3
The Sugarr and Spice,"Dumdum, 24 Parganas North", 24 Parganas North,Kolkata,4.0,300,ChIJT1lVVc53AjoRADEfMUgAbVU,AdDdOWrH9X2S2gTuYYXrB1IF4ZzORKLqWqUpqVx6o9zL_eI4FuHk3dwD-yNvzOVmtNWto3-A-GoR1DfD8fPr_Q3DA9U02qhAVVJTNvLsnS2Ofk0cVhxG15uHpkIf8fbOzBLUrck2bmY_yLDF0BlqevbthpDJkT3lyReeYpRuKrpg5fVtdQ5s
Bakstage,"Insignia Tower,Salt Lake, East Kolkata", East Kolkata,Kolkata,4.1,1700,ChIJO1vTibJ1AjoRZdfysTwsdSA,AdDdOWpZBrcEKuabTcQ5oayO4Iy92v5yEzxchnEAbRfmxFf6qsXQSPkOc9nS_kmlmfoRj_suM-HWEZ6lwqcIKjDj8_eGn-91XBPXOSUP4_q0zyZLMd84ybde8zHfGs2OIhYJBRHNN2_4viydEf5fv3ZT2WDSuyNotjcFYs2aDwMz_Q33UFmX
Ocean Grill,"Infinity Benchmark,Salt Lake, East Kolkata", East Kolkata,Kolkata,3.7,1500,ChIJyZ--SKx1AjoRj24qBKYqO40,AdDdOWogs9EVLF7-vtTQMewc4SxErUuEDT8ywBRa7jwmnO5KtXK93koFGKhQE9iEhBxpx0geYErQ4RtSuPk1lHv21cEA4ZrCSNtWstiVxpqWaDQKh1PkX0Dxup3oufvu1hyJw7-0caDPT1M-RyGh7NVidLVIRaMJlW1PuYumLnGvugZTapbY
Levels-  The Club,"Salt Lake, East Kolkata", East Kolkata,Kolkata,4.3,1500,ChIJF391mUV1AjoRlLvSUXuWPAc,AdDdOWpjBItnMEZmKGUM1xRagT2l2LrJJHjG_r4OTBut_xGY5GXOdfPiRDpZRRlLStj9D-MwL53if6viMoNCd9krn3C9hlGuBdxAOf0jSk3uhcscFPtZddr-_0WcdHHTY9qrYBzEP0sBsaH0aqEd9v7eUyo-gRNjj6in7_AzqGE9w7q1g-Em
Tyre Patty,"Elgin Road, South Kolkata", South Kolkata,Kolkata,4.2,1000,ChIJHcfbwD13AjoRqzpZy86qj_U,AdDdOWqZl_Y0VmW3h2hldwluYLkqkAsqdsP_NtNs7nAmQLFkTx0XLm_bUcbPUJx4CTrWD4D_Uv9I40-IAanIwQjaF0IiMALXmxiwhkTP1IkG2URfoPJwg3QFgsSYvtum-PcFMzZGZ-MfaL3GQYT3dPZmKVF4Bz3wd3HYLiq-ARaQEtiytgUr
Chowman,"Ballygunge, South Kolkata", South Kolkata,Kolkata,4.5,900,ChIJdSDwlux1AjoRI-0g8Gp1GzE,AdDdOWrFmommwJxHJNYeNBa1AmttG9ZvflejS5gVV2FdEPI7ETC3q1jmnC6qW2fYow4_mjyhbd76e3k9CkKzdLnF-JPA3czociZ9x9mZIqTSHY_ZpjkTpaGRdPby17TrjdMvQWWGcM8YzaZfjc2uXTwWMmsiEj7tacW6LbBH49YkCz2vsvSG
35 Bar N Lounge,"The Samilton Hotel,Sarat Bose Road, South Kolkata", South Kolkata,Kolkata,4.4,1200,ChIJLcugJDp3AjoR2B--yZUoMY8,AdDdOWrids4eezif_DI4rt_W8lv0w83K6sbqEeRuk4bFbRsPkT8WqCytRFgZJL_amLcgiEXTsGdYr99jcm3ug1K7QjpUnStAcUXXqWjBytz4MJlpjDqhHvrt1UV56w0xBtZhb0rqb90nTtVBaWRclpPNg4WonkK1X9lY3I5ou0Fqe-xk6rtX
Indus Pizza,"Kestopur, 24 Parganas North", 24 Parganas North,Kolkata,3.6,500,ChIJHTJEGpt1AjoR8y4dRinRPWo,AdDdOWry6XKEz-YD6fR1mdKMFpqLAgUTuuXY9O8MY_6Eyy4u3orF6OjNU9toIWDY08eKH7B1p1BZjyWuuS0zkjcFQrOOCaaOUUrymRxrKmMmGf-Q4iHcQhkSfJQ33MK6QtlHLjMdHKudkt-UypwHx5tqprLyjYUrxl47SjkyZGjQc1zPoVUN
Wow! Momo,"Upohar Town Centre,Liluah, Howrah", Howrah,Kolkata,4.3,400,ChIJlaWe9w93AjoRIloOddJqmSU,AdDdOWoWStp9C4P2AsC3jw4_YkHMIkN5_CgrUDf8pciEgAfGkFqaQ8uWO1ADTc_I_cod85MV3jsOJPTvpLg-z9kUYTgPBH9BL2-dfZZ6xGsQUgEfoPnGx4eOeO3BXY8kRCRP6qRHGkwMh7QU5K5uTr0UkBk3-kE27xLcSMLk7gX1mD83k5uj
Privy Ultra Lounge,"Forum Mall,Elgin Road, South Kolkata", South Kolkata,Kolkata,3.6,1700,ChIJ13uIDT13AjoRR7c2EaufFAA,AdDdOWp0XNCMPv5lML5hpqi1oWRbTDtbudyhl_lCPrkMX9_bGxnZq4CgAD6R0BwH7TsPT4dmiZWuwBd3KmIE4oYWCDnFSflBCE7dP4gsVURJ-wmSzsMkRkdahoK1PKIxA6T3vzo1fqP7RzPOU532mhxsnOHbg8UQbmRbcTKT0WCCGgIEuTs-
Liquid Kitty,"PS Srijan Corporate Park,Salt Lake, East Kolkata", East Kolkata,Kolkata,4.5,1400,ChIJHXScOq11AjoRNjtoGLEvksU,AdDdOWr3uz4n3fb4baZzvv5DlJoJTUi8KGaSgpovCDTzXBpzjJrzHDTa0In0f_83-YjfEXmJRz9IlXIx8abeYhtrz-haK6Fo6g8utLSWmCg-i1NyYhCasUBEQJfMJx8zATrsrrUNjEF-6gaZ4xPHUoptJf6lV_J0P0Mkdr24igunx5Ryz7RF
Cafe By The Lane,"Shibpur, Howrah", Howrah,Kolkata,5.0,700,ChIJUXRtuxBxAjoRF-63-nebtDc,AdDdOWq3Ocns7RT12xrFzPKVzBCgzprtsOR9R1nM0O79KL10njNv6SDMXhYifuu6CaKX-KRUdjpy1hnUD-fvHwzOSpMkHwFVV6VMYhc4PFvEgDf5hKtTvyZ-Tvhb4sy-ieAJUUcA6oPHubaiu2tIjT2wI4Lr89q8patpCW6t_8TjGTtKZMTU
Raasta Cafe,"Shibpur, Howrah", Howrah,Kolkata,3.1,300,ChIJQY6NNWx3AjoRMxypqcJ1cv4,AdDdOWoDl9lZrogDSn5a0oscDBgxrkKRCL6p3G4jnaahbsCGJdOZbpGlHh2e3zFv-LubIS6j_GFH7hcekTHUTVTQNIW1sLInHHDf8lx5d1Kq2EWu6ecjiCP43T5WAkWAXjDt0uOiW7zScH1q_K4-wlLi3AYO2vFtJEmXaDJqE9kwNR_PSmzn
Sanjha Chulha,"E M Bypass, South Kolkata", South Kolkata,Kolkata,3.9,500,ChIJiz9wgnN3AjoR__Izkjcgr8A,AdDdOWpsNDUJBFcHrSJalgsOwLbsrt5AyOgp8UlD7W3lh7zKC2iwhDB5AvzNGWZFP5_uuyvHo6bymf9bd14c4grthfPBXSHJZOgz2EOD1UnzXM2YzE4iQYvmHUJIka61tE8RQjThzIRaZ9vi5znkqtNIZLyNgaXQBOFc0i4b1k2D4CGNy1YV
Wow! Momo,"Jessore Road, 24 Parganas North", 24 Parganas North,Kolkata,3.3,400,ChIJlaWe9w93AjoRIloOddJqmSU,AdDdOWpOVeWL5hSgRZnePphhZXrewiPZsjLHcLCJOCwWwnsrzrQyfxqKF0pMWXgyi0CRBHSb713H01-oMxQnMQXxIckDtfOZ2hJUUZouT0bQ9PY1_JDGqxH25Sa-jGtm48lXhzMiNh8Q8XeaEE1Sp7NqJeGlN5tUo0tGRcg_EoRQk1e77ZLk
Ice O Metry,"Sarat Bose Road, South Kolkata", South Kolkata,Kolkata,5.0,300,ChIJNwBYl1d3AjoRo7RuQ1XPPW4,AdDdOWpmVSzx9aGdTUP5Kn2Ag20DRrfvUUPF9TODMkd4FpY5z4gSOLnJ1kZg_Qf7HdIMsIGlI4u0c8ymNXBF0U7yPpmBg0g59MGDI0KRfrGqoeGtogA4oL1roYCTuas-NXyW6-SbCA1uogOXJ3CUgOg4-yFM8GVrgigca7dKcTWLdGqL4BfB
Cocoa Bakery,"Ballygunge, South Kolkata", South Kolkata,Kolkata,4.6,500,ChIJdV-w4G-e-DkRdPWK9oMIFtI,AdDdOWqlmOhblNOSzPZY7nAsy4cFroiHI_rdS8mVHYeIJN7-3g4GLJNob2hiPyB1pbcZRkrXE2BlPPJHtSAKWkw46LpSvOSHEizSzEkxHmOaHMISIurqriqVvwkirBbNrh5t10TM0EcPwWSITxJEo0WTt308UZWxGWDRMgI4vmQDoShO7f_b
Buzz,"Bhawanipur, South Kolkata", South Kolkata,Kolkata,5.0,400,ChIJASrd2Q93AjoRq5ssa2Xilco,AdDdOWp9X2qLDAdxDBXEESOf2tlzm84iN8LVgJ00AsUv_9WMnDLCDIWp86S8P4Zq_1C2NsL2jPQxY4MlEVZVdRx1quqSqi5S1ZsaI2H5rQ8BRVnugRhePG3-SLGsScaiBNyDf4dVZnJSfmUrCoxXxCyJ0F2cUEKIJcedTaExBKUd8D5t2_u1
Empire Bar,"Chowringhee, Central Kolkata", Central Kolkata,Kolkata,3.5,1000,ChIJA7HmW9R3AjoR7jO3G6zAt_4,AdDdOWoxnOMkjLofNfMeX7hD6CGjPzqxl_fOkEafAj3oYj0DhbT0StGPor7tQ4NhfGjmrPaKk67CgcBe3R_ZWbxJ8NyLNu_GjPf5iKTOMEJO3E6ipiknnqCxxvtZlfE071AhRgSnyAJTuu_4Fbhbbp5O_iyWN9KNEDFHLnAcnfkIaF-7n1Zl
Arihant Naturals Ice Cream,"Bhawanipur, South Kolkata", South Kolkata,Kolkata,5.0,300,ChIJk6kishp3AjoRGSCj-UslYMQ,AdDdOWpT4LQhEGo9HnKJL6_Hw6zOafX12Bnm29nk_z9YiqJVPg9D2NBJiihjJz7Dd44UcMfGqxYRlNSVeO0WuEj88cGu4SpjiapXGWTjNBUgnm0f4lmqpyH0_qBcyQpxcIWkwL646sVkGJVZpvLFpBLPeEAJP8X1--2Q8f9xxzEuWXO3Jgp8
Red Bamboo Shoot,"Ballygunge, South Kolkata", South Kolkata,Kolkata,3.2,800,ChIJ7ZWVsLl2AjoR9510pxf3j-0,AdDdOWqB8M_20PZR0rkFuA4iMrwPJy-D2Vmq_TPXy3MwPDEDnYFS_S5uXKlns5sb2fKN-TSlOF7f8_bPd_gK7axb1GHS178ox-bqwGXjGDLn_LXHa_SLMYoi5HxaqiXpJ_xwqQfpwgLteVk7ss90g112P3yQpFrn29rPqZoTDznEF1EVRE2g
Shanghai- Flavours Of China Town,"Dumdum, 24 Parganas North", 24 Parganas North,Kolkata,4.3,1000,ChIJkfk5fLx3AjoROIwiweVxLV0,AdDdOWpJFV12wptGp4m5fw9PH3QKqgQOCx9tWwz20Op0irVqEzN1LqIkXZlTM5ZiOcygBz0-i78BLvBCdTHugz04DO_bWrWv2vFGs9_MakdQidhfFRRw_DjAtqK8iqC6VEPlQZONksQy-c5IdQm9EyZ8_HtIpQzcnJY5ZdAAMD0hnQr_XUwQ
Roll It Out,"RDB Boulevard,Salt Lake, East Kolkata", East Kolkata,Kolkata,4.0,300,ChIJAZYdPlV3AjoRjjUZoT3lEWs,AdDdOWpaM0RgrQ0FOciizV_JQHRsutIQq7SPwsnCqR9e3PmRx_UB_tNaQMSZMvpxUQPzMjBoeK24Zb287HzzuEwZdh37covK6TOqbCw7M10Lnp32kF4TKXxGBF5FQUnpFxtyw5azSeNXrjL4RLVz0U67NQK-RI3OlP1UWvrtVJLIID_Hra2k
Chowman,"Baguiati, 24 Parganas North", 24 Parganas North,Kolkata,4.6,900,ChIJdSDwlux1AjoRI-0g8Gp1GzE,AdDdOWpt0bEY3HrGutZSGUebCEoGVR86EXxTZF7N-aGb9OtuXmnikxso58CU3KEcSPRYf6GsfpxoEzRg8xr156ctrskZODTtWlPshDQmm_5ExnCg8GFt1qe3Cun32fJa-2g7Uv8_ApdNKcxkmLPfj7xw71Tz0VHyD5XD1oGRXzlwYH5uMyP2
Wow! Momo,"RDB Boulevard,Salt Lake, East Kolkata", East Kolkata,Kolkata,3.3,400,ChIJlaWe9w93AjoRIloOddJqmSU,AdDdOWrSa7ndqc00z5OduHVE7JL_23UKPLDs6DjYdkUsUD_ssrBMAXj-TyGNdzFLucskYYhvhNf2o7ul7gkgWK1aG3F_ikwzrooa81IPcShP-pp9DMAOPneVXLa8WWMLiEy3HxGsrrwbrDrI6f_c9qKA4a5igITBnE6BpwGpxAX-MJa_3fFx
Bistro Y,"Salt Lake, East Kolkata", East Kolkata,Kolkata,4.1,1000,ChIJbeXkqq51AjoRAhE_145Ax7E,AdDdOWr_hjnIyzXpL7VfGAEn5uf7NEW7GjhFkngvkKTwIaX7CnMlpAoTeBFtnVbNpYvuIXhbJCD4YJg0k-sHRN0hS55JuXyaUNI3s7aBgJOPqNQz9mYerSnQlyOosHiP7RtjkR_AuBG53PexKhwGAMJ0IkCZj2fJctap5dlyHXQ9iGtjvxjz
Eat Out,"Topsia, East Kolkata", East Kolkata,Kolkata,3.6,500,ChIJLdTcng93AjoRoPZ_lk3HEYw,AdDdOWq19EIyWheKesgRmdpKsFxKQlRd0MqxcV4InTPFO_c9ED1LTuwxex6H-1sxGM8K58YvrbSkSlhy0im_LT7QoA1Jpr6MzJtjn7yHqk0rs3XewOIUtkUcCiUkzcBFPtFhe_kN_sbR_yqU71g1T_K7vm4aMld7XqV1CwM_29F_o9dDa48
Taco Bell,"Avani Riverside Mall,Shibpur, Howrah", Howrah,Kolkata,4.3,500,ChIJx9ylPr13AjoRHKloA6PEuIk,AdDdOWrDEsxj9WJICtIjKX-f9bapnz5eD4OMgjaMQImnZ_jLf88NWB8fVXMwlqh0SJAEl8o26Stsq4gvMTitcEXdNfGos1I5nYFUZ8iP4Jc8UisNIZcWtFI7wHWFacx-77X07qDW87xSNEp8vjBDErSjVromCYzNnwY-J7mlcvnQ1sHxgU5l
Azad Hind Dhaba,"Globsyn Crystals Building,Salt Lake, East Kolkata", East Kolkata,Kolkata,3.7,800,ChIJIxvQOw93AjoRDCA03DS9cAU,AdDdOWqsqaPfCLzrLGkPk5o1dZtcVEj7TarMyjSFBKCUnkbtVJOuAZZMICNryVmI-xUIvtwXxl1WKyyrqrZ7EjX4NGrH_OpfPUFthIHovNOYANFXBPMgNPuT1X5mXKv0U782etAwFsDTJSYKIiuQpTy2UMEsQgC5IBW_S_Nl6WnPrHtGcLGP
Ridhi Sidhi,"Chowringhee, Central Kolkata", Central Kolkata,Kolkata,2.4,700,ChIJEWKdmRZ3AjoREQiC90ZHW5s,AdDdOWobVTUCyosYS5IZnR7uCKs3V2Nq4ZEn5KVLbWOoI5G00FrJp2PDPwnG4mI9SjjfnE3DZDWpNqc_9Vspej6rEyBbWZsa0qu27pPPQlASq5laTOXwLH09BXw_o3e7AUQ-g3_oswyXPvtYpsrAZhfYehQzXOmgph7eKSoJkkv6lSORyKHW
Club Barocks,"Godrej Waterside,Salt Lake, East Kolkata", East Kolkata,Kolkata,3.9,2500,ChIJ6WTBAql1AjoR0iw6JmVwZtc,AdDdOWpo6i0fCvCoi80an0IE8TFCBJ-9LxpnIsrxLvzuxcpVd9UpM22TwgprkFFV8UDqXoILdXSI7GIQqcUV4PnGcVTliD3UCafI9GhiOqNnauvb3S-c80YgeFESyjoVApS-gqoq034ibjJWfvSnkXxayXcqCJovJRBPZfOvr1oPA_xgUIg0
Kwality Restaurant,"Ballygunge, South Kolkata", South Kolkata,Kolkata,4.0,1200,ChIJf-cClg93AjoRlA3Q2RIh4k4,AdDdOWrQhS4PCUbrjOoyrfiiMdP5lSQnHIaEqDYtLXQZENIUWAisv08lk_Ai6uILNuJnG-DsGJqAVcLN1Z4NTiS8nYQGb8ENlmbPuo05a969VgMSn-dLI9BeZ14P6LcSwhyzxcI16ToHrlS6E8P3RcCQwAkJLWd81OWz4GUroknMi7vosKY
Sholo Ana Bangali,"Saltee Tech Park,Salt Lake, East Kolkata", East Kolkata,Kolkata,3.4,600,ChIJPe_cGdFwAjoR0vTYfBrqxzo,AdDdOWoicTDeRt7dfJ2xxt3BV0IKcWI_kfEzUj4OGf6voupiQAlmexyabDy9Q3RgprLGeNFQQIL3o78UwZZIK8aXHO9UybHyPDRN2LCTu67k9nzx87kqYBesbbFBi3BVOmb9gsmBDUw9E92dFljYsg3GaaY77OiNAdAKHpwuxgO5VLk5EPKT
Apna Dhaba,"Bhawanipur, South Kolkata", South Kolkata,Kolkata,3.9,500,ChIJYW8anD93AjoRo524BZUKwaw,AdDdOWpoPk-bLw9_qRB1hjqZL5H2FBKA-boxqhVrCmJKU8O2zw73dRcE-dO7Vx2giGVQYa0f6fzvJCHfcD1YE4PUbXpy007jkcyUKQhKZCmHVQDzjTj8Fs-OJereS3OlxuudJOjsWXUljP2NmL8VLhAMMxfoN_JNT-O5tO_MqciX8k2Wh_gk
Suufiyana,"Kalighat, South Kolkata", South Kolkata,Kolkata,4.3,800,ChIJTb6yqfN3AjoRdzuBiZ_YVo0,AdDdOWoWNv38yesiEDyd2zB6hiDDabYwtTaXJUsm22Jjcguc2wb62sG73VXQ74xk9jhtwDPii7XQR8NRRQxnOgTMf37FCebVsGrzyN2ophUI-TVcvgcE4FVRgPYJ9t45xeZp3txU6GOjKcs6o0-usmU3mcAdhJNEt-Dr1o1JfXgzwk5mtuGX
The Sugarr and Spice,"Nagerbazar, 24 Parganas North", 24 Parganas North,Kolkata,4.5,300,ChIJT1lVVc53AjoRADEfMUgAbVU,AdDdOWolCb6zZ4HuUfshHsGJ5uSlqZQnjQY2uur6GkfRxcm1cZfY58ptetxo-foiH_J_oFyFZPxLspjsqqJc9DAxeqbNM2b9EsdDhiKqKS51Q704OeQUrWLNAmcTK6FqWlq929FUdqbv9mzlOkIMZf-E4tJKqnC1z1-Quezn-e1K_9XSbH0q
Just Fries,"Bhawanipur, South Kolkata", South Kolkata,Kolkata,4.0,300,ChIJF9eR_oN3AjoRv5DSbd27tU0,AdDdOWoC-oKRlJCLil3ocN4ABwd1JvEBHF8-XSw-VjSs-8m5g7kFiK2oOoWCchR7uN1Id3huC2ATYxRoSa3T-qjgWYp7WMnOXhcJBTZZpeCuw-rZg-xC2cPPhixuZdsDs6FkZqqD8Wj_tsHyjhZ6nBH1VgzSqYnKEtli-QsydLNzQkh2QQwk
Haji Shaheb,"Bhawanipur, South Kolkata", South Kolkata,Kolkata,4.7,400,ChIJjUBiLzl3AjoRLdDN6A33JvE,AdDdOWqKypd_7Hg8sGzfHuFxvN6q7HLXaIVeaBQZUyVr5trtPjY1qlWrXMe3QDlBGRV0wy7RrjpgIPzy4iLreFWU4Y7ygImP0cPq5zRYJwDGMQrL7pOFnz1SaXUxvxbv_R2dSyrWPZEvtIpsBnqPyaCZGJs4ZkDt556h5rzpEN7iKSKWgYLP
Baccara,"Bhawanipur, South Kolkata", South Kolkata,Kolkata,3.8,1000,ChIJ7RUx3T53AjoRnk_UKawcX5k,AdDdOWpAlB0MBaQCExAm3dO3pqWYtiUw565BmeKGe6VKu8R9S0_emTSphmbAaEFmTpAbH_n0aic6euy7mJdhOqH-D3Y8yoaGu0Nj7hk7zHyLRw6fijn8PonVTqKlPPxAKPHciu9cvkkKv3Ir1G4WiSC9aYbZapZcq7y1UWBCleV9RFcUNWSz
My Oven Story,"Liluah, Howrah", Howrah,Kolkata,5.0,200,ChIJPUS1rlud-DkRBNJqDY3sOs8,AdDdOWrJ-SE3XRoAw6hnM7ozOGKckhei4ShF-Nt3o3UUrNIXauBfQV1rtpQk13hKxmJtgkZjPdDYoMhVYZKEBm-Bmod7Wy5MB8lPxQSPiyliV8pI1E-OxNrUJ7RcjT6PwhEyhwbVtbtx-epaUE1r_1aasyNvsGqgqeGNS4N-3mVZ55ZAmiBY
Chinese Quisine Restaurant,"Salt Lake, East Kolkata", East Kolkata,Kolkata,3.0,600,ChIJkYqTAo11AjoRkyAJau7V1VI,AdDdOWo1DqbyGqBWPnzwPOKbYRfFvozxf6g2_T781IcoypkpUaVPABZ6r9DZq9bKNxPqrP_qX--ipLe_mm7TJpJw6hG0VcypieEP07gXae0M0OP4j2ZnJtIqte14sZmTWFn5CzmtuuYHn6IToX_i0_IE1Pq9xCxXwt66lNKtrE7o6D-AkcsP
Happy Cones,"Bhawanipur, South Kolkata", South Kolkata,Kolkata,5.0,300,ChIJ6WC4iU93AjoRJmhMGn-_lK4,AdDdOWqmIj5oedgheSxSYWxq-rrY5dg6IhIRj7XA0PwCKY5Vhq-X9BtPIKZrhWQJvMIjX0705v1-B_io952TFt1HLm6VKF2y6a8UJdziJc8BXpQxMp3exF_CRCkb_z7-SQSPtbyHAucMzAGjR9JeDQ2r2Yg_gejZEVJx2HcZBKR4OR8MgLmJ
Toasted N Roasted,"Salt Lake, East Kolkata", East Kolkata,Kolkata,4.4,500,ChIJs8HnXCuV-DkRpsrN78Y6Kbg,AdDdOWpkTBZR2n0abwBOSI5D5T9M7WhAJxzdtTKTBaCVKmeYpPbtEf-Hm23LdG2c4aVsFFRLXZuhV4_3QyQOpVBPc9VWqEq5r1S0rt9Wm4oUFIUwIEuNxvHF1Ft343-X5VIGLQBcynuxPu1I8ZyxKjcSpsuRVVkWAILgoW1rIlb2eDtPpbAI
Wow! Momo,"Ballygunge, South Kolkata", South Kolkata,Kolkata,3.7,400,ChIJlaWe9w93AjoRIloOddJqmSU,AdDdOWqPMdW7zBqbrLBuNqY_V-4eWjzbx8H7sl1igtFgxYufnJslztTVkj9zbtgaOPgNZqEOXfkfTN2IPk6RKcScXsRNMph1qG7M-ZRAifNlrd1PlvdFh9G1cDWvqRnZSymlkEDtzVbs3uAxFo50YM68XGMA0Uf83phymZqZcwCcU_4tkO9z
Shimla Biryani,"Kasba, South Kolkata", South Kolkata,Kolkata,4.2,800,ChIJERp_Jq92AjoR-hAjiPHYdS0,AdDdOWpXJnsf4HsHyPJAmotkJtlc_M8qKQeU3vyU_tj_x6IYWxYMSP5LnDHqgvX99X-xK8w4daezUQCirtmDFhtXkXGomrUAPWbtmx0i5GCUTHzar-vZTB4rDVhrgOtEY-vBdAGnrtITlTqpD7mifRx5O_c6SmP06hDr0mqSYEdqB9KNDjNd
BJs Sports Lounge,"Sarat Bose Road, South Kolkata", South Kolkata,Kolkata,4.2,800,ChIJRZPVs2F3AjoRwVOFmkO5hII,AdDdOWruyGjWdpmKPvywfYVyq_BQ4-5e4TUojbD2uf3yxoK44-hFW1lp-VVWt1Cl2SiMjJvRaqmNGlRN5kMUxaKqGfNR4FXp79qg2V2nFrsk2nQDHcIErRbNECPipSiZR_0R1A-5MWCuXLEwwPn4Lyzvvdt4O2YQmOwaYfmiAT1JFfDa0fJ_
Azad Hind Dhaba,"Bhawanipur, South Kolkata", South Kolkata,Kolkata,3.8,800,ChIJV_u256Z1AjoR78I2bmZG2pM,AdDdOWpcPY7kpJcDEuNZ8PBhJ2suUXaV92FvNvTON3JKRMcyfWUpTBR00i31Rm_IOT3S0_aHoBvugIxBU1p20NQJTCtDinRSKw3kgtSQUSlTz99EFPitFXSV9SonmoYozaPIpnHXCgfkInVG2ngnf0XZOQgGLWTN8Ioxi-v2rKl6XLaeYxLh
Azad Hind Dhaba,"Satya Narayanan Apartment,Salt Lake, East Kolkata", East Kolkata,Kolkata,3.9,800,ChIJV_u256Z1AjoR78I2bmZG2pM,AdDdOWox9-e9InDkkwg4C2hjPk1uQON9omzkDRjOa_xT3iftBg27QRrmLQnFU_aYi5Jbz2wK-qtajR3MKPgAh5b477Dqhjmdovb8y80QaNz1QesxuFrym3eLJeK6-VsLkTToAJYxLDK3N0sO2nfeEL2kAxfkWiXycAG78P--9V4WyDvvhTkN
Sharma Dhaba,"Ballygunge, South Kolkata", South Kolkata,Kolkata,2.9,700,ChIJ2Rfg8Nd2AjoRQDij8_8QlDU,AdDdOWpUQLaqic8fYyfyqpbOR5KJveZ18gjDBN6ipyXoDTKELSYkx6ttjYc5W36V1CkqjdV6anUJzwh6qRlGmV6Oi9SUsNj6gws5xkXN_KylquM1mAlxsNSahbJqtVIFVtBD27mlBwXPxid9efm0x5_lDC1Q03z1M4LRUJsS7ig7ZJnbc6yp
Kake D Hatti,"Bhawanipur, South Kolkata", South Kolkata,Kolkata,4.1,400,ChIJv-9-Q0p3AjoR09i5yjQH27U,AdDdOWoyxtan_KohoRIOXSuYe-hE9Y5FkbCWCSOarW9f5bLO294e6jC0-iCphDLtHMqWQvfYCIuhzc0efi-94sl9sFdg82BuHC58YHLcWwNhkf7YTbSLpWK5v8b8llfKcX8tV3T0WmYiMlTNNp3q56Ve8pNUAuJUtLfhGM38VN9ijQYL2kq3
Momo I Am,"Golpark, South Kolkata", South Kolkata,Kolkata,4.5,800,ChIJ-Vy8w2N1AjoRftLy9joFw6M,AdDdOWpCohPOLu7iXg7ACmbzwoET8TM7MvxZYtS1zMCjGTi5UKiQPqmGqNUhWFMc3CJtWrHJD8uC-DhD0MzU690ccumhNdf--e-_yD9hFoUyy2ZasOV_nZG0nHdLoHdEvFqV5yJZ4Ym1XhD1wZ10drJLcMOIRfKfeiBUYdIy7HMS6uo36vhY
3 Idiots Dhaba,"Kasba, South Kolkata", South Kolkata,Kolkata,3.0,800,ChIJdevXqKVxAjoRbkIiLzwLcTk,AdDdOWrCXctceAVQYK9cNEthUWCYYMLYWPKq-ebUe68uQsfNOwLrsSfrfAa83LAPGldZUy6LPJ6s7Ymk12di9vNHwff9jBxD6M0bPq1KAYbo2JObYXa124rpsXAxdonuIaBKpn5pDtG7uSBoSGp3LtExXazU2X8_HiH8_atIVBzZd4XtTnal
FNP Cakes ‘n’ more,"Elgin Road, South Kolkata", South Kolkata,Kolkata,3.0,500,ChIJU2G1gapwAjoRPJbPNJ2h5c4,AdDdOWpY4tr672GPJSQ7YNdJZ0t3KShWyET83aiZiCrZ98btoSyuOuPlezp5aI8yHGsi7Dkf5tOPz__Y9wl682BmDwIb2FPoy7fHK7XL-moP8ee4S6Dys0kisx7mCNBdari-rq_xTWgRpEJ2MvUMg3tb5Dx3NGAc4pqzzjqbYWnao7eW9Zju
7/12 Fried Ice Cream Parlour,"Bhawanipur, South Kolkata", South Kolkata,Kolkata,3.7,400,ChIJzxigc9t3AjoR1z_4qU_joGg,AdDdOWr39VV4roooygdN9C3UCJr8aWSSnXjDPd7cvKeuEO8y4QraYmgzWcQPMbPqY9t_XfvEe5Sb_Ytf66WGVdNrqzuvwlfftX3Fcwk6bsq80SQOzl3kXH27uu-G8YLSWRw5CS9g_uJNNj9rl2vI8uHZ5PGIhw5kZIrHIrKqI2xtuuSSxpLJ
The Sugarr and Spice,"Bhawanipur, South Kolkata", South Kolkata,Kolkata,3.2,300,ChIJT1lVVc53AjoRADEfMUgAbVU,AdDdOWoPkWYCTgakn-LS7xezG9PLF8GeSSyf24y4T2BWdg1jIsTLwWyxKUsgYXQ1d_zge3yE4zbrJiULUIY3sbiNPQySFhTh-9wfVwMJhkbFJjOMB2ClZJ4JXlCdTmS_YYT339VDJRNMEG2X8CgALiktQF6UEqM3TerUgaFIzt3tJsDL5J75
Kasturi Restaurant,"Ballygunge, South Kolkata", South Kolkata,Kolkata,4.2,700,ChIJ9SasSCp3AjoRYmFcSPR0P3M,AdDdOWooqK1rUIREbS0Y6EmFvHhRmT6MT_UVmnWiNqfPEopztKCE8SaArUDAqg1nBu-dF957iCfkD_ZGuSZVtctS4vQDLWV40IYzapLtIJRyJvcFHz003qBAlP0FJ_jhoFbe49_O_2Kq3B_KzXIIGuovLyJsK8owD78n8T44PqjvWwqat_XG
The Yellow Turtle,"Ballygunge, South Kolkata", South Kolkata,Kolkata,4.7,1000,ChIJh4vvfqV3AjoRpKgHZ8R6Z5Q,AdDdOWqOSu8tmnDdtBzXeGKRsbDWSVyg0wx-F26cP0hiKzQJjW_sSjUjwn8H7a2iSBr3sxv7ZSAPxuhB2cJ_YkjSbvq3QAa4l48U0AxF53HI4vV2zYETYGfRc7xOwqKvyg3atnChPyQfH5Du0UMQZGTNiNY810_txC3ZVLhDy1b_bxR24QPI
Wisdom Tree,"Ballygunge, South Kolkata", South Kolkata,Kolkata,4.4,500,ChIJV3v_cOZ3AjoRTUfZUCFKGI4,AdDdOWpiNlwg3wpoDS8CrzE-zOuNVZ06kJCKWNpeMygBdsbEes6UvILDFWjBwIDCBZQGsU2OGdu-jkMH5RigYWyCM3e7PgWcUaPVOEZiZKaE1QPF6YM57eUoVuc9DHeD1pTP70a8ntKjo6e5cOdmxMeYG0uCAFcFXrCLsE3I9F4l22tv8Xzp
Buddha Bites,"Baranagar, 24 Parganas North", 24 Parganas North,Kolkata,3.6,1000,ChIJEUJvG1VxAjoRoglQjms4AdQ,AdDdOWrWE-sbWLtZfioYWGLSuVSsrwVA_hB8x1wwxbSNyP6YZJSB1JWWi9dN9eUHKb7dqatYQ8svX7npfJol2DLmVNveMuiGQqxBppGYo85iFTQ2hUKUwYb56olqTbpTWb0m85kDWnsX6Kb29Lcrdk5mMo2pLZHUhtzj65xS4tOJ_vGpMVDX
XSpicy,"Indismart Hotel,Salt Lake, East Kolkata", East Kolkata,Kolkata,3.1,1300,ChIJ0W_xlq51AjoR8NSgferHJWQ,AdDdOWpK152Skf-jjtnvzSP2PCuUWRif1p6420iEIGjx9yW5D4LmZpGi1WCU82dQ2nasey-NYi1yPJ49enQ6q_qwbR4G2_pwHX_N7vPOVYASqnmGqtJUpLjjfxaj31mChtvtZBTlxOSbT2SF3wOWzWvS43ISutY3iN6ZLCLoZLFqLovWw4aQ
Sai Jalpan Junction,"Kestopur, 24 Parganas North", 24 Parganas North,Kolkata,2.5,200,ChIJobLqCQB3AjoRNEQ4fTxSHjE,AdDdOWrJ4Gx1oY10LnLWWo0m26gNPSv2xbLCwOP_sKyIsC1MHDPL8xKgEFShUUmO5x5otpzrm-7FuAIkTVqFYtNc7FoFKagRmvFhZFOl_Vc89_fKhAe1dV_sZl4f1fkrsVTEkdWavquAk8D0quntl5TQjkki19Tli5knpwdKPgnggddtPxIR
The Yellow Straw,"Salt Lake, East Kolkata", East Kolkata,Kolkata,3.0,300,ChIJ4x7pmSJ3AjoRBAH3t43WNaM,AdDdOWoJmpYrMgtYFWrcmd1sQBq8-3A1fwirTnbhIK6bR196AKkswhmD83ZQHF5qFsyx8jU5QKNhTsDPI5CiJeESP3NlvKucDdiwbV9PBIhOoux-GNnJrHCAdq5orN_wnpvCLZ-SFokN-rBLsHyUR3k8rnJ6aJ6RvmopfUDFXpzkC8IEMx0L
The Corner Courtyard,"Hazra, South Kolkata", South Kolkata,Kolkata,4.2,1200,ChIJEyp_LzB3AjoR5dU_m-OQYBk,AdDdOWpDm9G-YGUWEobBbusMtEnQX_zd4l80aVpZHFSj2oDEz2WrpFZI6hbd0ec9GQ06yP9pSNC3VJyXFkbKU_3d0NsBtm0t-VsWlh_LefI-R2E7uWXADyNMPQ_g3lHBdfaZGALqf2GunW8USvdGErdx5TSgHUi5s_jvnRe1BgQVCS3JjL9s
Wow! Momo,"Shibpur, Howrah", Howrah,Kolkata,4.3,400,ChIJlaWe9w93AjoRIloOddJqmSU,AdDdOWpIUCx2CAS-bVz7UoX2mUmT2EdZDUHbhmnA_7VT_hVyG-rFt8c5RGTH5wAtEDkHL_23pxhwvxx2rHa9aj06bDLRIrctAVhcNOSYp9-Xnm3dhu4BlThZQF_cOQbR3zcuq2e0wfmv0bcXtz49FQdADzd9VsHs6TQaJjkMNY975mcHb1H7
Wabi Sabi,"Southern Avenue, South Kolkata", South Kolkata,Kolkata,4.5,1000,ChIJBQwdF81wAjoRwje6PP9VGEI,AdDdOWpROfxoOQJ1-kwTWIuwn8ZoKrrN02RwtvBVuE3fHtfhDBL1zzC-NRisDYIYFKUj5TLaqf-QuUurQL0W9Frj-fgBQ4fFNrjpz7rMp8Ox_s9NQtbHQ5s-6qnItJo7XIMl-jOtsMO-BGjeHXVxXE_YSkABjQ2OgNCSlapuJSTfp45ap_VP
Bombay Kulfi,"Bhawanipur, South Kolkata", South Kolkata,Kolkata,3.1,200,ChIJXXoMZTt3AjoR44N6Rr9Ahuk,AdDdOWrsvZOnvhJejPKG0CPM6mHmcxcQXs-zh4I4J1A0NfrXaoEkjdH9LvFr4jPsuZDLmOFPGNBtp-LsGE4xwK7TMv0pzkb0oqpffZUNI53AVifiSXTvBOVQdKSHTg2K8y8P4Xdq2ezFVMcUZRdMu7C-1Q0eEUGSTnIucTq77fBlD8Zeif-b
Kasturi Restaurant,"Baguiati, 24 Parganas North", 24 Parganas North,Kolkata,4.0,700,ChIJ9SasSCp3AjoRYmFcSPR0P3M,AdDdOWo_ED_B-HQPHSRpXLYCEcFcyyHX4sKdqceM5rNya9JRsLgl1My56z_eHrQ_w-ab0-4H2cFs_2jeRhvrYX4018MXUSjEN8c4KgEEh5MqLDIzF0u8LmOvSZY0yVr2AwzrC9z8OKxiwWFRznGPevf_9ofOzMWNyxVtvhviFRILo0XK4zdQ
Raviz Indian Cuisine,"Bhawanipur, South Kolkata", South Kolkata,Kolkata,4.0,500,ChIJKYARAjl3AjoRpYiXO_k2ttU,AdDdOWrOpviJEwd7iqNTpSPsQ6xo-V_MdSWjdj3iKOZGXMC2FtT0BgCocPLdyLqacaPJKJadt5npeNgTI8uGWlKbMx8yidI7CJsiM8ujpZVHldZBJJ8s5x0dn5eFZsePpLajJBV8wBLfrOBD8uNBtPrp6UM1Ahzsj3_lBOIJxjW58Kx4mL0
Barbeque Nation,"Lake Mall,Rashbehari Avenue, South Kolkata", South Kolkata,Kolkata,4.4,1500,ChIJb93BuRp3AjoRqdxyBozdusM,AdDdOWrUTCA3Szd2nKnbjo0z0oGE-ByhTmzguNp5nwonvotLIZZR2bJUCggOC8AKORIBEKjhj7Zgvv9zXWIfChtI6vp636sYJhUKlLgBnY7A0jH9xauzPg0xcVy-osOnX8UNK5SEDes1Wn8N__f5TKy3ey9UNH_AOaOM1JUScqojeoFMI05Y
Brunch Italino,"Bhawanipur, South Kolkata", South Kolkata,Kolkata,4.0,200,ChIJR2u156Z3AjoRUsFolBClmc0,AdDdOWou1DVSAA1lidot-QFqIg32t4uyYqnu-oTFYEvxnbfvz5cuwvmQ9w-SfqB-zOb1HNKX3gcx7hUbQC2rL2cqKeLfXHr9l-_8VAAMLOWWHK59377NkK11ZXPTuyIF1geghIq84YlA-_HuhC0GjNHU-kBknBmLeCWufwOPq8hcHhTpf7DS
Wow! Momo,"Ballygunge, South Kolkata", South Kolkata,Kolkata,3.0,400,ChIJlaWe9w93AjoRIloOddJqmSU,AdDdOWogdcUBGMrcOMnSglZl1ndIwPBYLkna5N1uS9zj8hgCIF0HZvin81Gl60y57oQ_zHyBpbKgZ0ZK2ZPitoE0ulGaJDXDLrumZ4QV5hqPd6Sj0V7zq-OTJUaZB5XVFdKOvj8CowBq2rYLQ1GbfsSxtGHepZuCyIGwZfuB5355vVGCqlXX
Karma Kettle,"Ballygunge, South Kolkata", South Kolkata,Kolkata,3.5,1000,ChIJ_9eiLdF2AjoRCdPtzIgFzus,AdDdOWrth3qHhHQEX9UWLfzxqM2B5idQWr25voai7dGiNTgae6dXwszYIxYtFyP0JwXKReqi_yMSIJ6HziObpenK0EaMepa7djtEDGqFCIukTWnAIv43oTN6l-dqArexGEhwqu4NqVrxegfSiQ_76AmGhSTqTh7XsIyiXjV3XRk9hL57LmnZ
Afterhours - Pub,"Baguiati, 24 Parganas North", 24 Parganas North,Kolkata,4.1,1600,ChIJLcGx_0yf-DkR6Fj7TzxB-xk,AdDdOWqPYf4ZKXG9HyYI0E9XZAoY3rBgcMldAFxIlrFMoK4RjW9QEavdDFEhV_QNfhQCt0uTHODjU-A1D38JWoVpeEBhSQ1ILXOp9Neg9VOi23mp6JEyxk3CqfGSPd5J30DItXuvzIW2LoRN_sLpYYieh4If1Kz6a_AMJEazusl25s78SUN6
Rang De Basanti Dhaba,"E M Bypass, South Kolkata", South Kolkata,Kolkata,4.1,800,ChIJA22FkK91AjoRwfGZHxbo0fE,AdDdOWr_2RFaKvWP38VjNl2KTPPz3-3F60ivd5vV1OZjuI2RlD_1NuWIJ1GICmF7dXWJEp_qoJTGkelQIaCdxZhMijj2PLhulacGfkz6h8g0UdtD5NAMxzets-iNWRekAzv-pIck5WMomyuw0IQwY7IMT9fhr4MvgBr2IQZ1t6IGZs6I4nW6
Hotel Swagath,"Hazra, South Kolkata", South Kolkata,Kolkata,4.1,600,ChIJcYmrzzF3AjoR74ed6S4o1rA,AdDdOWpaSgcQFJPtAnBPWyGOAgcrWDCD62MgAyuk2_FWaZxh9corNVXWBGmjFOKQ5MTt6PBj5kJgO6Y3KwNtVknu6KAI8TFC4fb2LCoGyeZdTfkLrLv5la1UwEo2OQrmHdjN4FA3VMjVpCIaYZ_ECxxNZ1cLmWUGNl3E7sp3mk-ezsd-6ZQF
Chopstick,"Ballygunge, South Kolkata", South Kolkata,Kolkata,3.4,500,ChIJ78r83Bh6AjoR1TpkC3YOkHQ,AdDdOWoSBLxTBauvkM8CSzB0OkegH81y2p_zk-2xf69Xg7mvLNJZQyHorzPF6yORHRxKYoqFwzuSVNpMXH3GBKmGx1EsSYfcQKo10Gd-6KeB1Or27U2ifLTSF0PPSOoJEb0RLILZEXfn95_gZmIjCa-hiryR_clRrxY-AXx2nzPAXWVJ1EDW
Ekdalia Cocina,"Ballygunge, South Kolkata", South Kolkata,Kolkata,4.2,900,ChIJM6F2Ai93AjoR9eOpxbp3zOs,AdDdOWq76T53URLEfi7UJvIDU92_JxdFHQEHVVy1jY-hn98EiGlrgmkfbYv1IHvVmDCxH15YX_hgJwzFTDhKHOpGRsqDh6AvsK3H-GmJA_GT4GFeJFCPhFybv3Zuhty0e5c1kBr7ML30tErOStfha-PdiD5PbgswbEb6xI2Lp_pWkljWcX3C
Aminia,"Meena Tower,Rajarhat, 24 Parganas North", 24 Parganas North,Kolkata,4.0,700,ChIJCZhuOqt4AjoRR8yc-F7lrXA,AdDdOWoL9bg0bm5-qejOcJes-PPh4-KL5jDMDepQ8pR747A_C9LD-j58QgT4TemHMlTaj79trBW9EAzeLjqJ7J3iePyhupIylSju7QoseEwRw2dW7SsrpNBy96ExTwVbT1jH_7071-AkKGLgINnKOM8-qJ7C0as5cmOcZUJAt8J9t4HR6Pvz
La Trio Pizza,"Southern Avenue, South Kolkata", South Kolkata,Kolkata,5.0,600,ChIJbX0OP39xAjoR0dx4SYTq3No,AdDdOWoVM2xDkyqFFxMTBdgrOHqehoOs18RLSuWBAVwc4UlD_wUCAqifK_SEL6Gc5dBJ1JVTLL17xWflsDUYSMj-99ihRSQspGowvhcJ-OepmmqqQsfYiLTE8Xvu84ts5c7KFXqNroVS49KJ8rkxiIMYmHu-3beP2-MuxZTtwLqb1nj9bgAA
Raj Restaurant,"Hotel Homely Raj,Hazra, South Kolkata", South Kolkata,Kolkata,4.4,500,ChIJL_Zb_TN3AjoRFkvrqX8FCH4,AdDdOWrKdW57HhLV7I6HqRKcClzmgsK1kp37JEa5GjIP3vh1wWfkfwWHP2RmgaQ60YgSO37--Mi3tzR_4JgheKyuF7yqGnLP0Iu0ZyQCetqeCM_fgI4bvBVQj_WlYPIXv_rxDs0_rR9WA0UUIgbWeYPXMon4wWLZ8XaeIdEwf4x4AEqz5nGh
Eagle Bites Pizza,"Kasba, South Kolkata", South Kolkata,Kolkata,4.0,700,ChIJfeB6U6l2AjoR6f-AG716sbE,AdDdOWqmbcdfv9L815toYo5Rok9zbd-olyJIJCbHe0szYVj9pW71FIfhn3R6rFWELR0_wH-vmrmdJHAj2KIEthofT1crFD1WgCYtmamwq_2-zaF2Of9MMyFXjNn6KCPlq6-ky7tGyBKsnzNWf52pJXnkDqcA1EMb0WgFDBY5WoFFyIGUbITU
Wow! Momo,"The Metro Plaza,Ho Chi Minh Sarani, Central Kolkata", Central Kolkata,Kolkata,1.0,400,ChIJlaWe9w93AjoRIloOddJqmSU,AdDdOWrXhCkqRZZQsbka7ke45TYWq_0bY5TQACnixqQ4rDGMiL5sr1OgX1Le26Wkz1NsosiVZgS1yO8MDwiCmyJtoaqvvw8CzD4ZI5zfoq7XSOEVgjBYn5MCmTUP4KyeIn9D3EfSyeUmjrdxv5t5fwvd5K0zWAhMMefUJ2NgowO0ARRl9_cK
Allen Kitchen-Saveurs De Calcutta,"Bhawanipur, South Kolkata", South Kolkata,Kolkata,5.0,500,ChIJuRyvHgl3AjoRREVEIUPPO_E,AdDdOWrq2jOU3QaS140_AxxuXdL5DzULtpNPmHOzxLu5h6uuOhdICT5gpoGccpnoaON3F63o0Aqcm0SBlRYZBhTTh3HeXHuq3MqIiaTM6dwqIKdg0lWBiqDVknX8XgNwLIB_KFsQx17IVHSw8so5Jdyur6KV3OuxaeS9rm6MUkH0EG6wbuca
Asia Kitchen by Mainland China,"Acropolis Mall,Kasba, South Kolkata", South Kolkata,Kolkata,4.6,2100,ChIJB1R9O9J2AjoR0QraIgCsd4w,AdDdOWrI-BordR_xee0LpXO49OPbFbhQY4Dpj6pNpBHrimd8L9g9xHQmDsrmBxchT3jZNx57jl2WHiV4_GIfyo7qnlyeHtM34u_fRZbZCSTuPVXvFu_i8rxAJyzRltbq1Gm-jpMttfVUa-QoPT1VRIdBc4KtSNNJPfJb-Jg0o5Qri_GtAOFH
6 Ballygunge Place,"Kasba, South Kolkata", South Kolkata,Kolkata,4.3,800,ChIJzzxYotB2AjoR4lKHCFz_7_E,AdDdOWrvRKUq5nAUceTuPeMKJ6-mMh9tJA792Y0uhMY6MoUUsp_B0_KazewUJBdfQhwHSW-Z7XGSz71uWiNBLCY6qKaLlntQdq_SLnXw4uJkD1RCW6RQzEiKJWVmdlo8sgsAtgfoR4zO_-fXSuV6G3Vp2C6Egu4g0NDXztusw0-_2PabOh3a
Hatari,"Atithi Inn,Baguiati, 24 Parganas North", 24 Parganas North,Kolkata,4.6,1000,ChIJq6qqYSt3AjoRZj8CGwMmRFk,AdDdOWrJuCFLltupNdbQAmM9t8hcdiU5saTGyTUDoSXMA_08kzgQ1IBcFSv3m-IpX6l4mWZj9mYAmftmITjWN6t89-Tpnm2_0sz53oif3Iu74pBr__U4qefwk2_RMNjJ-iUiVL4bPxxUSl5sP635cyulDQSqhlszaiayJMGz4_J2_ZyTsvJp
All-Fresco,"The Meridian Building,Baguiati, 24 Parganas North", 24 Parganas North,Kolkata,4.0,1100,ChIJmem4uiie-DkR4NiTMN1qciY,AdDdOWra3H-hh01VC-O5OmoxYqK8KgsOHRfPHL2qpIsNFeL2nVtNECSRQ9zHW3KI3DkeC79jdlDch7GK153n6nD_0CuZugjf5cO-vVWWUeH0QeQ4tVSPv3VeS15vOUk8HRB_CL85rC09ifwyGVi251avkhzzBSvNX_WLqDKOwa4qphdnElkt
Aminia,"Golpark, South Kolkata", South Kolkata,Kolkata,4.2,700,ChIJCZhuOqt4AjoRR8yc-F7lrXA,AdDdOWqztNPYeGulVyIHwJ6_GRSEKD8KHG7maYq2nf7lhHYoujLfWhR8yh3qoKiEfm0-vOKY5HINuFLEw56rmsU6qI2nq6j7wBHnW2XnC1by6VlWiThsvnrITOIJpwwm72cO50jd584rgoc7zfYA_aVGX9DDV_f_oHavN2HOsl4c9YVHWwBo
The Green House,"Gariahat, South Kolkata", South Kolkata,Kolkata,4.6,1000,ChIJc7wEB3J6AjoROp0DEKgVnmc,AdDdOWqFiPMK7wo55y7QR-6nEEFLekx2jypgGHfjEM6wUiI7BfefPtdSozE300rH0rxW0By-6VuVoakYnKlH5B264kVmFK_TGmF12G16KWQbVjwe3AARb3RsXNKm3f4iaF_uS2OTomaqjdBOMD4BhlSG6RoDabTwr7cHeYhO4B8TwUvvg-mN
Momo I Am,"Tarun Alo Apartment,Rajarhat, 24 Parganas North", 24 Parganas North,Kolkata,4.5,800,ChIJ-Vy8w2N1AjoRftLy9joFw6M,AdDdOWrr4aRSkVtPDql_JSNrF9cCO8awUQ1Ggb7b3jV-sgevTEk1ZeXpwMTMG-PmMqnB5vJuP--eJS_6jhgnll1JT8WPzDlLeonoe-r17lrretb0PwOEusgm8V3loA_89VkzivSRWJdqwo2EYLqpbzRbJgaIHC9bjFdLNUfwglF3oVYWuEvo
Kasturi Restaurant,"Gariahat, South Kolkata", South Kolkata,Kolkata,3.8,700,ChIJ9SasSCp3AjoRYmFcSPR0P3M,AdDdOWrDxP_al0f-TDBhL3-fSaTrz9akC-cIMG3aMv0x1Eil1MkLpDSMqMVhmVA2CMdtKoJPNv9k4dFwrhhcl79nDXJjGQy6RBRjJK9I22f8ruDEj2Nj5tNtylhhDf60a0gY0Y1lDXOisng2UU9GeT34VAI69YiuUqT3XBwGyR4nMtJeHHx2
The Burning Coal,"Ballygunge, South Kolkata", South Kolkata,Kolkata,4.4,1000,ChIJ5362AwJ3AjoRadGyakKC3Z0,AdDdOWobMyOTkEp1Axsd5oqRRh4MDQjo2AuTiw_8_bF0u3voRF9kFZegQ0-QCgexgCX6_-tm0vIrNr6KwBEl1oSwwzVGKi1uxSaNaKsp7tejhV3E8feeZjPEKAtBr3hKhtN2MOibjN3EexD2aUNvjOFUMxr47rgxcAg0tEWw4K4xS31EfOgk
Utsav Restaurant,"Hazra, South Kolkata", South Kolkata,Kolkata,5.0,800,ChIJZz3AAjR3AjoR8L4AaMdp_ew,AdDdOWpz_35pmwH2aIGKD2_WBwZ14ASUSXnyu2XOgK0K7jNWmPhxfAiKo8xLM2V-NMMwrYu3SqodyCc8wHyq795SWzCS88xKMlVAnXUL8wR5MqeQ6KLFuM1XhbKmSHfvNGcuu0Fkf4MI19a88fflnXlgS9R3Cm0PSEPJQ5pLuG4I1FxPOgxd
Hoppipola,"Acropolis Mall,Kasba, South Kolkata", South Kolkata,Kolkata,4.4,1800,ChIJS54gwlJxAjoRexNQU8tA2aw,AdDdOWoZ4Zkh-RkI2gDMVfp3Z-mmPZtrMUHgBLAEvI1Pc3J26oWrwcqKzolWQNTu_SCkUXU8KailpmQA8bdT2YHZcLlOW8koqTb49tVwQntmGJJEP1-nfKGwO3ZNjItp9LSD6_SIRNu_XCgvjQjX9E5tSuNw1P8-XgwHQNh7vftGBIDzZMd_
Orkos Restaurant & Lounge Bar,"Orko’ss Hotel,Kasba, South Kolkata", South Kolkata,Kolkata,4.1,2200,ChIJ0QwtTOZ1AjoRSlnykogpjKI,AdDdOWoVDlwXXk_piMWG0oTstYLVE29hJwKCc51LjzGQa5CdITUbz70MEuu41__IvunBymWwdjKrm4OWMTwk2l2rNJSnjFCYuKJ3AAihPYUTNFNGObQ_XDFpdSsu3MVnLXlDuZn09cU6MlKhydi1HdX1lVjq_ZvV60vuIuPsu3CrHmPHnAtt
Hongkong Bistro,"Gariahat, South Kolkata", South Kolkata,Kolkata,4.7,1000,ChIJ27c-o993AjoRwVh_5D00z_I,AdDdOWqfBZLVL1h9flLyjpL_Y6uStZduLh4_zNBOQbROa_lVeo3K-XHvz_utK3yLjqahKfiXYJEP4OSNlHsiSlrdCFYFoqeWOA_m2k1JeT6dQF221APBSwYTeK_Mq3S7RX6Pzf6uFTj0mDEu5OYvmPFKU6tk4ILZD4oVQGJK6L5qNUmAiNDq
Fusion Fantasea,"Southern Avenue, South Kolkata", South Kolkata,Kolkata,4.4,900,ChIJ-R2rA6xxAjoR6JWK95tdsjE,AdDdOWqzNCJMqQs3DrRhE_G4UbdSwXukvgiq2u043vH1eG73TFwxJDedqYfJL5Obh8oNx1262e2HeQqbe27jTQJAkidfXE7ajzBYR4OzBF5BHrj_5c_FyiJgrTgt_5ix33FLH-bdphgMkBX3PpumCj-Xpo6AwJGhDTbckaA9-65M57LATnaX
The Rouge,"Hindustan Park, South Kolkata", South Kolkata,Kolkata,4.5,400,ChIJxVttbR93AjoR8V0VICjbINw,AdDdOWpHj1cfbA9Dj3PPW8t-E1g45gb6aWog1u44dRsBvzLHjA0XZr1z0SLYJPa0-PAmeklk82bAqseErj2P6Oqxq3qTyxol6_20tqvSt9BJJSOpquFpJtnw_OUCcK7qqWkiek5fwnERlpxCp3NWlNxAslL-zFLAT5htTTWram_vT8lV7HCK
Gusto Cafe & Kitchen,"Golpark, South Kolkata", South Kolkata,Kolkata,5.0,700,ChIJkyocoH1xAjoREGOw8_a-U8k,AdDdOWol9NHe3nCPrW80qJhGSoksblWpefu4Egw70VfFKuoE7TsYCx8Qr2-prxLbJimUkc8SJqzSlgAS-b2S8lR0MVZfXRO4wxA96TT1tLgWAZDpqMZ8UsDx3c-EGMwI1c5i2ycNUQqmG8QE-CA-gtmEvDbHgK72A05rOTHz35y3bRKd4nnb
Hashtag Live,"Rajarhat, 24 Parganas North", 24 Parganas North,Kolkata,4.1,1000,ChIJh_UQP9yf-DkRM21uUCGzPqw,AdDdOWpxwSZkxOV-IZtQjvj072X_9KJAkjHWAK9agGIzosIUXx3nXNnFAbmuzycUbjTE_FnpRQAX_DOXHxfaQ0lSPYL-PB31rP8wFq5ji1CohEOSZEc91v2vYh_yO7eIPi2Bx8a5ZkCUT9Z1mE1vS0z7HTo6A1FFM19s9FPXgkyD6-gTO7Q-
Drunken Monkey on Juice,"Sarat Bose Road, South Kolkata", South Kolkata,Kolkata,4.3,500,ChIJu2U1nSJ3AjoRhoKJWjPzsk4,AdDdOWqz5jM8xlondCzSspLPmT4Vsi6D_wQX7nfIrsCHSYcxdAN0XjVBfVUMsN2hQdUIZGLYYi2nelv_gmYNyADGEOd3LixCj-5XSnqPqEg4rBm5LeALezdmZqPAj1Z2jHBSvliSxWXz-Rm13Q9yoIzezuOx9yHmxQ3BMoAs8-BP174kX4VE
Hola,"Southern Avenue, South Kolkata", South Kolkata,Kolkata,4.1,1400,ChIJe-w-3tJwAjoR1jEx-EC73aU,AdDdOWpp9HqqApNujq2p9SHarJrQhpq1zT2YcEdIyFzAd_OyjUO_yNF85tzDNVdLHW1UVo1-FCfuO4QB5mrmEIUaBKWXqx9Knje-9mcHMYxa9_gSbaEBtV7U9D358twIBbVyeMWGvsMtPab0VdE9g0YPyvWak1V8RHSs_zcQ1fV1rWWLPqjV
Burnt Garlic,"Kalighat, South Kolkata", South Kolkata,Kolkata,4.4,1200,ChIJAQCUFC13AjoRQDknPjgBvaQ,AdDdOWpVfn4KMQhQQv-b5_5tRRjH1rTsuJcBxKGuynSKqLk1Vz66DktdoI2BziTT_XrAXHgh8g7LZtnGSnsL12oE48OG-EmoZylHxnrLREGl0rvHbrYCT5D_0fmpwrb_NdRGKfzgIPVmd985P2-Pg6x4OpHhC32qIshMb4YrAc-v3LiL5kGC
Bedouin - Sher E Bengal,"Rashbehari Avenue, South Kolkata", South Kolkata,Kolkata,3.8,800,ChIJf0pp5NR2AjoRhsLrQ0A1McE,AdDdOWoNk2IyFOpWdrX-eFNLEB0JFFeVmQfFPfZxYIEaZWMYYSOpE4TUf4KQDrzpI5WwhF6QuljRfwqexwgtzyRkf73BaCy4epWgXLQinye8jgtOOcgntm98kbZmgI6thNcHvlvUTn3pdkLhaG8QTxocdiII83F2Fm5mzcrvyuNqALlxsLp8
Chiniz Qwizin,"Kidderpore, West Kolkata", West Kolkata,Kolkata,5.0,800,ChIJI6vYEeB5AjoRGa9RmJ1LxT4,
The Chaiwala,"Hindustan Park, South Kolkata", South Kolkata,Kolkata,4.5,600,ChIJPyroDepwAjoREjJasUMnanw,AdDdOWrEEq5U2AHfslFMxT7Utr-Xlo4-Lgu_2tufmLUUamjX5GcvbqJ7jkHnCYWg4wVPxOJSvIcJsFWqIrSR8EX_wx8O10KFz6y2YTBCe_Q9Dw0XpSvXQjRzH3ebL3-4ZWxiRrOKFTnPSOf68ejHo8O_2C7m7lsy2bcaxQajpi2597xAG8UI
Friends Of Pho,"Teghoria, 24 Parganas North", 24 Parganas North,Kolkata,4.5,1200,ChIJYSFOoaef-DkRSib_8xDUaYc,AdDdOWrihbpftIzbSR1r7Utdh4vlAG0hmgmDhkcAk-eTnSwPXMbN9BS3ASnzfDfmS-q82iXeQCn6W0D9NtBth9mSO1Xs4RWshFNQrV94EGAa9YezxqmT5_iuD1ANoy6derGZX7Zt7sK-kKPsLx-MXJRZpfJLjgRqPgvEEKmiqvvlM0NLlacH
Tamarind,"Kalighat, South Kolkata", South Kolkata,Kolkata,4.3,1000,ChIJNcMdvjJ3AjoRDF_PjP294UE,AdDdOWqD5SxnLaN5yD95m3tXG5krRYPQkyQvpaDLlkVZ8HCVXN895Z6CU7vWICCKChc7eeS4cTFhSHvEvtMWNxXUM0XumIXux1K1HETSdb7RxSpqKhl-rOUyou_E58OehdMA9MDTB7Zq5i8m99U99GT6KlwS-VXfU8qN0YFN-GsKOiZJLghF
Wasabee,"Desapriya Park, South Kolkata", South Kolkata,Kolkata,4.0,1500,ChIJVZXv5FlxAjoRRh5UNs4EARc,AdDdOWrMjxT3j648GdjXyqomX4mNYoZOcl-AJfLBgUA0vQ27S_8m4k9e7qoBqvZ5VDE5z0tRbExgen9xpoE4rULb8JeaSMbSmT4POuA_eFTYKaup62Cti0jSLH1L6zgu5deJx3mF5T07QD3HsyG3_GgW5dyZTh9hvN_IA0Fw5-_ozI8n2W_K
Plaite,"New Alipore, South Kolkata", South Kolkata,Kolkata,3.4,500,ChIJ1wsVt-B2AjoRttQ5IdlyyT0,
Coffee World,"Acropolis Mall,Kasba, South Kolkata", South Kolkata,Kolkata,4.4,600,ChIJ4TS8XthwAjoRFtPDZxHBL94,AdDdOWojHjszFJ9iNGydkaYMDXXuGtfWBbag0Uf0uuYuN0o8UQVJQp9-xKlXqHpIU23ya0f0lkBmWBRYU12VJORpI7b5Bb6WWkSmBu47fEbdX5TDPpgpqUcLXtYC3kfN6qlLsCUM_8JqVh-dKnkMkQkMr2hlrorukEf6QBa7zQxQ-nv7R5_n
THE ORIZZONTE,"Kasba, South Kolkata", South Kolkata,Kolkata,3.5,2200,ChIJmyc3CLR3AjoR-vDNTxzoFYA,AdDdOWoGcgqdts-7PinBzFfBeGj6eShpkVm61pxhoC4LuNzN1Xmh6RGBAffKSwblpTaROrYZaRfwQqgUIwfJbmzkbg0FKh9r0ugYBy-RnEFp9m83MGxpiW7PYbXFbDW79v1Af9rewq1VZFMBe5ChjkmBkDT-DefiPr6PMwAPUtL8l2Kf7D4T
Wow! Momo,"Kasba, South Kolkata", South Kolkata,Kolkata,3.3,400,ChIJlaWe9w93AjoRIloOddJqmSU,AdDdOWqwc97I4HwEpgl3lEiid9VY5QdVkhPfp3e7xPySR12w5sZl4sR5ehzurv2cY_gpZXIPs9lLhrrG_PNYkNvzWzdOqK-wbbX1UR6SCQxVifDCIZXZd6xsKByQi7v-M7Pm_7VueFI-zPPCab40ysmMujN8OS2GNsEzM7b6_mkgrlPC-oSW
Taco Bell,"Acropolis Mall,Kasba, South Kolkata", South Kolkata,Kolkata,4.4,500,ChIJx9ylPr13AjoRHKloA6PEuIk,AdDdOWrLcYhO2Gq5lx3j46pHRiZvR_G04G2P9QuDSU6F5-kodx2z9DpY10weRg31of6D2_FDtzF_DeSy7pHK6YKa9LdNvHxb_V3KTPaumRw13AiLPzFwLVSnDcUCfJSiVgfdNNB2gMILgHnoTq-bicpgzj0BGrAK82Fi3-OPqQ3OiICv44Gb
Hangoutz - The Boutique Cafe,"Howrah, Howrah", Howrah,Kolkata,4.5,600,ChIJuXUr4od5AjoRFiXBTPCMEi4,AdDdOWqTf9xnUu1tPY3BrdTufuEQY2blXer0UATvpJbV6v9AwDbIF33QScZHk7ykbVjpa2SDgR6ZUcR-p9NvAWQRolafuvKguOXFOEAf0q6qe4pnVGdVd2SepvhvaNPv6qYnkiDxR1nilgHqiKiKsnKDP78DBUDROvHCjE5As3BqTjkX-cg3
Sanjha Chulha,"Southern Avenue, South Kolkata", South Kolkata,Kolkata,4.1,500,ChIJiz9wgnN3AjoR__Izkjcgr8A,AdDdOWp9O74Bq454p4WZJFaoaibfwIQyV_5Ztb-_CNhLJ7qkeC1kiawiGXi794wMHSu_6grMf-FKRW8kOLruAzHro0TZhMSHQ7AyrIPF53OEgxE-xEjlj69QLY7WcYTPjIZJg8XN0jlfhYzR1m0ptWoT4SEOMLqe_Rd2ej7c_2vQPia72kJ6
Cafe By The Lane,"Southern Avenue, South Kolkata", South Kolkata,Kolkata,4.4,700,ChIJUXRtuxBxAjoRF-63-nebtDc,AdDdOWrZRZrJdrAcan2EMExJQ1GAatqijBpU2RNdcITh18gojDZWcCB-bbU2geh7v9z3ACQ1Tzbehexw0zenRE7RGjJjHAr58rzFaI03d2PtNTSZlnQWRpVXjin6Br15MFfGZvuOca1trtpaJg-sfpdXM8kp_sOjNpgQ8PXcWmCwnO863TbN
Potboiler Coffee House,"Kalighat, South Kolkata", South Kolkata,Kolkata,4.1,700,ChIJX1bYOZ93AjoR7p5NYpXMKbE,AdDdOWrJQUbDXaT_jo-AujiZflwlLA-xm3DSq9oWiazBFG2ghLChFCoxmoq75-m1ESQdklmXB-aUnkas8zJpbz8JwBZDIl1eb7O1UrxKVEBK-d_XE2Z-xnMzdLMTc-u3Kf6DAm8MxHkjTYQR7Frl-xyHDEB_O-sYnmcw_QEXN0ePl51xOSTs
Cheeni Kum,"Hotel Narayani Enclave,Kasba, South Kolkata", South Kolkata,Kolkata,4.1,2400,ChIJNXzE5VJxAjoRihfJMc9NJ9g,AdDdOWp3hdQfn3WYwtM02myKqrlkTsPxZwY_VXCysbN_G_FV36fBbnyJKgLMxwBYeR6ddKjbCTnPYMp1YpMNWlJKF9P2kNKDi4D4XsUzfRkeBgm31lTz3Toye_INmQDBd-UjHyzcexI6n3sgho0KCcxXDqpt5widvdt7DYQwMffZlxc42-dI
Vault,"Desapriya Park, South Kolkata", South Kolkata,Kolkata,4.2,1500,ChIJlb-aFC13AjoRXPirPXnlhSw,AdDdOWqHD-831VLThjO7-ZqZgy6gt7uqDEwUziMOJrJiKzycaJTawNyCb6qTzSobhmXt8kr5Akj-B_-hcQlm4aE3b77hmn9wJv_xOLtxKuHQ0Yu5Xv4uhTqfOhYNYZFyJ17_iyEVOEIHYWTWICPAhGKhPzq5dHg2i75KNfn7xaSlah6_q9G-
Goofys Chicken Shack,"Howrah, Howrah", Howrah,Kolkata,4.5,400,ChIJh8NiMxKd-DkRi8rv-MIpgQo,AdDdOWqLEZeMLw5GjRXh-63eI4GncD0hJAxByw2BatD4IrKheYUZzvxrjG1SSjxyzsHawEFq_rQsIIpz6GIAy6urQVnE8t_SLomWJCpBMxHTUYu9s-b_J6NV_JkKZyPW48O-2XJln37HcMavmdYM2l7Kzgza4MHkLfzUTGF40FHswtT6Drwd
Steamin Mugs,"Jodhpur Park, South Kolkata", South Kolkata,Kolkata,5.0,600,ChIJB6t1AhtxAjoRUPGhgbrDH-M,AdDdOWofYXhXl2XxG3ykPpBLYucOgKqcfTeWAsK_PWhY8fYz5sTR08jDemD56fGHpy9MqlEs6EXyLar1qyFV3IoPBrSsk6KEiMTl40GOcKu7PrIu4Gxa_3GmtzQwL0YIPE9GfRJHPv-sbtUh6I24S4bDxF04TGTmWl6-aF6UL8BtfeglzchC
Red Bamboo Shoot,"Kasba, South Kolkata", South Kolkata,Kolkata,4.2,800,ChIJ7ZWVsLl2AjoR9510pxf3j-0,AdDdOWoh2N6oPpCXjHPUUkr2VRtLMVQaJz1W354kf2-OOIvIPmxVtgDgWSQeNqTmskHQlqgQTywdqtOJIdJLWcijslC5Fp4c05IbrE483djevCf03wqMQxzV6Gymdn84_GeARSArukWWN7MbJ1-5KaE9bzST3tWRVtgb-_k5IutcmggKe-Q2
RoadHouzz,"Southern Avenue, South Kolkata", South Kolkata,Kolkata,4.2,1600,ChIJ__dDYM1wAjoR806cmmEYILs,AdDdOWryyHE4vKpmUomJXl9QF7IvLAqt2gXZtrBwMRJfB8ggEfpipQMrMn18W8CfHRPvF0XZvMZ9FSnYXpt2oKJlWjPNGKoe_OJgE_iwLBvb_aSjfyKXpyuvgq_7gp2okzqA2omQwsyf84ckC8WjdXD2GOwZbAcnguBSYKbNtOphgX4JPtIJ
Cheeni Kum Lounge & Bar,"Hotel Narayani Enclave,Kasba, South Kolkata", South Kolkata,Kolkata,4.2,1300,ChIJNXzE5VJxAjoRihfJMc9NJ9g,AdDdOWqGWG1CCLhwJZx4PkzlAN9VjBsFy1H3X_pUiHh2yfkkP0W1O84cAk0iizdhwutM4BhBCGPuc-ewepCWdrzx7e-vzb73mXqmculnHJwlKPeQ-kFJRv0-5Ji2IEOANOpmcmm4YaHrk8Gwr1gIwrG6xg18jMm2cot5r5XbV5tASbUckoMV
Cafe Mezzuna,"South City Mall,Jadavpur, South Kolkata", South Kolkata,Kolkata,4.5,2200,ChIJz-E5Ej13AjoRl6iA06hjlHY,AdDdOWqLTtbHOnXlaEc9PDsVH1hLokyTF2w_iXWT0v6r9Bsp7boJjsASUpgeavcs7JxkUHOk_zMQP7m9stj4Aaty7bOYutve4p6MjsWpF_rF_oWlLJzVplqheKeb5BQ10YTKIgCujtfbsqcZbKfQBQGx3lxmxCPeY1TbT6s-xhV23erv6o2r
Truly Publik,"Southern Avenue, South Kolkata", South Kolkata,Kolkata,4.3,1200,ChIJv_i40z9xAjoRCOWUCfrCFcs,AdDdOWohEhoglqzfF2HIZKuTsN_pRbhp21BBV-u67AtNWS3Yucc-7lGIzDtj-g0t0CvpVSDyHkxo0yjQho3FMN-1DdP8eapEfC_2KrWicYVXCa6IV26PaujvRmv4o2MYIgkHochs0LNqGG4vR392A6ANC_562hV7I52Zf2QhOtqGpLwIckoq
Aamaze Dhaba,"Kasba, South Kolkata", South Kolkata,Kolkata,5.0,800,ChIJX2xiR8RxAjoRcwK_qk0d9GQ,AdDdOWrhVqGFfCVilLHfr4fortpNfRP1kEqrkDU9EbQdtrIORtkpCXCjNRGOq15ImZZsirR_V-jfxV2mxDacXGg7NLVte1Y8Yd9ADhm_87RBx1hczQUVOFa-Xk3WADB53Ciq0J3-u-GOW1vW-Uh9n3QwyBxb-tfbhv16T_XRh7I-1rGAdqJh
Cafe Na-Ru-Meg,"Southern Avenue, South Kolkata", South Kolkata,Kolkata,4.6,500,ChIJ7-iCJbtxAjoRkAE5a6yzXsY,AdDdOWqDRTFl4g_iIY3Pyoa3iKtjnDcysegslva35jliuER6gKP7Ig86-veskJk2KS6w4VK9CK-LnEwBGhKHqrIwQL8FBZoxwtMhu9Jq39zESVOoGfYurpyJnNHddRi8vMC8K5-U7y0lCSJx93z006JXkqwwFFNfGrqQ8mz7YN2yTzK4EaMI
Barbeque Nation,"City Centre 2, New Town,Rajarhat, 24 Parganas North", 24 Parganas North,Kolkata,4.5,1500,ChIJb93BuRp3AjoRqdxyBozdusM,AdDdOWq-xdPA9-AYFg6n7hpPXDEpbl8P0F78NZpoGGGA2v4r6oKvGEFIKVx_8cuUUYxPabJGll6qRYlhBKOR5_xxYPmI4UmY7hNrZP0F09xCJOoa9u34qf1V8Q2pesqc_0wzjNmVW-VWWoR5W1wdiB9vYzKUII0PhbIa42zJAxG2xVc4hb9N
Zold,"Southern Avenue, South Kolkata", South Kolkata,Kolkata,3.6,1000,ChIJ5x-oo41xAjoRagPBaD4AcTM,AdDdOWr8DGWi8to2PlbZeoOBidyzPDLL5CWG7npkp27-b0G6isTuBV7q35DmFRHX_FqgpGkr2zElq_F0-z97YDwVC15sRtNY9n4-rwaMu8bEsHiI2gZZuRckpJw9fYS2tGiPlikWamx6YLYUsjbIIokhb8mEWukXc-Flu4TkAZPn-j3oEmNt
Oxy Jam,"Baguiati, 24 Parganas North", 24 Parganas North,Kolkata,1.7,399,ChIJW2DIS4h1AjoRrbkUsmPlqIs,AdDdOWo_6-56iNSl9gOAoVNdSJXkERNzHhbKllT0TjD5gNA0Xg3N6rawXP2PZfehsX3XrTIXZzbNlzU8OnsS7UHiQZxojR728Ka1MMsq2mSLf5psyoRd_ooQqjJZTYLruHRh0dCeGVhQmb7X675rKVH82Mvp6tdAv7o8JacTmjWck0H__rTe
The Canteen By Asia House,"Southern Avenue, South Kolkata", South Kolkata,Kolkata,4.0,1000,ChIJJ4qQJ-dxAjoR6-UHUhd9wFU,AdDdOWpOvPk0NKpUMRPsz-CgazBS4FrRBwPZrAyrfmND8ViX3lwz_hpeomWkiqKLGkcQ8ktCnoO6CZer9ii6yBmbfmxKV5PsLX71SMQM7ZE1-Ug8dFpnE0GXpPamqjPRGA9qpDFimdPaV6QmlhYpaEt6QLQLcl2luNV5OaNTRlv9rs9Ir6Xi
Second House Restaurant,"Southern Avenue, South Kolkata", South Kolkata,Kolkata,4.2,1000,ChIJTd_vEr1xAjoRxycmc3GurI0,AdDdOWpYTi8TQlBZ0BJ314UnHoCrGL25qcSdYhxb3DBbvmEqgD7e5SKFAZMPIZ4ok7ZYwgLVA1itE6D9cA7fFiJrmDilfVLXTGk92DgId-p4H1-LyOyybbX--48j6adVcvVJwzWXoqjOKIFOmBnVm-tFA1lC3oHXWGBP-l1eljfrgiV7Dgee
WTF! - Where's The Food,"Rashbehari Avenue, South Kolkata", South Kolkata,Kolkata,4.0,500,ChIJKXchCMx3AjoRkGEpVnY9keQ,AdDdOWq_AiXoNbgF6em0GoFtWGbL3GXfN7AfYjjuodKYtq32WxbD9fHksOd5xPMpUrpzPSWFxWOXkhauB7d7ellQVaxPboBYJ0gCKJ52eVF-ws_7gA0Tpe1zFl4MCaS3fKoYGWqpmZ0Xp2XdkNp93OsAL5SCfpMPTBGRalWYt7X8Inv2TRU2
The Wall,"Sarat Bose Road, South Kolkata", South Kolkata,Kolkata,4.2,1500,ChIJdd6QvdJwAjoRsdZLjWGczk8,AdDdOWq62nsvGPsw1BvI5LBY5XC4fdxp-FDT-V9OsP_1ISIF_EAAjkJA6Q4tvEvbIKS8OBIPDGeyTH_rUUo5NnAkHSr_9EyjaR1onRLIylxDjT6KQXISyDQ-QqG6Y2TYKIjrpjjsRKpTd8iRU-TlFzzyZKuCAcDzo5Qx_UqWQL4GMNtyFI6B
The Food Storey,"Kalighat, South Kolkata", South Kolkata,Kolkata,4.3,1000,ChIJoym608xwAjoRasYLNg21wuA,AdDdOWpORLbMEuPUciHEE4BlcW2c7n-uDAi7P2eGbgQtN8-OXkb3hYzVfvHK2LNYr6f0VOTV9-X4D4FwVcnCB-Ss5ymD8T50zrz3IUUElw8PZ_0ilj-cB3WS9M-mL9D1BmIZdwqSDvhazHxPUkW9nN_jiiUQVrfcCmT9eF-Daffc-IBuylo
Spices & Sauces,"Dhakuria, South Kolkata", South Kolkata,Kolkata,3.6,1000,ChIJf0pp5NR2AjoRhNlr7EkOHWY,AdDdOWqB65EXn0DhNYdtVCPEPly20Yr_GjeWxK82_MwSJ1GlkTQWNl3OxdZmhuidd47dVcOMABai_hFSOIeMVMzQEvjya5-5KiChPqBTKYex8bnnKvFl3d-K6WgLFKQ2Cq3_xTAXGk4tjwL-ghP5As1RCtke-k3zGSEYCs47R5KvhDucHeup
Captain's Deck Bar and Grill,"Southern Avenue, South Kolkata", South Kolkata,Kolkata,3.8,1500,ChIJ_-4UultxAjoR-vP4ZyJPfko,AdDdOWpgFPZwHnRJXmC0wvTHfbgPSbN_ET8LbFjQMUT076uh_2s4vRgMGS2eeuzZVFV5PWBONNRFR3IfD6nytIsahrLqE0Le9QkGu4h4IgYboQgLql97A4k08Y0uw7X8cdyaKu0oM4v6NCiz2SDeU7RHh-PcCtWzGD9mkpxiRn8Jltds19KA
Overdose,"Desapriya Park, South Kolkata", South Kolkata,Kolkata,3.8,500,ChIJb4w8BDN3AjoRz-G7Zz4RRsI,AdDdOWrDdw2sVqOu4FWz2-bo7VLFD-9odl8cIrQIXReZLUO5Ghbg2Av6q_voZFNizEyO4SIp-lFyidNM3KVDKNYDBwjq8hyYaj4BIoCSKCLZQdC_wetsI2YGEc3b2dmEh5Di7fyVpKfqyiGIVJXm7ETaLfmDASK2GDKJPFBH4xuNQijhsy1i
Nalin Chandra Das & Sons,"Kalighat, South Kolkata", South Kolkata,Kolkata,4.6,200,ChIJsbeVxTR3AjoRV0suwoXXMMc,AdDdOWqvk1zQ0UoukRa2Vrr7GBqWm3ueTFEWu5XUmaoXmEjIWF5fIGu-cpW9RvUHjdMlW26fxdsz5spFQFkXNaIfh7M67zTXxFCJutUBTVj0wEGVT8BC71qRjtAgRAkVS1GkTbyzrblHjFiOzvt24MsF0cbYJIYb_F3l0f4nEA1s9vwlgtNq
Azad Hind Dhaba,"Hindustan Park, South Kolkata", South Kolkata,Kolkata,3.2,800,ChIJV_u256Z1AjoR78I2bmZG2pM,AdDdOWqN9nszqZAaUW4zjxLwZtnBfUmGKZle9tNcEhYGL35uH_CS57LlVJDdlVEyTXnG50U7tmMhMFAkVtfVzgsP59Ao70lPugoxg0HT9gkRfSGztJ717QG7g4cZWHaZ8ETd58F0M30z6p2d7v4pY2VHiZ3yXjFfUK_iGjnQ1F38RYCCcYTh
Shourav's,"Kasba, South Kolkata", South Kolkata,Kolkata,4.3,500,ChIJC7FVflNxAjoRf7kY9gj7T5o,AdDdOWrfxtRMu8Z7VxRLtUqAYHd9bsMjHkBlL1fCKYNEiWn93Byi2cmDYKh9dqLIVWnZ2htIhQ556RPFgvoPrXsCmNTVMSchMFo9HIFgqZ5ig0izGdL4ESCznjXAeIkG7UtGH7DSPOPk-vVRKNphr-l2XsrkBKB4MPZlaP_zl5Bf_4qsvDDp
FNP Cakes ‘n’ more,"Golpark, South Kolkata", South Kolkata,Kolkata,3.3,500,ChIJU2G1gapwAjoRPJbPNJ2h5c4,AdDdOWqRs-ynSvIjWM3EX7xhNLjHdv94_aB9N5vsfWEto-tvVmeYBww51yxF1v4NoKX7JKu2cWfCCzy6lRUSsBb6X9dodoWbVgLpaoDmbyATXHfd9LuwonwHqWxL3VH9EfROFKUfrwOGFCe5GlX84mYqT3dJ0Fbp0RVzt6hCjVdRqM58q8W6
Ralli's,"Golpark, South Kolkata", South Kolkata,Kolkata,3.0,200,ChIJVVVV-Qd3AjoRW2BHuLP2i4c,AdDdOWqoeu-yF0DOGA_NP4J9MKcdcIDjJiTZK9-BRd7VBTvEev1PyctSQxXj3l3hxLUIzpJdQzTcVdIWb0eRTxWFaEdnzyrcVnGig0yLhPrRTi6Nvi4qTkHJLYGgRYmzFzPloEWJltty2UZSG6dHUJgouC-TTnkxRLtESTw9OoCF6_T85wJi
Khanti Damodaar Seth,"Rashbehari Avenue, South Kolkata", South Kolkata,Kolkata,4.1,700,ChIJ5f__PzN3AjoRoD9bAEmpzyU,AdDdOWp0ALYGuvXN5zG7BPm2jDqgJVx_iUHmSRwsVVaqXS3HxiTkKoG6q2p0e98a7_XzzwA67J27xUV3dgH4hxwT53DeEpMWy-CRBtoC8bJIZwGep3Oe-WjWig3yKoCKTvJrdpui4QcywwggplwCxVyfYdQiLIbSNIfHeI4yhcU1-U6hyueO
Hungry Tide,"Hindustan Park, South Kolkata", South Kolkata,Kolkata,3.0,400,ChIJNX5qONV2AjoRGzZ8XL-rkjk,AdDdOWqfTIi9JajkSkS8ggwS5ZV0gKL4PAJgWF_BmR_BQqRm1XKzIY2fNDcOfU9Rns96o7NmbqQ7hfJAEsk2eYtoaY1Eb7uGVXK0PdQBB8xPdQa6aXhMDt9gWCrfHmgn0Q1N-SiyAptfXJV3GM9SS10dKYi_uyf0EVGPyff5sVKoWPCiSSmL
The Drunken Monkey,"O2 VIP Hotel,Kaikhali, 24 Parganas North", 24 Parganas North,Kolkata,4.0,1800,ChIJ8Xp6jDae-DkRfRCmnmtG_y0,AdDdOWpezBy6fNmhyDmO7oe9TWh81TrV5_D_ULo4FJGSIn9ub8zly2adzhxWIjDBaZkQX7dmWwggA2HIE3uy80N_JW-vFQT8E_ABgNt9DKm8tmiU1-2qmRP65g_zWx7QFN706jDpBtSCeGGwYVgZxiftonrfngECRxe1WJshoZRNRtyvCv7K
Sanmuga Villas,"Rajarhat, 24 Parganas North", 24 Parganas North,Kolkata,5.0,500,ChIJReLeoNKf-DkRTaVaowBZ_1I,AdDdOWqkEMR5HyKAvJdjrV_5rb3Zm1tUzxPkwQKAzyokEW2qea3BF0yQ18MorsZPM2cYVpX5D0_0Fjuwh3VFM00JW3ZWPprIVm3kHpRj5pCkr12d7ikAv7pOvewMr27Ifscx_tbAfDKOk1TsYBhe3isYATRVR7o4TPW2R3B8heefrxI1JLNa
Mintelaa,"Southern Avenue, South Kolkata", South Kolkata,Kolkata,4.2,800,ChIJ21Iunp53AjoR0gjwYJ72wsE,AdDdOWryAT53Gku_NC_S-3xfXMbU0GUfCiyYnmcChEUIxWs0wrQNJgz87zQsNatQmOwyS6xRQS19SyJQnnmvY8GGozD26o0aTfdwx3EFe0CpEFNUwkLqKiGmN9ZnwLteobIFiJl2DPq5ecqp9hcDWNp6L1vo7_whsGES0wOXYRg39YHvWbrn
Coffee N Mood,"Hindustan Park, South Kolkata", South Kolkata,Kolkata,2.5,400,ChIJ3UoEQtV2AjoRlKccImjkbpI,AdDdOWp1xVmkm6kObVDrjdaPBJEEslkakr5VwRa5oMZIoe_sqw8cg-VZUWV2ENyMXAtbiH_vE5MXj6O2zpFhmx1yZk0c0WskHmpDJn1rK5Xkhe2iVqpU7b5QLTY2b1DdnequYcgLEwhu4jPz_BX-EVGYmN0KEeKUmGr5dWK6YHnw-Jpr1RrA
The Square,"Novotel Kolkata Hotel and Residencies,New Town, 24 Parganas North", 24 Parganas North,Kolkata,4.2,2500,ChIJ4TR4Cj11AjoRJ79JOATdrjY,AdDdOWq7p9JVwMQrGXYZMXnxTZHl87aWJhoY9AtX0L76oXCghM6cd-0aqtkOSDV1pHJaHfViL8nG0uphpMXyHvavIsw3TJPKFhg8n9cKQNYn9QOtOQqFjep40PjSKbf-WIKD9cpLkEjLzR1F83ddnNzSkuZvD41aADI8Z7pSk1Wd_oSf9KBN
Ecstasea,"Southern Avenue, South Kolkata", South Kolkata,Kolkata,3.7,700,ChIJhelXFcpwAjoRIcWGmkSVKbs,AdDdOWoy3BqZi85fDOJdFn1PZW2dnaAvZ4wIst1MJM5-0y-Fy53aNmTD0gKShWEd3xKGJdjcRBLq_Buw-IWfZ4Z_E6QH-kk6idYnbyn71DWqv_Rj-s6N2u5Ioy3y0sE44VxXj7workp4TfhAGO064zGb4dy_G2iidvj5LkY8t5NUEN76K_2P
Chilly Culture,"Southern Avenue, South Kolkata", South Kolkata,Kolkata,4.4,800,ChIJAcBHJctwAjoRXD00NihTk7A,
Azad Hind Dhaba,"Kasba, South Kolkata", South Kolkata,Kolkata,3.4,800,ChIJV_u256Z1AjoR78I2bmZG2pM,AdDdOWrIB97RCflpzJv4GOogoYr01jN9HexhdGDA75sGss_qnQR-LgQQHeTEvd5HI2_cvKv_iOBF8CBoRaoUevOpfSoJLR8SU7UOWfCbc8oEH5V2oo1fJ55U4b-94-bx6C5WbJJlh4SzXpqbwKgT_WkFslFwnUEIcBxXB_wlTZVvwzFBYrBH
Kiaat Villagio,"Sarat Bose Road, South Kolkata", South Kolkata,Kolkata,3.7,800,ChIJfZtWqTp3AjoRly79kFztq_k,AdDdOWoj29E_qp_XSMFPkdhEOAHsUnCvDzAETRGKbXRiXDqcvIG5nGl2ls0PsmNJ-GcK2hy9kjVGx1FJmHMf0c7CbpnIBOPNU0WNrWW3HVeAWqsmBaOJDVa2blZtqMFX4YDgqn-HYckyIq8R-PKhO6njqOiYWCkwr30SnX7t8jIp7BOiefGe
Red Kitchen & Lounge,"The Enclave ,Alipore, South Kolkata", South Kolkata,Kolkata,4.2,1800,ChIJZ4RABVt3AjoRwctNY_-o3lE,AdDdOWoASDNz3thrlnAss7hNdlTI4AunzCfaA2ghwYuwaEUlx8zuSX4bzSgnecqytVdiB-edLi8IDD_Jr9tROKzmhA3bPKwyEtr1cXIcMGWXaKA8cD0slG7Rcj2sdyuPBjwoRoGStYe98vUx5d-L0P9dTRYukf0NwBc1k3H4HmlwrVpYUyjX
Diner 49B,"Jodhpur Park, South Kolkata", South Kolkata,Kolkata,4.4,900,ChIJ-apnsPRxAjoRiOHGW-_UW_c,AdDdOWpnKU2WMiNBJ9rwjU_CQ2q70Rtiy9Iwuak7WCeNp17FZ4wnnEZ3e_3Z56PDA27zkPuXwlpGej0kZeI6YTJ_qrSkdZ5KN_lx0TdqhHsDnsxC5bCX3JyHZ3EbdB33553pRHCBro3zR4p3PRFIIn597dEWUR4QGmVpswg2Vwg4Qz3y5NcL
Traffic Gastropub,"City Centre 2, New Town,Rajarhat, 24 Parganas North", 24 Parganas North,Kolkata,4.1,1800,ChIJA1ezoNqf-DkRmkuYFCmrzt4,AdDdOWrwf11zIwAuf24bNjgVdmkqNDAg23QdoBPMi-jvX9xeMtF6AEhrKbSynCjFx92RfjBL2nExNqdBoHS1Wd6FqhBrGx8_NQkTy-4aTkeRF8vcrNj7y0jeVmfYw_F7V978lVFHkK2zY7gr_i5BkDu1wThhCiPWyhQYiE0KX3snoBtKAFTg
Kafe Kolorob,"Rajarhat, 24 Parganas North", 24 Parganas North,Kolkata,4.5,300,ChIJtxXqNYKf-DkR9nGmBce5ra4,AdDdOWozxv1n-ZJ-moY8meZWI2sQyMLpygZdHHpDWPYLcILhkrT4NqXNuzapA6N-jGcsqu2J6aLIvsB9NrZn1Pom424Z39yc9sWNIeZ30s5NlDKW7BNTPRJ6v5v1bdNd1vojB77hWS9EdGtIziSUSePmS8xlGH72BCAqky_575YrL6JZcPD9
Drishti,"Hotel Sudesh Tower,Desapriya Park, South Kolkata", South Kolkata,Kolkata,2.6,600,ChIJq6qufmZ6AjoRgqsmjv1lIIY,AdDdOWqbBWEliy1L0hSQqQKmc1MsnMDjldB40w9XmxB9bLrhU4jdDzudzoE5qA8Vszd0V624AxAtVqMV6MtOOGmsoAl4DRkiO_R5pv7nRYwkqppIOc9WuAA95gBnbDr-ajvW6YpQSSNNxgEuCe6MgOxtMCL5BDtqG4YXQ00S7oCSovxfKxr7
Chopstick,"Kalighat, South Kolkata", South Kolkata,Kolkata,3.8,700,ChIJ78r83Bh6AjoR1TpkC3YOkHQ,AdDdOWobxjNi3OW5izjzYHYKmeKMq32gBR9kvXcxbobNL4seBnaRJrWySJ1gBRo6m_ucVy8UD5918N3z1N_KwDdK3JWZ40RmUFAHNxDlMcFbyhkpzk6Rxz6bkmSrw5SSzTRRIr-dtkNHbpFvRjkzO8L1J1oxp3va9Nao_IJWqHshEAsyr2cC
Balaram Mullick and Radharaman Mullick Sweets,"Kasba, South Kolkata", South Kolkata,Kolkata,3.2,400,ChIJh49FRjl3AjoRX4DSVad4l0s,AdDdOWoakM8e4vw3ftbBo9X5iiLU8GubvouA1-7Fk9GwCtbG1bdFAVve5H5LVwolOWbkZKEpMYd2AYi3eFCvKPmYkNqUWra3u_ilpKcjsYJnIya5PcS2ccpetr9ASHmmrlDaPvq6y16xgcpcm3US8mxdLAQ5n5E01FzkEaU2inH4eQX3E5rZ
Marhaba,"Dhakuria, South Kolkata", South Kolkata,Kolkata,4.4,900,ChIJobrTduhxAjoRMHcWE-bPHlo,AdDdOWrMNo0xFmB04bDXgLwQYDQr095a8kVpqIwwom-JexL2FtQKLPg-gI2RscSbqhDsmo6p68mth5jFvs21LR5-y7SmIGNSR4IXK18bDdDb8MoFWN6DXUOefYAcVwjoZoHeRCNVt1TGBa-lFzRAnS0JE-5OXzr6VBphYhHCPnU3NXMmgxGW
Mintelaa,"Anant Building,Alipore, South Kolkata", South Kolkata,Kolkata,4.4,800,ChIJ21Iunp53AjoR0gjwYJ72wsE,AdDdOWpK2ZUnw4zSrW1nc2lU1Tj-ZDqD4SZRC92uamDGsPKrG_W6JVeb-DWiZdVQabtLTvPMkuqofs3-mWI8m3uncK-LYeqxFJHXsvuOPuoomhKpioXrFrfHjeZ2mSOxl4Zv1M1vllTfCs7iJozJ_pj2prkCI4-a0KD4rQ1Xp0ELXVvsw6gp
Coffee N Mood,"Southern Avenue, South Kolkata", South Kolkata,Kolkata,3.1,400,ChIJ3UoEQtV2AjoRlKccImjkbpI,AdDdOWr3b6-jrZAu2whbYSnQDjLuryW9lN6InkxyWQ4xS9gIAaAA_BJ9u-b4wiGk_3xHGEJXXaU-Ffo9zleLD85xityI6BFGxbATHzZE-10-wyZwFs-9iES_kk3DsqElNo3TGLN9oliSzfSMdY7ansZw8-N-cFJD2CIPit5oZNIILWINFMB1
Cafe Kathmandu,"Southern Avenue, South Kolkata", South Kolkata,Kolkata,4.7,800,ChIJ69vIqGlxAjoR94PjGFp_0uw,AdDdOWr74DzfhjnZWFa9wduLj5T-dd0HPCPsq3uEd5L2xJsZOlxWF5xGgFYzSwQ5l2TPE96mgfFmphFBK_SMhwx60sDQYrfldLMqfn6-DB9ywXVHXJTXdVSun3VQjZo78dKcIzWKqsZAOFMDfXdwAsJJjhzzXzA3KViCskNj2wEZrPaF4Yf7
Wokies,"Kalighat, South Kolkata", South Kolkata,Kolkata,4.0,600,ChIJ2TixCT1xAjoRSyEvqQNQZ1g,AdDdOWrptownJW_7-vEAFKEo13z44hU0vIZBK4_aq8KFfkzZ1WNMxdquEJRgVDoqb4V91PKtovC6vMr_ON96qbHZVa6GwHnD9hsdrbBiHMAl9ZyP-wR-WBdS178RT62oexadpALmREspXMX79Fho_QKwWIHaQVBB21oqPXSPj0RCgxR9ex0t
The Sugarr and Spice,"Kidderpore, West Kolkata", West Kolkata,Kolkata,3.5,300,ChIJT1lVVc53AjoRADEfMUgAbVU,AdDdOWrSqK3iorkwJr9W8S817ylkK6apm7RreDRvspGd3HfZK2GRjuHs9TXPyJ8OD8fCiXIqHbKDfmxmovEek4k8uTrMAIVxZugLsmzGBvnylj6Yp4J8luHZvTbCL38wPVBmkpTvkWFr533YWFtw6Zhqm3WumduaczfydY5TsvdlWsWHox7o
Calcutta Bistro,"DLF Galleria,New Town, 24 Parganas North", 24 Parganas North,Kolkata,4.5,1000,ChIJ6bgDBhhxAjoRude5CDGK7WY,AdDdOWqrM0Nk9XypoLfNi19GJlY3kkl_OkAIjvS4wppgk8kHIJjbUh5QRvglv2Xaulik7fkWviheAhC0Tu2-yW_KRlmlcmBMtIjkOr8eaYjn8LyoEI2DA19SNAEd6-MTm0VHTg_ZhM-EKL3K1P2jRbSSgfUPDSMPHJjhu54QPcv9x4YYD1X4
Country Roads,"DLF Galleria,New Town, 24 Parganas North", 24 Parganas North,Kolkata,4.4,1600,ChIJw0QyTbiAAjoRjiau4RshfrY,AdDdOWrwDZbhO4i8qd169CBeZB3BiT1uDgmh3xGUFK10GGNNUvacnIZtBRvBF6xMgCDlBAg1inI8tRXj360YhjneFL-PvGgsggfp3dOwrtX0amf1e8N6CQP2UDyAS8YIgrnSSOBDyfc4gYvSh2jxRAKXJQr7MOgCZ-zuZF-3FfZ400CyCexq
Wow! Momo,"PS Magnum,Kaikhali, 24 Parganas North", 24 Parganas North,Kolkata,3.8,400,ChIJlaWe9w93AjoRIloOddJqmSU,AdDdOWoqexe2qWovr0lQ_AGCUjeJRcNbcGBtqbj-eYOTQ-9tVQyvZ1oZziYCe1CJV6usXjMsGOcLozpRVWToM-bO2DIy-A3eaROVrXMZsVueHGhNjMdSRmAl4TzBMU84hNvdhokqR7yWTbHuJm8MPlw4vt7S0ezoPX5segP5p4pWbFOYJrYG
Some Like It Hott,"Jodhpur Park, South Kolkata", South Kolkata,Kolkata,4.4,600,ChIJxbvCQZhxAjoREKGPO4MKEjU,AdDdOWp5LiNEG76XkIVoGjGanDQ4SkxPbbtos2J0oFdsUaotUsNWmvgetg1oYLMHzWWKMfuDzDfG0oTPkdogi5X2wbXBsYVu_M_EPIzGq5d-rypkr2ChFE_GPepaTRH8bdF1dcowMjjOLbltGl_I7CXAaQ_NZRJfWjfdgWvRpKHhSuW5QP--
Hungry Tide,"Dhakuria, South Kolkata", South Kolkata,Kolkata,4.6,400,ChIJNX5qONV2AjoRGzZ8XL-rkjk,AdDdOWoyO30x79Lx5XTTPp1ZNu4Nr_BPpU9MuJPnjzkhXljA10lUvXYYciQwaDwYizTqeLq8vFUMY3OLwmTYBqDochNNaZ1G6uIF0yjoN4Wr3smVyHB2sgpblJreDgc1z_B-3yHlZND9FKGM3aezR9XMlzN1dhby8hQl65eQx4vMQSOflNBU
Riwaz,"New Town, 24 Parganas North", 24 Parganas North,Kolkata,4.0,1200,ChIJM34sNXN3AjoRORh2IfLkzbk,AdDdOWofrTyFZNkSIg3e-anwVsWkRB6hEf_ElDjxIhGWLHzW2q2yvkgud-5q2tqbwRMYB73SKhRSVjMNN6oWFscVDZjSNqH8obas0GF66ldztcJ1VCMXnGHt1K9Z_FmoePwe3nN_hQ7XyBzyiHBrzEefoVLt8SubYCd-rrZMmgdk0W_3udJ7
Club 21,"Meena Tower,Rajarhat, 24 Parganas North", 24 Parganas North,Kolkata,3.9,900,ChIJVW8qPOSf-DkRfKZnDeIM_fw,AdDdOWqBuNl_nwMf5Yy8KGbltkPDHQ80U68k1an0Q9m6Q4aLZqU2zjY-KswQTv8f1GR824IIzhuEuzQXZq_rZl_UsHGApRAgdmn0o7oAemAxzbwxKOLDlUvMN1lN5iSOQZdKpTNOCU60yMQsQ9Zfl-pqA2YTzRr3UsFyy_Ywq-yzAPEL6Q4t
Wow! Momo,"Rashbehari Avenue, South Kolkata", South Kolkata,Kolkata,3.5,400,ChIJlaWe9w93AjoRIloOddJqmSU,AdDdOWrHe8MO5lvesCgjxJ9Hj5qXSg3SglqoqFPekWrI40uUExsh-V9FZDtCKA8xE4NGTr_jEirp-D9ozoQGU7GEAhAu_-mlvNdzNWT7hw4cW48xQtCT2i0SY7KbNrHSdacm3nZYE3JvLcrQYwUuhliceYG2xyuY0o7j4akdozwXVWy0e2GT
Indus Pizza,"Dumdum, 24 Parganas North", 24 Parganas North,Kolkata,1.0,500,ChIJHTJEGpt1AjoR8y4dRinRPWo,AdDdOWrPHejZt7xOOVUk2cKGCNZfkbS9zQIQOINSz54KMrwPRWgrv-jDPSSm02fbKHnBFRfdekjxivQbKW4f4dFWRsYk277NEfHUdA1O7v8EQVZ5sacCiFvSBQEeE5dxt2GzQYiJMTW1z7SV4cpDbh3_7hw0daPbDKZsuCT9pun_op2lJPkt
La Komida,"Kalikapur, South Kolkata", South Kolkata,Kolkata,4.9,800,ChIJNVVVDDpxAjoR_V3O5drcLuw,AdDdOWrJhg1jq35r0t7lhkIyh-TAxzTwHyShtnahMK9v8gql4VYMZ4Z1d8cmZaAAVXC8bVNFQX_p-QFO66o3eVFUE_h-WkLS_tMJTBwZMkxh_qRGQmBodvetl1eEUKb4WUY_D1GX3yXFIR7BlJByZbBoTJEZeg0G8epky7YICQRy4_TCPw8F
The Steak Factory,"Sarat Bose Road, South Kolkata", South Kolkata,Kolkata,4.1,1000,ChIJx7U1j8xwAjoRV7i0l9zdkRU,AdDdOWpY1pUq-GiuYCQ7pYqMb2dI2Id6ohGpFOLdMpD1RJp-Va-uoPCr02ZyPtyRSs4FpVQs4AEiRNJtfSFNsZi1hoXNeviGDUo28dE6CSy9KqG_8HUnM-4R4uVsfMEDOnCpIIWFDZSjC_7XXwGZmuNgq8j4bp11GaIgmBQuC86D_LWmh8_A
The Orient,"City Centre 2, New Town,Rajarhat, 24 Parganas North", 24 Parganas North,Kolkata,4.3,2000,ChIJ4RWHRuZ1AjoRhCmqVrSgutA,AdDdOWqLImbuLJAmmwBnjwGTvUDjWB3u9oFjMFXzOjmsmTgy342VEXCsjdQO1Nyjeb8wpFtiaV6b1rDAGkWtjoBM2GYX9itbIz2vt3yFn7IszTVJBo1LxmK6T1Oj_ByStGIKTbGOLcXFK5Ek6GtGiXj6jnLkEf4RqQOVzu3Pw8ZFwp4hLSDP
Riyasat,"South City Mall,Jadavpur, South Kolkata", South Kolkata,Kolkata,4.6,1700,ChIJI2D2GUZxAjoRsW25YI_tkQc,AdDdOWrSEttTSsD40CVXp_EKFUBLnAv4Qb2U-BaZPg4IFTivIBZUmZNMsqqXj1XC_hhCI40PrTu_2Xxl4uX00BRnRxOHgKhNVohYo3ficM238rt2FomabtFeumbqnA__tI3D7crO4p03aIHOznBN0DJ3MVqcJ1EzLJivcw6aSvuDfOEwQtNh
SurFire The Coastal Cafe,"Kalighat, South Kolkata", South Kolkata,Kolkata,4.6,700,ChIJE4l9L2NxAjoRZ1Pi90EId3g,AdDdOWr7tbCk_OYRuHb4E4bB-A5H1e4VEcg-9rFMLZCHkDw_cepprglSJVt4Agrx7hOnp6VUDnhoz4lwFLzeGXwXpbrTii8WwD6y9xJuuE9jwV-11HnJ-NYVIwzJ5oDYX7u3-lzqBJDTbPfw9ns1QxeV78wL6Lb4aGMZFJASeW5yIYd6_3T_
Love Desi Chinese,"Baranagar, 24 Parganas North", 24 Parganas North,Kolkata,4.0,500,ChIJHZHPM7Cd-DkRD37_yVj84KQ,AdDdOWqUeeHcL5eE9Lq21dfALTA4J7wAIrI3PTisxNaMzEWuwhpkR_T4f-07g53H19bhGkaEVm64u1dIbsyxDWW6a7xy5fLZ-haZggCB8En8vhsp1z_KaNAjd4k-dT7hK9EO-tDNPp9EuHtCGnpN0-_vcllaZi1rW_2eJO1C-NTcKj0E003f
The Tibetan Cuisine,"Baguiati, 24 Parganas North", 24 Parganas North,Kolkata,3.0,300,ChIJL-tUIx2f-DkR8EwcDnu2PCM,AdDdOWqk13_HUQnwFtvBmxkRtn1cHWvPvW4lYk2MDlo058uc5LeJDG_iGjrPbfWKZGLktBw_KKy5Uz6OPCS286KAxQgymOVZxn3jXpw94mc1Zfu-zz4XtkvkKQQqxNeyjEHilEOz1Tl-_WMrXthXv-CcVI6Z80nj28wIqe2tbMPpvGm2OEpL
Social Kitchen,"Holiday Inn Kolkata Airport,Rajarhat, 24 Parganas North", 24 Parganas North,Kolkata,3.8,1500,ChIJn-dJoNqf-DkRF1zzT5jpv2Q,AdDdOWpcZRE6vJF48kNqDciRM6tcEkTLxYojR0QbwaK5-QO8Dm2F5eb4bCnIOhTq-kmd868xWBSzBqcinB05EmXswFPPa3-qFOxfbrIAO15cXkbRcjdXee4MjwChH5GMnnUdsgytwzWj6aGYP28TrR-I5vhz3QE0BOKT8LO6pkx81u612ClZ
Wasabee,"Kalikapur, South Kolkata", South Kolkata,Kolkata,4.4,1500,ChIJVZXv5FlxAjoRRh5UNs4EARc,AdDdOWreZhXYHIYPC7lKLZxFX5PDyPxwIS2VwsByXjNLZ1YzQcZdNFbQl8qyiR_xQ0-J2JGKn7jlc29BxK1c7fSqF1kc_dFB6Se1UegFcYi466VYiQEnelCkatmUOCWSPgV1kZhuQw_u1q1ilSWo-ewHcmS_vpz4E8FlqpWxsd5qJbw8IeWF
Nest,"Howard Johnson Hotel,Rajarhat, 24 Parganas North", 24 Parganas North,Kolkata,3.6,1500,ChIJ1fzTGHef-DkRhiCHrwbBM_8,AdDdOWrDCMtSqimCTKMYd3x3iYx8w_APfmczAYJ1FL7fTrkwCT1AWhc2nhPpZM_vsCVsEyvTSjxM8KIWDOMgdbIwRz4dtte7OTrQsAq-jWL5ipP67IK7gigDjstzEQCt_rI1BNbtRgj0elT7bfxberEp6Z6AqXUaTX_WIrxlMT79yghpqvk9
Subway,"City High Building,Prince Anwar Shah Road, South Kolkata", South Kolkata,Kolkata,5.0,400,ChIJo7U_dhl3AjoRMjjcWPWoyPw,AdDdOWr0Rsq_HTvnBxf5o4TsJ9KpLX2VBRb3ZOCdIxFWDnExNpNeDo6mFLX_0-APny3GwWb2XbkrQ4UKS8m_qJ-4seusPkTFWbn4zf6fqYff48Y-DbvGz3xn859C-sZjcm-oxplpgLl03OtIJZ3RFv-xmecTb5Jp-zFVtjUUaqWmHfHSfiIW
Blaze Restaurant & Bar,"DLF Galleria,New Town, 24 Parganas North", 24 Parganas North,Kolkata,4.2,800,ChIJazeM4-ELAjoRYFGvl-AoIh0,AdDdOWp583poAGs6EeedUDL4XKnSof-Z_srNKCjoGREqC-0Gg7j6IBIgsBH7CL2rTAz-AwY_A3zRKjrF8XVD02-rK6D581Pr-Z1B1eyAbKKCI0G6CTf0PdAnV9poZNpZlTKFHehZc_eXRry7wTIHNsgsvS-tTnWQ-arOgQd2a4s9rNERylc3
Raya Bar & Lounge,"Pipal Tree Hotel,New Town, 24 Parganas North", 24 Parganas North,Kolkata,4.2,1500,ChIJV6uAhdGf-DkRr0DUmiwtjkk,AdDdOWr-cjVFb-KGGjDf1s546uKvKVdoartnEtuyEclg3y7lXy-nJ3ShqS3MZnyh4a5NredG_8uyVaDTCVKhurD1C8CcWq3QsX1NLfVU0ZFErRo5DWsFoAE4qaRm-9gqYmyXxrvcUAhIcmfhWfIuIdfvKDXbz8bf5WO5jASTke60nUgHppbp
Wow! Momo,"Dhakuria, South Kolkata", South Kolkata,Kolkata,4.1,400,ChIJlaWe9w93AjoRIloOddJqmSU,AdDdOWryYjj8qliSTJxX2D2YeMpZ249648R-vIdvnoFlL9fjQXI2w8zvIwoPuRrWBAoq7DMsHDABR2n7DApTjgvoqYqjJaEyN76JMmRQXK64SSAaV8UGhmmAXmVOxOdGwv64BGJvYRi8fh4iK270pTaoDzv59sLyEXV-PYPj5V3esRVYLBNw
Monginis,"Baranagar, 24 Parganas North", 24 Parganas North,Kolkata,3.5,200,ChIJFf3mdxB3AjoRFYsfU2nW01w,AdDdOWpwFDmYOnLeliBvmItaekK-Z5HQvsCLdHkeIt4rFkTkjBAtKJo7EhFFVOY77NfpuxgT8F6ZGdYbRww_HWvb6Nr0-5oJxEbKvoEf_9brebEtLOpuou7NoyOUyoF0LParOiWgGCUcy-k9nFc1HXcdl6-U78Tc6rBJ40f8gkl-MqBmoYLa
Spice It,"Rajarhat, 24 Parganas North", 24 Parganas North,Kolkata,3.2,1600,ChIJ3fKK2_Wd-DkRJf8VZN19aII,AdDdOWoYI4Sc2jCHcG8deIM4gwhDvlD1DI-ythuOpisCUMuE5ED7REiWPXPXYFGWEq6kLyMx-DZGI_XJNlcqzRQ5uaSiC-4fbl2vks2YmfatXZAnIeC9O531o1uVVqXLkJvmulc2mCOyrVtPvba69vX3eTOZGqVXBqJJmDNHNE4mn9T5NrpG
Taco Bell,"South City Mall,Jadavpur, South Kolkata", South Kolkata,Kolkata,4.4,500,ChIJx9ylPr13AjoRHKloA6PEuIk,AdDdOWrm_W5Xp5oxv5SjCHlnaB0OYPugLAjReTB8jv899U-5b5X9uUIFFHUOn71ImntxzNeAHOR7JU4mKtvvP0VzeaRplU8o0cphrtqzvrLqKp6OQwzmobBkmdqLe0f9tNc08TTnDckfZIRUphWwLxv9f_HCYPms-OBJtRbC-ING8q52atcw
Momo I Am,"Lake Gardens, South Kolkata", South Kolkata,Kolkata,4.5,800,ChIJ-Vy8w2N1AjoRftLy9joFw6M,AdDdOWrbY5Ns-b1NbazSjIeY-Cg4xmU8kUulElM9YVBlRmpoS1Sa8zDacEZ0JH_ArlynsAdgObEdpze6q0CNZsyAF1uGjzFex1csQVoCB-iim2XlDZWWxMenvmQyxU9mTv0p5NPIVA4R941DTcCADjvztzBpdOL6H6-bC9i9OC2syznYw5qH
Bangaleeana,"Rajarhat, 24 Parganas North", 24 Parganas North,Kolkata,3.3,700,ChIJg1znnTt1AjoREAYzddOSR9A,AdDdOWp25MCH43ceKG4d3jxTD39b9El0qY9XRpr6Sa93XzaQFIk_MXCiVoAphHdrA3TLKjJbo72ctB8BaG6sbBEB4rLIRxt5wC-VtclxpKNj6NBq7Ttu-YV0WGk7QrkdWCWZgSIrFTDYSgNpf4YbIICfbNv5wDdSi0y5MDcy3HVTQm24tBYG
Aaheli Axis,"Axis Mall,Rajarhat, 24 Parganas North", 24 Parganas North,Kolkata,3.7,2500,ChIJK7YqwKN3AjoRPGWEo3mHsg4,AdDdOWrJPbY3QtWvO5o1FdkMdAQU07sZegJ-de2Kkxr7MYzRhTuXUmPXt3aDwGacjNcc6Kgs0gj3PtWvkeIIp-VX3o1igrjTrpbmrumBo-ZOUSe6E7s9TZOqEgFJGB-JvBWKDenzdXqLPl_9TaQT0JmiqH-f-50nj6rZ6jhq3LFk0KuDqH7Q
Calcutta Pi,"Jodhpur Park, South Kolkata", South Kolkata,Kolkata,4.2,1000,ChIJP9bOHsRxAjoRf5XRxxBve_Q,AdDdOWqhXteCzYiWjh4nRCUXAh5DmPRVYFn90imwHpWsbtH6qKNgstTl9Hlt9qqSjDOlm_5ohCBJWh80ccfq96o0JHNEMiK23aHf_YkhT2fRbjLm7Fgsg6j2fJJvw5ZXJPSFQ35XmNxrZwH3gkJdx35BYxllBYbfOqqnxIxsCxMUj-LJNdA7
Abar Baithak,"Jodhpur Park, South Kolkata", South Kolkata,Kolkata,3.9,800,ChIJCfl0YMlwAjoRTz1CLycL-hc,AdDdOWoNTvhPO_nE1Sp21xzVo8K3szBKh7igQtcEuylPZaIgt_KpDZp0KZ9o5jQ4ZH_xy6xvJxjcCu9BThBvaVZNhIyu_hJEme3gwFW6wOLOikkHvQIHpktye57sTEBlxNaflVkctxKLq_0sDcbBCQ-O4ij3pfKgOb5dmm1Nm8QxJhg8Ri0_
Urban Kitchen & Bar,"Holiday Inn Kolkata Airport,Rajarhat, 24 Parganas North", 24 Parganas North,Kolkata,3.4,2000,ChIJZ2tlZdKf-DkRmYqXAdUdlNU,AdDdOWptdLokvSTRXlDXOsyQAfqfveqxXaYeUcb_apGgTstksHrn7b4QBS4bwkhhU6U-k93yIZcw0HHuLi_0QG5YdrOSVR4P7_0dwWCVKfXVKI9BgLOimE0Ewkhbm-vrVTbKBZyBY2POEe1NyEbNJNS4zo5tipA7E_KcZOs9hASWRKx-4yN1
Old Mate's,"Jodhpur Park, South Kolkata", South Kolkata,Kolkata,4.1,400,ChIJk35uPiZxAjoRsqz4vKce_zQ,
Wow! Momo,"Kavi Nazrul Metro Station,Kalighat, South Kolkata", South Kolkata,Kolkata,2.0,400,ChIJlaWe9w93AjoRIloOddJqmSU,AdDdOWpTZZyXJkmDReWsyIutiC4svhBJGVjrlZ4ccvfQOEtdsqBG4xHi8Wu1m5DL59bTkgvhsg2ZO9N74lchdGhEe0WsWdvJo4Uc7FFddoTt_E7pVBzmIZ9SYfrFhV0ALArd6PA84pikkSySJXbB54dG85J6c7UONjM6uznjpyLAlnCsZRNv
BARishh,"South City Mall,Jadavpur, South Kolkata", South Kolkata,Kolkata,4.1,800,ChIJE-Jl2N1xAjoR3A_EtHFnOlE,AdDdOWqoajDnLS7mpTV4dX62LOVZoVFMXg9w1uVhCdiL2p7uFlv9t0CgACvwbPjq2Cb9QengvCVz3UtKGgn0lBh0r00U60GWorMxh9-45yLdnXv7QCJ4TgOKEaA193LGlW_LJ5y10DrkWEztv8DY83E15JHxkgvTbHFUW3Z4K594wqvHKjSi
Ubuntu - The Vegan Cafe,"Lake Gardens, South Kolkata", South Kolkata,Kolkata,4.2,400,ChIJHdFmKE9xAjoRcH2BSka4_t0,AdDdOWoXqrotu3MTbuPzKic10hhVXu4aQOa5FjbuIwOtQCogqxnLEBVskCtAHynVpwcIA9OK6J_pSc6TUtER0bGxJ81KtacRyr5EfdhntfaRb14w6y020JuzLNB3CyVFWUQbkcGutbOFSpHT8NpFXopVpD_-cXXd_w1_nJ4iFM5YcS3256ou
Mama Mia!,"City Centre 2, New Town,Rajarhat, 24 Parganas North", 24 Parganas North,Kolkata,4.5,500,ChIJY7ORHSZ3AjoRiJGH7QoyN-Q,AdDdOWqSewzyp4lhdLy8IzZghDW2ubOiC-DGcLm5n9eTN_lVPo-RVtVyrMu-r4s3P70ES_swFUdOYYlQvsMXRJlUDEmv8E-iMMGzNtWAtdf92esg2t-Qo0bWz89RREvcVwG-3-YlJBpoooLeMA3jzO1HbZF24SnvFnUP0XnwQlGG3dbiO_Hb
The Sugarr and Spice,"Hazra, South Kolkata", South Kolkata,Kolkata,1.0,300,ChIJT1lVVc53AjoRADEfMUgAbVU,AdDdOWoQTB9bC-kz3J62tlFmTNZFrD7GlJgsBUFkenfNv2obl-U0nC_NI5EBunJrDtBU5IEN7vYW12-cPlXZo_fHsa8ea5Oga0dRmKrjFZLsKtBszo9DZYSSqt5Nj_r7becv3nDyAEmG8Fzi1LdhB3ndW7fITvfgvA0baQuwfTorDMFihvka
Wow! Momo,"Baranagar, 24 Parganas North", 24 Parganas North,Kolkata,3.0,400,ChIJlaWe9w93AjoRIloOddJqmSU,AdDdOWrAwqEgFxF03caZBvZu__d5xVc3ICYlSObbxx3wVgA-RsY7sP5WT64UlWZxBQSzTnl4-RRf76rC6w_YialebqqTg80JD5nxvKUDmUplzAu6HQljaup0TssRVZ2QFl0FvbUUMSJflUyZVzuuY8DT_sNeKp1o8dFzQ2hgXe1-Qo51F3oW
Sea Estta inn,"Tollygunge, South Kolkata", South Kolkata,Kolkata,4.2,800,ChIJ6Tr8GQxxAjoRKh4S1YhjWz8,AdDdOWqKJNOUQjCDHYy2pUCjgETeQz_tWwyzHz-_R7zKwM52fsmmEcJAyl2LTo43Rbwcz8L8ymf5KZkqh8BM3UPNVjTFZ8ajzymeOzDizi7PTS-YKkSJe8qs1JhqShB3dLVSk_6Ssa9ttB6SglY_Dt7ZJukWOfK7yreEzWBy7yrtUZI5MtwT
Subway,"New Alipore, South Kolkata", South Kolkata,Kolkata,4.2,400,ChIJo7U_dhl3AjoRMjjcWPWoyPw,AdDdOWrugTx3QL6QqPu4stbsAYGojsgbLN6E4L7NSgwYQP3rKJKIyKuoLtCjg23Wa3BAKttvSnd3d1zUCWHEPvoFwKMRXnuzmWYdXfW0EVc0deHGioN8BIu36cxeCEyJnrN80NPxEbYbkscJlLZE3lWYcjGYoUs9nJXVmJ0K9xMCBE1A-_r_
Wow! China by Wow! Momo,"New Town, 24 Parganas North", 24 Parganas North,Kolkata,4.0,500,ChIJK7MpEz13AjoR5iO7T4H8Ioo,AdDdOWroO2L03j4IWTbkuSHu7IBxSRJ6wWmNJZoBsoOSSUweZLBOsCsA6nninoVtySXOaFvFsCyJD2t3UUprOcHyjBigM34btx3LW9kCz4DtslNgKrALfj9SJ81rG2KkrGZwLz-actPkdJ5yaIpa4ICrPZFinb5djTLCyowNovqW5S10oqXs
Krazzy for Waffle,"Prince Anwar Shah Road, South Kolkata", South Kolkata,Kolkata,4.0,400,ChIJX1qPkydxAjoRA6u57Lf5pZ4,AdDdOWqlO9gc2YPlZ-TBr1hretoU0OhN1oo2ASUD5AwGZEld0WgSXwp98mRLKy5XYz5y3UeJD1UmjGoQT8w5Yv996NkDy7ochYF2by5xa0WpDMUi3DE-tjpmekt_S0tySbKO8G5mlsMRf3QJ51eQvaKMt3kWi9K_-UgdHIY9Y_NzpPkRZnpu
Blue Nile,"City Centre 2, New Town,Rajarhat, 24 Parganas North", 24 Parganas North,Kolkata,3.9,1800,ChIJA2QUoNqf-DkRVwSei4H1Cy8,AdDdOWq4AxI6cviIBPmN9hhDxypOhETGWqO_Pv0XI453S_4RiVwR19g6WnkRhjQ8e2bR6vGfLfr-p1DRioGW_1wxAq_Lw_qQXIrM-LEQtvUGTgDkVQlTIbe-Y5r7PvgQ49s1bNczdRy0qDpNexk6I13kr61BrsCjnaTkOXTlLqhqsCwaoqhJ
Royal Bengal,"Holiday Inn Kolkata Airport,Rajarhat, 24 Parganas North", 24 Parganas North,Kolkata,3.0,500,ChIJTRxDnJ52AjoRlrNxBKA8T4g,AdDdOWqQUQjKRRpRzP7xBDkcJk9wE2xXVfz6nRkybqHnA5k_Y1Qt0UEaRRs75qnPmyi5e9WoDPhdtz26UnKQY7ybbImNdBPsa458X5vUWdFpTiro-Soq2d8FkkB1uDS7jklitIgigy-L1fI2yDptQ4r08MYcgodp-oVvmID8lsbA7ijeFlVM
Blue Nile Lounge,"Rajarhat, 24 Parganas North", 24 Parganas North,Kolkata,4.1,1700,ChIJA2QUoNqf-DkRVwSei4H1Cy8,AdDdOWqiaEcDQH2KcIaD6iJopSic_md6NqBqH9hct2_F9BZIMNI47lcAXhuRE8iubvs-NFKp-svAr5K72-qKATvOyYq_-c0F53kMKyKPWnJztwDfkTR-F9JxBXx76o6uZ9MI_2qS3DLk7LM8YDT_jlgt-_g1aSjiVNiHdA98KAAr4S-qyGSH
Chai Addaa,"Prince Anwar Shah Road, South Kolkata", South Kolkata,Kolkata,4.0,500,ChIJi1qgvddwAjoRiiMLmjW87rE,AdDdOWqyPPLY46G_e5F2OWL6y8cyA5RTexVL69HKSDrAPgA4MZO9n9jGv3ekA32c00ulT0fHayfYOcZnUX0O6ILuKkN7ePU8_GNUoS1U5GgYbASpcAtpPvlCBglq_51JjmkLEq585tWP3IOqCgRh4nUly_bTkmqUZD5N-Q-QDb5DuKQqDIN0
Balaram Mullick and Radharaman Mullick Sweets,"Prince Anwar Shah Road, South Kolkata", South Kolkata,Kolkata,4.3,400,ChIJh49FRjl3AjoRX4DSVad4l0s,AdDdOWqpCD2xNVMzyRvkcp7m1RvNClR6xkNbY364sEu-rq7FIQe1_rv8Wl106QO5N-icTjBLXA4A4qVGCCq9SF1jxo_4T971JPHlu6n3ZX2woBwIX6FwacSqH5Tj4JiAjF6MputsWzuAcvxRe7BpJCgEoMjHzdR7icgS0V-DVPAXk_Lbg4By
Kava,"Fairfield by Marriott,New Town, 24 Parganas North", 24 Parganas North,Kolkata,3.8,2200,ChIJVzwA7SJ1AjoRJalCk5y9WAE,AdDdOWrTrtouGA_UVs9PTH8ASoadyUSVWGYi_UdA0MZqfouc5xJFqAB8Rfn4diEw5j2y2cZhiQyPjQSYinaRrxkEiT9vg41_mkPVnw1EOmdBbbfzS8BWSwUr3wYDdA7MimTm_ZD2Jv5LmdH8VhTmfhshIP_xFEKHXwP-VLVjReootaZn-AbN
95 Degrees Cafe And Bakery,"New Alipore, South Kolkata", South Kolkata,Kolkata,4.4,600,ChIJb68xaFVxAjoRIlNopPyj6jw,AdDdOWqDbpxtgaudzij8KSSxb5fUGZNpNjE1_c_u4835-e5oah8wxVEOptpjPJWqQeMOL-_T5RbUwJViI3qRADVHmnlJmg5cVZRf8tGiJfQABFUOtb89BFiGa7uGQdScYyCC21DFF7MEjBd8H193BGQttlPBV_ab5Gl5_bZmHGtn6Xx3VOrU
Wow! Momo,"City Centre 2, New Town,Rajarhat, 24 Parganas North", 24 Parganas North,Kolkata,3.6,400,ChIJlaWe9w93AjoRIloOddJqmSU,AdDdOWrjjM-KpeJ23EOkvtukOSpclKN1l6QA9wYtbQOP7a4vZl4wQ8unJIhQcdulUBRGzLEoRffc5nr0j-N77zb7kxktqHCtz5R5VXqEyCd0aJOPwABNxJ-x4aXxQ_QO3wquW1BhJUxjEFlv_qyp8JP6fmp8xw1W2-drnuSz9EERU4KCeSQI
The Hubb,"Kalikapur, South Kolkata", South Kolkata,Kolkata,3.6,800,ChIJz1a3XFpxAjoRpegbinmBwNE,AdDdOWoV6pKYENNiykOlfa6Cud2FVJk-At2cmIbLAiaRUpU7_pQ42f1eXKgmwEXIPPuwE0LOeBse3HMZDofHDRD0blxJHhroujq0QmE6o-dvQ58HEvnTEYVKB-I2TZ8JA0N1rvzQpog4KCPHmdLvQ1L_E6Iz0h8Zek-blMnC0fxoTUQhVvab
Belgian Waffle Junction,"New Alipore, South Kolkata", South Kolkata,Kolkata,4.6,600,ChIJVwA0Nv53AjoR1qXY_b-JSZo,AdDdOWotX1BQkQjA80peLooezvMPn23OKUPwPzKGLvbw5JBXnITvkMOk0yV3_IMT6CNNEYYulKVrwiQfgU1HGLQVgakHv5yQAbyp-XByOr9Yrf_NKpWFdLx7kJY7SoH-D4ZJLtJRSOCDXn4Bon4BVzSCL0kKF624TdlTJHWuGv4KoiuP5msw
Wow! Momo,"Hooghly, North Kolkata", North Kolkata,Kolkata,5.0,400,ChIJlaWe9w93AjoRIloOddJqmSU,AdDdOWoBzf1k1LwyJeFHxg0T4KvhB3RUgRkQRBNI8RXTXFkYx5oTz7g9JHouKjU3QykD1c8zNm_81EfxaTW8vb7jSJx8aEFO4T-BI12-S5euD45iLiQUAmYfe2AaigDz095cncm3_DAlimfNldycuVQVe49pLOfHSplLX8Dhs-Ig7xWvmrHp
Krazy For Chocolates,"City Centre 2, New Town,Rajarhat, 24 Parganas North", 24 Parganas North,Kolkata,3.7,300,ChIJo4ZNyRl3AjoRUmb1KFELpMc,AdDdOWqdl1n94gy_d4wRpkNfvZ-rDhKn5WLaxHr_-oee_1g7pzkk5c_MAwAb2j2lsd_4cOjGvuABq3JHdordkIbHNTw9oJ24Z1arb0wGOsGqm87-_2O32udErvdnG3Z3Qte5iDJ8rlyqc9Oe58zKfjrwBBjmGPqzhBVFhbk6lzN_QsQwMZaA
3 Cheers,"Kalikapur, South Kolkata", South Kolkata,Kolkata,3.5,700,ChIJo8WSQVpxAjoRrf79zPeVa6w,AdDdOWpjDFjD_9lWwxB8vy1CAXb0duWtO4GjAbFitlPqe4kzFROLex-lHrwayc4sACYfEjGrWV7uFUBCViP_rybFods5tvsXplgwchttXqt5_F5v1YdaVaCt2F-aCey2cF3fvog9yFxUN4q062UTutXP0T2UkW8SY-jjX9kCVDLEbCRm1k40
Wow! Momo,"Dumdum, 24 Parganas North", 24 Parganas North,Kolkata,5.0,400,ChIJlaWe9w93AjoRIloOddJqmSU,AdDdOWrlkXMcLbaUr50pN5kAnhgE0NtCoau83362GFEJJJNYomcYDlQIGraLIiYMLru7AkLVBYHY9xeR8cfw1p1X1GxI6qndK2ukNwZAX7SgGQ_iRLTsYtgE9Q4GXbrE6P-tJojpehV-sWYbM0CApgqxPKJ4wSGmKTvfSpJFZhc61ENw0Y6g
Wow! Momo,"Belgharia, 24 Parganas North", 24 Parganas North,Kolkata,4.3,400,ChIJlaWe9w93AjoRIloOddJqmSU,AdDdOWrLmTk9fHQsa9BcmN-lwRcFq1oln0E2z9A0A6ghTm4_9vuZIoCiIIpYTEuQ_oZ2D8ROjNUMowzOvX23E9eBrsrQo6Qe9R9zGszJbblxog22AQvLlhmMqxhZ2ietXOHKDxRrfDtZ-2eFbWbIUgjhIUmFfWDzCiJ0MA8kMJfLQvBthm_G
The Sugarr and Spice,"Golpark, South Kolkata", South Kolkata,Kolkata,1.0,300,ChIJT1lVVc53AjoRADEfMUgAbVU,AdDdOWpxYRjFkPTIXiE6thMHRayWnsobwmho1VYP5jB5BDO7_Z0KfEDwd-Q-MtSbhKKWZPB6KqlloIQ4XMR5EXk7GmwnjUNe4wRvMseYIOdGQchrKmOmeocNFA_QI8iJcMqRQhxZ-OQHlO-cebQSqwaO3HvN42LIts_69ObghdfEpYOfTVoI
The Tibetan Flavours,"Rajarhat, 24 Parganas North", 24 Parganas North,Kolkata,5.0,500,ChIJR2IyffWf-DkRn40d_lTUcNM,AdDdOWpamOZ7hyA8ujTtYl1bA5lVjh2GnD_7VdMlwlo7Gagkm0GwyqR_lZLdJCrANGBYTnOQO8h_5ECujvEE8CcQs4fO6vMaDB_DL_hwxEvXFB9n9NMrYbMAbr2wnedI0Xd_4No8ryokcNN5aMjOUiEILHxuZMxaW0P1_iyYDHXFqzMjBp81
Chowman,"Golf Green, South Kolkata", South Kolkata,Kolkata,4.4,900,ChIJdSDwlux1AjoRI-0g8Gp1GzE,AdDdOWp6R5zbyMuwyXaDQrA4ScpJbn-T3Y9bUhXoHadv8K31EzRyQt27auJBe00VA2fg7AZdvtOf8tjjP6EvwvY34UXSHprUQLm1_OX2h22L8DI2SzxcKyUMHo34CzvaVqfbNjooIut55iAehnFxdtFVQTVEc5XIiDfYO-hoWqSAyBPMuj4S
Purple Turtle,"Prince Anwar Shah Road, South Kolkata", South Kolkata,Kolkata,3.2,700,ChIJvaqq2tBwAjoRIfpHQr6jgzA,AdDdOWq5WL4dAE00VHrsxyUSWoxIj8SGARJBlb9I8Dgtdx_VvERAVmZjzdp6x_7zZzrziMKcOtrFazYTXHgaFDVtCIJ1hdn5JjXdkvuRsxcT5Yns1d8oW3hLQ2Y8Jjec6FQZ5D__IxENvH2tQiWA0DrgKyRyXf2_dTlmzSp7B5D57eBJYjsn
The Shake Factory,"New Alipore, South Kolkata", South Kolkata,Kolkata,3.9,400,ChIJ4S9yOKxwAjoRKZhzjVMr_54,AdDdOWqS5H011X8JJVAZt0sxPeP4mK8EbvPHtFjVQwbHSoQ0xIvX2UZUK5t2asxEIoA8yw_K5w4EKyXnYlPpDry4KKYIzHxP2E99dzw-0pqEKAFX48hMxYknQgCjN406IunPAFJySGVDHovHLI9xp6jM-iizMFR2blAeNXAPiADFeoQOnSjN
The Wall,"Ecosuite Business Tower,Rajarhat, 24 Parganas North", 24 Parganas North,Kolkata,4.0,1500,ChIJdd6QvdJwAjoRsdZLjWGczk8,AdDdOWrtt5ex4FFdA6sW11wQiAFGZWz6kBXJPfRzNk6fR3LafyFKjz-2lSrn7wxcoNPTFjGR6AmLNqXqTN1cFdshjwA2SWR151TT19FfwbTd-NoK1_XDK1vVsMb11GAtTxiX-Kv2_XeOy5HAllQP2hcW6BYUNSYku0FT1Su2Qfws-8gPTXAR
Cafe Dreamers,"Tollygunge, South Kolkata", South Kolkata,Kolkata,4.4,400,ChIJywVwfblxAjoRXvAbUmhAI-A,
Krazy For Chocolates,"Acropolis Mall,Kasba, South Kolkata", South Kolkata,Kolkata,1.0,300,ChIJo4ZNyRl3AjoRUmb1KFELpMc,AdDdOWrsl8ugduBpsg6J-TPFUj1uHAcmwPXkUUSkXKCtL3pGpUJkqEXglrrYZycWzxp1yWq_C2nqeXYyP7Mt15gRASKiLIuIxq7spgs88b63o1NylcFy7uknJuHIVEUM61zqS5Fsgr2HVZbtEisdG75t0AgOVT52iPrrjjN5H5-ab0mAqs_6
Seasonal Tastes,"The Westin Kolkata Rajarhat,New Town, 24 Parganas North", 24 Parganas North,Kolkata,4.4,4200,ChIJveRS1Et1AjoRIIMCigF7xyQ,AdDdOWpNbnsdtxjBSKGkgiAOQCOhNeSuSJ9qu7wEidtPknNiuwrQbjs5EuRmo_bOX_SjggVtSnWF1QtfSdlpfg5DQefFKDCY5fFjS2fJJwGai4DyyLUV6krfrCJpD3hnaGBRkD_7XsTeFT40JO9CzcF0x7WiXkRBXGbwF3V1OcPgzFp2YJl3
Fries Before Guys,"New Alipore, South Kolkata", South Kolkata,Kolkata,3.8,300,ChIJySOaW9h3AjoRXQRzNyrU-rM,AdDdOWpBkQ3Z_Rprx3KK3tuk28TJX211pE933pXweDhzusBYJbwm0myDyJJjUFpeTDh1ZKA-uxfXrdwmSEFBLij2M6maFB_hr8zfTiBwODKUiAZbUmpy_KrGqNjJxZjsuWizN0WVGx5gUnwYuv-iLulsIjRVB37izqNKr-eokM0zOroALZzD
London Lounge,"Jadavpur, South Kolkata", South Kolkata,Kolkata,5.0,400,ChIJUWjnujJ3AjoR2K6lJKPQSI4,AdDdOWprUQWqiB8QCI0qF2EOycvQQdOjK2WuUQv9CYkaE8JgUavF58g8WU1LyTIPyRpjdMHSC5qo2M53hRUMKJYplTldnS1XOsdrigIaqcWz_4eI1jk9vI6no0n4eD-f6uIniCNqfxlVF6PXUdkT9brujG5weqah1UGk68L1nnTarZKQtX1P
Vertex – The Liquid Restaurant,"Fairfield by Marriott,New Town, 24 Parganas North", 24 Parganas North,Kolkata,3.7,1500,ChIJVzwA7SJ1AjoRJalCk5y9WAE,AdDdOWr6lQlbrgx7CChM0GimeSGPoOtZl3aS3T9sVGDTM7ODjdUUfj8gb9-izuiaYKtCqaCVOgk69J82qXiHA9s4xdhltksKxTvwZBIywMJFZFP2pcs4kL8_gZLu5ln09kVkSGtsG5jGrlWeBJLZEs9lMaEWk9bjawwscUVZeyL4E25iBL8p
Crossroad Cafe,"Tollygunge, South Kolkata", South Kolkata,Kolkata,4.2,800,ChIJ_6vH-MRwAjoRjOYefBLidp4,AdDdOWrxzlvTlntLjXNbXyQaILUIYzOLArf4joaZc3h8MeEx5GGKqj0zlhv8P0T3GudaxwPgUM-_7KhX-93qhgdf52CMhiRNKu_QecPUrQIc1CYhosOyqujUEwUm8Qn4rIx_eS1E6OOhRPnMWlqeFr-A1KJDS7q0Qew__N_SjRhTk3DiSw8B
Wow! Momo,"E.M Bypass, East Kolkata", East Kolkata,Kolkata,5.0,400,ChIJlaWe9w93AjoRIloOddJqmSU,AdDdOWr4h3779XZVr9V2v_QeC0txZSLCyhOARzmyot7_fQ5PWGXWZzmp2UVQhns3K_GHxLbigPDllJ-Bd0ogf8NqjXhyHGxBj0ToWGzkHP8AcbI0gZX4d-9Yno9tp_fXFyiYV5IIwHzi9i7l-Hg-DPQSONbmBhwX9iBiTD1WuR-Zj10KdLaX
Shawarma Nation,"Prince Anwar Shah Road, South Kolkata", South Kolkata,Kolkata,3.3,700,ChIJL8MYKdpwAjoR9p4CIeOjjR0,AdDdOWq0M0DVanNXQK-hzTXeSt0L3TkEg6LjROUqFEA4NT9GIR1CnvF69Zg_5p-38cuwb-t2t7pNhm3VxdIV5F8-5eFn2C8YuE1TkaSNCWvO6AcpxWhx7A9KFodAlI3ina3MJrX-E__lay9RfxSqdu9s-Gm7DakQdeX19MI8tqS_EYxKK-qs
Number 18,"Prince Anwar Shah Road, South Kolkata", South Kolkata,Kolkata,3.0,700,ChIJK_wqcMhxAjoRwB505LbOnR4,AdDdOWpdf3t7yN5h8SG5kQM8FBjMsTlHMs52lHFghp3n138TC1bF2H628hHMVfcTn_XHZnCeBx6xkrl_lT5BEdvF6H8Wdgx67fREZPo1nULut1dR33oGRfsk-xoWR2zFLr-3y2-7NKO-ZrOdG-IjoZzsndTKn1N0bnnt7tyF8plT6fq8NVw
Gokul Shree,"Alipore, South Kolkata", South Kolkata,Kolkata,3.5,100,ChIJ____v6pwAjoR56IlBZP_tN4,AdDdOWpUQmH31ztfXFW9I6B6ghfD3eMaG9PEnRj3-tTPrylxNDghcTRfEYWrezeKSqgZ5m7cRgX4jaFwSHLjPHIigRauawuvxeEjRW-DEniaHc4ZzxN5OCHalsEf4767syRtc8q83oo_VL8cyirugp5fM3xAJKdxPrkhJ_ajltz0LBa4Vc1Z
The Sugarr and Spice,"Rashbehari Avenue, South Kolkata", South Kolkata,Kolkata,1.3,300,ChIJT1lVVc53AjoRADEfMUgAbVU,AdDdOWro8QCMFFJZRPs6k_2UVJz9JQgca7bu8WfFPvhp0ff2N0sPBd-RlDc_nqxKmwYWgdKveVLYAyGBXCdg9jOCg1fhhHy4qPqg53DBycSQGIsi3pp4T63TsUECSQZvBOXMJPCawlW0YZ08-Gi_5g0tnoppeyFi4dmN1w0Z1k_TbpQIej0P
Seasonings,"Jadavpur, South Kolkata", South Kolkata,Kolkata,4.3,500,ChIJf0pp5NR2AjoRhNlr7EkOHWY,AdDdOWowpYgMnyKKygemaBZsbnxF4lvtzc26jTWs9hU5GSPQ7Rf7O_gkXGdyj8RRQTZsEwnOhXPADnueQwIJAE-nn5MQ9rjPchhhfIp2WbizjXDpFodCe1C2aUpxotcPJbvWwy7h10yj_KNGxe9xE0ryocGF838daIqCu0LL0JmXL-T_9bMx
Calcutta Bistro,"Jadavpur, South Kolkata", South Kolkata,Kolkata,4.6,1000,ChIJ6bgDBhhxAjoRude5CDGK7WY,AdDdOWqQDrlWda9rUC9un_vt_igIkXV4WUIebs2cdqusSrYIth0_AJrOekSLX4zZYavqvfuHRcxp5a48mxSEzLBBtdOPTtxisglV1B3IKJ5eohKAIC-VnYx17JZT9tma5jGuDdeXflULgb1y247zaqEqu3RDGl9FMc4qDYI_ukIJZZGhoXDq
FryDe Cafe,"Belgharia, 24 Parganas North", 24 Parganas North,Kolkata,4.3,500,ChIJj_jSr76d-DkRGNL1ec6Zfbs,AdDdOWpUq1RjvDWHXH7T0tLgZxbJZuwMc_he86nd7XEIiK1QIsf3yVIqYl6PPDChCkUJnfyQeWdEI-gyFBJHkW8WU_Bx31WxYKppoHrYcjAHll4PTuiP9j-UbC7w3U4IjAIFoV_CcT7laUASnIR5ooGxw2lv9j6xo65K7R60Pj5EDh-r170T
Krazzy for Waffle,"Kaikhali, 24 Parganas North", 24 Parganas North,Kolkata,2.7,400,ChIJX1qPkydxAjoRA6u57Lf5pZ4,AdDdOWoowWN57UDkTwyp8uqRXiYm5rJlo65LWPB5YHOKoTHQRC3KjwmZhGdw_27-evoeu8hFw3FEg74b4nup4k8-jdvCXqDVYaBrn-Aq0IWDnfx-wrUHxytn04PyAPJnO_eC1Z7F4t9hb_Ht4c9CcrFCtBnFG63X50chU99KI4cL8nwxahFJ
Kasturi Restaurant,"Jadavpur, South Kolkata", South Kolkata,Kolkata,3.8,700,ChIJ9SasSCp3AjoRYmFcSPR0P3M,AdDdOWrlEzpyecQFMPrALSlUKRNYYHKH4DqqdlzC56B5yjSG0pILE-Ml-Uy6vm4R6xwE89M_Nh1pLv95dX57B5eSkmgBUQlWA6JJjcjRzKihVizP25iOR4atf8bcu9tfJQ_0k0X9SZ9nKGjMU2zpJB6WWI9ELoIb6yLsemSjrvkg6q-HoDaN
Aminia,"Behala, South Kolkata", South Kolkata,Kolkata,4.3,700,ChIJCZhuOqt4AjoRR8yc-F7lrXA,AdDdOWqHcB7dlZFawQyX27Cz2fiotvOpldKnLAhjcgh-fkZV7ood0MgL9gSxqAvz4LSzlTgsw5EaYi4VqCUjymiLv_zg9SIXMl3_XcgE7q90VpmNuklSS2omwG9ebbi6mopORAK8wKAFLaiCwCh8y4lQak46eE-aE3qMWRtDQqTHzfFuUarW
The Chef,"Jadavpur, South Kolkata", South Kolkata,Kolkata,4.0,500,ChIJ03soAiNxAjoRs5gvqyEYpLg,AdDdOWpedbh6bZjRrpYknFNlHQDPgTcAKK7m7qzOwzx3xpDqIL8f3uoYw8YhxHBM9TY9LDRe6INl82yTynSNPnzsa7JKMGUwfWd2Q-LBnDjX6Cly9l14Sd5yzZWiTXSZhn75wnwDhvuQheoXJj2fn85Ah1Q3Uaji2_OQC6k289UoXpyNJPYh
24 Ave Pizza,"Tollygunge, South Kolkata", South Kolkata,Kolkata,4.2,400,ChIJn2v4eZdxAjoRFThS8pvlYIU,
The Silk Route,"Golf Green, South Kolkata", South Kolkata,Kolkata,3.9,700,ChIJhb8K79J2AjoR8c2Rucy4i-s,AdDdOWogPkljoG9oLmfH6K6UmvK_rxX-PIq30ZVODeOQ8rRNyo03kI9yyGTEWFkVyESFkU-DIZLFd5cXcY8Bk0tSpOVCR76iqc8JoKA-DkPi-cim720lGAkqznytwyjEBxljXkJwXEqgJwSUWhpZ63LHphOXv_J8URLiHTNytP6a4k5f4QDE
Bawarchi Fast Food,"Baghajatin, South Kolkata", South Kolkata,Kolkata,5.0,600,ChIJmxuUM2R6AjoRUa11fEalc8s,AdDdOWoSSH7IJVUUUtTcDMr4caRgDvXl3xJyZ4udXuMWGpiTolA2AkXdgq5DHf2zwiR01HWdCJCRa6-gksX5CmbbokU4OpnGpbA6xYZCJ1dNhunn_Z-sRqQk_BhpKjIL4H8Z1QdHZ9qUgmA4h5P20ouz87Jf-09ZS4jl03ARIQ-wKsi4xOqd
Nalin Chandra Das & Sons,"New Town, 24 Parganas North", 24 Parganas North,Kolkata,4.8,200,ChIJsbeVxTR3AjoRV0suwoXXMMc,AdDdOWoeaCc-16RC-V1SO4d3KWaNMXbMeRVHz5lba9sbNBwJ-J2mzTL6TBQ1t4eOA-qQOhE0012-sNwyvc2LhgTWWKRklwZPL6KAKPi1b0Px0nsKEqAb1Xr8iYHgjZ3TZPcO-oGhFhnGyesw8WoA7hSDKFNxUXQz7bHzJ4suSJqmCdpYrAFW
Wow! China by Wow! Momo,"Jadavpur, South Kolkata", South Kolkata,Kolkata,4.4,500,ChIJK7MpEz13AjoR5iO7T4H8Ioo,AdDdOWpd-Y3hN3u_cl5qyybUMrs1LTWludfwBZAsi99lTPnE9P0b7UCfdUTOwwShu6A46xoCYCBggqR-4_FvUpbvWsMjjrW0F7Nj5EYpMSLnrdoKKhOOw8HFfT6yGML-d0k-u-vZm0NLSlvwswV8AgAlP1zvo7XbWRsXQQN3PuOXuuPiqkCy
The Quince Restaurant cum Bar Club,"Behala, South Kolkata", South Kolkata,Kolkata,4.2,1000,ChIJiXMB_ahwAjoRiFhncz_hOIc,AdDdOWrT76XfnkPm55Vsmujntc1SvihSvA3VkkNcWM5A6Kn0VxHREAqa-rmOp22y4LKidsfP1sJRYU_4eZkgyUOknF4ULvhD4tfWpLjJ4hMeyDCMIQHMSV0bUwPyu6Jva0mnWPkuD8iFyS4vjSjqNeoB4Zmfcvr_0zvQeuHpRxXq9RCsmxa0
Ming Dimsum and Pouchong Asian Products,"Kasba, South Kolkata", South Kolkata,Kolkata,1.0,200,ChIJLSMQ2kxxAjoRHnOx5PNOkD8,AdDdOWqRnLrF5Aa8hkb0jp85Se0BiqH74lPn9rkaaYQs1Mp6NZ8r8l1Sj1pFbafSthlBI6jNsBKP6LusC0XLdWhF3Wa45Uzl_S8Nz98fsM1lBB4QTxbITVXnLGhGHSNmJXh-Qj-vFErlqWP9FH_jWGfCZdnI2yprXA0-DcQsA-u06B2jYk0_
Bazaar,"Zone by The Park,New Town, 24 Parganas North", 24 Parganas North,Kolkata,5.0,1300,ChIJf0pp5NR2AjoRUVCxKmSZfUg,AdDdOWqb32ch2te7f8AlsStdCDVnMXvoKpW2OjwXEGszPMi7CSI3pnemOqu0u8zuseUDCMn6ypfR9f8LLssaOQ4V0SZ-jnvzgTP-oouekVrwLEKhZIwryOBRjU7JCpQXgKXXJWr91PCQdIRkwESdyH3eCn5nwr_C_7kVU9ZUkdpUf8imnWgZ
King's Cafe,"Shibpur, Howrah", Howrah,Kolkata,1.0,400,ChIJY2MwNvt3AjoRqqvNSZBxrgo,AdDdOWpR3f7w1MSS-qIbyQIYAY-vwwpcogffjlfNFd1bIYiADpOYglL5ECa5U02RMTAjzmnEmdt3yxhpFwiI6HHWXvW5dqmXNknm2uhkXmWpYLm_74uR7od-0uGq7QHWCd7QKprawmDEg7UDX_X_tp-WaoNEuVXbCZDAGbFP8IIl6nSBYp9n
Biriyani Bar,"New Town, 24 Parganas North", 24 Parganas North,Kolkata,1.0,500,ChIJjSOAZxF1AjoRtuJJ3fk97Ds,AdDdOWqD4uZ24AXC1eFHkaCRFjHEg3n0h60wbKASgJtZbpd-rQpAvTLyFQu1Bf75kNPmX9Jdh7s_zLUddulO7e7nRvbhljBXyI7dYw3u9dUS9EudKSJJcvdjxk31cta6nAMkxNsQYx7jxsZ_F6o5mLKx8cJBs3wwrurbnl_SSa0R7apESVjU
Wow! Momo,"Jadavpur, South Kolkata", South Kolkata,Kolkata,3.9,400,ChIJlaWe9w93AjoRIloOddJqmSU,AdDdOWqVDRlc8D-CsOvJuCm587KI-0BJhY4bPRNm5CAW5jswoWl8ko-bHch4hUfSXCTZxxTzr9kCbkmNnKBRv8M74vf91QC9fqq6l0db2TLQZyJ4kEzoTPjwcXNg_iAbvbJu1sapkEP_rBAhaXEIU9pL4SD9KVcgV7dBiYIpZMvOF4NkiyLt
Turkisyano,"Lake Gardens, South Kolkata", South Kolkata,Kolkata,2.5,300,ChIJ2xD02zZxAjoRRXA_f2Vnl5M,AdDdOWrfR-O07EPTGErzc21EKnW-tE6CfvoYAL7Fr2_HET1uIUdXYAtGoHur7fTXloyPg9LAawaGLFr1wYlB8GHDYu3AUNu1DWqzvZG4nHmz5JvSaw61EGMQcNk7pmMSTQFsVnlmuNsFJU9jC6GYJ5yZR5BT7rMkxKez90Yj3jDMy0xkzUcK
Wow! Momo,"Tollygunge, South Kolkata", South Kolkata,Kolkata,5.0,400,ChIJlaWe9w93AjoRIloOddJqmSU,AdDdOWoLzuUo6bFBpUIq9M7yNh0NEKkqcSsZTz-BR1ZDqXqnXYyV0Kn5Y52Rk4gtIIWzYBu-SU7Zo0EjVkvtjbxhXHwveiaHZ5IxHdnVbjnf-ZfTKvVTLFt-DAZM1mi59F5xVG3x9twghyRTgAbbpY-K_nr7fUhK-Su24FOsM-99m0MP7xjz
Nori,"The Westin Kolkata Rajarhat,New Town, 24 Parganas North", 24 Parganas North,Kolkata,4.5,3300,ChIJmye6RQB1AjoRBgl-Ku5OaWE,AdDdOWpsFIKv7Asfa5WSy2pQKFqge_FphxQgBCIY4xwRnzvT980Us1G9rYDxgUVvyqxXHrZbjGMYeD37hmt_jom0jLAcXjBdydoEcX52WoBER2Bq95tl6-L7MiOhr3G_ra-rKnR3DOfWYCR2oqlGuHn4XSRWNahOXLW3Z3HZ8Hd_KOlUtm2L
Wow! Momo,"E M Bypass, South Kolkata", South Kolkata,Kolkata,3.8,400,ChIJlaWe9w93AjoRIloOddJqmSU,AdDdOWoeu1x7OJZgmUHrdWhlbG9FNmBVpWMe2uKqZ5zN_GPSlPasyxAdyv1Sv-t_a5vLOqmhrqr0gIheYp8xZxbeVeK307-mPjaBl1J-3uyyHncEw9zZ8tdTd739lyVJ9j_2CCqJIu_NtZdShb10egX1sIPwAmt8yec0iJ99tWNIGX-ZMNlh
The Royal Bengal Tiger Cafe,"Tollygunge, South Kolkata", South Kolkata,Kolkata,4.1,600,ChIJZw2TScFwAjoR_0j1TQTcCik,AdDdOWrws48wAQ6Y8MUuOnIeR3CcFdQG8yKgMzFImRBDT3COX6OEnY8L19Lhx_C0_JZz7BlqTF7bnqszNw3MO1cJGh6ck1eZQJzDmkaGS-ZgAbV5_lD5DEFz0-QrbbKxDuYV1lvXDgkK-36-UXSfsb7lyauxmjv0sV50YTFaLD9QO1G7Om7S
Friends Cafeteria,"Golf Green, South Kolkata", South Kolkata,Kolkata,4.1,900,ChIJTZE6zjRxAjoRshBmSxy8i1g,AdDdOWr5gRii0RlmxqlIuqPaD0pLEWe2Og1uO1Po6_KYehjeDMne9LfsjLIBgq2vb25IaCLqQ-fGRiDnRwnhy04RFfNRWAhVfx7clTnJd0TBHnwfCSn5PtSmF_WzJgAayTNtIW3I2v6Tid_NOInnZRPSsTgNz-4TipzHkmG5Cc1YrM9jjxsP
Sholo Ana Bangali,"Techno Tower,Prince Anwar Shah Road, South Kolkata", South Kolkata,Kolkata,2.1,600,ChIJPe_cGdFwAjoR0vTYfBrqxzo,AdDdOWoiDsnildyCTHMTF10FNTCoy2NIzZsw8wZLS8nhjSqGhlTi7tNFxihwY93g6IUtX5dzKAEtn5g-thr8QWhCEj99Md4mcRcUfatlcYFpuneWDfDhE9qqa8nsBjxk7TcyLjGI_QVBwDdTXJ8AEBovgJVog24iCxz1_GQ4s9RO1f4oIIVW
Wow! Momo,"Santoshpur, South Kolkata", South Kolkata,Kolkata,3.4,400,ChIJlaWe9w93AjoRIloOddJqmSU,AdDdOWq5JcPBDX-Xp1q2XHkr902M4-Mc2BT6l3xVREeZ37o5WRpkmPxyAGeZv7nzoItSmWYWmtx7FHv6vOWU-BhNBSKHhpc4H_ZtgLUTy0qBfqLZiCj92VbHf-vKKvd8KnhNpCJghG3GIB30omwlsjdC1KlsTZLt5LBB_ntlLC4wHi9r_tlo
Emoji,"New Town, 24 Parganas North", 24 Parganas North,Kolkata,4.4,500,ChIJnWaIvmyf-DkR8nqAn0z1sWs,AdDdOWq7F8zBAJ8eAnnErwKtSGw0rgrIND_bmEdMRENgJAV5AM4DdUo6pQ2J-2A3bgu1iJ1rYa4cuM3XFsc-4AIgBaISccd-w-B7Kkod65tDLH5-TL1HG3_gZRFDetc09fBZvvgiPil0b2zJuMNJvcdoBNfwdIUp3RAMEoro3ysJ39mrhWDs
Damn! Yumm!,"Dumdum, 24 Parganas North", 24 Parganas North,Kolkata,2.0,500,ChIJ62Ysdnif-DkRuISUtbFU3Q8,AdDdOWqJxywwIDtanMqPipra_AYELaAmk0njtO4JXZxP-ljxkqEWR9cqLaMLibj9yFj07T_WjQ8_TjkXDns59zDD2afS0wnkUK_6y4RFWa_cgolLPfB0NaBpNSze2PdL2lpJpxZDAcOMTy4jBjfpYjVhr8i2BI-cSr1Q9t3xcbNpatFX3NMT
Tezpata Restaurant,"New Town, 24 Parganas North", 24 Parganas North,Kolkata,5.0,500,ChIJmyUkiDZ2AjoR0w5ykDYZDF0,
Wow! Momo,"Tollygunge, South Kolkata", South Kolkata,Kolkata,4.1,400,ChIJlaWe9w93AjoRIloOddJqmSU,AdDdOWrroe1z8QRJZhjrI4l8WA_y6u7R3XU0aOBVpi4NA100cQXooGIqQK96fzFztaUW7tk321HQCfgzHzcC7VUCB1_kiQiq1jjMjpDVCxgFDw16Sgw-nYSa9wJA8GnFxmjXAK353EYArwLNl-oa1xQPPY4lKjxZt2odc3vEU4p1d2pTKzRR
Rath,"Belgharia, 24 Parganas North", 24 Parganas North,Kolkata,2.5,400,ChIJYYzB2Mx2AjoRSl0h6mjHI-8,AdDdOWrsBwx5Td82FmpsyOG3AqIbbEF3tkHmSJunbX_Z9i8FQj0Um62xUrvvxGYM1K6m7I_qm4HfBD9kQWc0tftjTtOkQMc_jEEO6ze8WSvApNNWBsvqjAik_1ypcGQ4t3yEW8KoiES6-fNZOBKTZwwHUwfQH6FPbP8X0hrRkCMuzXay4NGS
Blue Tokai Coffee Roasters,"Novotel Kolkata Hotel and Residencies,New Town, 24 Parganas North", 24 Parganas North,Kolkata,1.0,800,ChIJs4wBFwN3AjoR6hIpihpY0rE,AdDdOWpN_LR5SXzTMCTl5_yv2Z1M27fy2sboJab4LVOlMeGgJ2kGwZAjhjnYmGkekGJazp6C8GDfE7LukRYVdcDX1RNm1AczYDqvcV7uzmxs2hUokv0yhiyaKdAISh0YysV0OerJKVsIrcL8oNU1xnlgwQs7I-cq1c-soRNbVSYZ48Ezhd6a
Haji Ali,"Santoshpur, South Kolkata", South Kolkata,Kolkata,4.0,600,ChIJ6RBp_GZxAjoRQ98EL_doJU0,AdDdOWo_668fvhQd1BVA4hx_op3AOWrIP8PQxQ5cg_Dp9S3qO2ULFJFe0ZXdK8LKfq-05vV_56MYyrn0wZR1tpPStaxJpIA6PyfVRegVv6zJnvNMon4-jfXzJEZD5dd8RW1_B3ttlPO4_Ce0cmCXTdugVrSn-_fEtE8QqhdEkmJvIA3ARbEh
L'Instant Cafe,"Tollygunge, South Kolkata", South Kolkata,Kolkata,4.4,800,ChIJAQAcf-FwAjoRoab5-lNz4iw,AdDdOWrkcgHsDdpcTgpYzzi4GPCyyh1iEFn155IZtQFfgLvEMJu1UiKyJbru9-OaiBmQH1SlPbdvqC1aIBYXdLoYl5VCHlPvNilUYs1aq9pdCCm63X6hlsv0AEyPVF0PBXcm_eZivucjO2EMc6F-6JUP6klfeVKbAu0d7RzIWQ4auFKjj3mJ
The Chaiwala,"Tollygunge, South Kolkata", South Kolkata,Kolkata,4.1,600,ChIJPyroDepwAjoREjJasUMnanw,AdDdOWpZOHYZMgXnoUnbHfxuZZs3Q-lfx0bBAY5A68gKL0dG5k-Ysswmq6bLnRGtSYau_yVS3iDHakZaa2V7sFQd1qXzD3dFr17jDL07dtspcBzq7DcvL2Raa8cbNcsEKYZIwP0ukyFzTWMzRVfF7ZOoWhOHWWdESG48b9lAs6k3sotWM8LE
Raajbarir Khawa,"Santoshpur, South Kolkata", South Kolkata,Kolkata,3.1,600,ChIJhStFmmdxAjoRW6VM9_n1GfE,AdDdOWpPpG_zoacAKkOmIoKgKKPTuztmd26B6OpaAxTc83g4quUcuBzvd1YhDUkMnSU1Y9Tz2gHxwPR3_Rl3_DoxRp70CtboTIZTPkBJxy6wbQsKPrSh2wez-D4uZk2q7lk9ItXsw2-Bv8T3dU5Qli3ubgtl6IAxSO2MKKNWdO9UA231Ua60
The Yellow Straw,"Pecon Tower,Rajarhat, 24 Parganas North", 24 Parganas North,Kolkata,4.8,300,ChIJ4x7pmSJ3AjoRBAH3t43WNaM,AdDdOWpbGwwPH23QsGPpRJOl_4BC7cN15ksXpxQSOuL328BGszFvtzDvo05KkyGigbxa9iUVaPwnZvfXz-hy-nWlWW1imeTa--IqPYEPXFUEjMjhPciCCALvq9fGm73RYNMh3xJ9PXp4U1-h8WJqN3YPQn87jgPZoPQtbhte39JxWQwxdfdq
Buddha Bites,"Ajoy Nagar, South Kolkata", South Kolkata,Kolkata,3.1,1000,ChIJEUJvG1VxAjoRoglQjms4AdQ,AdDdOWrIw4MpD9PsA7mraygKO71Ms41xvSd4VqBRg_BkzLVeTY6lW3S0VfdTlNsGw_3P0rlb7olrMm6J3uxa6TARaggGZo2cbFM3ClgRt1rJWg5JAgioLmdDDcIRKAIQIUXoGUBG7Mi6G8kgyzHsax7RfWExU7RfX0kt0Mvq19LUDN_wRnX6
West Light Vally Restaurant Cum Bar,"Calcutta Greens Commercial Complex,Santoshpur, South Kolkata", South Kolkata,Kolkata,4.0,1500,ChIJ33vN84dxAjoRhBQ9kryIH2s,AdDdOWq_hO-vlxy4M-bXinsZmsh89wVEwMzvkzXdwj2aCGxufFFUMWBo7NRARKmHTEbWmYwMPzAVu9Twhb5o9NpH-exhbB-u7pQ2XMsfrDmpYP2jaZc6_PzwiUcpnQ-P3vukJBmdxOhc5Iyyt-1iNvhc4mnWttZ9hHZt5-Ff7QBoW-RsOrl4
The Sugarr and Spice,"Baghajatin, South Kolkata", South Kolkata,Kolkata,5.0,300,ChIJT1lVVc53AjoRADEfMUgAbVU,AdDdOWpzEeuYqu3q5wmLsrjXmdcQ7f2SexUQBo2tZuCmLcinMmQ9a4Z98btUI228WbZs7ueCkBpU2vK7pAeqyGk5wqcLKGZv3xD1zdNWgxQ6mt-tYXQkFXUF_vh-6-orgtyfJx290LChdXOsJb8QyiXoP8eiOPQ9gASN7AlvGuu6K2o8e9jV
The Sugarr and Spice,"Behala, South Kolkata", South Kolkata,Kolkata,5.0,300,ChIJT1lVVc53AjoRADEfMUgAbVU,AdDdOWoxItuBKYyTH9YVlkoPLeLXk1l3t9cKrZbDFCev1JVmY4cHSygVBzLHUgEtyCUGQRcAq7Md6DMHZkztn7RiFQDV5nRycrDdaGu9BoT6DEGCWi6bUNEETNY3xGygbK_BcfWApH2GMqw1GUomVaUOQyWfRSri4BZK0M4YqLF9yiU88Xmn
Sonamati Restaurant,"Behala, South Kolkata", South Kolkata,Kolkata,3.9,700,ChIJVVVVVRF6AjoROwFvIhY_vtU,AdDdOWosY0OpHOZRpR4Kkfb_I7nZi1jrd4M4_oWg_7lcJpY12lyI893jmBWxKozRKTx9R7tMXxf0EE06nGvW0Wpf7RXxoIWJzFvTWCCgGm8xsMSVQcpydBkfYUWTkYjCwtngJBIii7b8wEG0EzIr9rqylhjP7tB2IFV3kCfA5IltzAWLEwVV
The Sugarr and Spice,"Prince Anwar Shah Road, South Kolkata", South Kolkata,Kolkata,1.0,300,ChIJT1lVVc53AjoRADEfMUgAbVU,AdDdOWonvTuOIntNmGMtAGGymYn3pYdt3pT-Mmereo-GD3iTtGtX2JNm5PEfMz2PN6R078DNGw5g-d6VAt4dTykVInZfhlUMPjrKuSihDUeZnveoZP5jxCYULHfUCfxA9hC_t2cFrSGI3yQUTckonHiyWL1iCDa62hUrneEAh90e3rYgWlN9
Eatelicious,"Behala, South Kolkata", South Kolkata,Kolkata,3.9,600,ChIJC0VFCtd7AjoRuH6wwVNuT3Y,AdDdOWorLtX0vThikF9k0kwU81rO8MZihTiXazbjkFEpuNi4QBapY8c1xJN6grFVR_yx5H4vTQ061VJKV4e8Vh4JlrvBzdEG9wa-YgCEljCUwW4CouliiR-kngMkjbFkEEIn0ca-DvF1ino5ddKv-kQi2v1qbP8MeoTqVWjE6f4RYUvEpPev
Chai Addaa,"Golf Green, South Kolkata", South Kolkata,Kolkata,3.0,500,ChIJi1qgvddwAjoRiiMLmjW87rE,AdDdOWrS9qyGKtL9dZbY0gKUu3z98zLQAjmSAYGIa9ITFbUUoJc5ljegn0Ag4-KMbEcslRxYdTjUDgOBncpIYAY0y1NlzJrDFubMCtzm7ybdKeZcIU0xb22tMzMXZJhQXRWecSUqwmc2HlI2HylhlcNN2ESbg0DDUY4ndlNdGM6MK41iAUlY
Wokaholic,"Jadavpur, South Kolkata", South Kolkata,Kolkata,3.8,500,ChIJDyJnhER3AjoRLFQNZfK8Z7g,AdDdOWo7RCEvzymiUK7H7B4fDUXOVbDRhqR4NMCxkWjEL29kawTGFwnM7Qc6qM4gmU1kh-9hd2y1gy3yUS2O1KM2juGoidAVHwGuisA_skZKEH4IMqJ4aYls252hwKRd-tBYZ_hImSfRLTT3YGlGCqZKqzwYZadPT2OIqAZA5q0djrxDM4Jc
Hao Chi,"Behala, South Kolkata", South Kolkata,Kolkata,4.1,500,ChIJ39LCAyN6AjoRzBnMWzti_i0,AdDdOWqpS1piEmV2venIP0cErgh86wUxX9y1vKczw6-q6RnKMye5DFAbVr8f0uxzEsY6biUlFy6eEe8QEuanvD0qjOnRtkXp6R_qkfqXMUhtmaACg9Q1MQiHByVhGs2scMqHQRnUTET0nHfykQV9FEVI0orSJOi4cmaieom0ecCWSZ2CkQPj
Azad Hind Dhaba,"Pecon Tower,Rajarhat, 24 Parganas North", 24 Parganas North,Kolkata,3.7,800,ChIJIxvQOw93AjoRDCA03DS9cAU,AdDdOWp8NkZDdheapkwha21rd2YvfNVxlOXYFLHmHhAEbYCqmo3iSFdaEsne5Hp7Oj2zB_9pKAAiYpzPPnZS3gCVWdwN411S2Li3I4TI-itqTWMKAHADRO6KYMxJ82KFeRYr6ivFF6OoLI5Ro4nSEcqzv1uvq0Q7fjYwPGOJn6OzSITWzoTs
Hotel Coco In,"Naktala, South Kolkata", South Kolkata,Kolkata,3.5,700,ChIJ2bCzPkhxAjoRVDAiF6yKIaU,AdDdOWoR_lOeR_jLTDz_fPp3HPK-2fC4Qsck51Rd2H1lCUGEtzBeqAKMdCOnPvZDbCO-8Z4STqFIbqjkUIadiY_2LxFW_yv14ygLogO_IqMbJtXpVJ7rR2IULYB845gjoM3hNNcT47ebTzPZJodtJmDmr3XfopfLnfZGnbrvwcwjrlkHWlpe
Azad Hind,"Garia, South Kolkata", South Kolkata,Kolkata,3.8,800,ChIJ6w3rwSN3AjoRT1xJCxBEiXQ,AdDdOWqlkUhXT2XbWIYcir0QZVRn1Cg3FxFsHlu1HF5yxq0tnaIOpojaw99f9ysIz7HfUzQS7AXvIA5SyE2-d6b7Gd-kP6Omf5P5kW8Rc4tB6SAHohcdbAhQGy9aUTyF4qyat2xWWMy8Q_ZO4ydq2Owf8PcreiHVGR-Ck_geOkwJ8m_xeMLv
Khanti Damodaar Seth,"Behala, South Kolkata", South Kolkata,Kolkata,4.3,700,ChIJ5f__PzN3AjoRoD9bAEmpzyU,AdDdOWpFVqIfUwMyZw23bCTA7MtsonAbTKnHF-04ry8S8AJChVcqMjIE6-awSRuOk5BX4atJw2OJ1xFNf5i6HWhKYZCOTE62rYYFTuGdNggLHBy6i3RwhfCER9QTJvX03hSD-i8ZGQVEfevsjhqlmCcWnQEurh9tAJHbtXRw0Bh4aWV35Xn6
Xebra - The Sports Lounge,"Club Eco Vista,Rajarhat, 24 Parganas North", 24 Parganas North,Kolkata,4.5,1600,ChIJKWibScYKAjoR6tpK8Yh4mNo,AdDdOWpOE_iw0jaf-iHOFfeOkuoFmAQYlzhXuSWHsemkOOH3HsKGJ2IfaYfYB_oedizYLDR7QMWuNqVs9RzpRjkD0EzCUr42_0t0A4MBPAArFz-eZ3a5H3JkDqdz9LgAM7A8nR_3xHH2uSsV5QGbyebo5cDChfq1ak5X5X2mdMgw34vI-XSL
Wow! China by Wow! Momo,"Metropolis Mall,Santoshpur, South Kolkata", South Kolkata,Kolkata,3.6,500,ChIJK7MpEz13AjoR5iO7T4H8Ioo,AdDdOWoyYvqawkxkEEaJ0btScifvc9cD2bEYfB-s0HgmfvzdGki0M5CgTfIADH5XRt7GU5w_1sJInLjyeqzDjI7_Tx8y_uvk1dk9y7oG1hz5BU78wSS01fE8Im1Sed-NQyVImY9q-3zudDmyBwekCoXByzzDdpa2ykxhitQWZ5UGmpsmicqP
All Is Well,"Belgharia, 24 Parganas North", 24 Parganas North,Kolkata,1.0,500,ChIJv3HxPwB7AjoR1mFok4SP6U4,AdDdOWrqnGABARTnYRiscv7SCen14oCFZDIWqcRmbPE3qA2upBWutp1hLTMKIBm9IhGjmIqevGvpKGo0SY694Vq_nzv0dfaS-ai-DdvsxqWXN5T3D49tVhfLTi-puiDwfBO7ZW_iwZN_bIIvjyyQO4-H2JeP0jTOUrwlcAMyZ8sgsLBgKhKq
The Sugarr and Spice,"Behala, South Kolkata", South Kolkata,Kolkata,4.0,300,ChIJT1lVVc53AjoRADEfMUgAbVU,AdDdOWqRD6Zk4jPjmov2haJHw1OfWBhNMqoqUUVULJeDKjTq_5dxRlUpeNvE1ATSverm4QAwx_NcN4tg0_S85PFfoyfyo7K77xQdEWqDVtO_4C7L-UAMUss8vMnsTsHb_rJuhTY12gIfiYn2iT2CobqK7nSV_Rfr3tClO6MXmqV9cxe7i_sK
Monginis,"Jadavpur, South Kolkata", South Kolkata,Kolkata,2.3,200,ChIJFf3mdxB3AjoRFYsfU2nW01w,AdDdOWqzhHHp8z9mN2tcr21Nxn8TpKTirgQK60yg0NZUCGNqslrqeuARqfYRVQ_iTmpsjdNBit1DCWW6VY6kSvajXiz7d5QbmkZKHxmzZ4i0E3WY3lR2TaQdoNdYcS7OCl8oOyMw6Asro2e1BkN9fKDyfIunTfV1YEAcdR2HRTRl3s2w0lAb
Hatari,"Behala, South Kolkata", South Kolkata,Kolkata,4.3,1000,ChIJq6qqYSt3AjoRZj8CGwMmRFk,AdDdOWqnC6sWTb1a39IdIP0QIlQdvuk0xNayX5mj9AcJdnXMOJL8qYe5mT_GajOOaK_qNzCJj2eNlZXnSCXPo73EbppjTOhChEJdqZZLlps2XX88T4ssmyGrb_80AV87sDOIhf_RRKUFfbksHBttGztwYIguXK38nxIExQlxwXqwJfuFVOja
Wow! Momo,"Behala, South Kolkata", South Kolkata,Kolkata,3.7,400,ChIJlaWe9w93AjoRIloOddJqmSU,AdDdOWreMNsHGtRJsJi3-fik8zRil3ZmtKfHLsxV7XeI125l1gSoC7l0unvIARPR6shMvgBVDuEsRHrTftbO07lM9p0Ge1wZuh_TUGopoMz6_9EW108qAcVaAVPJS6GKb16PIh0Ew-dqo0r2pO2g-ypUhuPcYQAumVFjMjwOp7SU7yOf-sAp
Food O Holic,"Rajarhat, 24 Parganas North", 24 Parganas North,Kolkata,1.0,500,ChIJ82hdQNid-DkRgJQRfRUxA8k,AdDdOWqyFSdDmcUoqPDl15ZFx3ZCXRKd7Lyw2AAM669hQ7T-0v1GOf_xRrc7pQDiAIQIWAdtlrM6zraQCdGZq2Iycyxb5D57Lc0vxRcC0fKGAETRhG0ziWKixbtFvp0g0cCwfA9_LmGeTTbr8kSwPkUnDF92yyGoTKmts8zgwJY8RiztyucR
Beans N Barrels,"New Town, 24 Parganas North", 24 Parganas North,Kolkata,4.2,1000,ChIJ80p_XT0LAjoRxTA4UNBw_hM,AdDdOWqI6WyfYz2HYiaFKydb69aWLQU1QfG8obWHiYM6g_Cm7AKtgpcOXjeRz1GPSSeYMMG3GX9pyqADAxGX57JgD4_fMX9pOcI4xLMgNrZ6Ekt9mtPnEjkja7m7bsZPsoMInRiVlGYhh9JHdVciOjACKCWBU4P8Scc10jdiSKdFsOwvoVlZ
Bake Club,"Jadavpur, South Kolkata", South Kolkata,Kolkata,1.0,100,ChIJBaOq8iJxAjoRfEJldqbeaLc,AdDdOWprOohtcYtoMYsV6L2Quh6l0Ge-200XjEk2nKNhxE9Is5wG6g3gCOOb1m1TiLQE202t_t7p0lgWjh-GuavG9GAkh3tbzRMlWam_rZB2IM_CnML1X6SXIYHJE8Gw_oDUn42crMCZERMK7gcPN84I7TzpJaY8UV4Jt04DEwUnT2u2uv6f
Zodiac,"Fortune Park Panchwati,Kona Expressway, Howrah", Howrah,Kolkata,4.1,900,ChIJZ-l3Z693AjoR4q5FEFxKq5I,AdDdOWqDmZUMXQZm-cKvjoY8OyfjL1VvH7a5O0b_Iwqz8Uul8pO8uU0k0ICLCPv3WCGJSoXzdHoR7lD0owuAai2dt87qAyneosmDxWGCYF9OuQGUlqN34noVV7HqDYfEhgHZMW2qBdDkKuv_RqjJrlrHs4lpZw1OyHlBHDKf_mZRiMd6Z8UK
Hotel Royal Height,"Behala, South Kolkata", South Kolkata,Kolkata,4.2,1200,ChIJv0teggx6AjoRuZvbPDbiY_o,AdDdOWqu-q-BcYZP0AcOt5cMxivmnm-8bgDx4etwJc_vYwsT8gyorOCcW86VSia3i7JIADr6gOypQpPnz1k76DVlLq712tH-rT2yugQdOcSiYit259vF1brLg2yIizyoeg1nsBkakZL3AQtOxgBRCXOVEboiuXD6E7-FWmj5qafzl10TfIiN
The Sugarr and Spice,"Garia, South Kolkata", South Kolkata,Kolkata,1.0,300,ChIJT1lVVc53AjoRADEfMUgAbVU,AdDdOWoNAIyVmTUEfDtIN17i12izZg2Vp4gLz_xI-2TCiRuaTvfD5oJoxWD-IMk65HYhyFByYe3SkXPvhIvDyB1hOy-4kkcuoR9JuQeO7vHKlqkn0W0FLo2QUe47Q5SwH36CWtzbenaAYWFGALmVsrllu2uwZ557ZDIGW9bhzYT3fY1ZMUrV
Chowman,"Behala, South Kolkata", South Kolkata,Kolkata,4.2,900,ChIJdSDwlux1AjoRI-0g8Gp1GzE,AdDdOWpMd-RYGw-2QRSSkHzFLbUT3QiDjWp4lqST1tXQlOShyEKrhevksFuCLobv7iF66U0l-n5EjzxhGhrC77ncYGQgB5lr0ywaNw-pmr5h6hMFRvIWyE-y5apDCmyXacZouJ8E0YDTUeRzai-veB00JrqnkDOvDLoWixfLVkWV0bUlzUux
The Village,"Club Eco Vista,Rajarhat, 24 Parganas North", 24 Parganas North,Kolkata,4.0,1100,ChIJ_____0x1AjoRZcl3olvdRF0,AdDdOWqp4VBKct97ga-N7RT-mA9PymgvnKW7rElvs45RO-kuaQV4WGGKUyBRNNNAWEcxx4U2sxAZEO0YoqPN30JXuCcSWH8mRenhw91Or_I0HgxB8BB4OST9eVxw7kGjpX0i1ZT96-mk7mQ8hvA2XAlyMfnecxj67Mlzr3Gbo6nY7SqwSLJw
The Yellow Straw,"New Town, 24 Parganas North", 24 Parganas North,Kolkata,4.3,300,ChIJ4x7pmSJ3AjoRBAH3t43WNaM,AdDdOWoOWq69XDGph0bKv7VmAfcalxvAZvNpFlRm36eKJFFUPIS9NzPtBUJ8mGV3E00u2KU7nJRBKQ5-sMV3RS3x9wnyzJWQz88w1ZQ7FuBmMS-cXm3J_JXx6z0oiq_SWmBMyvXgADh2SmN8gbO7oBg4ojXurYEU73si5pDdDj8fw3IFxOCH
The Sugarr and Spice,"Naktala, South Kolkata", South Kolkata,Kolkata,5.0,300,ChIJT1lVVc53AjoRADEfMUgAbVU,AdDdOWopHBPTRIc_CBTMmFos8gL3tgfeYKDbT-mLRuUMT5d1NMv3azhejYas7iiExyCOMEKcIxWHawzHqfTZ25xvwqxowP0g5C7PZ8xdaS0TS2gslEcMjwqkIAw8IlzGiB9XKp1W8GUBFthS0V2AQQvbOXiNvJBXxN7TFSjtxY2f6rfwADHL
Monginis,"Behala, South Kolkata", South Kolkata,Kolkata,3.8,200,ChIJFf3mdxB3AjoRFYsfU2nW01w,AdDdOWrhUlSF3p8_XX8xjZvtehEMCSWAMeTfQk6NvS6ownI_4OmYzK1Oqe2FJ1gXfHapZHe-hWM2UXzilIrU0Va8kUCvNiQAtMG3pg_9XaSsJ4T_suDxIMMtSAZSd1Zcst47_4nTEKw2co0zPY6Zr-ECTZSXXFKdLf3PmFfifzKCyB0IicDR
Curry Pot,"Jadavpur, South Kolkata", South Kolkata,Kolkata,3.0,300,ChIJ-7wBjPx3AjoRFvdZWPF4D9I,AdDdOWrVxA-TdWYGp6lwFxZ9dH0Fs6vvdSr1WMw8F1GHvhGcKmit2IkKfZD0EZ03xF9exkPsxSsKMFm6eE93xTqOswar26AovdCHO9bQn1E5AOCj8___6kPoY6pXrKKkGycn148zs9NHKjDWWPxFLGCC6P4JCElBHqREONAUUsbezx26hVUI
Subway,"Rosedale Plaza,New Town, 24 Parganas North", 24 Parganas North,Kolkata,4.5,400,ChIJo7U_dhl3AjoRMjjcWPWoyPw,AdDdOWrZKa05grrmd-oW4Vst3mqyPbfDVBcJK5vapeh59LV6wo8Vrie278gEyrJWSo2GyBOFd-EKtSgAOVgC0OowHIuqcfhUB_drEB20a6fuJLnSbpYcC3y7_bOLkcxewPGmdhRbHLU5Xxe023pmGIP5O7LqD7T7A5I2kAXR5iiXlrVupsjt
Chowman,"Garia, South Kolkata", South Kolkata,Kolkata,4.3,900,ChIJdSDwlux1AjoRI-0g8Gp1GzE,AdDdOWq8tM-i0tD7ANkD7RWFeBXdRwoweNv61DTRywCoYX8dBY3NOZJ_E0YPRlVkwnXkJkxI8LdLF0N5qtxX9jZf3_m-Ss8jdxmSQsLwLdnveZoCyMbo95AEObbPQabAYwYBnbyAAshuQGw1dTro9C6ujQ36cR85EgfJaDvoz2hIkGxbn91o
Sholo Ana Bangali,"Behala, South Kolkata", South Kolkata,Kolkata,3.9,600,ChIJPe_cGdFwAjoR0vTYfBrqxzo,AdDdOWowZx4Zd3rkG3InkOzGTi1c8O8IaVz-QbSbQ8u_eH4aiPGxchIzw6FhveEVfQEdQRAypgn_Lc30ef-lUDmARs9RuB48inawK2g7Ov4on_4dWYyxd732OBURjp_HsXL8OkyPj09-cYw8pFsJNLNloF-_aHcFs0NISoq1Q9cjknptFwn-
Yuan,"Garia, South Kolkata", South Kolkata,Kolkata,4.1,1000,ChIJQXxL_TlxAjoR5AMFWhvJX4w,AdDdOWrRzQOICJnVG0DQVMSMoVTypbSF-od0HgxEif5NbltdsuFPUVrdEthR6Z2KDbLr2usCa6v-TzcQ6_1KfZFZMXIaZSWj6kySbRqiAGiBodNqc_SXihRoLRjAV-Xm5sRxgN6Kc9k4LGW7BqnzVFcBCV_XQiU1P8BsLgPSLLlu2TPrXxzy
Wow! Momo,"Ecospace Business Tower,Rajarhat, 24 Parganas North", 24 Parganas North,Kolkata,3.8,400,ChIJlaWe9w93AjoRIloOddJqmSU,AdDdOWpgRXXCwO04TxnQooD_m1o3-B-gcHFPzOLbUyUH7iMWdirgsajL5roliAww1X8PgHu8X9uAKvQVwNtmbLHnePFOEwJRGF4riTDehuhx57y1hwKFMlTsfZGMIn_6-J45Gve-1kfp7WMXLFolaP-GsBDlE2iXndk-id19eKUBoA-ZgHzK
Wow! Momo,"Behala, South Kolkata", South Kolkata,Kolkata,4.6,400,ChIJlaWe9w93AjoRIloOddJqmSU,AdDdOWrkFUq4qnClo4t8rLcsEMxAm3o4IULSY1HfyvhiDV67A-ZwHAv7MfeHP5uZomZx7pDpD1wn8ldY2BpP4U-Tek1FwNsPxaM2c91_twCwxDkdipk_yZi0YgGJxku8k65jrNag8JtZSFtZftNlr4mGJPqE5QnW21JVLwq5ecL7ZAAKWnSY
Neptune,"Howrah, Howrah", Howrah,Kolkata,3.2,1300,ChIJMW_oFJZ2AjoRyG48mWtreas,AdDdOWof9qVfEFX7HgJ4BAS7U7hqEt2c_Ojzvf1ZpRUrGKA5AnKz8g1WmkwW6L3Y76JBAFcebqDUQHS23THFahNyd0LoRx90T0UnoNb8Ks7MtCPnQ79YBD0dDxWhNRgHhQFZxUYoXKdIF7w-eB3A8Ntfc2PkAOhGO_u63vYGH7Jaubssbnrh
Cafe Latte,"Behala, South Kolkata", South Kolkata,Kolkata,4.3,900,ChIJR_yz1vJ7AjoRpXG9rNS4cSA,AdDdOWrSL3JFGzJmGtbad4y_8e7AZDyckNkR8wg1O8y4HfBiMJIff20OOnDRe3VNxEerT4Yz_ovA2oZkKiykIzFo-EusBBJ-TN85DYx8pL51vMyqelmQ0juQgaGAVn9ULXSlp9DAAIVIQ1lihYmxbwSh3N7FSkJVx6OComvmMdmFk4K1CkeD
Aafter 9,"Garia, South Kolkata", South Kolkata,Kolkata,4.3,1500,ChIJ2QG3FAlxAjoRlCeoJDUPPqQ,AdDdOWr2LzjV5wE2Mtqoos-9LhjiSIs7CYLa_eHVvvxkZtaXQ-qvjxWoJmDCmB6dRj2HRkDu95XfXff4ysxmczSmSiYq8jTyCUTMsqfJFUNhYP8xsFpZR6IAfdvnVQpwkdUPUZWECrrP-a8aFpxgA0wOTdshxCzfLr8vDaUIvfrWlZa6qacc
Krazzy for Waffle,"Garia, South Kolkata", South Kolkata,Kolkata,4.4,400,ChIJX1qPkydxAjoRA6u57Lf5pZ4,AdDdOWp77l9CqyihMThUo8Ou5MnGRpgfq4OQ2WXVQWkX4tr22GfIKavQlpNrcC4OQH3J_Mj7z-_eFH2fwNJkB_XYgaUhpCK-rjGlJfngIH8TdJZtHMSf_L7iH3uTgcHilHnpA17q_MKIH0_5k72NWaHDEdvAcRvEw94VwoX8BzhzYTRdw278
Monginis,"Ajoy Nagar, South Kolkata", South Kolkata,Kolkata,1.0,200,ChIJFf3mdxB3AjoRFYsfU2nW01w,AdDdOWr6C74n4EX_9GY-xmrtinpLNoOq9qo4HCZA-EtuKnDXNq6ZoSVklvLJJk351cwF0nahtxDewFFR4FTwbXY-kZQt50KCR5kFSyNw8D6LNyyBUzLNUbLrDzzCJOjFxE6wOe8Z9ClLPJQjZcpA_q7JzgyJavG6kY9zkCHVL4JJ-VGyKj-r
Wow! China by Wow! Momo,"Behala, South Kolkata", South Kolkata,Kolkata,4.0,400,ChIJK7MpEz13AjoR5iO7T4H8Ioo,AdDdOWreuXImsKpCxfl7Gg1nGsJ-Z5Qi1pLinqgpfVT1YZzH0uLl-bR84__kMUzdsJoGpJCaJ7teLox7iOfqkAHL6r-sTVHN5aSHODqW2IM3HyK7XC5begAh9oHI183dbiKeeJX5burmh9JY5w7Ggw4zOzR-agx5V0D6UrHTb9LC-LIDKeld
Azad Hind Dhaba,"Tollygunge, South Kolkata", South Kolkata,Kolkata,3.1,800,ChIJIxvQOw93AjoRDCA03DS9cAU,AdDdOWrjyQAipcY8QHP4aP3nM1sbPQVnf3ePStgQA619JqhQlfuopWtD5DjN9JN1JOeiK_0sa69jD-bUZ0Eh63cAt876x_mo65SfcStewa7FDBRhdKV0hiyjcCkTb8pZJVYZSrAkYfpsshwM3WsGfBXHoWGXDS1umoeCesJYJ1LjL7C9kE-Z
Igloo Cafe & Ice Cream Parlour,"Behala, South Kolkata", South Kolkata,Kolkata,3.0,500,ChIJNwBYl1d3AjoRo7RuQ1XPPW4,AdDdOWo6j7p_7cj8Ji_f-3ib1iW3Vbuu3LdYFGhM_3TMBA9EOKJhk0Xf7M9jQKh31orH3QZ3PGMdc-GDPk5OrYirzZ2fkgUze7iXwFRLlv3C_XkInR1wLhp3JqjEp7gseR5xkDhuAso_zH-A5Sxoy4yh4-f5Ci2uYOZ3j0mvlxyt4pRtq1U9
Sholo Ana Bangali,"Garia, South Kolkata", South Kolkata,Kolkata,3.8,600,ChIJPe_cGdFwAjoR0vTYfBrqxzo,AdDdOWqgQfmm_cbyq6-zPLg5sQkzSBp93a9I2rr4R62WabIv5PjIDZCxoGxQjwbuI_E_MdepXq6FrBa0Hmp5csfkfDqDMNmwlYqMMvVGXedXQHFb8sEf6vcvZZMs0Fdw5smDykVbO5XTQcwHeaO44UAV9pfToqXDO-uwAeluEu68PBbzxLwh
Red Bamboo Shoot,"Garia, South Kolkata", South Kolkata,Kolkata,4.0,800,ChIJ7ZWVsLl2AjoR9510pxf3j-0,AdDdOWr4f4Ekb6ALS0h_7bZKzur0DguR4Om1XByGLVUomOF74OTEKA2h4GXwmkB1SyhNpZXMTw3nXhB2NF277K5O6byk_WTLGBqbj1EGvEkorh-EzPMkM4q3UejQzNWtGHxktOXYVC1Op3WP6QAExQIUf4oFqWfhKL37DVFMrqlqIgOg5iMd
Arhaam Rasoi,"Uniworld Downtown Mall,New Town, 24 Parganas North", 24 Parganas North,Kolkata,3.9,800,ChIJZW8wzloLAjoRA4fixgQ62Dk,AdDdOWorI_XltXKYZq3-kDJpIC1FEawK4gc58rJ6Xuo9TE3F1O8NFvBwiPoIexrgiExHm7Z1zu4Nac7lU5R-ekAMOc4JW-EUA-6aoNJfVOLLRksdMYXapbxzXHQf152NQEh0GgWI-GastBfcwd-P1FWAQgizExg7EPT_J7kw3wbGcGhOH_0A
Wow! Momo,"Garia, South Kolkata", South Kolkata,Kolkata,5.0,400,ChIJlaWe9w93AjoRIloOddJqmSU,AdDdOWoxCkew4PosdtEpf1QojbJn1oIvgP_jPslZF6n57iqA7Maoq607Lqt71rP-pl7cSaccFtSDYjrlPlPPSSeuZbjAf96fHNXLb7OU7I251UdMJbEY4W0OVhD6Z_SVh4g_vWwZS_VBylkDmuOWBtA22pARkreuzlrVe8SRc_VjZah01h5b
Wow! Momo,"Garia, South Kolkata", South Kolkata,Kolkata,3.8,400,ChIJlaWe9w93AjoRIloOddJqmSU,AdDdOWoVUAH-edyBkdcZItGN5g9oeDZduqJse0etEwyZ2G68Fn9HJCVn5tqBABDLXEf9123jF4hhj6PodwjwJRPmrXJyhXrBSd2NMI8FHpsFy7Yqeg2K5ncI9MEZvLIaYKr3CUvMvI0a6Kgaf7QvJFrd2XlEzIcSvkcIrJwKVJHCgQAeeYFr
Chowman,"Sodepur, 24 Parganas North", 24 Parganas North,Kolkata,4.1,900,ChIJdSDwlux1AjoRI-0g8Gp1GzE,AdDdOWpBiAYjpyr7-ipwggEBDOcoYPWPyYOSQ8JZYuP6ReRMCBt6IZ5_xk2h-B-EsjNXfu5gJdJe8siY1-qx8CqifETV6wvDz7LcPtlEyDIpdsScnJIikpsxWwvjcK63pHY1rXDYiTew6aPpde7Rxdt1d0UwGctZVci0DeoTgdaLfZeOEmjq
The Sugarr and Spice,"Naktala, South Kolkata", South Kolkata,Kolkata,4.0,300,ChIJT1lVVc53AjoRADEfMUgAbVU,AdDdOWo4QzfN6yRvU_18t83X10E3diouajH4CEsYkXQodLWGyII0CwRaMzWASevRW6_kD7PyG_S3t6F-2dcWp0CYBCJVijtYdDm2sfiF90_u1ZBCrQR19fnd32FKqX2fR3HEWUt4ZWS-0vYbt-Gn10LnHQwm-rpRbwOqsjN-7DSlIamBD4d3
Babumashai  (The Last Metro),"Garia, South Kolkata", South Kolkata,Kolkata,4.3,900,ChIJX9SILJhxAjoRSYRQG3fG8EQ,AdDdOWrZeEBPxq8QjsGowsZ2xQBDThQCQ7Y7FaajndYfFHx2btjr56hDu75QA3H5wiUaFRoDN4T6u6GQIiKp4_cFHlYJMwdZAHFqJc7b3wGcXUy2L-oPbY3oXC5yzKyt9fXgRmbflKhrvUfO_IguS6kO2pmTYokoNVv5MOdPpJP--BWF4KE
Momo And Adda,"Garia, South Kolkata", South Kolkata,Kolkata,3.9,300,ChIJzTt_FXtxAjoRoC7qHrgRP2o,AdDdOWokaY5Hde1bqfzdS2KHZtxQeVj78ZSxql1zHuHh3cwgrYtJEvbdxCZdbkWMs0wZPLtKb8htXy308HuhawQPzkDoxCh-Gwt7WzD5X5Kw62EbCYl4WF7lteDvR6p85dYQKdwq-IPAJT6oeP6gzNqavrud8iOZ1CLOmoIMV6UoXXJiF8Xo
7/12 Fried Ice Cream Parlour,"Uniworld Downtown Mall,New Town, 24 Parganas North", 24 Parganas North,Kolkata,3.6,400,ChIJzxigc9t3AjoR1z_4qU_joGg,AdDdOWoNApbk8FNaEFLmMO3JSOVKYuOuJiIJ-kLgm0xDhnsfz2X31fvFMBb5JfkEn8K_X0MsgR8OnHNGDsnhhZbdCEUhG3iY6laXY2RLLnd5RgBjxYqDRfmuYNEGmFR9QH6YNoX1jfcFwAsqf0a2zgPpdP48iZThcAyMyuUZuklnOtAk6NVC
Baraf - The Last Metro,"Garia, South Kolkata", South Kolkata,Kolkata,4.3,1000,ChIJoYhslqFxAjoRmJBuLdAvvu4,AdDdOWo7Cn3qedVmxA3UM2M5pgbH-MvbGa6DpoQcidLFEN3fSDX9ZROlp2HwA4U2gm6bj3xej6akq_lbcCoFgedxZXIpNWxuLdBqOpj0Z96lVSIQX7dLVQ_LjOdZ2z1J_bHL5PnkJt2AJmYoRRziQ-qRrVcyN3zf2Z525ZtWWbUMUn4MLZ4U
Wow! Momo,"Garia, South Kolkata", South Kolkata,Kolkata,3.0,400,ChIJlaWe9w93AjoRIloOddJqmSU,AdDdOWrgpH5-d__LUNk2d2fLrZhiD4j7Mxf61fXiB9qRNIqXBl8YloslXTfoIVhKvIzsyCiC6j_wNOKsqhbxh_jIp_5VAS6tJMtVuutbxsaZrZDR_7fJbtSkpzwUVTDDHII_mW1zBzNsxon91_SbjiQSgS34kN0OrTuQw1zyMV48xQ0bIBuO
The Chennai Dhaba,"Baghajatin, South Kolkata", South Kolkata,Kolkata,1.0,300,ChIJ45hqWflxAjoRJFxi70FVNgc,
Olive Grill,"Garia, South Kolkata", South Kolkata,Kolkata,5.0,300,ChIJ1evfIRh3AjoRJdyo792UvaU,AdDdOWqbqgcifyrUd-7MJb8RdqqXM40Yuxsu9FECGkpxmEGxLeMgZl3Iki7N8rQiSP_wdsJf3I-DKWSQXOBYIAyMhtrmNjqjOfWWhPH6eLHFE30XWMP7yL0UU2yIcOHl7-rKjPxfyRDhcT4R_k2lW2qHf5BCqaYErcPrF3bZI6M-86ssNK8
The Chennai Dhaba,"Baghajatin, South Kolkata", South Kolkata,Kolkata,1.0,300,ChIJ45hqWflxAjoRJFxi70FVNgc,
Jadu Kadai,"Behala, South Kolkata", South Kolkata,Kolkata,3.4,500,ChIJU7l_c256AjoR9oGzaXynyOk,AdDdOWqMJoYIAO7s_dOYclNcMgpzVSxLoeCZWYHIfac-w_f6g7Gfy-LQEZTTm2am5X_iLfNnTK7UUo05cNe95_vv1NI9REBFB93l1cM5IHxz1FW6J5s0Gk66lpArRmu_0Fn-GC-gZTLaNTmLCRuWvXCy0MlDKFW-FLpyx6kyHuspYiiPTFH2
Aminia,"Garia, South Kolkata", South Kolkata,Kolkata,3.8,700,ChIJCZhuOqt4AjoRR8yc-F7lrXA,AdDdOWp1LbXF3ZdKbEeFr5D7ahALNQEv3TrNbI8wo8xFYAU4p4eppjwbd3v4klFmo5juDcHldfWcYjEb1VKQX2qq31GbIuYmBw_I1WveU_MeYXKzJciCzMipzbQthpYtp9IL1TOe96dVfXKfYhG3aw4XMaHaqnl9Hz4w4GpcLHP1m3BtQEsR
Sweet Chilliz,"Garia, South Kolkata", South Kolkata,Kolkata,5.0,300,ChIJnTY1CppxAjoRbzQU8ma7JoQ,AdDdOWrAkXSAEssaXyWLv_yXt5stl1H676lFInKQ3gk44yonV6x05X7QB8R59w2pPurCwnqMbG_bDh1Ks7qVL4Yt9061SEpwOYggNn8FhYJJs4QYghrnu0LixUhY7Nw8hi13riPChkQdNL0B04chIA50OtTNkOBHKqR8lXwivjV85AeqVePb
Noodle Oodle,"Garia, South Kolkata", South Kolkata,Kolkata,3.4,600,ChIJjQWRxRye-DkRDs9LXmYPdpE,AdDdOWrb9lS82LN8VX6hBHoeftKzTrz2KvJw2KYDPNbDBboQ2sU5tPbuFaJ07XJvSNp6c9xJGUXPFXxoUuKgdXJkhb9CnRvo-9PpO4f6eug59lVKjJp7ogzPC7LqT5Lw3QBImWrfvftNqAUe8t5RxqRrOHTtMzEF4PEf90xQlnx-ZAhKRnFy
Puchkaman,"Garia, South Kolkata", South Kolkata,Kolkata,3.4,500,ChIJxxNTkSJ7AjoRX7FTqBa96v8,AdDdOWp8_bm0V5rIWhllyBNyoqcnam8fMg2byCpYxnI9SdaCvCFOAxdJaUH_ojzHrQW0_t3-30rOep3W0ce-vapL3IH4eyHr0VQMSpAiVBzRI5wzJLl0BKcsXruSjuPCATfbo1tlC_jkK2GR9si1ukOYuc4Vu-XQUqvY2a2ncxRxvk9oHiGT
Chowman,"Garia, South Kolkata", South Kolkata,Kolkata,4.4,900,ChIJdSDwlux1AjoRI-0g8Gp1GzE,AdDdOWqp-COlwP3aMqdLSgOMpRKvGedIA8iMXHP7MvDoUhCJcGAgNCE1f8cTOULgBmb6Ug2A5ie6xOFYuL0xYHP1XwBoFcWG6j0PEkXG7E08KmGg52zmxVEE8CBYktayEXmF-4ttyugj7aSaAQXWFphIXrMHYmSZL_VMDaVJ2a86vzBV3LR5
Wow! Momo,"Sodepur, 24 Parganas North", 24 Parganas North,Kolkata,4.4,400,ChIJlaWe9w93AjoRIloOddJqmSU,AdDdOWoO9AsByYCEWb3FOQyCuHFu6ws2f2jqMF5i0Deze5P4-MvLuP6uCB9H66TjZDTNhorY0mlNNB6XdX1OjBs7QMTHdbJtR6NZD8ti4E-9axnqr50ceE74z0pFipGMgVe1RGQHfAHqF0gPQNr7GIdKpg-9ADjQvs9qa4qtNNe2bJx01Qjb
Wow! Momo,"New Town, 24 Parganas North", 24 Parganas North,Kolkata,1.0,400,ChIJlaWe9w93AjoRIloOddJqmSU,AdDdOWpeJ7urqwryNjHTiY_YzsR416Y3nqS4mdyyRxUaVbwUpFlZXih5Nw6V0K795EXs5z89JiOq9hW6vEKgqavWVwTKAYP6i4tVx8OeJM9oDeOrJ-viLAQn7eZNKKoJQvkTnsT5BFiHBr20hho-GBv_luyTaLdg1TAw4QiCvzCH20ShYW-T
Hatari,"Garia, South Kolkata", South Kolkata,Kolkata,3.9,1000,ChIJq6qqYSt3AjoRZj8CGwMmRFk,AdDdOWpoRLV_3P8IgZd0RTVXrNuA14R3datxxoSOW769_URsdY8EWitWIdGvQLJhN7Tc2CIwwTDDUrX5-fi7bUZwBFyGtelaP78qWU1U_gFm0zeAZRpGKD7wg5yTmYlYAmd8KUdL_OjY1iA3llXM7RBk53odGgztEF_wAclzTY4AA7j0GUBL
Wow! China by Wow! Momo,"Sodepur, 24 Parganas North", 24 Parganas North,Kolkata,4.1,500,ChIJK7MpEz13AjoR5iO7T4H8Ioo,AdDdOWrlMKnHMowxaUALuuprOr50e_FEGzNKOSjD5pfzLHRvwI2VxmKOl_uOmq-9QQl1Cd-P2vFgtMQL1B2gP0ZA9KBK0KLKG-smn-AOrJRXJQY-4nsV2UP1VSpLgLGMt5rs3uONNlpjusYE9VUcPVqgSRe8dCZwta6lX7nGz5YvRD1PwKnK
Azad Hind Dhaba,"Behala, South Kolkata", South Kolkata,Kolkata,3.6,800,ChIJIxvQOw93AjoRDCA03DS9cAU,AdDdOWoiDTvPIySlv5sQrG0kR4zPUG0Ts-vHZLsfwb3QU_TcR4fUKXS5F0c5DdPKkSK1jVGZpU1Q3F0YEX-XOfw8B7RpUYsXJW2W3yxsn3LzxrUJS5i-HGJegjUc2oiK3_5TKwBN3uTvC2m3QQve_f1wl3xhdFKGL5DvJ54woxNQhZMXBjvZ
Wow! Momo,"Sodepur, 24 Parganas North", 24 Parganas North,Kolkata,3.6,400,ChIJlaWe9w93AjoRIloOddJqmSU,AdDdOWqkrIRvvCd-9Je9vEIC5BCIydJada4EqDjzuwC0FV-TVrfoHI4YVeRxiu0XrV29dI0McrteijivFmv4CC7qr9RFUoAlXIwG5ryZ0a11ktjtNoKPZOIDFLZIpZ0NtAmXk3kI_5XQsxBb3ww22ePjbuVXKFNBnZf19jqguJI2WYbjzECy
Benjamin Bangalee,"Thakurpukur, South Kolkata", South Kolkata,Kolkata,4.4,600,ChIJKR7Bx4l6AjoRew_LK-k0Z3c,AdDdOWosMx7oZPebA_-I6nQUfYq-io-m8dzFM65FEUBiwmHP4UK0ad6msxwbVK91gkHTdzn-7aliXDyfSKFGPXmfY8HNAh3uTrU0G5w_kV9_OZTa2k0sS38_JhqLUibwY8hORCNyNZELlBkcZ0GhywtQQ6-R6iDEPc_7KTi7hGR-nc9EzBBv
Wow! Momo,"Narendrapur, 24 Parganas South", 24 Parganas South,Mumbai,3.1,400,ChIJ-_VsKvHP5zsRadSaPGKzT3k,AdDdOWriuVzpu9SGBjBergGphMHJXhVmy0FBoOlLSVzcLwEgMmPyn9uivbcrM79UGMLGWOQY4aWAjm8QqL34sRDbUE0_snx5tJxINtzbew00WCdqLKgavAwTQDx9vPhlMpFSdiOLPPaRBAZspb7Wgr56Hz17Zll8QekquTOBMnyjdKg80jX5
The Flavours,"Narendrapur, 24 Parganas South", 24 Parganas South,Mumbai,4.8,900,ChIJ2_P3wsPO5zsRGg8gsHujQKw,AdDdOWpCizdXQdLL6P4CtBE_U37QVpMvWDa4fVMSudU1Ypn-24cck8VwLoSE10Dw7TJV_CIC5z3tTiRgwb99jBL34_YSc-Ik_Yr0v9FxQnlXlKaoLCSVxhzLFSlhz2LEIVgzSE0OT2z8XKYr5X8hxzDUxNI4SXUonxtUXqWUQ2uB3wVakTtZ
Wow! Momo,"Madhyamgram, 24 Parganas North", 24 Parganas North,Kolkata,3.9,400,ChIJlaWe9w93AjoRIloOddJqmSU,AdDdOWqSrDdjGj0ODLDuOWjVjZIMVfM66AcVRE0NXNz2ap3y97-tFNWualOVeZssSMLJBIVoF98LW0H7Wy0Li2oIcSfnXrAU8CIzPC0RBiD2QPtDUYKjPfVtJNd_CUFcKIw7sRaIe-2s5eRcUcNlUuEwblWB3sCA1uq4w9BpfQcnIy_-LtA6
Monginis,"Hooghly, North Kolkata", North Kolkata,Kolkata,2.5,200,ChIJFf3mdxB3AjoRFYsfU2nW01w,AdDdOWoOSepl22dbyxM6tkhhj724njB1_9ToVf5H88OnOvJeiZIROvi00BgoPmyKmriIJrwx_BL9lmbc08jOL92Jve8PonUHQfBlbCxFk7qm49GOj-Zu5lxz3WLkKupXRlz_ogcSFOUQmuu4uNepVZt1JjFHztN3ubERDN94jHHOMPZ18rqP
7/12 Fried Ice Cream Parlour,"Narendrapur, 24 Parganas South", 24 Parganas South,Mumbai,3.0,400,ChIJeUaME3PO5zsRjuz_WtkOvUM,AdDdOWpw0ziVWqGfAvLIL_8Y_OG1Eklz5AOmzMyhdCkl0pSLNqVgY3MluoQ5_MhSueMcblees0odpGeyeFeuEapsOxrX9Lw9WzGPCkjSw-IuzKrQIHA7hXOwc2VtL0gOooBYOuUlh7uFXZYHMowKaTzJ29YcvZHFED4onULxfGo_f7YdzMc
Wow! Momo,"Hooghly, North Kolkata", North Kolkata,Kolkata,1.0,400,ChIJlaWe9w93AjoRIloOddJqmSU,AdDdOWpPuWLkgcJD1oaI6LMrN7FnFaMetCGUgNPF0y4xpjvaSY1B8ryMBLwfvrRsTP84SZnRR5BlLZCQYg7cB0QJkji43Jo9OdmXbHYNHi-Z1_-UFzVUS6kwGdL4JL23snkX-lCrPvkDPkYExOEzKrhAWu0PyFe1aJ_WeaEWMhrOgeFyrDMi
Monginis,"Thakurpukur, South Kolkata", South Kolkata,Kolkata,1.0,200,ChIJFf3mdxB3AjoRFYsfU2nW01w,AdDdOWqFBrDdhV7v_CDS3hskGbURKhpZuN5IRGT-nkMrAM1AeZ5Vovpg5TwmiGxH6l22aIBOFn_qOSlpfje92EBAKStkgIOqiRx5I7OPGLnGzqwLOvFVBqwn8hSpvOA8gJFJIuUqPjriEcoTnGQ4uHNH4CgrYPtsAGdKd-I5SrNLPnwXStIs
Buddha Bites,"Thakurpukur, South Kolkata", South Kolkata,Kolkata,2.8,1000,ChIJEUJvG1VxAjoRoglQjms4AdQ,AdDdOWrdgiAR7qEOgbqwlImjHdYn9CpyyESb0Jg690MRsv5orIu_ev47TVken4xBiku33dbMRZwkXahdLsld6Lve2v1K7Iib69EE-Ao5vBkkLPEUnvtb6ZQ23IyvlMg4mQMoS159DjHd3I9qv3UyCH_XA72JnHuSIwehMxrifWearIE6HUGO
7/12 Fried Ice Cream Parlour,"Star Mall,Madhyamgram, 24 Parganas North", 24 Parganas North,Kolkata,3.8,400,ChIJzxigc9t3AjoR1z_4qU_joGg,AdDdOWod2yZdjD1GWZ3yh5zGuHP3bDyhtwXfama_WsmUIsTBmjw0ypG17lxyTHTEFKtnbeXLA2vUYbXly3zcIeXkW9jFFYZYtpUZEAdsZRrywha-xAG7mgv_OuOuI5DXCYxCrbQ8lidIQsfGOH1brAyUl40xgeu8t5WdYF2-bSpVDhesi1MW
Aminia,"Srerampore, West Kolkata", West Kolkata,Kolkata,3.9,700,ChIJCZhuOqt4AjoRR8yc-F7lrXA,AdDdOWpge-lqiq0HAl_0L6mUirSdHq-3LU8N5-XYH1tK17y0YpNyPrvZKzQoxIkvucmGQGQUB00ZjJbppDRk1Du5jZ5hhOcHvdVP6-Vlu9dMqzaZVxATImXyaPyvRtwjwwmZs_a_xkSi0pJZQ_W7XR0QIZO4lJwNUXsu903871gQxS83uUOw
Monginis,"Barasat, 24 Parganas North", 24 Parganas North,Kolkata,4.5,200,ChIJFf3mdxB3AjoRFYsfU2nW01w,AdDdOWoezlgSqYfBScVe-cu4teUxfFOCX3qH8vCocQt9qTY9AwJ7hpI8AcJ8p_T_HvjY7ED4MoCBe8nVfo-61HmZbe0YLh_mBn4cjRwlEfwN62ZoG7x4tLtV10D0nEj9F3ao0RgR9FOrmYvl9_QVsYFpSpz3kBsO6IP4n79Eyg_L99A0xJu7
Wow! Momo,"Barasat, 24 Parganas North", 24 Parganas North,Kolkata,4.3,400,ChIJlaWe9w93AjoRIloOddJqmSU,AdDdOWr8VwRN1SovnnMVtFRmXa6jiQUQXJEkAmscxygnXPK5bb8kuIMl4S5_sAJjK7ib-wIZ6exCBSHPAGxC9wfXCyL33GGQOHTFKuOYbBcEJu4cUUhMzX-xavoFYa_ZT-ke_NrVZqcvF5CE7yZMZ82MtGVvaggioLaphjyyRSh46dxO7c9c
Aminia,"Barrackpore, 24 Parganas North", 24 Parganas North,Kolkata,4.3,700,ChIJCZhuOqt4AjoRR8yc-F7lrXA,AdDdOWqE41PKVqg-nbUROvjiS1yrK2kTPlOvRPk7jwOZh_BeeaYKdXlT3DUIzUOyftjTVadj7yrqViwfV2OZKXxwvsnmPlUQSM4R-bY8h9nMvUivvMJTvXo23XH7FWs092SExOIRY9AnbzOxh4DxhTj7GcO43mOqWPniEyDT3HcNbuvwQ3kv
Punjab Restaurant And Madras Tiffin,"Barrackpore, 24 Parganas North", 24 Parganas North,Kolkata,5.0,500,ChIJNU1PQ3Gd-DkR3Xb2vQGo-qE,AdDdOWokU3BOm4MfK7zY9otxB-GcGL4AUDJgVNCiasqMzrFc9SHWUeEPnrR87mWS0wN0xAIfCrlrRr0GktRVoUqai2XO_IUmtSnZcpjGYFB8DZFKz666f_pilL8i6onnLSTYwlY5mXTfOnwekO-c1Iw1-SFzqN901ZfZvZL85Wi9sBINXHBZ
Wow! Momo,"Barrackpore, 24 Parganas North", 24 Parganas North,Kolkata,4.0,400,ChIJlaWe9w93AjoRIloOddJqmSU,AdDdOWqNj5kUWqvp0qEH9HRvChGmEu-AfoYPIKJxyXF5YHIXk0EFVk5HN-7yMP5tpnkR88mS3q1WejNyzqQtVUnoAfxwfGYD1fa2nyDbbDTDJPR3J_nWRirz8LFnwGF1Td0QUcGAiMf7M489oLDCQIUYpdKkbuWTpgebfRAT0CoJvJmExcYj
Kasturi Restaurant,"Barrackpore, 24 Parganas North", 24 Parganas North,Kolkata,4.2,700,ChIJ9SasSCp3AjoRYmFcSPR0P3M,AdDdOWq2qiBEyNZ8xFtF6fLgVrBI6TPyYTVAoOODyCo3Y5WSLq-W891wLH-UMEeWmw0_mCNEjeh3Ky4Dr7NzC3Nb9qGSkqDjVCJDceZi8X1iw08G9AUp2DQJIgQMYvrwlq_Q1HS6nCw6_GDlB8sJxcKgwlvS77_hdJ5P4BHiFgGm3CJqed7S
Wow! Momo,"Shyamnagar, 24 Parganas North", 24 Parganas North,Kolkata,1.0,400,ChIJlaWe9w93AjoRIloOddJqmSU,AdDdOWrkzLxRDdKk5JLBMBxmfPQQxYVHAYQ1ilx-_Yddribnbu_-hiYkTncWdMS-cp5-T8t0keGux5kbawZAJk0HlNwV5BV9Sq3gStwp1yyjVS_4Nkj45-gv26Cv9xSMf6WaJvGeBFbpRpUFIZOxAWSJB3FXzLvo_tubTUOk606XF5FYKElP
Wow! Momo,"Chandannagar, North Kolkata", North Kolkata,Kolkata,4.0,400,ChIJlaWe9w93AjoRIloOddJqmSU,AdDdOWolnRmum10Pry0Mm6d_659bzGQ6qD3ULWixo8hi4-ljyREYIhzz4aBu60l84c5N6ccLQsq00HBUdv4g7LU-Nc0y_PnjX_sIX934V5RY-rOQuiwejgnlHRIOsVkEFMN2KlYFGbPHu_-pDtkqJjmnwMn_78FNoyO1RGBeUFTKrHbIo_fM
Azad Hind Dhaba,"Howrah, Howrah", Howrah,Kolkata,4.1,800,ChIJIxvQOw93AjoRDCA03DS9cAU,AdDdOWroZLBwK6WCyl-g3GWH0euPE5r7gep2WDtzRqKz96CHFak-U3AU2u-8K8GgJAiDprigBgx19RYmqQV01R1uYVA1X5O0t2qIzZvHuRUhgcPqDDnyBJpnfhgz4SuIrgzC6J18LFC80zshsMTPBPVZWlE7wit87mb3G4Vd9FJYOFVa4r67
Monginis,"Hooghly, North Kolkata", North Kolkata,Kolkata,4.1,200,ChIJFf3mdxB3AjoRFYsfU2nW01w,AdDdOWpr_jVEaCxrWt-YrVFZEpETqr00I6-YpvMV50d8ZXCYZKoO0lE7rDBHZ5PeibPVIuabQ0vvXxqzLFY4sHbw6gK7JtZfnb93ApnrGYsRTBVhIDEHcESQ_CkkGoUAiKS5Y7AjlMayBERH_QD2QwYJa1hNQmnKuZdhI0X8p6EHIiSmnpOK
Toasted N Roasted,"Kalyani, North Kolkata", North Kolkata,Kolkata,4.4,500,ChIJs8HnXCuV-DkRpsrN78Y6Kbg,AdDdOWrAJwztF51NM9Q8sDoRkddXcRGliYg3B0qtU42cWzt8Z0-CBZm3srFYpJJgFiMvzomyvkvTvqOMVqCshtSbn7BwWTXlWVnuswVFLLpBna6ajTZfbb3riUKksfNw8PMwhqgcGwiybPuS9-CSf1qcJMLt7oX4qxYfvouhS9NrZj9LVh-T
Azad Hind Dhaba,"Hooghly, North Kolkata", North Kolkata,Kolkata,4.5,800,ChIJIxvQOw93AjoRDCA03DS9cAU,AdDdOWqewhpqqu9zccj6qo_PnFAF-iDPyzrTIO-ySK2g4srsiIf8x1-oHtEEgNYCWntN44Bf3dnStf1_hHuGT9IRg3ujb3esk0xjIQR1itvxfvVhH8TUC7rvSfkNyzXiFpPvnlxY55LWpSLjdfuyGiQyqjPFVHm5QJce6ZQonXwZyIONbLmH
