Name,Location,Locality,City,Rating,Cost
Local,"Scindia House,Connaught Place, Central Delhi", Central Delhi,Delhi,4.1,2000
The G.T. ROAD,"M-Block,Connaught Place, Central Delhi", Central Delhi,Delhi,4.3,1500
Tamasha,"Connaught Place, Central Delhi", Central Delhi,Delhi,4.2,2000
The Junkyard Cafe,"Connaught Place, Central Delhi", Central Delhi,Delhi,4.2,1800
Chili's American Grill and Bar,"M-Block,Connaught Place, Central Delhi", Central Delhi,Delhi,4.4,2000
Ardor 2.1 Restaurant and Lounge,"Connaught Place, Central Delhi", Central Delhi,Delhi,3.9,2000
The Luggage Room By Sandoz,"M-Block,Connaught Place, Central Delhi", Central Delhi,Delhi,4.0,1800
QBA,"Connaught Place, Central Delhi", Central Delhi,Delhi,4.3,2100
My Bar Square,"Connaught Place, Central Delhi", Central Delhi,Delhi,3.9,1500
Ghoomar Traditional Thali Restaurant,"Connaught Place, Central Delhi", Central Delhi,Delhi,4.2,1000
Station Bar,"F-Block,Connaught Place, Central Delhi", Central Delhi,Delhi,4.1,2000
Warehouse Cafe,"Connaught Place, Central Delhi", Central Delhi,Delhi,4.1,2500
Padmanabham,"Janpath, Central Delhi", Central Delhi,Delhi,4.2,700
Unplugged Courtyard,"Connaught Place, Central Delhi", Central Delhi,Delhi,4.1,2000
38 Barracks,"M-Block,Connaught Place, Central Delhi", Central Delhi,Delhi,4.3,1700
Ministry Of Beer,"M-Block,Connaught Place, Central Delhi", Central Delhi,Delhi,4.0,2100
Sandoz,"Connaught Place, Central Delhi", Central Delhi,Delhi,4.2,1500
Farzi Cafe,"Connaught Place, Central Delhi", Central Delhi,Delhi,4.2,2000
Openhouse Cafe,"Connaught Place, Central Delhi", Central Delhi,Delhi,4.2,2200
Lord of the Drinks,"Connaught Place, Central Delhi", Central Delhi,Delhi,4.2,2000
Lazeez Affaire,"Connaught Place, Central Delhi", Central Delhi,Delhi,4.2,2600
OTB Courtyard,"Connaught Place, Central Delhi", Central Delhi,Delhi,4.1,2000
The Darzi Bar & Kitchen,"Connaught Place, Central Delhi", Central Delhi,Delhi,4.1,2000
Route 04,"Connaught Place, Central Delhi", Central Delhi,Delhi,4.2,2000
Kwality Restaurant,"Regal Cinema Complex,Connaught Place, Central Delhi", Central Delhi,Delhi,4.5,2000
Castle Barbeque,"Connaught Place, Central Delhi", Central Delhi,Delhi,3.5,2000
Teddy Boy,"Connaught Place, Central Delhi", Central Delhi,Delhi,4.2,2000
Tamra,"Shangri La's Eros Hotel,Janpath, Central Delhi", Central Delhi,Delhi,4.4,4000
Cafe Delhi Heights,"Janpath, Central Delhi", Central Delhi,Delhi,4.4,2000
The Imperial Spice,"M-Block,Connaught Place, Central Delhi", Central Delhi,Delhi,4.4,2800
Informal By Imperfecto,"Janpath, Central Delhi", Central Delhi,Delhi,4.1,2400
Boa Village,"The Exchange Store Building,Civil Lines, North Delhi", North Delhi,Delhi,4.4,2000
Cafe MRP,"Connaught Place, Central Delhi", Central Delhi,Delhi,4.2,1400
Caffe Tonino,"PVR Plaza,Connaught Place, Central Delhi", Central Delhi,Delhi,4.5,2000
Desi Vibes,"Connaught Place, Central Delhi", Central Delhi,Delhi,4.2,2200
Cafe High5,"Connaught Place, Central Delhi", Central Delhi,Delhi,3.9,1800
Master Of Malts,"Scindia House,Connaught Place, Central Delhi", Central Delhi,Delhi,4.1,2000
TEO - Lounge & Bar,"Punjabi Bagh, West Delhi", West Delhi,Delhi,3.9,1200
Connaught Clubhouse,"Janpath, Central Delhi", Central Delhi,Delhi,4.2,2500
Cafe Hawkers,"Connaught Place, Central Delhi", Central Delhi,Delhi,4.3,1200
Dhaba Estd 1986 Delhi,"Connaught Place, Central Delhi", Central Delhi,Delhi,4.2,1200
My Bar Headquarters,"Connaught Place, Central Delhi", Central Delhi,Delhi,4.1,1500
Zaffran,"Hotel Palace Heights,Connaught Place, Central Delhi", Central Delhi,Delhi,4.5,1000
Oh My God,"F-Block,Connaught Place, Central Delhi", Central Delhi,Delhi,4.1,2200
Daryaganj,"Regal Cinema Complex,Connaught Place, Central Delhi", Central Delhi,Delhi,4.1,2000
Berco's,"Connaught Place, Central Delhi", Central Delhi,Delhi,4.3,1500
Barbeque Nation,"Connaught Place, Central Delhi", Central Delhi,Delhi,4.4,1700
Bagundi,"M-Block,Connaught Place, Central Delhi", Central Delhi,Delhi,4.3,1000
Biryani By Kilo,"Connaught Place, Central Delhi", Central Delhi,Delhi,4.1,800
Sincity,"Connaught Place, Central Delhi", Central Delhi,Delhi,3.8,1800
Naivedyam,"Connaught Place, Central Delhi", Central Delhi,Delhi,3.8,500
AIR An Ivory Region,"Punjabi Bagh, West Delhi", West Delhi,Delhi,4.0,1200
Punjab Grill,"Janpath, Central Delhi", Central Delhi,Delhi,4.1,2200
The Immigrant Cafe,"Connaught Place, Central Delhi", Central Delhi,Delhi,4.0,2100
Pind Balluchi,"Janpath, Central Delhi", Central Delhi,Delhi,4.0,1800
Bo-Tai Switch,"Shangri La's Eros Hotel,Janpath, Central Delhi", Central Delhi,Delhi,4.1,1200
Taste of China,"Connaught Place, Central Delhi", Central Delhi,Delhi,4.1,2000
Blues,"Connaught Place, Central Delhi", Central Delhi,Delhi,4.2,2000
Taco Bell,"Connaught Place, Central Delhi", Central Delhi,Delhi,4.0,500
The Host,"F-Block,Connaught Place, Central Delhi", Central Delhi,Delhi,4.2,2500
THE ART HOUSE Restaurant,"Connaught Place, Central Delhi", Central Delhi,Delhi,3.9,2500
DR Zombie,"Connaught Place, Central Delhi", Central Delhi,Delhi,4.1,1800
Wok in the Clouds,"Connaught Place, Central Delhi", Central Delhi,Delhi,4.4,2200
Kinbuck 2,"Connaught Place, Central Delhi", Central Delhi,Delhi,3.8,1800
Ranisa,"Connaught Place, Central Delhi", Central Delhi,Delhi,4.4,800
The Embassy,"Connaught Place, Central Delhi", Central Delhi,Delhi,4.2,2800
World Of My Bar,"Connaught Place, Central Delhi", Central Delhi,Delhi,4.1,2200
Biryani Blues,"Scindia House,Connaught Place, Central Delhi", Central Delhi,Delhi,4.2,1200
Chaayos,"Connaught Place, Central Delhi", Central Delhi,Delhi,4.2,500
The Great Kabab Factory,"Radisson Blu Marina,Connaught Place, Central Delhi", Central Delhi,Delhi,4.2,3000
Khandani Rajdhani,"Scindia House,Connaught Place, Central Delhi", Central Delhi,Delhi,4.0,1000
Chaayos,"M-Block,Connaught Place, Central Delhi", Central Delhi,Delhi,4.3,500
Mughal-E-Hazam,"Connaught Place, Central Delhi", Central Delhi,Delhi,5.0,1200
Creme Borne,"Connaught Place, Central Delhi", Central Delhi,Delhi,4.8,500
The Imperial Cafe,"Connaught Place, Central Delhi", Central Delhi,Delhi,4.4,2500
Sorrento,"Shangri La's Eros Hotel,Janpath, Central Delhi", Central Delhi,Delhi,4.5,4000
Handi Chhadeyan Di,"Connaught Place, Central Delhi", Central Delhi,Delhi,4.3,800
The Chai Story,"Connaught Place, Central Delhi", Central Delhi,Delhi,4.1,400
Fifty9,"Radisson Blu Marina,Connaught Place, Central Delhi", Central Delhi,Delhi,3.7,2800
Shang Palace,"Shangri La's Eros Hotel,Janpath, Central Delhi", Central Delhi,Delhi,4.6,4000
Veda,"Connaught Place, Central Delhi", Central Delhi,Delhi,4.1,2700
Baluchi,"The Lalit New Delhi,Connaught Place, Central Delhi", Central Delhi,Delhi,4.4,4000
The Connaught Bar,"Radisson Blu Marina,Connaught Place, Central Delhi", Central Delhi,Delhi,3.7,2200
Kapurthala Kitchen,"Connaught Place, Central Delhi", Central Delhi,Delhi,2.9,1200
Bistro 55,"Paharganj, Central Delhi", Central Delhi,Delhi,5.0,500
Giani,"Connaught Place, Central Delhi", Central Delhi,Delhi,3.0,400
Mamagoto,"Khan Market, Central Delhi", Central Delhi,Delhi,4.5,1500
Cinnabon,"Shivaji Stadium Metro Station,Connaught Place, Central Delhi", Central Delhi,Delhi,3.8,500
Fat Lulu's,"Khan Market, Central Delhi", Central Delhi,Delhi,4.5,1500
Pikkle,"Rajinder Nagar, West Delhi", West Delhi,Delhi,4.2,1800
Pindi,"Pandara Road, Central Delhi", Central Delhi,Delhi,4.4,2500
Cafe Delhi Heights,"Khan Market, Central Delhi", Central Delhi,Delhi,4.4,2000
TOS - Take Off Scarlet,"Punjabi Bagh, West Delhi", West Delhi,Delhi,3.9,1200
Veg Gulati,"Pandara Road, Central Delhi", Central Delhi,Delhi,4.4,1200
Judge & Jury,"Vijay Nagar, North Delhi", North Delhi,Delhi,4.1,1400
The DineRoom,"Punjabi Bagh, West Delhi", West Delhi,Delhi,4.2,1000
Qbic Cafe,"East Patel Nagar, West Delhi", West Delhi,Delhi,4.3,1200
1 Oak Cafe & Bar,"Defence Colony, South Delhi", South Delhi,Delhi,4.2,1600
Zaika Foods,"Daryaganj, Central Delhi", Central Delhi,Delhi,4.0,500
The Chatter House,"Khan Market, Central Delhi", Central Delhi,Delhi,4.2,2600
Dilli Gate,"Daryaganj, Central Delhi", Central Delhi,Delhi,4.5,600
Imly,"Apsara Arcade Mall,Karol Bagh, Central Delhi", Central Delhi,Delhi,3.8,800
Ichiban,"Pandara Road, Central Delhi", Central Delhi,Delhi,4.5,800
Talli Station,"Rajendra Bhawan,Rajendra Place, West Delhi", West Delhi,Delhi,4.1,1500
Sly Granny,"Khan Market, Central Delhi", Central Delhi,Delhi,4.5,2500
Naivedyam,"East Patel Nagar, West Delhi", West Delhi,Delhi,4.3,500
Lanterns Kitchen & Bar,"Rajendra Bhawan,Rajendra Place, West Delhi", West Delhi,Delhi,4.2,1600
Gola Sizzlers,"Khan Market, Central Delhi", Central Delhi,Delhi,4.0,1200
Out Of The Box,"Khan Market, Central Delhi", Central Delhi,Delhi,4.1,2000
Wok in the Clouds,"Khan Market, Central Delhi", Central Delhi,Delhi,4.3,2200
MGM Club,"MGM Residency 19,Daryaganj, Central Delhi", Central Delhi,Delhi,4.4,1800
Sandoz,"Ashok Vihar Phase - 2, North Delhi", North Delhi,Delhi,4.3,1000
Molecule Air Bar,"Green Park, South Delhi", South Delhi,Delhi,4.2,1500
Spezia Bistro,"Hudson Lane, North Delhi", North Delhi,Delhi,4.5,1200
Clue,"Punjabi Bagh, West Delhi", West Delhi,Delhi,3.9,1500
Thalassery Restaurant,"Rajinder Nagar, West Delhi", West Delhi,Delhi,5.0,800
Anglow,"Khan Market, Central Delhi", Central Delhi,Delhi,4.3,2200
Yellow Brick Road,"Ambassador,Khan Market, Central Delhi", Central Delhi,Delhi,4.4,3500
Suruchi,"Karol Bagh, Central Delhi", Central Delhi,Delhi,4.2,800
Sevilla,"The Claridges,Aurangzeb Road, Central Delhi", Central Delhi,Delhi,4.5,5000
Sandoz,"Lajpat Nagar - 3, South Delhi", South Delhi,Delhi,4.3,1000
Aura,"The Claridges,Aurangzeb Road, Central Delhi", Central Delhi,Delhi,4.7,4000
BFF (Beer Food Feast) Restro Bar,"Karol Bagh, Central Delhi", Central Delhi,Delhi,4.1,2000
La Vie Pizzeria,"Khan Market, Central Delhi", Central Delhi,Delhi,4.3,1500
Punjab Grill,"Khan Market, Central Delhi", Central Delhi,Delhi,4.1,2200
Castle Barbeque,"Pacific Mall,Tagore Garden, West Delhi", West Delhi,Delhi,4.0,2000
Lazeez Affaire,"Malcha Marg Shopping Complex,Chanakyapuri, South Delhi", South Delhi,Delhi,4.4,2600
Gola Sizzlers,"Preet Vihar, East Delhi", East Delhi,Delhi,4.2,1200
Socia L Affaire,"Karol Bagh, Central Delhi", Central Delhi,Delhi,3.6,1500
Jade,"The Claridges,Aurangzeb Road, Central Delhi", Central Delhi,Delhi,4.0,2500
Lazy Bear,"Hudson Lane, North Delhi", North Delhi,Delhi,4.1,1100
Local heights,"Punjabi Bagh, West Delhi", West Delhi,Delhi,3.8,800
Kaarobaar,"Rajinder Nagar, West Delhi", West Delhi,Delhi,3.9,900
SAZ,"Sundar Nagar, Central Delhi", Central Delhi,Delhi,4.2,3000
The Waffle Co.,"Rajinder Nagar, West Delhi", West Delhi,Delhi,5.0,400
Qubitos - The Terrace Cafe,"Rajouri Garden, West Delhi", West Delhi,Delhi,4.1,1500
Bell Pepperz,"Community Centre,Ashok Vihar Phase - 2, North Delhi", North Delhi,Delhi,4.4,1200
736 AD Cafe & Bar,"Vijay Nagar, North Delhi", North Delhi,Delhi,4.2,1500
Jamun,"Lodhi Colony, South Delhi", South Delhi,Delhi,4.4,3000
Ping's Cafe Orient,"Lodhi Colony, South Delhi", South Delhi,Delhi,4.4,2100
Maini's Green Leaf,"Unity One Mall,Shahdara, East Delhi", East Delhi,Delhi,4.3,1000
Elan,"The Lodhi,Lodhi Road, South Delhi", South Delhi,Delhi,4.3,4000
MKT,"The Chanakya,Chanakyapuri, South Delhi", South Delhi,Delhi,4.5,1900
Sandoz,"Karol Bagh, Central Delhi", Central Delhi,Delhi,3.1,1000
Guppy,"Lodhi Colony, South Delhi", South Delhi,Delhi,4.3,2500
AlKauser,"Chanakyapuri, South Delhi", South Delhi,Delhi,4.0,800
G2 Cafe,"Anand Vihar, East Delhi", East Delhi,Delhi,4.2,1600
Breakin' Brew,"Anand Vihar, East Delhi", East Delhi,Delhi,4.6,900
Kake Da Hotel,"Rajinder Nagar, West Delhi", West Delhi,Delhi,3.6,1000
Bake Club,"East Patel Nagar, West Delhi", West Delhi,Delhi,5.0,500
The Sky High,"Ansal Plaza Mall,Khel Gaon, South Delhi", South Delhi,Delhi,4.2,2000
The Salt Cafe Kitchen & Bar,"Preet Vihar, East Delhi", East Delhi,Delhi,4.3,2000
Sana-Di-Ge,"Malcha Marg Shopping Complex,Chanakyapuri, South Delhi", South Delhi,Delhi,4.4,2200
Anardana Modern Kitchen & Bar,"Preet Vihar, East Delhi", East Delhi,Delhi,4.3,1700
Perbacco,"The Lodhi,Lodhi Road, South Delhi", South Delhi,Delhi,4.0,3000
Uncultured Cafe & Bar,"Kailash Colony, South Delhi", South Delhi,Delhi,4.3,1500
Elma's Brasserie,"Mehar Chand Market,Lodhi Colony, South Delhi", South Delhi,Delhi,4.4,1200
Verandah Moonshine,"Punjabi Bagh, West Delhi", West Delhi,Delhi,4.2,1500
Breath - Fine Lounge and Bar,"Punjabi Bagh, West Delhi", West Delhi,Delhi,3.9,1200
Pinjore,"East Patel Nagar, West Delhi", West Delhi,Delhi,3.6,1000
The Barbeque Company,"Jail Road, West Delhi", West Delhi,Delhi,4.3,2100
Xpose Lounge,"ITL Twin Tower,Netaji Subhash Place, North Delhi", North Delhi,Delhi,3.9,1700
Berco's,"Kamla Nagar, North Delhi", North Delhi,Delhi,4.1,1300
Gyan's Restaurant,"East Patel Nagar, West Delhi", West Delhi,Delhi,4.1,800
Housefull Cafe Lounge,"Hudson Lane, North Delhi", North Delhi,Delhi,4.2,1800
Taco Bell,"Kamla Nagar, North Delhi", North Delhi,Delhi,4.5,500
Sandoz,"Rajouri Garden, West Delhi", West Delhi,Delhi,4.4,1200
Off Campus,"Satya Niketan, South Delhi", South Delhi,Delhi,4.2,1000
The Yellow Chilli,"V3S Mall,Laxmi Nagar, East Delhi", East Delhi,Delhi,4.2,2000
Gram by Taksim,"Ansal Plaza Mall,Khel Gaon, South Delhi", South Delhi,Delhi,4.1,2200
Xero Degrees,"Satya Niketan, South Delhi", South Delhi,Delhi,4.4,900
The Barbeque Company,"Karkardooma, East Delhi", East Delhi,Delhi,4.3,2100
By The Bay,"Hudson Lane, North Delhi", North Delhi,Delhi,4.1,1800
Cafe Delhi Heights,"Unity One Mall,Janakpuri, West Delhi", West Delhi,Delhi,4.4,2000
Cafe Delhi Heights,"Sangam Courtyard,RK Puram, South Delhi", South Delhi,Delhi,4.5,2000
Chili's American Grill and Bar,"Pacific Mall,Tagore Garden, West Delhi", West Delhi,Delhi,4.5,2000
Vikrant Cafe,"Kamla Nagar, North Delhi", North Delhi,Delhi,3.7,700
Tippling Street,"Rajouri Garden, West Delhi", West Delhi,Delhi,4.3,1800
The Bowton House Cafe,"Satya Niketan, South Delhi", South Delhi,Delhi,3.7,800
Bhukkad's Cafe,"Kamla Nagar, North Delhi", North Delhi,Delhi,4.7,400
JD Theatre Cafe,"Ashok Vihar Phase - 1, North Delhi", North Delhi,Delhi,4.7,500
Moti Mahal Delux,"South Extension - 2, South Delhi", South Delhi,Delhi,4.4,1500
The Laalten,"Kamla Nagar, North Delhi", North Delhi,Delhi,4.2,1600
Govardhan Vegetarian,"Kamla Nagar, North Delhi", North Delhi,Delhi,3.7,1000
Sambookas,"DDA Market Complex,Hudson Lane, North Delhi", North Delhi,Delhi,4.3,1200
Clay 1 Grill,"Kirti Nagar, West Delhi", West Delhi,Delhi,4.2,2000
Cafe Chill'm,"Kamla Nagar, North Delhi", North Delhi,Delhi,4.1,1800
Imly,"Ashok Vihar Phase - 2, North Delhi", North Delhi,Delhi,4.2,800
The Hogwarts Kafe,"Ashok Vihar Phase - 2, North Delhi", North Delhi,Delhi,4.2,1200
Chimney Sizzlers,"Yashwant Place,Chanakyapuri, South Delhi", South Delhi,Delhi,4.5,800
Sixth Empirica,"Punjabi Bagh, West Delhi", West Delhi,Delhi,4.1,1200
Limitless,"Ansal Plaza Mall,Khel Gaon, South Delhi", South Delhi,Delhi,4.2,2000
TESORO MIO KITCHEN 'N' KAFFE,"Preet Vihar, East Delhi", East Delhi,Delhi,4.1,1600
Tikka Junction,"Kamla Nagar, North Delhi", North Delhi,Delhi,4.0,1500
Blackmail Lounge,"Kamla Nagar, North Delhi", North Delhi,Delhi,4.4,1400
The Flying Saucer,"Epicuria Food Mall,Nehru Place, South Delhi", South Delhi,Delhi,4.1,2800
The Crypto Door,"Vijay Nagar, North Delhi", North Delhi,Delhi,4.7,800
3 Friends Pizza,"Pandav Nagar, East Delhi", East Delhi,Delhi,5.0,400
Moets Curry Leaf,"Defence Colony, South Delhi", South Delhi,Delhi,4.1,2000
Le Cirque,"The Leela Palace,Chanakyapuri, South Delhi", South Delhi,Delhi,4.4,5000
Crazy Kitchen Rooftop & Lounge,"Satya Niketan, South Delhi", South Delhi,Delhi,4.3,700
Wow! Momo,"Laxmi Nagar, East Delhi", East Delhi,Delhi,3.5,400
The Qube,"The Leela Palace,Chanakyapuri, South Delhi", South Delhi,Delhi,4.5,5000
Wow! Momo,"Kamla Nagar, North Delhi", North Delhi,Delhi,3.3,400
Cafe Delhi Heights,"Rajouri Garden, West Delhi", West Delhi,Delhi,4.5,2000
The Firangi Island,"Kirti Nagar, West Delhi", West Delhi,Delhi,4.2,1600
Barbeque Nation,"Unity One Mall,Janakpuri, West Delhi", West Delhi,Delhi,4.4,1700
Maestro A Restro Cafe,"Deep Cinema Complex,Ashok Vihar Phase - 1, North Delhi", North Delhi,Delhi,4.3,1300
Antidot Waterbar and Cafe,"Safdarjung Enclave Market,Safdarjung, South Delhi", South Delhi,Delhi,4.2,3000
Cafe Another Day,"Janak Place District Centre,Janakpuri, West Delhi", West Delhi,Delhi,4.3,1000
Wood Box Cafe,"Satya Niketan, South Delhi", South Delhi,Delhi,4.4,800
Chai Mantra,"Vikas Marg, East Delhi", East Delhi,Delhi,3.7,300
Imperfecto Ruin Pub,"Ansal Plaza Mall,Khel Gaon, South Delhi", South Delhi,Delhi,4.0,2400
La Piazza,"Hyatt Regency Delhi,Bhikaji Cama Place, South Delhi", South Delhi,Delhi,4.5,4500
New Kadimi,"Janakpuri, West Delhi", West Delhi,Delhi,4.1,800
Megu,"The Leela Palace,Chanakyapuri, South Delhi", South Delhi,Delhi,4.3,5000
Cafe Diaries,"Satya Niketan, South Delhi", South Delhi,Delhi,4.6,800
Nukkad Cafe & Bar,"SDA, South Delhi", South Delhi,Delhi,4.2,1500
Daawat Restaurant,"Krishna Nagar, East Delhi", East Delhi,Delhi,4.0,600
Padmanabham,"Greater Kailash - 1, South Delhi", South Delhi,Delhi,4.4,700
RDX Reloaded Restaurant & Bar,"Safdarjung Enclave Market,Safdarjung, South Delhi", South Delhi,Delhi,3.9,1500
Ghoomar Traditional Thali Restaurant,"D Mall,Netaji Subhash Place, North Delhi", North Delhi,Delhi,4.5,1000
Slique,"Ansal Plaza Mall,Khel Gaon, South Delhi", South Delhi,Delhi,4.0,2500
Cafe Delhi Heights,"Pacific Mall,Tagore Garden, West Delhi", West Delhi,Delhi,4.5,2000
Shalom - Laidback Cafe,"Sangam Courtyard,RK Puram, South Delhi", South Delhi,Delhi,4.5,2000
The Chatter House,"Epicuria Food Mall,Nehru Place, South Delhi", South Delhi,Delhi,4.2,2000
Underpass,"Defence Colony, South Delhi", South Delhi,Delhi,3.4,1500
Bottle House,"Satya Niketan, South Delhi", South Delhi,Delhi,4.1,1100
Three Tuns Cafe & Bar,"Unity One Mall,Janakpuri, West Delhi", West Delhi,Delhi,3.8,2200
Mystique Melange,"Ashok Vihar Phase - 2, North Delhi", North Delhi,Delhi,4.2,1800
The Turkey Project,"DDA Complex,Defence Colony, South Delhi", South Delhi,Delhi,4.8,1500
Radio Station,"Kailash Colony, South Delhi", South Delhi,Delhi,4.3,1600
Cafe Emoji's,"Moti Bagh, South Delhi", South Delhi,Delhi,5.0,500
Nehru Place Social,"Epicuria Food Mall,Nehru Place, South Delhi", South Delhi,Delhi,4.4,2000
Troy Lounge and Bar,"Punjabi Bagh, West Delhi", West Delhi,Delhi,3.8,1500
The Race Lounge And Bar,"Rajouri Garden, West Delhi", West Delhi,Delhi,3.8,1200
High Bae,"Dhaula Kuan, West Delhi", West Delhi,Delhi,4.2,1600
Pipeline Cafe,"Satya Niketan, South Delhi", South Delhi,Delhi,4.2,800
Talli Station,"Naraina, West Delhi", West Delhi,Delhi,5.0,1500
Brickyard Cafe And Lounge,"Satya Niketan, South Delhi", South Delhi,Delhi,4.4,700
The Construction Co. Cafe,"Satya Niketan, South Delhi", South Delhi,Delhi,3.9,800
7 Old Town,"Hauz Khas, South Delhi", South Delhi,Delhi,4.2,1700
The Clay Oven,"Hotel Park Residency,Green Park, South Delhi", South Delhi,Delhi,4.4,800
Greetoz Cafe,"Hudson Lane, North Delhi", North Delhi,Delhi,4.0,700
No. 1 Uncles Parantha,"South Extension - 1, South Delhi", South Delhi,Delhi,4.0,400
Two Pots Kitchen,"Janakpuri, West Delhi", West Delhi,Delhi,4.9,600
The China Kitchen,"Hyatt Regency Delhi,Bhikaji Cama Place, South Delhi", South Delhi,Delhi,4.5,4500
Madrina,"Ashok Vihar Phase - 2, North Delhi", North Delhi,Delhi,4.2,2200
Taxi - World Food Cafe,"Vijay Nagar, North Delhi", North Delhi,Delhi,4.4,1200
Pind Balluchi,"Lajpat Nagar - 2, South Delhi", South Delhi,Delhi,4.1,1800
Fabcafe by Fabindia,"Lajpat Nagar - 3, South Delhi", South Delhi,Delhi,4.4,1200
Kabila Cafe,"Satya Niketan, South Delhi", South Delhi,Delhi,3.7,1000
Summer House Cafe,"DDA Shopping Complex,Hauz Khas, South Delhi", South Delhi,Delhi,4.2,2300
Full Stop,"Vijay Nagar, North Delhi", North Delhi,Delhi,5.0,1200
Imly,"Rajouri Garden, West Delhi", West Delhi,Delhi,4.1,800
Mic Drop Bar and Restaurant,"South Extension - 2, South Delhi", South Delhi,Delhi,4.0,1000
TK's Oriental Grill,"Hyatt Regency Delhi,Bhikaji Cama Place, South Delhi", South Delhi,Delhi,4.5,4000
Young Wild Free Cafe,"Satya Niketan, South Delhi", South Delhi,Delhi,4.0,800
Gola Sizzlers,"B.K Dutta Market,Rajouri Garden, West Delhi", West Delhi,Delhi,4.0,1200
Wow! Momo,"Palate of Delhi,Dhaula Kuan, West Delhi", West Delhi,Delhi,4.5,400
Rustic Cafe,"Satya Niketan, South Delhi", South Delhi,Delhi,3.9,800
The Branch Kitchen & Bar,"South Extension - 2, South Delhi", South Delhi,Delhi,4.0,2200
Seasonings - The Spice Mysteries,"Ashok Vihar Phase - 2, North Delhi", North Delhi,Delhi,4.1,1600
Kofuku,"Ansal Plaza Mall,Khel Gaon, South Delhi", South Delhi,Delhi,4.5,1800
Infinity Lounge Dine and Bar,"Punjabi Bagh, West Delhi", West Delhi,Delhi,4.1,1500
Bhalla King,"Lajpat Nagar - 2, South Delhi", South Delhi,Delhi,5.0,300
The Piano Man Jazz Club,"Safdarjung Enclave Market,Safdarjung, South Delhi", South Delhi,Delhi,4.4,2500
The Big House Cafe,"Satya Niketan, South Delhi", South Delhi,Delhi,3.6,700
Fio Cookhouse and Bar,"Epicuria Food Mall,Nehru Place, South Delhi", South Delhi,Delhi,4.4,4000
Annakoot by ISKCON Bangalore,"Preet Vihar, East Delhi", East Delhi,Delhi,3.6,500
The Chai Story,"Naraina, West Delhi", West Delhi,Delhi,4.3,400
Ziu,"Sangam Courtyard,RK Puram, South Delhi", South Delhi,Delhi,4.4,1500
Meraki Cafe & Bar,"DDA Complex,Defence Colony, South Delhi", South Delhi,Delhi,4.0,1600
Plum By Bent Chair,"Worldmark 2,Aerocity, South Delhi", South Delhi,Delhi,4.3,3000
TBK Kulcha's,"Janakpuri, West Delhi", West Delhi,Delhi,4.5,500
Da Safe Zone,"Satya Niketan, South Delhi", South Delhi,Delhi,3.6,1000
The Chai Story,"DLF South Square Mall,Sarojini Nagar, South Delhi", South Delhi,Delhi,3.0,400
Te Amo,"Ansal Plaza Mall,Khel Gaon, South Delhi", South Delhi,Delhi,4.3,2200
Only Bar,"Bhikaji Cama Place, South Delhi", South Delhi,Delhi,4.1,1000
Amar Jyoti,"Sarojini Nagar, South Delhi", South Delhi,Delhi,3.1,1000
Seoul Restaurant,"Ansal Plaza Mall,Khel Gaon, South Delhi", South Delhi,Delhi,4.8,2000
Frozen Bottle,"Defence Colony, South Delhi", South Delhi,Delhi,3.0,300
Boombox Cafe,"Rajouri Garden, West Delhi", West Delhi,Delhi,4.1,2500
For God's Cake,"Hudson Lane, North Delhi", North Delhi,Delhi,4.5,500
Cafe Platonic,"Satya Niketan, South Delhi", South Delhi,Delhi,3.9,1000
Chili's American Grill and Bar,"DLF Avenue,Saket, South Delhi", South Delhi,Delhi,4.3,2000
IKK Panjab,"B.K Dutta Market,Rajouri Garden, West Delhi", West Delhi,Delhi,4.3,1800
Raftaar - The High Speed Bar and Lounge,"Punjabi Bagh, West Delhi", West Delhi,Delhi,4.2,1600
Stupid Bar & Kitchen,"Lajpat Nagar - 2, South Delhi", South Delhi,Delhi,3.9,1000
Turn Up,"Satya Niketan, South Delhi", South Delhi,Delhi,3.1,1200
Ada'e Haandi's,"RK Puram, South Delhi", South Delhi,Delhi,5.0,800
Moh Maya Cafe,"Hudson Lane, North Delhi", North Delhi,Delhi,3.8,1500
Cafe Tesu,"Essex Farms,Aurobindo Marg, South Delhi", South Delhi,Delhi,4.4,2500
Spice Court,"PVR Payal,Naraina, West Delhi", West Delhi,Delhi,4.1,1500
Waffle Street,"Janakpuri, West Delhi", West Delhi,Delhi,4.1,400
Dramz,"Mehrauli, South Delhi", South Delhi,Delhi,4.1,2400
Sidewalk,"Hyatt Regency Delhi,Bhikaji Cama Place, South Delhi", South Delhi,Delhi,4.5,1000
Cafe,"Hyatt Regency Delhi,Bhikaji Cama Place, South Delhi", South Delhi,Delhi,4.2,4000
Veg Gulati,"Green Park, South Delhi", South Delhi,Delhi,4.4,1200
Cafe After Hours,"Paschim Vihar, West Delhi", West Delhi,Delhi,4.2,1200
Pirates Of Grill,"Ambience Mall,Vasant Kunj, South Delhi", South Delhi,Delhi,4.4,2000
Oh Boy Lounge,"Hudson Lane, North Delhi", North Delhi,Delhi,3.3,1600
Lord of the Drinks Forum,"Epicuria Food Mall,Nehru Place, South Delhi", South Delhi,Delhi,4.2,2000
Syrah,"Hyatt Regency Delhi,Bhikaji Cama Place, South Delhi", South Delhi,Delhi,3.8,4500
Wow! Momo,"Unity One Mall,Janakpuri, West Delhi", West Delhi,Delhi,3.6,400
Raasta,"Green Park, South Delhi", South Delhi,Delhi,4.4,2000
Theos,"Sangam Courtyard,RK Puram, South Delhi", South Delhi,Delhi,4.4,900
Jazbaa Lounge and Bar,"Rajouri Garden, West Delhi", West Delhi,Delhi,4.1,1600
Chili's American Grill and Bar,"Ambience Mall,Vasant Kunj, South Delhi", South Delhi,Delhi,4.5,2000
Ada'e Haandi's,"Moti Bagh, South Delhi", South Delhi,Delhi,4.0,600
Cafe 27,"Kailash Colony, South Delhi", South Delhi,Delhi,4.2,1700
London Street,"Anand Vihar, East Delhi", East Delhi,Delhi,4.1,1800
KOST,"Lajpat Nagar - 4, South Delhi", South Delhi,Delhi,5.0,1000
Sandoz,"Nehru Place, South Delhi", South Delhi,Delhi,4.3,1000
Le Chef,"Cross River Mall,Shahdara, East Delhi", East Delhi,Delhi,4.1,1000
Mad Over Donuts,"Lajpat Nagar - 2, South Delhi", South Delhi,Delhi,4.0,400
Goosebumps,"Karkardooma, East Delhi", East Delhi,Delhi,4.1,400
Shalom - Laidback Cafe,"Greater Kailash - 1, South Delhi", South Delhi,Delhi,4.3,2000
4th Street Cafe,"Preet Vihar, East Delhi", East Delhi,Delhi,4.4,500
MOC - The American Restaurant,"Mayur Vihar Phase - 1, East Delhi", East Delhi,Delhi,3.7,400
Naivedyam,"Hauz Khas Village, South Delhi", South Delhi,Delhi,4.2,500
Drums of Heaven,"Green Park, South Delhi", South Delhi,Delhi,4.1,1400
The Waffle Co.,"Naraina, West Delhi", West Delhi,Delhi,5.0,400
Smelling Salts,"Ashok Vihar Phase - 2, North Delhi", North Delhi,Delhi,4.4,1800
Ama Thakali,"Majnu ka Tila, North Delhi", North Delhi,Delhi,4.3,600
Gung The Palace,"Green Park, South Delhi", South Delhi,Delhi,4.7,2500
United Coffee House Rewind,"Epicuria Food Mall,Nehru Place, South Delhi", South Delhi,Delhi,4.3,3000
Miss Nora,"R Cube Monad Mall,Rajouri Garden, West Delhi", West Delhi,Delhi,4.5,1600
Cafe Delhi Heights,"DLF Avenue,Saket, South Delhi", South Delhi,Delhi,4.3,2000
The Colony Bistro,"Lajpat Nagar - 4, South Delhi", South Delhi,Delhi,4.0,2100
Pinch of Spice,"Rajouri Garden, West Delhi", West Delhi,Delhi,4.3,1800
The Waffle Co.,"Sangam Courtyard,RK Puram, South Delhi", South Delhi,Delhi,4.3,400
Roadhouse Cafe,"Greater Kailash - 1, South Delhi", South Delhi,Delhi,4.4,2400
Dhaba Estd 1986 Delhi,"Epicuria Food Mall,Nehru Place, South Delhi", South Delhi,Delhi,4.2,1200
Lord of the Drinks Drinks Chamber,"Rajouri Garden, West Delhi", West Delhi,Delhi,4.2,2300
Cafe Junk,"Mayur Vihar Phase - 2, East Delhi", East Delhi,Delhi,4.6,500
The Snook Hook Cafe,"Kailash Colony, South Delhi", South Delhi,Delhi,4.0,1200
Kori's,"Safdarjung, South Delhi", South Delhi,Delhi,4.1,1300
Barbeque Nation,"Ginger Hotel,Vivek Vihar, East Delhi", East Delhi,Delhi,4.5,1700
Nazeer Delicacies,"RK Puram, South Delhi", South Delhi,Delhi,4.5,1000
Tenali - The Andhra Kitchen,"Green Park, South Delhi", South Delhi,Delhi,4.6,800
Kake Da Hotel,"Ashok Vihar Phase - 1, North Delhi", North Delhi,Delhi,3.7,1000
NCC - NorthEastern & Chinese Cafe,"Safdarjung, South Delhi", South Delhi,Delhi,4.6,1000
Nagaland's Kitchen,"Uphaar Cinema Complex,Green Park, South Delhi", South Delhi,Delhi,4.1,2200
Kitchen & Chicken,"South Extension - 2, South Delhi", South Delhi,Delhi,2.0,700
Red Chilli,"Uphaar Cinema Complex,Green Park, South Delhi", South Delhi,Delhi,4.1,1500
Gastronomica Kitchen & Bar,"Greater Kailash - 1, South Delhi", South Delhi,Delhi,4.3,2000
Olive Bar & Kitchen,"Mehrauli, South Delhi", South Delhi,Delhi,4.5,3000
Dilli 32,"The Leela Ambience Convention Hotel,Shahdara, East Delhi", East Delhi,Delhi,4.6,4500
Bean Sahab,"Safdarjung, South Delhi", South Delhi,Delhi,4.0,600
Greenr Cafe,"Greater Kailash - 1, South Delhi", South Delhi,Delhi,4.0,1400
Bamboo Hut,"Safdarjung Enclave Market,Safdarjung, South Delhi", South Delhi,Delhi,4.1,1000
Cafe Knosh,"The Leela Ambience Convention Hotel,Shahdara, East Delhi", East Delhi,Delhi,4.3,3000
Grand Plaza,"Model Town 2, North Delhi", North Delhi,Delhi,4.5,1500
Sanjha Chulha,"Kailash Colony, South Delhi", South Delhi,Delhi,3.8,1500
Club Cuba,"The Leela Ambience Convention Hotel,Shahdara, East Delhi", East Delhi,Delhi,4.8,3000
SKY HEART LOUNGE & BAR (MY BAR),"Punjabi Bagh, West Delhi", West Delhi,Delhi,4.0,1500
Shakespeare Cafe,"Punjabi Bagh, West Delhi", West Delhi,Delhi,4.1,1300
Barbeque Nation,"Netaji Subhash Place, North Delhi", North Delhi,Delhi,4.5,1700
Platinum Lounge,"Star City Mall,Mayur Vihar Phase - 1, East Delhi", East Delhi,Delhi,4.2,1600
SGF - Spice Grill Flame,"Community Centre,Ashok Vihar Phase - 2, North Delhi", North Delhi,Delhi,3.5,700
Otik Cake Shop,"Model Town 2, North Delhi", North Delhi,Delhi,5.0,500
MAD - Music and Drinks,"Rajouri Garden, West Delhi", West Delhi,Delhi,3.9,1200
One8 Commune,"Worldmark 2,Aerocity, South Delhi", South Delhi,Delhi,4.2,2400
Wok in the Clouds,"B.K Dutta Market,Rajouri Garden, West Delhi", West Delhi,Delhi,4.3,2200
Kake Da Hotel,"Model Town 1, North Delhi", North Delhi,Delhi,3.8,1000
Pind Balluchi,"PP Tower,Netaji Subhash Place, North Delhi", North Delhi,Delhi,3.9,1800
Moets Oh! Bao,"Defence Colony, South Delhi", South Delhi,Delhi,4.5,1300
Bread and More,"Greater Kailash - 1, South Delhi", South Delhi,Delhi,3.4,700
Taco Bell,"Epicuria Food Mall,Nehru Place, South Delhi", South Delhi,Delhi,4.5,500
HUDBA,"Greater Kailash - 1, South Delhi", South Delhi,Delhi,4.1,2300
Upgrade Kitchen & Bar,"The India Mall,New Friends Colony, South Delhi", South Delhi,Delhi,4.0,1800
Kaafila Rest 'O' Bar,"Karkardooma Community Center,Karkardooma, East Delhi", East Delhi,Delhi,3.5,1700
"Elma's Bakery, Bar and Kitchen","Hauz Khas Village, South Delhi", South Delhi,Delhi,4.3,1500
Six Degree,"Safdarjung Enclave Market,Safdarjung, South Delhi", South Delhi,Delhi,3.3,500
Cafe Sandoz,"SDA, South Delhi", South Delhi,Delhi,5.0,1000
Big Fat Sandwich,"Hauz Khas, South Delhi", South Delhi,Delhi,4.4,900
Cafe on 3,"Holiday Inn,Mayur Vihar Phase - 1, East Delhi", East Delhi,Delhi,4.2,3600
Urban Room by Storm,"East of Kailash, South Delhi", South Delhi,Delhi,4.2,1500
Pind Balluchi,"Karkardooma, East Delhi", East Delhi,Delhi,3.5,1800
Anupama Sweet,"Kailash Colony, South Delhi", South Delhi,Delhi,5.0,400
Talli Station,"Rajouri Garden, West Delhi", West Delhi,Delhi,4.2,1500
Getafix,"Greater Kailash - 1, South Delhi", South Delhi,Delhi,4.5,1200
HKV Bar Exchange,"Hauz Khas Village, South Delhi", South Delhi,Delhi,4.2,1700
Cosy Restaurant,"Hauz Khas, South Delhi", South Delhi,Delhi,4.3,1100
Saleem's Restaurant,"Kailash Colony, South Delhi", South Delhi,Delhi,4.5,500
Yes Minister - Pub & Kitchen,"Essex Farms,Aurobindo Marg, South Delhi", South Delhi,Delhi,4.2,1800
Paul,"Ambience Mall,Vasant Kunj, South Delhi", South Delhi,Delhi,4.6,2500
Good Food Cafe,"Pankaj Arcade,Pitampura, North Delhi", North Delhi,Delhi,4.3,900
Saleem's Fine Dine,"Kailash Colony, South Delhi", South Delhi,Delhi,4.4,1400
Infinity,"Crowne Plaza,Mayur Vihar Phase - 1, East Delhi", East Delhi,Delhi,4.3,3600
Fabcafe By Fabindia,"Rajouri Garden, West Delhi", West Delhi,Delhi,5.0,1200
The Rehab Gastropub,"Hauz Khas Village, South Delhi", South Delhi,Delhi,4.4,2000
Giani,"Model Town 2, North Delhi", North Delhi,Delhi,4.0,400
Konfidential,"Kailash Colony, South Delhi", South Delhi,Delhi,4.1,600
Berco's,"Rajouri Garden, West Delhi", West Delhi,Delhi,4.3,1300
Wow! Momo,"Hauz Khas Village, South Delhi", South Delhi,Delhi,4.1,400
FatJar Cafe & Market,"Kailash Colony, South Delhi", South Delhi,Delhi,4.1,1700
Baa Bistro,"Mayur Vihar Phase - 1, East Delhi", East Delhi,Delhi,4.4,800
Vasant Kunj Social,"Ambience Mall,Vasant Kunj, South Delhi", South Delhi,Delhi,4.4,2000
Threads,"Shahpur Jat, South Delhi", South Delhi,Delhi,4.7,700
Only Bar,"Nehru Place, South Delhi", South Delhi,Delhi,4.5,1000
Bread and More,"Vasant Vihar, South Delhi", South Delhi,Delhi,4.6,500
Defaulter Cafe,"Moti Bagh, South Delhi", South Delhi,Delhi,1.0,800
Zaika-E-Dilli,"Shahdara, East Delhi", East Delhi,Delhi,4.3,400
You Mee,"Greater Kailash - 2, South Delhi", South Delhi,Delhi,4.6,500
Mia Bella,"Hauz Khas Village, South Delhi", South Delhi,Delhi,4.2,2000
Golden Fiesta,"East of Kailash, South Delhi", South Delhi,Delhi,4.0,900
Cafe Culture,"Greater Kailash - 1, South Delhi", South Delhi,Delhi,4.5,1000
Sardar-Ji-Bakhsh Coffee & Co.,"Panchsheel Park, South Delhi", South Delhi,Delhi,5.0,500
The Irish House,"Epicuria Food Mall,Nehru Place, South Delhi", South Delhi,Delhi,4.4,2100
Hale And Hearty,"Hauz Khas, South Delhi", South Delhi,Delhi,4.3,400
Sandoz,"Paschim Vihar, West Delhi", West Delhi,Delhi,4.2,1000
Garden House Cafe And Health Kitchen,"Shahpur Jat, South Delhi", South Delhi,Delhi,4.5,800
Sampan,"The Suryaa New Delhi,New Friends Colony, South Delhi", South Delhi,Delhi,4.2,3500
The Backyard,"Punjabi Bagh, West Delhi", West Delhi,Delhi,4.3,1500
Mad Over Donuts,"Greater Kailash - 1, South Delhi", South Delhi,Delhi,4.2,400
Mamagoto,"DLF Promenade Mall,Vasant Kunj, South Delhi", South Delhi,Delhi,4.4,1500
Sura Vie,"Punjabi Bagh, West Delhi", West Delhi,Delhi,4.2,1800
Chaskaa,"Anand Vihar, East Delhi", East Delhi,Delhi,4.0,900
Fiery Grills,"D Mall,Netaji Subhash Place, North Delhi", North Delhi,Delhi,3.9,2000
Pind Balluchi,"Goverdhan House,Nehru Place, South Delhi", South Delhi,Delhi,3.9,1500
DANDY - The Fio Bar,"Epicuria Food Mall,Nehru Place, South Delhi", South Delhi,Delhi,4.3,2000
The Passengers Bar Food & Drinks,"Kailash Colony, South Delhi", South Delhi,Delhi,3.2,2000
Band Baaja Baaraat,"Rajouri Garden, West Delhi", West Delhi,Delhi,3.9,1500
Punjab Grill,"Pacific Mall,Tagore Garden, West Delhi", West Delhi,Delhi,4.2,2200
Helter Skelter,"SDA Market,SDA, South Delhi", South Delhi,Delhi,4.3,1800
Punjab Grill,"Select Citywalk Mall,Saket, South Delhi", South Delhi,Delhi,4.2,2800
Veer Ji Malai Chaap Wale,"Karkardooma, East Delhi", East Delhi,Delhi,2.3,600
Greenr Cafe,"Vasant Vihar, South Delhi", South Delhi,Delhi,4.8,1400
Daryaganj,"Tagore Garden, West Delhi", West Delhi,Delhi,4.0,2000
Ambarsariya Spice,"Rajouri Garden, West Delhi", West Delhi,Delhi,5.0,1500
Spice Aangan,"SDA Market,SDA, South Delhi", South Delhi,Delhi,5.0,600
Delhi Salad Store,"Greater Kailash - 1, South Delhi", South Delhi,Delhi,3.8,600
Mamagoto,"Select Citywalk Mall,Saket, South Delhi", South Delhi,Delhi,4.4,1500
Otik Cake Shop,"Rajouri Garden, West Delhi", West Delhi,Delhi,5.0,500
Chaayos,"Epicuria Food Mall,Nehru Place, South Delhi", South Delhi,Delhi,4.3,500
The Asian Tuk Tuk,"Eros Corporate Tower,Nehru Place, South Delhi", South Delhi,Delhi,4.5,2000
Fly Bar,"Rajouri Garden, West Delhi", West Delhi,Delhi,3.8,800
Royal China,"Eros Corporate Tower,Nehru Place, South Delhi", South Delhi,Delhi,4.4,3200
Chaayos,"PP Tower,Netaji Subhash Place, North Delhi", North Delhi,Delhi,4.2,500
Naivedyam,"Kalkaji, South Delhi", South Delhi,Delhi,4.3,500
The Gol Chakkar,"Kalkaji, South Delhi", South Delhi,Delhi,4.1,1200
Berco's,"MGF Metropolitan Mall,Saket, South Delhi", South Delhi,Delhi,4.3,1800
Josh - The High Energy Bar,"Garg Plaza,Pitampura, North Delhi", North Delhi,Delhi,4.0,1000
Heartbeat,"Rajouri Garden, West Delhi", West Delhi,Delhi,4.5,1400
Gourmet Greens,"Greater Kailash - 2, South Delhi", South Delhi,Delhi,4.9,2000
Empress Delhi,"Rajouri Garden, West Delhi", West Delhi,Delhi,4.1,900
Giani,"Punjabi Bagh, West Delhi", West Delhi,Delhi,5.0,400
Mealodrama Modern Bistro,"Rajouri Garden, West Delhi", West Delhi,Delhi,3.9,1400
Typsy Crow,"SDA Market,SDA, South Delhi", South Delhi,Delhi,4.1,1400
Beliram Degchiwala,"Corner Market,Malviya Nagar, South Delhi", South Delhi,Delhi,4.2,1100
Laidback Cafe,"Saket, South Delhi", South Delhi,Delhi,4.5,1500
Berco's,"Pankaj Arcade,Pitampura, North Delhi", North Delhi,Delhi,4.3,1300
Nimtho,"Greater Kailash - 1, South Delhi", South Delhi,Delhi,4.3,1200
Radioactive Cafe,"Punjabi Bagh, West Delhi", West Delhi,Delhi,4.0,1500
Bubble Waffle,"Karkardooma, East Delhi", East Delhi,Delhi,2.0,500
What A Comic Show,"SDA Market,SDA, South Delhi", South Delhi,Delhi,4.1,1700
Cafe Delhi Heights,"Worldmark 3,Aerocity, South Delhi", South Delhi,Delhi,4.3,2000
Dhaba - A Punjabi Theme,"Rajouri Garden, West Delhi", West Delhi,Delhi,4.1,1000
Dada Ji Di Punjabi Rasoi,"Shalimar Bagh, North Delhi", North Delhi,Delhi,3.9,800
Del,"Roseate House,Aerocity, South Delhi", South Delhi,Delhi,4.5,5000
Sattvik,"Select Citywalk Mall,Saket, South Delhi", South Delhi,Delhi,4.4,1600
Pind Balluchi,"Hotel TE,Greater Kailash - 1, South Delhi", South Delhi,Delhi,3.9,2200
Healthy Chef,"Rajouri Garden, West Delhi", West Delhi,Delhi,4.8,800
Dhansoo Cafe,"Tagore Garden, West Delhi", West Delhi,Delhi,4.0,2000
Sardar-Ji-Bakhsh Coffee & Co.,"Punjabi Bagh, West Delhi", West Delhi,Delhi,4.5,700
The Tandoor,"Rajouri Garden, West Delhi", West Delhi,Delhi,4.0,800
Oh! Calcutta,"Greater Kailash - 2, South Delhi", South Delhi,Delhi,4.5,2400
The Fit Food,"Punjabi Bagh, West Delhi", West Delhi,Delhi,4.6,1500
RP's Restaurant,"Malviya Nagar, South Delhi", South Delhi,Delhi,4.1,900
Khalsa Parivar Restaurant,"Mayapuri Phase - 2, West Delhi", West Delhi,Delhi,4.1,700
Havemore,"MGF Metropolitan Mall,Saket, South Delhi", South Delhi,Delhi,4.1,2500
Ping's Cafe Orient,"DLF Avenue,Saket, South Delhi", South Delhi,Delhi,4.6,2100
Tasim,"Rajouri Garden, West Delhi", West Delhi,Delhi,4.2,1100
PCO,"Vasant Vihar, South Delhi", South Delhi,Delhi,4.3,2000
Bintang Sweet Thrills,"Rajouri Garden, West Delhi", West Delhi,Delhi,5.0,400
Cafe Delhi Heights,"DLF Promenade Mall,Vasant Kunj, South Delhi", South Delhi,Delhi,4.3,2000
The Tummy Section,"Rajouri Garden, West Delhi", West Delhi,Delhi,3.5,600
The Blue Parrot Cafe,"The Orion Plaza,Kalkaji, South Delhi", South Delhi,Delhi,4.0,1300
FO - Food Overloaded,"Paschim Vihar, West Delhi", West Delhi,Delhi,4.5,1200
The Tandoor,"Rajouri Garden, West Delhi", West Delhi,Delhi,3.6,1500
Underdoggs,"Worldmark 2,Aerocity, South Delhi", South Delhi,Delhi,4.4,2000
Doodle's Garden,"Punjabi Bagh, West Delhi", West Delhi,Delhi,4.1,2100
Meethi By Wok In The Clouds,"Rajouri Garden, West Delhi", West Delhi,Delhi,4.0,1000
Cafe Rendezvous Suribachi,"Corner Market,Malviya Nagar, South Delhi", South Delhi,Delhi,3.8,1800
PapaJi & Sons,"Punjabi Bagh, West Delhi", West Delhi,Delhi,3.7,900
Jamie's Pizzeria By Jamie Oliver,"Pacific Mall,Tagore Garden, West Delhi", West Delhi,Delhi,4.4,2000
AnnaMaya,"Andaz Delhi,Aerocity, South Delhi", South Delhi,Delhi,4.2,4000
The Waffle Co.,"Greater Kailash - 2, South Delhi", South Delhi,Delhi,5.0,400
Little Attock,"Okhla Phase - 3, South Delhi", South Delhi,Delhi,4.4,1200
The Waffle Co.,"Shalimar Bagh, North Delhi", North Delhi,Delhi,4.0,400
Subway,"Karkardooma, East Delhi", East Delhi,Delhi,1.0,500
Flavors Of Chennai,"Corner Market,Malviya Nagar, South Delhi", South Delhi,Delhi,4.3,500
Munchies Midnight Delivery,"Vardhman Sunrise Plaza,Vasundhara Enclave, East Delhi", East Delhi,Delhi,5.0,400
AlKauser,"Punjabi Bagh, West Delhi", West Delhi,Delhi,3.4,800
Khidmat,"Kalkaji, South Delhi", South Delhi,Delhi,4.2,1000
Smoke House Deli,"DLF Promenade Mall,Vasant Kunj, South Delhi", South Delhi,Delhi,4.4,2200
Khanabadosh Tavern,"Kalkaji, South Delhi", South Delhi,Delhi,3.9,800
Bokan,"East of Kailash, South Delhi", South Delhi,Delhi,4.1,1300
Chocolateria San Churro,"Greater Kailash - 2, South Delhi", South Delhi,Delhi,4.3,1000
Biryani Blues,"Corner Market,Malviya Nagar, South Delhi", South Delhi,Delhi,4.3,1200
Waves,"Adchini, South Delhi", South Delhi,Delhi,4.2,2000
Six Degree Cakes and Coffees,"Safdarjung Enclave Market,Safdarjung, South Delhi", South Delhi,Delhi,1.0,500
QLA,"Mehrauli, South Delhi", South Delhi,Delhi,4.3,3000
Mughal Darbar Restaurant,"Punjabi Bagh, West Delhi", West Delhi,Delhi,4.2,1000
Stop My Starvation,"Corner Market,Malviya Nagar, South Delhi", South Delhi,Delhi,3.8,600
Laidback Cafe,"Greater Kailash - 2, South Delhi", South Delhi,Delhi,4.3,2000
Tandoori Brothers,"Malviya Nagar, South Delhi", South Delhi,Delhi,5.0,800
Sardar-Ji-Bakhsh Coffee & Co.,"Aggarwal Millennium Tower,Netaji Subhash Place, North Delhi", North Delhi,Delhi,3.0,700
Little Chef,"Kalkaji, South Delhi", South Delhi,Delhi,4.0,600
Wendy's,"Kalkaji, South Delhi", South Delhi,Delhi,5.0,500
Food Sixteen,"Azadpur, North Delhi", North Delhi,Delhi,4.4,600
Gaon,"Malviya Nagar, South Delhi", South Delhi,Delhi,4.0,1200
Tikka Junction,"Malviya Nagar, South Delhi", South Delhi,Delhi,4.2,1500
In The Punjab,"Greater Kailash - 2, South Delhi", South Delhi,Delhi,4.4,3200
Barbeque Nation,"DLF Avenue,Saket, South Delhi", South Delhi,Delhi,4.5,1700
Sly Granny,"Select Citywalk Mall,Saket, South Delhi", South Delhi,Delhi,4.6,2500
Soo Yung By The Backyard,"Punjabi Bagh, West Delhi", West Delhi,Delhi,4.1,1200
My Spice Kitchen,"Chittaranjan Park, South Delhi", South Delhi,Delhi,4.2,1000
LIT Nuit Club & Bar,"Greater Kailash - 2, South Delhi", South Delhi,Delhi,3.3,2700
Yangkiez,"Malviya Nagar, South Delhi", South Delhi,Delhi,4.6,500
Farmers Basket at Pluck,"Hotel Pullman New Delhi Aerocity,Aerocity, South Delhi", South Delhi,Delhi,4.5,3700
Monkey Bar,"Vasant Kunj, South Delhi", South Delhi,Delhi,4.5,1500
Swan,"Mehrauli, South Delhi", South Delhi,Delhi,3.3,2000
Food Uncensored,"Sheikh Sarai, South Delhi", South Delhi,Delhi,5.0,400
Chateau de Pondichery,"Adchini, South Delhi", South Delhi,Delhi,4.4,2000
Social Street Cafe,"Champa Gali,Saket, South Delhi", South Delhi,Delhi,4.3,1200
Punjabi By Nature,"Vasant Kunj, South Delhi", South Delhi,Delhi,4.2,2000
Smoke House Deli,"DLF Avenue,Saket, South Delhi", South Delhi,Delhi,4.3,2200
Kake Da Hotel,"Chittaranjan Park, South Delhi", South Delhi,Delhi,4.0,1000
Big Wong XL,"Greater Kailash - 2, South Delhi", South Delhi,Delhi,4.1,2000
Kylin Experience,"Ambience Mall,Vasant Kunj, South Delhi", South Delhi,Delhi,4.2,2000
Kiara - Soul Kitchen,"Greater Kailash - 2, South Delhi", South Delhi,Delhi,4.4,2000
The Himalayan Kitchen,"Greater Kailash - 2, South Delhi", South Delhi,Delhi,4.2,1600
Coffee Cafe 9,"Malviya Nagar, South Delhi", South Delhi,Delhi,5.0,700
Govardhan Vegetarian,"Adchini, South Delhi", South Delhi,Delhi,4.1,900
Shibuya Food & Bar,"Greater Kailash - 2, South Delhi", South Delhi,Delhi,4.5,1800
Dhaba Estd 1986 Delhi,"Worldmark 2,Aerocity, South Delhi", South Delhi,Delhi,4.2,1200
Kake Da Hotel,"Malviya Nagar, South Delhi", South Delhi,Delhi,4.3,1000
Chungwa,"Greater Kailash - 2, South Delhi", South Delhi,Delhi,4.3,1700
India Grill,"Hilton Garden Inn,Saket, South Delhi", South Delhi,Delhi,3.9,2200
Biryani Blues,"Pacific Mall,Tagore Garden, West Delhi", West Delhi,Delhi,3.9,700
Joy Luck Moon,"Select Citywalk Mall,Saket, South Delhi", South Delhi,Delhi,4.3,2300
Big Fat Sandwich and Pizza,"Greater Kailash - 2, South Delhi", South Delhi,Delhi,4.7,900
Truffle Story,"Chittaranjan Park, South Delhi", South Delhi,Delhi,4.4,400
Diablo,"Mehrauli, South Delhi", South Delhi,Delhi,4.2,2000
Jamie's Italian,"Ambience Mall,Vasant Kunj, South Delhi", South Delhi,Delhi,4.4,1800
Chaayos,"Greater Kailash - 2, South Delhi", South Delhi,Delhi,4.3,500
Moti Mahal Delux,"Greater Kailash - 2, South Delhi", South Delhi,Delhi,4.4,1500
Taco Bell,"Ambience Mall,Vasant Kunj, South Delhi", South Delhi,Delhi,4.4,500
Laidback Bar,"Salcon RasVilas Mall,Saket, South Delhi", South Delhi,Delhi,4.8,2000
Chaayos,"Pacific Mall,Tagore Garden, West Delhi", West Delhi,Delhi,4.3,500
Bo Tai,"Mehrauli, South Delhi", South Delhi,Delhi,4.4,3000
Mad Over Donuts,"Pacific Mall,Tagore Garden, West Delhi", West Delhi,Delhi,4.3,400
Ambra,"Greater Kailash - 2, South Delhi", South Delhi,Delhi,4.3,300
Kylin Skybar,"Ambience Mall,Vasant Kunj, South Delhi", South Delhi,Delhi,4.3,2200
Kesar,"Aggarwal Chambers,Pitampura, North Delhi", North Delhi,Delhi,4.6,800
Horn Please Resto Cafe,"Hotel Royal Castle Grand,Chittaranjan Park, South Delhi", South Delhi,Delhi,4.2,1000
Taco Bell,"Select Citywalk Mall,Saket, South Delhi", South Delhi,Delhi,4.4,500
Jugmug Thela,"Champa Gali,Saket, South Delhi", South Delhi,Delhi,4.1,1200
Kabooze,"Greater Kailash - 2, South Delhi", South Delhi,Delhi,3.5,2200
C.I.A. Call It Asiian,"Greater Kailash - 2, South Delhi", South Delhi,Delhi,4.6,900
Le Cantine,"DLF Promenade Mall,Vasant Kunj, South Delhi", South Delhi,Delhi,4.2,2000
Madly Bangalee,"Chittaranjan Park, South Delhi", South Delhi,Delhi,3.0,800
Tikka Junction,"Jail Road, West Delhi", West Delhi,Delhi,4.2,1500
100% Rock,"Ambience Mall,Vasant Kunj, South Delhi", South Delhi,Delhi,4.1,1200
Taco Bell,"Gourmet Hub,Paschim Vihar, West Delhi", West Delhi,Delhi,3.9,500
Farzi Cafe,"Worldmark 3,Aerocity, South Delhi", South Delhi,Delhi,4.2,2000
Cafe Me,"Community Center B Block,Janakpuri, West Delhi", West Delhi,Delhi,4.3,1200
PizzaExpress,"Ambience Mall,Vasant Kunj, South Delhi", South Delhi,Delhi,4.5,1400
Shaolin,"Malviya Nagar, South Delhi", South Delhi,Delhi,3.6,800
Thai High,"Ambawatta One Complex,Mehrauli, South Delhi", South Delhi,Delhi,4.4,2000
Jom Jom Malay,"Saket, South Delhi", South Delhi,Delhi,4.5,1500
Krispy Kreme,"Select Citywalk Mall,Saket, South Delhi", South Delhi,Delhi,4.5,400
Cafe Canteen,"Jail Road, West Delhi", West Delhi,Delhi,4.1,500
Kake Da Hotel,"Jail Road, West Delhi", West Delhi,Delhi,4.3,1000
Daryaganj,"Worldmark 1,Aerocity, South Delhi", South Delhi,Delhi,4.2,2000
Kartoon Cafe,"The Fusion House,Janakpuri, West Delhi", West Delhi,Delhi,4.4,1000
Bread Talk,"Select Citywalk Mall,Saket, South Delhi", South Delhi,Delhi,4.0,500
Mad Over Donuts,"DLF Promenade Mall,Vasant Kunj, South Delhi", South Delhi,Delhi,4.5,400
Go Pappe,"Janakpuri, West Delhi", West Delhi,Delhi,4.6,1200
Sandoz,"Jail Road, West Delhi", West Delhi,Delhi,3.5,1000
Green Vatika,"Rohini, North Delhi", North Delhi,Delhi,4.0,1700
Liv Bar,"Worldmark 1,Aerocity, South Delhi", South Delhi,Delhi,4.2,2600
Delhi Pavilion,"Sheraton New Delhi Hotel,Saket, South Delhi", South Delhi,Delhi,4.5,3000
Chaayos,"DLF Promenade Mall,Vasant Kunj, South Delhi", South Delhi,Delhi,4.5,500
The Veggie Bites,"Pitampura, North Delhi", North Delhi,Delhi,4.2,900
MAI BAO,"Saket, South Delhi", South Delhi,Delhi,3.4,1500
M Dosa Express,"Jail Road, West Delhi", West Delhi,Delhi,5.0,400
Standard Burfee,"Jail Road, West Delhi", West Delhi,Delhi,4.3,700
Barbeque Nation,"Vasant Kunj, South Delhi", South Delhi,Delhi,4.6,1700
La Roca,"Worldmark 1,Aerocity, South Delhi", South Delhi,Delhi,4.3,2600
Noire - Live Kitchen,"Greater Kailash - 2, South Delhi", South Delhi,Delhi,3.0,1500
Over The Top - BBQ Grill,"Janakpuri, West Delhi", West Delhi,Delhi,3.7,1400
Pizza Connection,"Kalkaji, South Delhi", South Delhi,Delhi,5.0,500
Neon Cafe & Bowl,"Select Citywalk Mall,Saket, South Delhi", South Delhi,Delhi,3.5,1800
Big Banana,"Saket, South Delhi", South Delhi,Delhi,3.9,1100
Krispy Kreme,"DLF Promenade Mall,Vasant Kunj, South Delhi", South Delhi,Delhi,3.7,400
Food Exchange,"Novotel New Delhi Aerocity,Aerocity, South Delhi", South Delhi,Delhi,4.3,3500
Giani,"Subhash Nagar, West Delhi", West Delhi,Delhi,1.0,400
Cafe Di Milano,"Dwarka, West Delhi", West Delhi,Delhi,4.3,1000
BonJuz,"Ambience Mall,Vasant Kunj, South Delhi", South Delhi,Delhi,4.1,500
Punjab Grill,"Worldmark 1,Aerocity, South Delhi", South Delhi,Delhi,4.2,1800
The Kylin Experience,"Worldmark 2,Aerocity, South Delhi", South Delhi,Delhi,4.5,2700
Nanking,"Vasant Kunj, South Delhi", South Delhi,Delhi,4.3,2000
Kheer,"Roseate House,Aerocity, South Delhi", South Delhi,Delhi,4.6,6000
Kake Da Hotel,"Paschim Vihar, West Delhi", West Delhi,Delhi,4.6,1000
CUE- Culinary Urban Experience,"Manglam Paradise Mall,Rohini, North Delhi", North Delhi,Delhi,4.2,2000
Dramz Brasserie,"Mehrauli, South Delhi", South Delhi,Delhi,3.5,1200
Wok to Walk,"Ambience Mall,Vasant Kunj, South Delhi", South Delhi,Delhi,3.6,700
Locale,"PVR Anupam Complex,Saket, South Delhi", South Delhi,Delhi,4.0,2000
The Nerdy Indian,"Saket, South Delhi", South Delhi,Delhi,4.2,1000
Imperfecto Shor Cafe,"Pride Plaza Hotel Aerocity,Aerocity, South Delhi", South Delhi,Delhi,4.1,2400
Reve,"Worldmark 1,Aerocity, South Delhi", South Delhi,Delhi,4.4,1600
Dilli Kanteen Kitchen,"The Grand New Delhi,Vasant Kunj, South Delhi", South Delhi,Delhi,4.0,1600
Roasted By Roseate,"Vasant Kunj, South Delhi", South Delhi,Delhi,4.4,1500
MOC - The American Restaurant,"Mayur Vihar Phase - 3, East Delhi", East Delhi,Delhi,3.0,400
Zooby's Kitchen,"Jasola, South Delhi", South Delhi,Delhi,4.4,800
PapaJi & Sons,"Paschim Vihar, West Delhi", West Delhi,Delhi,4.1,900
Deli Belly Cafe & Bar,"DLF Building,Jasola, South Delhi", South Delhi,Delhi,4.3,1600
NYC,"Radisson Blu Plaza,Mahipalpur, South Delhi", South Delhi,Delhi,4.4,3000
The Great Kabab Factory,"Radisson Blu Plaza,Mahipalpur, South Delhi", South Delhi,Delhi,4.5,3000
Kampai,"Worldmark 1,Aerocity, South Delhi", South Delhi,Delhi,4.5,2700
Bean Sahab,"Saket, South Delhi", South Delhi,Delhi,4.6,600
Nook,"Aloft New Delhi,Aerocity, South Delhi", South Delhi,Delhi,4.1,2500
Wow! Momo,"Fun City Mall,Prashant Vihar, North Delhi", North Delhi,Delhi,3.8,400
Singla's,"Tilak Nagar, West Delhi", West Delhi,Delhi,4.0,800
Edesia,"Crowne Plaza Today New Delhi Okhla,Okhla Phase - 1, South Delhi", South Delhi,Delhi,4.4,3000
Kylin Express,"Ambience Mall,Vasant Kunj, South Delhi", South Delhi,Delhi,2.9,900
Fabcafe by Fabindia,"Vasant Kunj, South Delhi", South Delhi,Delhi,4.7,1200
The Tummy Section,"Jail Road, West Delhi", West Delhi,Delhi,3.0,600
Quoin,"Novotel New Delhi Aerocity,Aerocity, South Delhi", South Delhi,Delhi,4.1,3000
Crispy Bites,"Prashant Vihar, North Delhi", North Delhi,Delhi,3.5,500
Mesa Wine Bistro,"Aerocity, South Delhi", South Delhi,Delhi,4.0,1800
Monsoon by Cafe Lota,"Worldmark 1,Aerocity, South Delhi", South Delhi,Delhi,4.5,2200
Mr. Confectioner,"Pride Plaza Hotel Aerocity,Aerocity, South Delhi", South Delhi,Delhi,4.8,1000
Pling,"Hotel Pullman New Delhi Aerocity,Aerocity, South Delhi", South Delhi,Delhi,4.1,3000
Cafe Pride,"Pride Plaza Hotel Aerocity,Aerocity, South Delhi", South Delhi,Delhi,4.0,3100
Tummy Nation,"Paschim Vihar, West Delhi", West Delhi,Delhi,5.0,800
Barbeque Nation,"Unity One Mall,Rohini, North Delhi", North Delhi,Delhi,4.5,1700
Miam,"Lado Sarai, South Delhi", South Delhi,Delhi,3.0,900
JW Solitaire Restaurant,"NN Mall,Rohini, North Delhi", North Delhi,Delhi,4.2,1400
Vinayak Restaurant,"Rohini, North Delhi", North Delhi,Delhi,3.8,1000
Mughal Punjab,"Vasant Arcade Shopping Complex,Vasant Kunj, South Delhi", South Delhi,Delhi,4.0,900
Sky Route,"Malik Plaza,Dwarka, West Delhi", West Delhi,Delhi,4.0,2000
Juniper Bar,"Andaz Delhi,Aerocity, South Delhi", South Delhi,Delhi,4.1,3500
Red Chilli,"Paschim Vihar, West Delhi", West Delhi,Delhi,4.1,1500
Red Bricks Cafe,"Champa Gali,Saket, South Delhi", South Delhi,Delhi,3.8,1000
K3,"JW Mariott Hotel New Delhi Aerocity,Aerocity, South Delhi", South Delhi,Delhi,4.6,3700
W Xyz Bar,"Aloft New Delhi,Aerocity, South Delhi", South Delhi,Delhi,4.2,2500
Level 2,"The Radisson Blu Hotel,Paschim Vihar, West Delhi", West Delhi,Delhi,4.1,3200
Roasted,"Roseate House,Aerocity, South Delhi", South Delhi,Delhi,4.3,2400
Healthy Chef,"Janakpuri, West Delhi", West Delhi,Delhi,4.0,800
Delhi Barbeque,"Taurus Sarovar Portico,Mahipalpur, South Delhi", South Delhi,Delhi,3.7,1500
Chidya Ghar Bar,"Roseate House,Aerocity, South Delhi", South Delhi,Delhi,4.3,4000
Spice It,"ibis New Delhi Aerocity,Aerocity, South Delhi", South Delhi,Delhi,3.7,2100
Barcode,"Dwarka, West Delhi", West Delhi,Delhi,4.2,1600
Pind Balluchi,"Metro Walk Mall,Rohini, North Delhi", North Delhi,Delhi,4.0,1700
Krispy Kreme,"Worldmark 1,Aerocity, South Delhi", South Delhi,Delhi,3.9,400
The Cake Mistri,"Paschim Vihar, West Delhi", West Delhi,Delhi,5.0,500
Berco's,"Janak Place District Centre,Janakpuri, West Delhi", West Delhi,Delhi,4.4,1300
Kap’s Restro Bar & Cafe,"Vasant Square Mall,Vasant Kunj, South Delhi", South Delhi,Delhi,4.3,1200
Runway1,"Metro Walk Mall,Rohini, North Delhi", North Delhi,Delhi,3.5,1500
Big Belly Burger,"Sainik Farms, South Delhi", South Delhi,Delhi,5.0,500
Channi Pishori Chicken,"Vikaspuri, West Delhi", West Delhi,Delhi,4.8,400
Dilli Darbar,"Janak Place District Centre,Janakpuri, West Delhi", West Delhi,Delhi,3.9,1500
Bella Rossa,"Dwarka, West Delhi", West Delhi,Delhi,4.3,1000
Punjabi By Nature Express,"Vasant Kunj, South Delhi", South Delhi,Delhi,1.0,1100
Savannah Bar,"Radisson Blu Plaza,Mahipalpur, South Delhi", South Delhi,Delhi,4.3,2500
Cafe After Hours,"City Centre Mall,Dwarka, West Delhi", West Delhi,Delhi,4.2,1800
The Mint Food,"Rohini, North Delhi", North Delhi,Delhi,5.0,700
Sighri,"Vardhaman Complex,Janakpuri, West Delhi", West Delhi,Delhi,4.6,500
Rababi Food Studio,"Janakpuri, West Delhi", West Delhi,Delhi,4.4,600
Berco's,"Metro Walk Mall,Rohini, North Delhi", North Delhi,Delhi,4.2,1500
Mosaic,"Crowne Plaza,Rohini, North Delhi", North Delhi,Delhi,4.3,3000
Bites and Brew,"Vikaspuri, West Delhi", West Delhi,Delhi,3.6,1000
Tequila Express,"Vikaspuri, West Delhi", West Delhi,Delhi,4.3,1600
Kake Da Hotel,"Vasant Kunj, South Delhi", South Delhi,Delhi,4.0,1000
Spinns Family Resto Bar,"PVR Complex,Vikaspuri, West Delhi", West Delhi,Delhi,3.9,2000
Shree Maakhan,"Vikaspuri, West Delhi", West Delhi,Delhi,5.0,400
Chanson Mela,"Vikaspuri, West Delhi", West Delhi,Delhi,3.4,1200
Cafe Uncover,"Dwarka, West Delhi", West Delhi,Delhi,4.2,1500
Sunrise Cafe,"Chhatarpur, South Delhi", South Delhi,Delhi,5.0,900
Pavilion 75,"WelcomHotel,Dwarka, West Delhi", West Delhi,Delhi,4.2,2500
Karim's,"The Gallery On MG,MG Road, South Delhi", South Delhi,Delhi,4.3,1800
Metro,"Uttam Nagar, West Delhi", West Delhi,Delhi,4.1,800
The Prizm,"Dwarka, West Delhi", West Delhi,Delhi,4.3,2000
Giani,"Dwarka, West Delhi", West Delhi,Delhi,5.0,400
Kiyan,"The Roseate,Samalkha, South Delhi", South Delhi,Delhi,4.5,4500
Bluemoon Restrobar,"Dwarka, West Delhi", West Delhi,Delhi,5.0,600
Unifrost Cafe,"MG Road, South Delhi", South Delhi,Delhi,4.4,700
Drool Kitchen,"Dwarka Sector 10 Metro Station,Dwarka, West Delhi", West Delhi,Delhi,4.2,2200
Food Forest,"Chhatarpur, South Delhi", South Delhi,Delhi,4.5,500
Puratan - Family Restaurant & Bar,"Garg Trade Center,Rohini, North Delhi", North Delhi,Delhi,3.7,1500
La Kababiyaa,"Dwarka, West Delhi", West Delhi,Delhi,4.5,900
Churchill's Cafe,"Pacific Mall,Dwarka, West Delhi", West Delhi,Delhi,4.4,1500
Chili's American Grill and Bar,"Vegas Mall,Dwarka, West Delhi", West Delhi,Delhi,4.5,2000
Sehat Cafe,"Dwarka, West Delhi", West Delhi,Delhi,3.9,800
Chi Ni,"The Roseate,Samalkha, South Delhi", South Delhi,Delhi,4.5,5000
Social,"Vegas Mall,Dwarka, West Delhi", West Delhi,Delhi,4.4,2000
Drink N Dine,"Supreme Plaza,Dwarka, West Delhi", West Delhi,Delhi,3.5,1900
Chatar Patar,"Uttam Nagar, West Delhi", West Delhi,Delhi,3.7,400
Cafe More Life,"Dwarka, West Delhi", West Delhi,Delhi,3.4,600
Hong Kong Express,"Vasant Kunj, South Delhi", South Delhi,Delhi,1.0,800
Oye Punjab,"Pankaj Arcade 2,Dwarka, West Delhi", West Delhi,Delhi,4.2,2000
Cake Palace,"Dwarka, West Delhi", West Delhi,Delhi,5.0,400
Cafe Delhi Heights,"Vegas Mall,Dwarka, West Delhi", West Delhi,Delhi,4.5,2000
Kake Da Hotel,"Mefcons Plaza,Dwarka, West Delhi", West Delhi,Delhi,4.2,1000
Thyme,"The Umrao,Samalkha, South Delhi", South Delhi,Delhi,4.2,3000
Fire 'N' Ice,"Pankaj Arcade 2,Dwarka, West Delhi", West Delhi,Delhi,4.0,2100
Singla's,"Dwarka, West Delhi", West Delhi,Delhi,3.6,800
Kebabs & Kurries,"WelcomHotel,Dwarka, West Delhi", West Delhi,Delhi,4.4,2500
Appetizing Bakes,"Kapashera, South Delhi", South Delhi,Delhi,5.0,300
The Chocolate Room,"Dwarka, West Delhi", West Delhi,Delhi,3.8,1000
Cafe Coffee Bar,"City Centre Mall,Dwarka, West Delhi", West Delhi,Delhi,4.2,1500
Metro,"Apra Plaza,Dwarka, West Delhi", West Delhi,Delhi,3.4,800
Raajsik,"The Umrao,Samalkha, South Delhi", South Delhi,Delhi,4.3,2000
Symposium,"City Centre Mall,Dwarka, West Delhi", West Delhi,Delhi,4.4,2000
Waffles,"The Umrao,Samalkha, South Delhi", South Delhi,Delhi,3.5,800
Creo,"Vivanta New Delhi,Dwarka, West Delhi", West Delhi,Delhi,4.5,3000
New Kadimi,"Pankaj Arcade,Dwarka, West Delhi", West Delhi,Delhi,4.1,800
Patio,"The Muse Sarovar Portico,Kapashera, South Delhi", South Delhi,Delhi,4.4,1600
The Punterhouse Reloaded,"City Centre Mall,Dwarka, West Delhi", West Delhi,Delhi,4.1,2000
Drool Fresh Bake House Cafe,"Dwarka, West Delhi", West Delhi,Delhi,4.4,2200
Barbeque Nation,"Vegas Mall,Dwarka, West Delhi", West Delhi,Delhi,4.2,1700
Govinda Restaurant,"Dwarka, West Delhi", West Delhi,Delhi,4.8,650
PUBG Foodcity,"Uttam Nagar, West Delhi", West Delhi,Delhi,3.0,400
Jamie's Pizzeria By Jamie Oliver,"Vegas Mall,Dwarka, West Delhi", West Delhi,Delhi,4.2,2000
Taco Bell,"Vegas Mall,Dwarka, West Delhi", West Delhi,Delhi,3.8,500
Hn'ny Pizzeria,"Narela, North Delhi", North Delhi,Delhi,3.3,400
Singh Ching,"Hudson Lane, North Delhi", North Delhi,Delhi,4.3,800
Pikwik,"Pitampura, North Delhi", North Delhi,Delhi,4.4,1000
Pikwik,"Ring Road Mall,Rohini, North Delhi", North Delhi,Delhi,4.3,1800
Pop Tate's,"Mayfair Sonata Green CHS,Vikhroli West, Central Suburbs", Central Suburbs,Mumbai,4.3,2000
Global Fusion,"Times Square Tech Park,Sakinaka, Andheri East", Andheri East,Mumbai,4.5,2000
FOO,"Vikhroli West, Central Suburbs", Central Suburbs,Mumbai,4.7,1100
Kake Da Hotel,"Powai, Powai", Powai,Mumbai,5.0,900
PizzaExpress,"Hiranandani Business Park,Powai, Powai", Powai,Mumbai,4.5,1400
Chili’s American Grill and Bar,"Ventura Building,Powai, Powai", Powai,Mumbai,4.2,2000
Powai Social,"MHADA Colony 20, Powai", Powai,Mumbai,4.2,1600
AB's - Absolute Barbecues,"Powai, Powai", Powai,Mumbai,4.4,1200
Mad Over Donuts,"R City Mall,Ghatkopar West, Central Suburbs", Central Suburbs,Mumbai,4.6,450
Hitchki,"Hiranandani Business Park,Powai, Powai", Powai,Mumbai,4.5,1500
Frozen Bottle,"R City Mall,Ghatkopar West, Central Suburbs", Central Suburbs,Mumbai,4.4,500
Hitchki,"R City Mall,Ghatkopar West, Central Suburbs", Central Suburbs,Mumbai,4.3,1500
Mad Over Donuts,"City Park Building,Powai, Powai", Powai,Mumbai,4.6,450
The Wine Table,"Ventura Building,Powai, Powai", Powai,Mumbai,4.7,1800
Elementaria Bakery Cafe,"Powai, Powai", Powai,Mumbai,5.0,800
Taco Bell,"R City Mall,Ghatkopar West, Central Suburbs", Central Suburbs,Mumbai,4.0,500
House of Mandarin,"Delphi Building,Powai, Powai", Powai,Mumbai,4.7,2000
Chaayos - Meri Wali Chai,"City Park Building,Powai, Powai", Powai,Mumbai,4.0,500
Frozen Bottle,"Hiranandani, Powai", Powai,Mumbai,4.7,500
The Sassy Spoon,"Delphi Building,Powai, Powai", Powai,Mumbai,4.3,1800
Lord of the Drinks,"Hiranandani, Powai", Powai,Mumbai,4.2,1500
Vikhroli Social,"Imagine Studio,Vikhroli East, Central Suburbs", Central Suburbs,Mumbai,4.4,2000
Bayroute,"Transocean House,Powai, Powai", Powai,Mumbai,4.5,3000
Asian Wok,"Galleria Shopping Centre,Powai, Powai", Powai,Mumbai,3.8,800
Shaolin,"Galleria Shopping Centre,Powai, Powai", Powai,Mumbai,3.7,800
Tibbs Frankie,"Powai, Powai", Powai,Mumbai,3.8,500
Spirit,"Ghatkopar West, Central Suburbs", Central Suburbs,Mumbai,3.9,2000
Mini Punjab's Lake Side,"Powai, Powai", Powai,Mumbai,4.0,1700
Mia Cucina,"Transocean House,Powai, Powai", Powai,Mumbai,4.2,2200
Flax,"Powai Plaza,Powai, Powai", Powai,Mumbai,4.0,900
HAS Juices and More,"R City Mall,Ghatkopar West, Central Suburbs", Central Suburbs,Mumbai,2.7,400
Kosho,"Powai, Powai", Powai,Mumbai,4.2,1200
Fisherman's Cove - Taste on Palate,"Powai, Powai", Powai,Mumbai,4.4,800
Flava,"The Roa Hotel,Ghatkopar West, Central Suburbs", Central Suburbs,Mumbai,3.9,1500
Pop Tate's,"Sagar Pallazio Mall,Sakinaka, Andheri East", Andheri East,Mumbai,4.3,2000
Tibbs Frankie,"R City Mall,Ghatkopar West, Central Suburbs", Central Suburbs,Mumbai,3.3,200
Gurukripa,"Powai, Powai", Powai,Mumbai,4.3,1400
The Finch,"Chandivali, Powai", Powai,Mumbai,4.3,2500
Lake View Cafe,"Renaissance Mumbai Convention Centre Hotel,Powai, Powai", Powai,Mumbai,4.2,3000
Pokket Cafe,"Ghatkopar West, Central Suburbs", Central Suburbs,Mumbai,4.2,500
Chimichurri,"Near Andheri East Station, Andheri East", Andheri East,Mumbai,4.5,900
Pizza Caprina,"Premier Emperor Building,Marol, Andheri East", Andheri East,Mumbai,5.0,400
Saptami,"Sakinaka, Andheri East", Andheri East,Mumbai,4.4,2500
Urban Tadka,"Sagar Pallazio Mall,Sakinaka, Andheri East", Andheri East,Mumbai,4.4,1600
Opa Bar,"The Peninsula Grand Hotel,Sakinaka, Andheri East", Andheri East,Mumbai,4.2,3000
The Bigg Small Cafe + Bar,"Sakinaka, Andheri East", Andheri East,Mumbai,4.4,1000
Peninsula - The Spice of India,"The Peninsula Grand Hotel,Sakinaka, Andheri East", Andheri East,Mumbai,3.9,2000
Persian Darbar,"Marol, Andheri East", Andheri East,Mumbai,4.3,1500
Mahesh Lunch Home,"Sakinaka, Andheri East", Andheri East,Mumbai,4.3,1800
The Chocolate Room Bistro and Cafe,"Vallabh Vihar,Ghatkopar East, Central Suburbs", Central Suburbs,Mumbai,4.2,500
Opa Cafe,"Sakinaka, Andheri East", Andheri East,Mumbai,3.4,3000
Thambbi,"Ghatkopar West, Central Suburbs", Central Suburbs,Mumbai,1.0,800
5 Spice,"Sakinaka, Andheri East", Andheri East,Mumbai,4.2,1000
The Hill Green,"Eastern Business District,Bhandup West, Central Suburbs", Central Suburbs,Mumbai,4.2,1600
Roots Of India,"Times Square Tech Park,Sakinaka, Andheri East", Andheri East,Mumbai,4.0,2500
Kakori House,"Sakinaka, Andheri East", Andheri East,Mumbai,4.0,1500
Bling by The Hill Green,"Eastern Business District,Bhandup West, Central Suburbs", Central Suburbs,Mumbai,4.0,1600
Mad Over Donuts,"Phoenix Marketcity Mall,Kurla West, Central Suburbs", Central Suburbs,Mumbai,4.5,450
Nosh & Beyond,"Marol, Andheri East", Andheri East,Mumbai,4.8,1000
Tibbs Frankie,"Phoenix Marketcity Mall,Kurla West, Central Suburbs", Central Suburbs,Mumbai,4.4,200
FoodPost,"Marol, Andheri East", Andheri East,Mumbai,4.0,1000
1522 Bar & Kitchen,"M.I.D.C, Andheri East", Andheri East,Mumbai,4.3,1500
Coffee Culture,"Phoenix Marketcity Mall,Kurla West, Central Suburbs", Central Suburbs,Mumbai,4.0,1000
Fiona,"Marol, Andheri East", Andheri East,Mumbai,4.7,1000
JW Cafe,"Sahar Airport Road, Andheri East", Andheri East,Mumbai,4.7,4500
All Stir Fry - Waterstones Hotel,"Marol, Andheri East", Andheri East,Mumbai,4.4,2500
Malhar Tribes,"Marol, Andheri East", Andheri East,Mumbai,4.4,2000
Taco Bell,"Phoenix Marketcity Mall,Kurla West, Central Suburbs", Central Suburbs,Mumbai,4.0,500
Zytun - The Restaurant,"Marol, Andheri East", Andheri East,Mumbai,4.0,1200
Family Tree,"The Destination SRA CHS Ltd,Ghatkopar East, Central Suburbs", Central Suburbs,Mumbai,4.2,1000
White Barn - Waterstones Club,"Marol, Andheri East", Andheri East,Mumbai,5.0,1400
Keys Cafe - Keys Hotel Nestor,"Marol, Andheri East", Andheri East,Mumbai,3.1,1000
Roots Cafe,"Marol, Andheri East", Andheri East,Mumbai,4.0,1200
The Stables,"Marol, Andheri East", Andheri East,Mumbai,4.2,1500
Rodeo Drive,"Marol, Andheri East", Andheri East,Mumbai,4.1,1200
Citrus,"Sahar Airport Road, Andheri East", Andheri East,Mumbai,4.3,4000
Heroes,"The Destination SRA CHS Ltd,Ghatkopar East, Central Suburbs", Central Suburbs,Mumbai,4.1,2000
Food Rush,"Marol, Andheri East", Andheri East,Mumbai,4.3,800
Le Cafe,"Hotel Jewel of Chembur,Chembur, Central Suburbs", Central Suburbs,Mumbai,4.4,1200
Pickle And Pint by Destiny,"M.I.D.C, Andheri East", Andheri East,Mumbai,4.5,2200
Apna Dhaba,"Chakala, Andheri East", Andheri East,Mumbai,4.0,1200
Navya,"M.I.D.C, Andheri East", Andheri East,Mumbai,4.2,1500
China Gate,"M.I.D.C, Andheri East", Andheri East,Mumbai,4.4,1000
Banjara,"M.I.D.C, Andheri East", Andheri East,Mumbai,4.3,2000
Amritsari Kulcha Junction,"Near Andheri East Station, Andheri East", Andheri East,Mumbai,4.4,500
Something's Fishy,"M.I.D.C, Andheri East", Andheri East,Mumbai,4.4,2000
Via Bombay,"Hotel Jewel of Chembur,Chembur, Central Suburbs", Central Suburbs,Mumbai,4.3,1400
Grand Central,"Chembur, Central Suburbs", Central Suburbs,Mumbai,4.4,1200
Rome Pizzeria,"Near Andheri East Station, Andheri East", Andheri East,Mumbai,5.0,400
MoMo Cafe,"Courtyard by Marriott Hotel,Near Andheri East Station, Andheri East", Andheri East,Mumbai,4.3,3000
The Food Studio,"Mulund West, Central Suburbs", Central Suburbs,Mumbai,4.3,1400
Prasad Food Divine,"Mulund West, Central Suburbs", Central Suburbs,Mumbai,4.2,800
Gallery Cafe,"M.I.D.C, Andheri East", Andheri East,Mumbai,4.0,2500
Persian Darbar,"Bandra Kurla Complex, Bandra", Bandra,Mumbai,4.3,1500
Wowfillss,"Parel, South Mumbai", South Mumbai,Mumbai,5.0,500
Beans & Creme,"Radisson MIDC,Near Andheri East Station, Andheri East", Andheri East,Mumbai,4.3,700
Crrave N Eat,"JB Nagar, Andheri East", Andheri East,Mumbai,4.3,800
Qebab Quisine,"Radisson MIDC,Near Andheri East Station, Andheri East", Andheri East,Mumbai,4.1,2800
Butterfly High,"Godrej BKC Building,Bandra Kurla Complex, Bandra", Bandra,Mumbai,4.4,1800
Ganga,"M.I.D.C, Andheri East", Andheri East,Mumbai,2.9,500
House of Asia,"Chakala, Andheri East", Andheri East,Mumbai,4.2,2500
Tibbs Frankie,"Chembur, Central Suburbs", Central Suburbs,Mumbai,4.7,200
Frozen Bottle,"Runwal Greens,Mulund West, Central Suburbs", Central Suburbs,Mumbai,4.5,500
Thambbi,"Mulund West, Central Suburbs", Central Suburbs,Mumbai,5.0,800
Reise - All Day Bar and Kitchen,"Chakala, Andheri East", Andheri East,Mumbai,4.1,1200
Little Asia,"Mahakali, Andheri East", Andheri East,Mumbai,3.9,800
True Tramm Trunk,"Trade Center,Bandra Kurla Complex, Bandra", Bandra,Mumbai,4.5,2000
Angrezi Dhaba,"Mahakali, Andheri East", Andheri East,Mumbai,4.1,1500
Bar Tales,"Runwal Greens,Mulund West, Central Suburbs", Central Suburbs,Mumbai,4.1,1500
Masala Library by Jiggs Kalra,"FIFC Building,Bandra Kurla Complex, Bandra", Bandra,Mumbai,4.7,5000
China Bistro,"Capsulation Premises,Chembur, Central Suburbs", Central Suburbs,Mumbai,4.4,2000
Chaayos - Meri Wali Chai,"Runwal Greens,Mulund West, Central Suburbs", Central Suburbs,Mumbai,4.2,500
Hitchki,"First International Financial Centre,Bandra Kurla Complex, Bandra", Bandra,Mumbai,4.5,1500
The Float House,"Mulund West, Central Suburbs", Central Suburbs,Mumbai,5.0,900
Sorriso Indian Kitchen & Bar,"Mulund West, Central Suburbs", Central Suburbs,Mumbai,4.1,1200
Sorriso Brasserie and Bar,"Mulund West, Central Suburbs", Central Suburbs,Mumbai,4.1,1400
Mad Over Donuts,"Fair Lawn CHS,Chembur, Central Suburbs", Central Suburbs,Mumbai,4.6,450
Mi Hi Koli,"Mulund West, Central Suburbs", Central Suburbs,Mumbai,3.7,1000
1441 Pizzeria,"Chembur, Central Suburbs", Central Suburbs,Mumbai,4.3,1200
The Golden Wok,"Chhadva Apartment,Chembur, Central Suburbs", Central Suburbs,Mumbai,4.2,800
Smoke House Deli,"FIFC Building,Bandra Kurla Complex, Bandra", Bandra,Mumbai,4.4,2000
PizzaExpress,"Bandra East, Bandra", Bandra,Mumbai,4.5,1400
Tossin Pizza,"Chembur, Central Suburbs", Central Suburbs,Mumbai,4.1,1000
Prithvi Cafe,"Janki Kutir Society,Juhu, Andheri West", Andheri West,Mumbai,4.2,500
Yauatcha,"Raheja Towers,Bandra Kurla Complex, Bandra", Bandra,Mumbai,4.6,3000
The Orange Mint,"Chembur, Central Suburbs", Central Suburbs,Mumbai,4.5,1500
Taco Cheena,"Parekh Compound,Santacruz East, Bandra", Bandra,Mumbai,4.4,800
India Bistro,"Chembur, Central Suburbs", Central Suburbs,Mumbai,4.4,1500
The Earth Plate,"Hotel Sahara Star,Vile Parle East, Andheri East", Andheri East,Mumbai,4.3,3500
South of Vindhyas,"The Orchid Hotel,Vile Parle East, Andheri East", Andheri East,Mumbai,4.2,3000
Manuhaar – The Taste of Tradition,"Hotel Sahara Star,Vile Parle East, Andheri East", Andheri East,Mumbai,4.6,3000
Amantran Fine Dine,"Minerva Chambers,Mulund West, Central Suburbs", Central Suburbs,Mumbai,4.3,800
The Indian Toss,"Aureole Hotel,Near Andheri East Station, Andheri East", Andheri East,Mumbai,4.0,1200
The Art House,"Chembur, Central Suburbs", Central Suburbs,Mumbai,3.9,1500
The Pancake Story,"Narayan Niwas,Vile Parle East, Andheri East", Andheri East,Mumbai,5.0,500
King Chilli,"Koteshwar Palace Building,Near Andheri East Station, Andheri East", Andheri East,Mumbai,4.2,800
1 By Two,"Mahakali, Andheri East", Andheri East,Mumbai,1.9,900
Family Tree,"Mulund West, Central Suburbs", Central Suburbs,Mumbai,4.3,1400
Tunak Tunak Tunn,"Mulund West, Central Suburbs", Central Suburbs,Mumbai,4.3,1100
Capital Social,"Bandra Kurla Complex, Bandra", Bandra,Mumbai,4.3,2000
La Flame,"Avior Building,Mulund West, Central Suburbs", Central Suburbs,Mumbai,4.6,1200
Aquafire,"E-Square Building,Vile Parle East, Andheri East", Andheri East,Mumbai,4.0,1500
1441 Pizzeria,"Vile Parle East, Andheri East", Andheri East,Mumbai,4.4,1200
CinCin,"Raheja Towers,Bandra Kurla Complex, Bandra", Bandra,Mumbai,4.4,2800
Tibbs Frankie,"Narayan Niwas,Vile Parle East, Andheri East", Andheri East,Mumbai,4.0,200
Mad Over Donuts,"Nerul, Navi Mumbai", Navi Mumbai,Mumbai,4.4,450
SodaBottleOpenerWala,"The Capital Building,Bandra Kurla Complex, Bandra", Bandra,Mumbai,4.3,1600
Local Stop,"Chembur, Central Suburbs", Central Suburbs,Mumbai,3.4,1000
Punjab Grill,"The Capital Building,Bandra Kurla Complex, Bandra", Bandra,Mumbai,4.3,3000
Persia Darbar,"Lily Tower,Jogeshwari West, North Western", North Western,Mumbai,4.4,1000
Mad Over Donuts,"Maitreya Business Park,Vile Parle East, Andheri East", Andheri East,Mumbai,4.1,450
Nara,"Raheja Towers,Bandra Kurla Complex, Bandra", Bandra,Mumbai,4.5,2500
Oliva,"Harileela CHS,Vile Parle East, Andheri East", Andheri East,Mumbai,4.3,700
Celini,"Grand Hyatt Mumbai Hotel & Residences,Santacruz East, Bandra", Bandra,Mumbai,4.3,5000
Hemant Oberoi Restaurant,"Godrej Building,Bandra East, Bandra", Bandra,Mumbai,4.2,2500
Anant Palace,"Ghansoli, Navi Mumbai", Navi Mumbai,Mumbai,5.0,1000
Pop Tate's,"Satra Plaza,Vashi, Navi Mumbai", Navi Mumbai,Mumbai,4.4,2000
B MAD - The Restaurant,"Mulund West, Central Suburbs", Central Suburbs,Mumbai,4.3,1200
Tibbs Frankie,"Bandra West, Bandra", Bandra,Mumbai,4.1,200
Atithi Family Restaurant,"Mulund West, Central Suburbs", Central Suburbs,Mumbai,4.3,1800
Mad Over Donuts,"Mulund West, Central Suburbs", Central Suburbs,Mumbai,4.2,450
The Union Bar & Eating House,"Vashi, Navi Mumbai", Navi Mumbai,Mumbai,4.6,2000
Blisss,"Airoli, Navi Mumbai", Navi Mumbai,Mumbai,4.8,300
Shree Laxmi Sagar,"Vishwakarma Baug,Vile Parle West, Andheri West", Andheri West,Mumbai,3.5,500
Sauces and Spices Restaurant & Bar,"Vile Parle West, Andheri West", Andheri West,Mumbai,4.0,800
Jaffer Bhai's Delhi Darbar,"EE Heights,Jogeshwari West, North Western", North Western,Mumbai,4.0,1500
V Kitchen Restobar,"Hotel Varishtta,Kopar Khairane, Navi Mumbai", Navi Mumbai,Mumbai,4.2,600
Fleur,"The Fern Hotel,Goregaon East, North Western", North Western,Mumbai,4.3,1200
The Food Studio,"Vashi, Navi Mumbai", Navi Mumbai,Mumbai,4.2,1400
Pa Pa Ya,"Bandra Kurla Complex, Bandra", Bandra,Mumbai,4.5,2800
The Caravan Menu,"Sun Magnetica Building,Thane West, Thane", Thane,Mumbai,4.3,1600
Zenmai,"Santacruz West, Bandra", Bandra,Mumbai,4.4,2500
The Bake Room,"Vikas Paradise,Mulund West, Central Suburbs", Central Suburbs,Mumbai,4.0,900
Urban Tadka,"R-Mall,Mulund West, Central Suburbs", Central Suburbs,Mumbai,4.2,1600
Genuine Broaster Chicken,"Satra Plaza,Vashi, Navi Mumbai", Navi Mumbai,Mumbai,4.3,1000
Aromas Cafe,"Juhu, Andheri West", Andheri West,Mumbai,4.1,1000
Spotlight Skydeck,"Thane West, Thane", Thane,Mumbai,4.3,2200
Garden Court Restaurant,"Sarkar Corner,Near Andheri West Station, Andheri West", Andheri West,Mumbai,4.3,1900
Seasonal Tastes,"The Westin Mumbai Garden City Hotel,Goregaon East, North Western", North Western,Mumbai,4.3,4000
House Of Lords,"Vashi, Navi Mumbai", Navi Mumbai,Mumbai,4.0,2300
Coriander Kitchen And Bar,"Willows Tower,Mulund West, Central Suburbs", Central Suburbs,Mumbai,3.0,1100
Blend N Brew,"Hotel Yogi Midtown,Turbhe, Navi Mumbai", Navi Mumbai,Mumbai,3.9,1200
The Food Master,"Vashi, Navi Mumbai", Navi Mumbai,Mumbai,5.0,500
Rogan Tadka ​,"Goregaon East, North Western", North Western,Mumbai,4.3,700
The Homemade Cafe & Bar,"Juhu, Andheri West", Andheri West,Mumbai,4.5,1200
Archana Veg Restaurant,"Mulund West, Central Suburbs", Central Suburbs,Mumbai,4.1,700
Blisss,"Vashi, Navi Mumbai", Navi Mumbai,Mumbai,5.0,300
PizzaExpress,"Near Andheri West Station, Andheri West", Andheri West,Mumbai,4.4,1400
Pop Tate's,"R-Mall,Mulund West, Central Suburbs", Central Suburbs,Mumbai,4.3,2000
Mainland China,"Veera Desai, Andheri West", Andheri West,Mumbai,4.5,1800
Coffee By Di Bella,"Juhu, Andheri West", Andheri West,Mumbai,4.4,700
TIB - The Ice-cream Bakery,"Vashi, Navi Mumbai", Navi Mumbai,Mumbai,4.7,300
Global Fusion,"Near Andheri West Station, Andheri West", Andheri West,Mumbai,4.5,2000
Elementaria Bakery Cafe,"Tian Building,Juhu, Andheri West", Andheri West,Mumbai,3.6,800
Cafe Contigo,"Vashi, Navi Mumbai", Navi Mumbai,Mumbai,4.4,900
Pop Tate's,"Morya Classic,Veera Desai, Andheri West", Andheri West,Mumbai,4.3,2000
Mainland China,"Platinum Techno Park,Vashi, Navi Mumbai", Navi Mumbai,Mumbai,4.4,1800
Victoria,"Kopar Khairane, Navi Mumbai", Navi Mumbai,Mumbai,3.8,800
Nav Chaitanya,"Versova, Andheri West", Andheri West,Mumbai,4.3,900
Tibbs Frankie,"R-Mall,Mulund West, Central Suburbs", Central Suburbs,Mumbai,3.7,200
Satu Shree Veg Restaurant & Fast Food,"Vashi, Navi Mumbai", Navi Mumbai,Mumbai,4.2,1000
Pop Tate's,"Khar West, Bandra", Bandra,Mumbai,4.6,2000
70 Beans,"Palm Beach Galleria Mall,Vashi, Navi Mumbai", Navi Mumbai,Mumbai,4.7,1000
Facing East,"Juhu, Andheri West", Andheri West,Mumbai,4.4,1800
Tanatan,"Juhu, Andheri West", Andheri West,Mumbai,4.5,1000
Angrezi Dhaba,"Bandra East, Bandra", Bandra,Mumbai,4.0,1500
Nisarga - South Coast Hotel,"Ghansoli, Navi Mumbai", Navi Mumbai,Mumbai,4.4,900
Something's Fishy,"The Regenza by Tunga,Vashi, Navi Mumbai", Navi Mumbai,Mumbai,4.5,2000
Qilaa de Vashi,"Vashi, Navi Mumbai", Navi Mumbai,Mumbai,3.7,1200
Young Chilli,"Vashi, Navi Mumbai", Navi Mumbai,Mumbai,3.9,1000
Peninsula Next Pure Veg,"Sion, Central Suburbs", Central Suburbs,Mumbai,4.3,1200
Surbhi Malvani Kitchen and Bar,"Airoli, Navi Mumbai", Navi Mumbai,Mumbai,4.3,1100
Pachinco,"Andheri Lokhandwala, Andheri West", Andheri West,Mumbai,4.7,500
Roti Republiic,"Crescent Royale,Near Andheri West Station, Andheri West", Andheri West,Mumbai,4.6,800
The Food Foundry,"Kopar Khairane, Navi Mumbai", Navi Mumbai,Mumbai,4.1,1300
Lord Forklore,"Sul Building,Airoli, Navi Mumbai", Navi Mumbai,Mumbai,4.4,1000
Peninsula,"Sion, Central Suburbs", Central Suburbs,Mumbai,4.3,1500
Mulk,"Andheri Lokhandwala, Andheri West", Andheri West,Mumbai,4.6,2000
Glocal Junction,"Andheri Link Road , Andheri West", Andheri West,Mumbai,4.3,2200
New York Burrito Company,"Juhu, Andheri West", Andheri West,Mumbai,4.5,600
Brasserie 1935 Kitchen and Bar,"Sion, Central Suburbs", Central Suburbs,Mumbai,4.4,1000
Banana Leaf,"Santacruz West, Bandra", Bandra,Mumbai,4.5,1000
Mad Over Donuts,"Oberoi Mall,Goregaon East, North Western", North Western,Mumbai,4.5,450
Tibbs Frankie,"Malad East, North Western", North Western,Mumbai,4.3,500
Sorrentina by Foodhall,"Santacruz West, Bandra", Bandra,Mumbai,4.6,2500
Lotus Cafe,"JW Marriott Hotel,Juhu, Andheri West", Andheri West,Mumbai,4.6,3500
PizzAah! District,"Goregaon West, North Western", North Western,Mumbai,3.9,600
Fable,"Ashiyana Apartment,Juhu, Andheri West", Andheri West,Mumbai,4.4,1800
Bhukkad Junction,"Rainbow Tower,Airoli, Navi Mumbai", Navi Mumbai,Mumbai,4.2,600
Social,"Rohan Plaza,Khar West, Bandra", Bandra,Mumbai,4.4,2000
Miniya - Turk,"Crescent Royale,Near Andheri West Station, Andheri West", Andheri West,Mumbai,4.5,2500
Tsubaki,"Satra Plaza,Vashi, Navi Mumbai", Navi Mumbai,Mumbai,4.4,1200
One Too Many,"The Regenza by Tunga,Vashi, Navi Mumbai", Navi Mumbai,Mumbai,4.4,1800
Live It Up,"Satra Plaza,Vashi, Navi Mumbai", Navi Mumbai,Mumbai,4.0,1000
Urban Street Cafe,"Bhavya Plaza,Khar West, Bandra", Bandra,Mumbai,4.3,600
Chin Chin Chu,"Navratan Apartment,Juhu, Andheri West", Andheri West,Mumbai,4.6,2500
Cafe Istaa,"Sion, Central Suburbs", Central Suburbs,Mumbai,4.5,500
Yazu - Pan Asian Supper Club,"Near Andheri West Station, Andheri West", Andheri West,Mumbai,4.5,2000
The Orange Mint,"Satra Plaza,Vashi, Navi Mumbai", Navi Mumbai,Mumbai,3.8,1600
Vedge,"Near Andheri West Station, Andheri West", Andheri West,Mumbai,4.2,1500
Silver Beach Cafe,"Jaldarshan Building,Juhu, Andheri West", Andheri West,Mumbai,4.4,2000
Pop Tate's,"Inorbit Mall,Vashi, Navi Mumbai", Navi Mumbai,Mumbai,4.6,2000
Roar,"Satra Plaza,Vashi, Navi Mumbai", Navi Mumbai,Mumbai,3.9,1500
Pastovilla,"DN Nagar, Andheri West", Andheri West,Mumbai,3.9,1000
Cheelizza,"Juhu, Andheri West", Andheri West,Mumbai,4.6,600
Independence Brewing Company,"Boolani Estate Owners Premises CHS,Near Andheri West Station, Andheri West", Andheri West,Mumbai,4.5,2000
The Mint Leaf Kitchen & Bar,"Airoli, Navi Mumbai", Navi Mumbai,Mumbai,4.1,1200
Asian Kitchen,"Four Points By Sheraton Hotel,Vashi, Navi Mumbai", Navi Mumbai,Mumbai,4.0,3000
Kaala Chashma,"Hotel Dhiraj,Thane West, Thane", Thane,Mumbai,4.3,1800
Sindhful,"Khar West, Bandra", Bandra,Mumbai,4.2,800
Melting Pot,"Juhu Residency Boutique Hotel,Juhu, Andheri West", Andheri West,Mumbai,4.4,1800
Urban Tadka,"7 Bungalows, Andheri West", Andheri West,Mumbai,4.3,1600
Maharaja Bhog,"Juhu, Andheri West", Andheri West,Mumbai,4.3,1200
Family Tree,"Ravi Industries,Thane West, Thane", Thane,Mumbai,4.4,1500
Ten One,"Juhu Residency Boutique Hotel,Juhu, Andheri West", Andheri West,Mumbai,4.3,900
1 BHK - Brew House Kitchen,"Oshiwara, North Western", North Western,Mumbai,4.4,2000
Khao Piyo,"Khar West, Bandra", Bandra,Mumbai,4.3,1200
Bombay Baking Company,"JW Marriott Hotel,Juhu, Andheri West", Andheri West,Mumbai,4.4,1500
Royal Oak Brewery,"Vashi, Navi Mumbai", Navi Mumbai,Mumbai,4.2,1800
The BlueBop Cafe,"Khar West, Bandra", Bandra,Mumbai,4.2,2600
Navratree,"Airoli, Navi Mumbai", Navi Mumbai,Mumbai,3.9,800
Carnivore,"Rainbow Tower,Airoli, Navi Mumbai", Navi Mumbai,Mumbai,3.5,600
Mad Over Donuts,"Inorbit Mall,Vashi, Navi Mumbai", Navi Mumbai,Mumbai,4.3,450
Tibbs Frankie,"Juhu, Andheri West", Andheri West,Mumbai,3.0,200
The Terrace,"Hotel Kings International,Juhu, Andheri West", Andheri West,Mumbai,4.3,1500
Soul,"Hotel Oriental Residency,Khar West, Bandra", Bandra,Mumbai,4.4,1500
The Oasis,"Country Inn and Suites by Radisson,Ghansoli, Navi Mumbai", Navi Mumbai,Mumbai,4.1,2500
Loco Loca,"The Empresa Hotel,Near Andheri West Station, Andheri West", Andheri West,Mumbai,4.3,1200
Burn by KLS Fine Dine,"Veera Desai, Andheri West", Andheri West,Mumbai,4.0,1400
Krave - The Multi Cuisine,"Goregaon West, North Western", North Western,Mumbai,4.5,1200
Silver Beach Cafe,"Andheri Lokhandwala, Andheri West", Andheri West,Mumbai,4.4,2000
All Elements,"Khar West, Bandra", Bandra,Mumbai,4.2,1400
Social,"Near Andheri West Station, Andheri West", Andheri West,Mumbai,4.3,2000
Sammy Sosa,"Near Andheri West Station, Andheri West", Andheri West,Mumbai,4.6,1600
Global Buffet,"Svenska Design Hotel,Near Andheri West Station, Andheri West", Andheri West,Mumbai,4.0,2200
JLWA,"Veera Desai, Andheri West", Andheri West,Mumbai,3.7,2100
Moni's,"Thane West, Thane", Thane,Mumbai,4.4,1500
Pepper Fry by Kamats,"Thane West, Thane", Thane,Mumbai,4.2,1200
Kale & Kaffe,"Laxmi Plaza,Near Andheri West Station, Andheri West", Andheri West,Mumbai,4.2,1200
It's Mirchi,"Ramee Guestline Hotel,Juhu, Andheri West", Andheri West,Mumbai,4.0,1900
Quarter Flip,"Kenilworth Shopping Arcade,Bandra West, Bandra", Bandra,Mumbai,3.6,1200
Persian Darbar,"Moray Mahal,Bandra West, Bandra", Bandra,Mumbai,4.4,2500
Once Upon A Dine,"Khar West, Bandra", Bandra,Mumbai,4.3,1000
Ministry of Crab,"Khar West, Bandra", Bandra,Mumbai,4.0,3000
Drunken Barrel SPORTS BAR,"Vashi, Navi Mumbai", Navi Mumbai,Mumbai,3.7,1000
Poco Loco,"Khar West, Bandra", Bandra,Mumbai,4.2,1900
Golden Monk,"Andheri Lokhandwala, Andheri West", Andheri West,Mumbai,4.0,1500
Shakey Wakey,"Oshiwara, North Western", North Western,Mumbai,4.7,300
Arbab,"Bandra West, Bandra", Bandra,Mumbai,4.0,900
The Daily All Day,"Suburbia Mall,Bandra West, Bandra", Bandra,Mumbai,4.5,2000
Suruchi Bhog,"Airoli, Navi Mumbai", Navi Mumbai,Mumbai,4.2,800
Hangla's,"Near Andheri West Station, Andheri West", Andheri West,Mumbai,5.0,500
Heng Bok,"Suburbia Mall,Bandra West, Bandra", Bandra,Mumbai,4.5,2500
Coffee By Di Bella Exclusive,"Naupada, Thane", Thane,Mumbai,4.2,700
Atrangii House Sky Lounge,"Sanpada, Navi Mumbai", Navi Mumbai,Mumbai,4.6,2000
Coffee By Di Bella,"Kiran Kunj,Bandra West, Bandra", Bandra,Mumbai,4.3,700
Kofuku,"Suburbia Mall,Bandra West, Bandra", Bandra,Mumbai,4.4,2500
Pop Tate's,"Near Andheri West Station, Andheri West", Andheri West,Mumbai,4.3,2000
Mad Over Donuts,"Kamal Building,Bandra West, Bandra", Bandra,Mumbai,4.5,450
Frozen Bottle,"Near Andheri West Station, Andheri West", Andheri West,Mumbai,4.6,500
Pishu's,"Near Andheri West Station, Andheri West", Andheri West,Mumbai,4.0,600
Mitron,"Crystal Shoppers Paradise,Bandra West, Bandra", Bandra,Mumbai,3.9,2000
Aromas Cafe,"Bandra West, Bandra", Bandra,Mumbai,4.5,1400
Jade Raven Multicuisine Restaurant and Bar,"Ravi Industries,Thane West, Thane", Thane,Mumbai,4.3,1500
Bombay Coffee House,"Neelkamal Building,Bandra West, Bandra", Bandra,Mumbai,4.3,900
Aromas Cafe,"Oshiwara, North Western", North Western,Mumbai,4.1,1000
Roll Me Crazy,"Bandra West, Bandra", Bandra,Mumbai,4.7,800
99 Pancakes,"Silver Croft Building,Bandra West, Bandra", Bandra,Mumbai,5.0,500
Hakkasan,"Krystal Building,Bandra West, Bandra", Bandra,Mumbai,4.5,2500
Punjabi Rasoi,"Hari Niwas,Bandra West, Bandra", Bandra,Mumbai,4.0,600
Chaayos - Meri Wali Chai,"Near Andheri West Station, Andheri West", Andheri West,Mumbai,4.5,500
Silver Spoon,"Near Andheri West Station, Andheri West", Andheri West,Mumbai,3.0,600
Sazio Fine Dine,"Moraj Palm Paradise,Sanpada, Navi Mumbai", Navi Mumbai,Mumbai,4.6,1500
Lucky Restaurant,"Goregaon East, North Western", North Western,Mumbai,3.9,500
Nom Nom,"Near Andheri West Station, Andheri West", Andheri West,Mumbai,4.4,2000
Mad Over Donuts,"Shubham Housing Society,Versova, Andheri West", Andheri West,Mumbai,4.4,450
Wanton House,"Near Andheri West Station, Andheri West", Andheri West,Mumbai,4.1,900
1441 Pizzeria,"Andheri Lokhandwala, Andheri West", Andheri West,Mumbai,4.6,1200
Mesa Bistro,"Svenska Design Hotel,Near Andheri West Station, Andheri West", Andheri West,Mumbai,3.5,2000
Coffee By Di Bella,"Near Andheri West Station, Andheri West", Andheri West,Mumbai,4.4,700
Cafe Waffles Coffee & More,"Versova, Andheri West", Andheri West,Mumbai,4.4,300
Sai Shraddha Veg Treat,"Shanti Cottage,Thane West, Thane", Thane,Mumbai,3.9,800
Dhamaka Cafe & Lounge Bar,"Bandra West, Bandra", Bandra,Mumbai,4.0,1500
The Calcutta Club,"Near Andheri West Station, Andheri West", Andheri West,Mumbai,4.0,1000
The Atrangii House,"Airoli, Navi Mumbai", Navi Mumbai,Mumbai,4.4,2000
Social,"Gagangiri CHS,Bandra West, Bandra", Bandra,Mumbai,4.2,2000
New York Burrito Company,"Oshiwara, North Western", North Western,Mumbai,4.2,600
Kissa Stories Over Food,"Andheri Lokhandwala, Andheri West", Andheri West,Mumbai,4.3,1500
Gustoso,"Jharna Apartments,Khar West, Bandra", Bandra,Mumbai,4.4,2500
Jamjar Diner,"Gazebo House,Bandra West, Bandra", Bandra,Mumbai,4.4,1500
Mad Over Donuts,"Near Andheri West Station, Andheri West", Andheri West,Mumbai,4.4,450
Dinshaw's Xpress Cafe,"Oshiwara, North Western", North Western,Mumbai,4.5,1500
Ottoman Cafe,"Andheri Lokhandwala, Andheri West", Andheri West,Mumbai,3.0,1000
Kill No Kalorie,"Kulkarni CHS Building,Thane West, Thane", Thane,Mumbai,5.0,900
New York Burrito Company,"Kalpitam Society,Bandra West, Bandra", Bandra,Mumbai,4.5,600
Angrezi Patiyalaa,"Khopat, Thane", Thane,Mumbai,4.2,2000
Fire Bowl,"Oshiwara, North Western", North Western,Mumbai,3.6,800
Kath N Ghat,"Panch Pakhadi, Thane", Thane,Mumbai,4.5,1500
Lucky Restaurant,"Bandra West, Bandra", Bandra,Mumbai,3.9,500
Flavors,"Hotel Yogi Metropolitan,Sanpada, Navi Mumbai", Navi Mumbai,Mumbai,4.3,1500
Pop Tate's,"Korum Mall,Thane West, Thane", Thane,Mumbai,4.2,2000
Tossin Pizza,"Rizvi Palace,Bandra West, Bandra", Bandra,Mumbai,4.6,1000
Warehouse KitchenBar,"Malad West, North Western", North Western,Mumbai,4.2,2000
Shikara,"Hotel Highway View,Sanpada, Navi Mumbai", Navi Mumbai,Mumbai,4.2,1800
Harbour O' Four,"Sun Magnetica Building,Thane West, Thane", Thane,Mumbai,4.1,1600
Urban Tadka,"Mohit Height Tower,Near Andheri West Station, Andheri West", Andheri West,Mumbai,4.3,1600
Gajalee,"Near Andheri West Station, Andheri West", Andheri West,Mumbai,4.5,1500
Mi Hi Koli,"Ajit Darshan Building,Thane West, Thane", Thane,Mumbai,4.0,1000
Frozen Bottle,"Mazgaon, South Mumbai", South Mumbai,Mumbai,4.5,500
The Irish House,"Gasper Enclave,Bandra West, Bandra", Bandra,Mumbai,4.4,2000
Kasbah Grand,"Chandiwala Arcade,Goregaon West, North Western", North Western,Mumbai,4.1,2000
Green Leaf,"Balwanth Niwas,Thane West, Thane", Thane,Mumbai,4.2,900
Mia Cuccinna,"Bandra West, Bandra", Bandra,Mumbai,4.2,2200
Green Tadka,"Goregaon West, North Western", North Western,Mumbai,3.6,700
Coffee By Di Bella,"Carlton Court,Bandra West, Bandra", Bandra,Mumbai,4.6,700
Tavaa,"Saqib CHS,Bandra West, Bandra", Bandra,Mumbai,3.8,800
Wow! China by Wow! Momo,"Gagangiri CHS,Bandra West, Bandra", Bandra,Mumbai,4.5,1600
Mamagoto,"Gazebo House,Bandra West, Bandra", Bandra,Mumbai,4.5,1500
Boojee Cafe,"Rays House CHS,Bandra West, Bandra", Bandra,Mumbai,5.0,800
Fire Bowl,"Malad West, North Western", North Western,Mumbai,4.4,800
Misal Adda,"Thane West, Thane", Thane,Mumbai,3.8,200
Spice It,"Ibis Hotel,Turbhe, Navi Mumbai", Navi Mumbai,Mumbai,4.1,1200
The Nutcracker,"Bandra West, Bandra", Bandra,Mumbai,4.6,1200
Soul Fry,"Silver Croft Building,Bandra West, Bandra", Bandra,Mumbai,3.9,1000
Pablo - The Art Cafe Lounge,"Turbhe, Navi Mumbai", Navi Mumbai,Mumbai,4.2,2500
Persia Darbar,"Near Andheri West Station, Andheri West", Andheri West,Mumbai,4.5,1000
The Bagel Shop,"Anand Villa,Bandra West, Bandra", Bandra,Mumbai,4.4,1000
Thambbi,"Gagangiri CHS,Thane West, Thane", Thane,Mumbai,3.0,800
Tibbs Frankie,"Inorbit Mall,Vashi, Navi Mumbai", Navi Mumbai,Mumbai,1.7,200
Meraki,"Bandra West, Bandra", Bandra,Mumbai,4.2,600
Phelia Lounge,"Goregaon West, North Western", North Western,Mumbai,4.0,2000
Banana Leaf,"Malad West, North Western", North Western,Mumbai,4.6,1000
Coffee By Di Bella,"Mehta Building,Matunga East, South Mumbai", South Mumbai,Mumbai,4.4,700
Messy Addaa,"Matunga East, South Mumbai", South Mumbai,Mumbai,4.6,700
Cafe Nutrithink,"Panch Pakhadi, Thane", Thane,Mumbai,4.0,1000
By The Bae - Kitchen And Bar,"Versova, Andheri West", Andheri West,Mumbai,4.1,2000
Frozen Bottle,"Inorbit Mall,Malad West, North Western", North Western,Mumbai,4.4,500
New York Burrito Company,"Inorbit Mall,Malad West, North Western", North Western,Mumbai,4.3,600
Bougainvillea,"Turbhe, Navi Mumbai", Navi Mumbai,Mumbai,4.4,1300
Mad Over Donuts,"Inorbit Mall,Malad West, North Western", North Western,Mumbai,4.3,450
Bandra Gomantak,"Bandra West, Bandra", Bandra,Mumbai,3.6,800
Ottoman Cafe,"Versova, Andheri West", Andheri West,Mumbai,4.3,1500
Howra Burger,"Dunhill Apartments,Bandra West, Bandra", Bandra,Mumbai,4.2,600
Mad Over Donuts,"HyperCITY Mall,Malad West, North Western", North Western,Mumbai,4.4,450
Kakori House,"Shiv Sagar CHS,Mahim, South Mumbai", South Mumbai,Mumbai,4.2,1500
PizzAah! District,"7 Bungalows, Andheri West", Andheri West,Mumbai,2.4,600
British Waffle Co.,"Vastu Tower,Goregaon East, North Western", North Western,Mumbai,1.0,400
Tibbs Frankie,"Inorbit Mall,Malad West, North Western", North Western,Mumbai,4.1,200
New Sernyaa,"Adarsh Nagar, Andheri West", Andheri West,Mumbai,1.7,800
Shake N Crack,"Sanpada, Navi Mumbai", Navi Mumbai,Mumbai,2.3,200
6th Street Yogurt,"Rachael Building,Bandra West, Bandra", Bandra,Mumbai,4.5,300
Persia Darbar,"Malad West, North Western", North Western,Mumbai,4.6,1000
Eataeria,"Bandra West, Bandra", Bandra,Mumbai,4.4,800
Phelia Terrace,"First Avenue,Goregaon West, North Western", North Western,Mumbai,3.3,2000
Banana Leaf,"Korum Mall,Thane West, Thane", Thane,Mumbai,4.3,1000
Bachelorr's,"Kosamda,Bandra West, Bandra", Bandra,Mumbai,4.2,300
Chaayos - Meri Wali Chai,"Near Andheri West Station, Andheri West", Andheri West,Mumbai,4.5,500
Pop Tate's,"Parth Business Plaza,Malad West, North Western", North Western,Mumbai,4.3,2000
Bruciato Food Factory,"Near Andheri West Station, Andheri West", Andheri West,Mumbai,3.9,1000
Tibbs Frankie,"Korum Mall,Thane West, Thane", Thane,Mumbai,3.9,200
Wanton House,"Shams Palace,Bandra West, Bandra", Bandra,Mumbai,4.0,900
HAS South Bombay,"Inorbit Mall,Malad West, North Western", North Western,Mumbai,3.5,500
Naans n Noodles,"Hotel Yogi Midtown,Turbhe, Navi Mumbai", Navi Mumbai,Mumbai,3.9,1000
Kakori House,"Bandra West, Bandra", Bandra,Mumbai,3.7,1500
Beyond - Wine & Dine,"Malad West, North Western", North Western,Mumbai,4.3,2200
Thangabali,"Manmohan Bhavan,Mahim, South Mumbai", South Mumbai,Mumbai,4.4,1200
Fire Bowl,"Mangal Orchid CHS,Near Andheri West Station, Andheri West", Andheri West,Mumbai,4.3,800
Dewano Daa Dhaba,"Near Andheri West Station, Andheri West", Andheri West,Mumbai,4.5,900
Nomada,"Near Andheri West Station, Andheri West", Andheri West,Mumbai,3.6,1500
Coffee By Di Bella,"Versova, Andheri West", Andheri West,Mumbai,4.4,700
Stir Fry Grill,"Malad West, North Western", North Western,Mumbai,4.3,1500
The Food Studio,"Nisha Palace,Malad West, North Western", North Western,Mumbai,4.1,1400
Goa Portuguesa,"Mili CHS,Mahim, South Mumbai", South Mumbai,Mumbai,4.3,1500
Sirocco,"Versova, Andheri West", Andheri West,Mumbai,4.3,1200
Diva Maharashtracha,"Mili CHS,Mahim, South Mumbai", South Mumbai,Mumbai,4.4,2000
Yoko Sizzlers,"Malad West, North Western", North Western,Mumbai,4.3,2400
SodaBottleOpenerWala,"Viviana Mall,Thane West, Thane", Thane,Mumbai,4.2,1600
Dakshin Culture Curry,"Mili CHS,Mahim, South Mumbai", South Mumbai,Mumbai,4.1,2000
Mad Over Donuts,"Viviana Mall,Thane West, Thane", Thane,Mumbai,4.6,450
Sammy Sosa,"Raj Infinia,Malad West, North Western", North Western,Mumbai,4.3,2200
PizzaExpress,"Viviana Mall,Thane West, Thane", Thane,Mumbai,4.2,2000
Aromas Cafe,"Viviana Mall,Thane West, Thane", Thane,Mumbai,4.4,1000
Mad Over Donuts,"Growel's 101 Mall,Kandivali East, North Western", North Western,Mumbai,4.6,450
Mainland China,"Viviana Mall,Thane West, Thane", Thane,Mumbai,4.3,1800
Coffee By Di Bella,"West Wind Apartment,Mahim, South Mumbai", South Mumbai,Mumbai,4.2,700
Pokket Cafe,"Kandivali East, North Western", North Western,Mumbai,4.2,600
63 By - Lane,"Evershine Millennium Paradise,Kandivali East, North Western", North Western,Mumbai,4.6,900
Aditi Fast Food,"Malad West, North Western", North Western,Mumbai,3.7,500
Ambience All Day Dining,"Kandivali East, North Western", North Western,Mumbai,4.2,1500
China Bistro,"Infinity Shopping Complex,Thane West, Thane", Thane,Mumbai,4.4,2000
TASCA Oriental Cuisine,"Cosmos Paradise,Thane West, Thane", Thane,Mumbai,4.2,1000
Tanatan,"Vidya Bhavan,Dadar West, South Mumbai", South Mumbai,Mumbai,4.3,1800
Frozen Bottle,"Viviana Mall,Thane West, Thane", Thane,Mumbai,4.4,500
The Irish House,"Viviana Mall,Thane West, Thane", Thane,Mumbai,4.1,2000
High On Tea,"Evershine Insat CHS,Kandivali East, North Western", North Western,Mumbai,4.2,600
Gigil Brasserie,"Kandivali East, North Western", North Western,Mumbai,4.2,1000
Frozen Bottle,"Infiniti Mall,Malad West, North Western", North Western,Mumbai,4.1,500
Mad Over Donuts,"Shakuntal Building,Dadar West, South Mumbai", South Mumbai,Mumbai,4.7,450
Yoko Sizzlers,"Viviana Mall,Thane West, Thane", Thane,Mumbai,3.9,2400
Wah Maratha,"Summer Castle Compound,Thane West, Thane", Thane,Mumbai,3.8,400
Silver Oaks,"Agarwal Centre,Malad West, North Western", North Western,Mumbai,4.3,1500
Coffee By Di Bella,"Jagdamba Commercial Complex,Malad West, North Western", North Western,Mumbai,4.6,1200
Tibbs Frankie,"Infiniti Mall,Malad West, North Western", North Western,Mumbai,3.9,200
Ebony Fine Dine,"Vishnu Shivam Mall,Kandivali East, North Western", North Western,Mumbai,4.2,1600
Coffee By Di Bella,"Devchhay Building,Dadar West, South Mumbai", South Mumbai,Mumbai,4.4,700
The Momo Factory,"Hari Niwas,Dadar West, South Mumbai", South Mumbai,Mumbai,3.5,400
Tibbs Frankie,"Dadar West, South Mumbai", South Mumbai,Mumbai,4.3,200
Tibbs Frankie,"Viviana Mall,Thane West, Thane", Thane,Mumbai,4.0,200
The Flip Bar,"Vishnu Shivam Mall,Kandivali East, North Western", North Western,Mumbai,4.2,1000
Alfredo's,"Pleasant Park,Malad West, North Western", North Western,Mumbai,4.0,1200
Chaayos - Meri Wali Chai,"Viviana Mall,Thane West, Thane", Thane,Mumbai,3.8,500
Angrezi Dhaba,"Nakshtra Mall,Dadar West, South Mumbai", South Mumbai,Mumbai,4.1,1500
1441 Pizzeria,"Raj Infinia,Malad West, North Western", North Western,Mumbai,4.3,1200
The Burrow Cafe,"Malad West, North Western", North Western,Mumbai,4.1,500
Chinese Wok (Wok Express),"Viviana Mall,Thane West, Thane", Thane,Mumbai,3.6,800
Urban Tadka,"Parth Business Plaza,Malad West, North Western", North Western,Mumbai,4.3,1600
Ming Yang,"Taj Lands End Hotel,Bandra West, Bandra", Bandra,Mumbai,4.5,4000
Froozo,"King Palace,Malad West, North Western", North Western,Mumbai,2.2,800
Hotel Rishi,"Shinde Estate,Dadar East, South Mumbai", South Mumbai,Mumbai,4.2,1200
BrewDog Mid-Town Mumbai,"Lower Parel, South Mumbai", South Mumbai,Mumbai,5.0,1600
Vividh NX Bar & Cafe,"Gayatri Shivam Apartment,Kandivali East, North Western", North Western,Mumbai,4.3,1600
Banjara Dhaba,"Kandivali East, North Western", North Western,Mumbai,3.5,500
Crave Junction,"Kandivali West, North Western", North Western,Mumbai,3.9,1000
Express Eats by Tasca,"Cosmos Paradise,Thane West, Thane", Thane,Mumbai,3.3,500
1441 Pizzeria,"Ashar Tiara Complex,Thane West, Thane", Thane,Mumbai,4.5,1200
Fisco Restobar,"Kandivali West, North Western", North Western,Mumbai,4.3,2000
90ft Above,"Vini Elegance,Borivali West, North Western", North Western,Mumbai,4.1,1200
Cottage Grill,"Dadar West, South Mumbai", South Mumbai,Mumbai,4.3,1200
Zaiqaa,"Rajaram Estate,Dadar East, South Mumbai", South Mumbai,Mumbai,3.8,800
Uttar Dakshin Veg Treat,"Vasant Vihar, Thane", Thane,Mumbai,4.1,900
Chitchat Chai,"Kandivali West, North Western", North Western,Mumbai,3.8,600
Dwarka Restaurant,"Nerul, Navi Mumbai", Navi Mumbai,Mumbai,3.7,700
City Forestt Family Restaurant & Bar,"Thane West, Thane", Thane,Mumbai,4.4,2000
Royal Rasoi,"Hawares Centurion Mall,Seawoods, Navi Mumbai", Navi Mumbai,Mumbai,4.5,1000
Arabian Chillies Restaurant,"Dreamz Horizon Building,Nerul, Navi Mumbai", Navi Mumbai,Mumbai,3.9,1000
Twistie's,"Sunrise Shopping Center,Thane West, Thane", Thane,Mumbai,4.4,800
Pizza Caprina,"Nerul, Navi Mumbai", Navi Mumbai,Mumbai,3.5,400
Chaayos - Meri Wali Chai,"Nerul, Navi Mumbai", Navi Mumbai,Mumbai,4.8,500
Arab Restaurant,"Sewri, South Mumbai", South Mumbai,Mumbai,3.9,700
Cheelizza,"Raj Arcade,Kandivali West, North Western", North Western,Mumbai,4.3,600
Kattyz,"Amrapali Shopping Center,Vasant Vihar, Thane", Thane,Mumbai,3.0,200
Preeti Sandwich and Juice Centre,"Amanda Shopping Centre,Thane West, Thane", Thane,Mumbai,4.7,600
Upper Deck,"Hawares Centurion Mall,Seawoods, Navi Mumbai", Navi Mumbai,Mumbai,4.2,1000
Punjab Grill,"Nerul, Navi Mumbai", Navi Mumbai,Mumbai,4.2,3000
San Marzano Pizzeria & Grill,"Kandivali West, North Western", North Western,Mumbai,4.7,500
Monopoly,"Borivali West, North Western", North Western,Mumbai,3.9,600
Cafe Amigos,"Sunrise Shopping Center,Thane West, Thane", Thane,Mumbai,4.2,1000
Mad Over Donuts,"Profit Centre,Kandivali West, North Western", North Western,Mumbai,4.4,450
Balaji Idli House,"Panchsheel Heights,Kandivali West, North Western", North Western,Mumbai,4.2,800
99 Pancakes,"Raj Arcade,Kandivali West, North Western", North Western,Mumbai,4.0,500
Gigil Brasserie,"Bhattad Towers,Borivali West, North Western", North Western,Mumbai,4.3,1000
Mad Over Donuts,"Bhattad Towers,Borivali West, North Western", North Western,Mumbai,4.4,450
Frozen Bottle,"Prabhadevi, South Mumbai", South Mumbai,Mumbai,4.4,500
Coconuts Lagoon Coastal Cuisine & Bar,"Dosti Imperia,Thane West, Thane", Thane,Mumbai,4.5,1500
Aromas Cafe,"Seawoods, Navi Mumbai", Navi Mumbai,Mumbai,4.2,1000
London Taxi,"Kamala Mills Compound,Lower Parel, South Mumbai", South Mumbai,Mumbai,4.4,1600
Food Hub Family Restaurant,"Seawoods, Navi Mumbai", Navi Mumbai,Mumbai,3.8,800
Taco Bell,"Seawoods Grand Central Mall,Seawoods, Navi Mumbai", Navi Mumbai,Mumbai,4.0,500
East Asia - The Asian Fanfare,"Borivali West, North Western", North Western,Mumbai,4.4,1200
Coffee By Di Bella,"Bhattad Towers,Borivali West, North Western", North Western,Mumbai,4.1,700
House of Misal,"Borivali West, North Western", North Western,Mumbai,5.0,200
Around d' Globe,"Borivali West, North Western", North Western,Mumbai,4.3,1000
Pop Tate's,"R Mall,Thane West, Thane", Thane,Mumbai,4.2,2000
KOKO,"Kamala Mills Compound,Lower Parel, South Mumbai", South Mumbai,Mumbai,4.7,3000
Magari,"Kandivali West, North Western", North Western,Mumbai,4.0,900
Pop Tate's,"Kamala Mills Compound,Lower Parel, South Mumbai", South Mumbai,Mumbai,4.3,2000
Banana Leaf,"Aditiya Apartments,Borivali West, North Western", North Western,Mumbai,4.2,1000
MH04 The Drunk Yard,"Kothari Compound,Thane West, Thane", Thane,Mumbai,4.3,2000
The Bombay Cartel,"Kamala Mills Compound,Lower Parel, South Mumbai", South Mumbai,Mumbai,4.2,1800
"Ambrosia Cakes, Bakes and Snacks","Malad West, North Western", North Western,Mumbai,4.0,400
Amar Juice & Restaurant,"Borivali West, North Western", North Western,Mumbai,4.0,500
Maple Restro Bar,"Agarwal Arcade,Thane West, Thane", Thane,Mumbai,4.1,1000
99 Pancakes,"Prabhadevi, South Mumbai", South Mumbai,Mumbai,3.0,500
Makhna,"Seawoods, Navi Mumbai", Navi Mumbai,Mumbai,3.2,1700
Younion,"Kamala Mills Compound,Lower Parel, South Mumbai", South Mumbai,Mumbai,4.3,2000
Angrezi Dhaba,"Todi Mills,Lower Parel, South Mumbai", South Mumbai,Mumbai,4.1,1500
Delhi Highway,"Todi Mills,Lower Parel, South Mumbai", South Mumbai,Mumbai,4.3,1200
Frozen Bottle,"Bhoomi Enclave,Kandivali West, North Western", North Western,Mumbai,2.5,500
Dinshaw's Xpress Cafe,"Borivali West, North Western", North Western,Mumbai,4.2,1500
Masala Mastee,"Borivali West, North Western", North Western,Mumbai,4.3,1200
Prasad Food Divine,"Manpada, Thane", Thane,Mumbai,4.4,1000
Chaayos - Meri Wali Chai,"Kamala Mills Compound,Lower Parel, South Mumbai", South Mumbai,Mumbai,4.3,500
New York Burrito Company,"Kamala Mills Compound,Lower Parel, South Mumbai", South Mumbai,Mumbai,4.3,600
Aromas Cafe & Bistro,"Indiabulls Finance Center,Lower Parel, South Mumbai", South Mumbai,Mumbai,2.8,1500
Sammy Sosa,"CBD-Belapur, Navi Mumbai", Navi Mumbai,Mumbai,4.6,1500
Pop Tate's,"The Walk,Thane West, Thane", Thane,Mumbai,4.5,2000
Yum In Tum,"Borivali West, North Western", North Western,Mumbai,5.0,400
West 1,"The Park Navi Mumbai,CBD-Belapur, Navi Mumbai", Navi Mumbai,Mumbai,4.0,3000
Street Gourmet,"Borivali West, North Western", North Western,Mumbai,3.8,1000
Srinathji's,"Jagdamba Bhavan,Lower Parel, South Mumbai", South Mumbai,Mumbai,4.3,500
Ambience Bar & Kitchen,"Jagdamba Bhavan,Lower Parel, South Mumbai", South Mumbai,Mumbai,4.3,2000
K's Charcoal,"Borivali West, North Western", North Western,Mumbai,4.0,1000
Social,"Mathuradas Mills Compound,Lower Parel, South Mumbai", South Mumbai,Mumbai,3.8,2000
1441 Pizzeria,"Kamala Mills Compound,Lower Parel, South Mumbai", South Mumbai,Mumbai,4.6,1200
Dhaba Cafe,"Mariam Mansion,Lower Parel, South Mumbai", South Mumbai,Mumbai,4.7,600
Zaika Crave,"Club Aquaria,Borivali West, North Western", North Western,Mumbai,4.3,1500
Invento,"Shinde Building,Lower Parel, South Mumbai", South Mumbai,Mumbai,4.2,1300
Dusk,"The Park Navi Mumbai,CBD-Belapur, Navi Mumbai", Navi Mumbai,Mumbai,3.5,2500
Elementaria Bakery Cafe,"Lower Parel, South Mumbai", South Mumbai,Mumbai,4.3,800
Mad Over Donuts,"High Street Phoenix Mall,Lower Parel, South Mumbai", South Mumbai,Mumbai,4.5,450
GASTRONOM,"Bhailal Building,Lower Parel, South Mumbai", South Mumbai,Mumbai,4.0,800
RamKrishna Palace,"CBD-Belapur, Navi Mumbai", Navi Mumbai,Mumbai,4.7,800
Riso,"Janta Industrial Estate,Lower Parel, South Mumbai", South Mumbai,Mumbai,4.2,1500
The Joker Bistro,"CBD-Belapur, Navi Mumbai", Navi Mumbai,Mumbai,4.2,1600
The Sahib Room & Kipling Bar,"The St. Regis Mumbai,Lower Parel, South Mumbai", South Mumbai,Mumbai,4.5,4000
Pangat,"Shree Gayatri Ganesh Apartment,Borivali West, North Western", North Western,Mumbai,4.1,700
Ithaka - Veg Lebanese Kitchen,"Janta Industrial Estate,Lower Parel, South Mumbai", South Mumbai,Mumbai,4.2,1500
Firki*,"Janta Industrial Estate,Lower Parel, South Mumbai", South Mumbai,Mumbai,4.0,1000
Farmhouse Palladium,"Borivali West, North Western", North Western,Mumbai,5.0,2000
Bayroute,"High Street Phoenix Mall,Lower Parel, South Mumbai", South Mumbai,Mumbai,4.3,3000
Udupi Shri Krishna,"Kukreja Plaza,CBD-Belapur, Navi Mumbai", Navi Mumbai,Mumbai,4.8,1000
Chin Chin Chu,"Worli, South Mumbai", South Mumbai,Mumbai,4.5,2500
Honey Chillies,"CBD-Belapur, Navi Mumbai", Navi Mumbai,Mumbai,4.5,1000
Shaollin Temple,"CBD-Belapur, Navi Mumbai", Navi Mumbai,Mumbai,4.5,1500
Pranaam Fine Dine & Bar,"CBD-Belapur, Navi Mumbai", Navi Mumbai,Mumbai,4.2,1000
Jade Buddha's Pub and Kitchen,"Citi Tower,CBD-Belapur, Navi Mumbai", Navi Mumbai,Mumbai,4.1,1600
GupShup - Redefining Food,"Raghuvanshi Mills Compound,Lower Parel, South Mumbai", South Mumbai,Mumbai,4.2,1200
Gymkhana 91 Bar & Kitchen,"Raghuvanshi Mills Compound,Lower Parel, South Mumbai", South Mumbai,Mumbai,4.3,1200
Masque,"Laxmi Woolen Mills,Mahalaxmi, South Mumbai", South Mumbai,Mumbai,4.6,8000
Tibbs Frankie,"High Street Phoenix Mall,Lower Parel, South Mumbai", South Mumbai,Mumbai,3.5,200
Chaai Centre,"CBD-Belapur, Navi Mumbai", Navi Mumbai,Mumbai,4.3,500
Tokyo Treat,"Bhailal Building,Lower Parel, South Mumbai", South Mumbai,Mumbai,3.0,1000
Sizzling China,"Lower Parel, South Mumbai", South Mumbai,Mumbai,4.3,1200
Tibbs Frankie,"High Street Phoenix Mall,Lower Parel, South Mumbai", South Mumbai,Mumbai,3.7,200
Dhamaka Cafe & Lounge Bar,"Mahavir Icon,CBD-Belapur, Navi Mumbai", Navi Mumbai,Mumbai,4.0,1500
99 Pancakes,"Lower Parel, South Mumbai", South Mumbai,Mumbai,4.0,500
The Wadapav Cafe,"Borivali East, North Western", North Western,Mumbai,1.8,400
Thee Confectionery,"Lower Parel, South Mumbai", South Mumbai,Mumbai,1.0,600
China Bistro,"Worli, South Mumbai", South Mumbai,Mumbai,4.3,2000
Silver Coin,"Raj Sebastain Kinny Apartment,Borivali West, North Western", North Western,Mumbai,4.5,1000
Light House Cafe,"Sun Ville,Worli, South Mumbai", South Mumbai,Mumbai,4.0,2500
Glocal Junction,"Nehru Centre,Worli, South Mumbai", South Mumbai,Mumbai,4.4,2200
Pritam's Global Cuisine,"Rosa Vista,Thane West, Thane", Thane,Mumbai,4.2,2000
99 Pancakes,"Borivali West, North Western", North Western,Mumbai,4.0,500
Wowfillss,"Kharghar, Navi Mumbai", Navi Mumbai,Mumbai,4.0,500
Persian Darbar,"Alexandra Terrace,Byculla, South Mumbai", South Mumbai,Mumbai,4.3,1500
Pizzaria House,"Kandivali West, North Western", North Western,Mumbai,1.0,1000
La Crosta,"Kharghar, Navi Mumbai", Navi Mumbai,Mumbai,4.1,400
Hugs & Mugs,"Bhoomi Towers,Kharghar, Navi Mumbai", Navi Mumbai,Mumbai,4.5,700
Banjara Dhaba,"Borivali West, North Western", North Western,Mumbai,4.0,700
Cheezzo By Pi,"Bhoomi Towers,Kharghar, Navi Mumbai", Navi Mumbai,Mumbai,4.6,300
Paps Premium Lounge,"Rosa Vista,Thane West, Thane", Thane,Mumbai,4.1,2000
The Burger Pit,"Saffron Building,Borivali West, North Western", North Western,Mumbai,4.5,800
Kafe ATM,"Borivali West, North Western", North Western,Mumbai,4.9,800
Bombay Street Co.,"Atria The Millennium Mall,Worli, South Mumbai", South Mumbai,Mumbai,4.0,1200
Tibbs Frankie,"Kandivali East, North Western", North Western,Mumbai,4.3,500
The Nawaabs,"Kharghar, Navi Mumbai", Navi Mumbai,Mumbai,4.3,800
Pop Tate's,"Lodha Xperia Mall,Dombivli East, Dombivali", Dombivali,Mumbai,4.4,2000
The Fusion Kitchen,"Borivali West, North Western", North Western,Mumbai,4.5,1400
Village 12-20 Pure Veg,"Kharghar, Navi Mumbai", Navi Mumbai,Mumbai,3.8,1000
Tibbs Frankie,"Kharghar, Navi Mumbai", Navi Mumbai,Mumbai,4.0,500
Cheelizza,"Thane West, Thane", Thane,Mumbai,4.1,600
Veg Planet,"Kharghar, Navi Mumbai", Navi Mumbai,Mumbai,4.2,800
Mad Over Donuts,"Dombivli East, Dombivali", Dombivali,Mumbai,4.5,450
Desi Videshi Cafe,"Rosa Vista,Thane West, Thane", Thane,Mumbai,3.7,800
Mad Over Donuts,"Sai Swar CHS,Kharghar, Navi Mumbai", Navi Mumbai,Mumbai,4.7,450
Chaayos - Meri Wali Chai,"The Walk,Thane West, Thane", Thane,Mumbai,4.6,500
Hotel Sindhudurga Coastal,"Kharghar, Navi Mumbai", Navi Mumbai,Mumbai,5.0,700
Frozen Bottle,"Sai Swar CHS,Kharghar, Navi Mumbai", Navi Mumbai,Mumbai,4.6,500
D'Crepes Cafe,"Avilla Apartments,Thane West, Thane", Thane,Mumbai,4.5,1000
Cheelizza,"Kharghar, Navi Mumbai", Navi Mumbai,Mumbai,4.2,600
Cafe Monza,"Bhoomi Heights Tower,Kharghar, Navi Mumbai", Navi Mumbai,Mumbai,4.5,1500
Relish Cherish,"Hill Spring building,Thane West, Thane", Thane,Mumbai,4.8,800
Balaji Food Junction,"Cosmos Jewels,Ghodbunder Road, Thane", Thane,Mumbai,4.1,400
Ministry of Sounds,"Cosmos Jewels,Ghodbunder Road, Thane", Thane,Mumbai,4.0,1000
Hapi Brewing Co.,"Dahisar East, North Western", North Western,Mumbai,4.1,1200
Backyard Beer Garden,"Mira Road East, North Western", North Western,Mumbai,4.0,1000
Royale MasterChef Finedine and Bar,"Gagangri Complex,Dahisar West, North Western", North Western,Mumbai,4.4,1400
Whatta Waffle!,"Hiranandani Estate,Thane West, Thane", Thane,Mumbai,4.3,300
Wai Wai City,"Kharghar, Navi Mumbai", Navi Mumbai,Mumbai,3.5,800
Royale MasterChef Lounge,"Gagangri Complex,Dahisar West, North Western", North Western,Mumbai,4.4,2500
Lucknowee Tunday Kebab,"Byculla, South Mumbai", South Mumbai,Mumbai,4.2,800
99 Pancakes,"Bhoomi Towers,Kharghar, Navi Mumbai", Navi Mumbai,Mumbai,2.8,500
Mondo,"Omkareshwar Building,Dahisar West, North Western", North Western,Mumbai,4.0,1300
Eggsplore,"Essel World,Borivali West, North Western", North Western,Mumbai,5.0,500
Rivaaz,"The Sahil Hotel,Mumbai Central, South Mumbai", South Mumbai,Mumbai,4.3,1500
Wowfillss,"Nathani Heights,Mumbai Central, South Mumbai", South Mumbai,Mumbai,4.7,500
Bluet Restaurant,"The Sahil Hotel,Mumbai Central, South Mumbai", South Mumbai,Mumbai,4.2,1800
Mr. Grill,"Kasarvadavali, Thane", Thane,Mumbai,4.1,1000
Dara's Dhaba,"Mira Road East, North Western", North Western,Mumbai,4.2,1500
The Amritsar Haveli,"Kharghar, Navi Mumbai", Navi Mumbai,Mumbai,3.6,1000
My Cafe,"Mira Road East, North Western", North Western,Mumbai,5.0,500
Shalimar Restaurant,"Masjid Bunder, South Mumbai", South Mumbai,Mumbai,4.3,1000
Tibbs Frankie,"Breach Candy, South Mumbai", South Mumbai,Mumbai,4.0,300
Mad Over Donuts,"Cumballa Hill, South Mumbai", South Mumbai,Mumbai,4.7,450
Faham Restaurant & Lounge,"Sadguru Sadan,Masjid Bunder, South Mumbai", South Mumbai,Mumbai,4.4,1200
Pali Village,"Mira Road East, North Western", North Western,Mumbai,4.1,2000
Velvet Garden,"Ghodbunder Road, Thane", Thane,Mumbai,3.4,1500
Tibbs Frankie,"Tardeo, South Mumbai", South Mumbai,Mumbai,3.2,200
Amar Fast Food & Restaurant,"Tardeo, South Mumbai", South Mumbai,Mumbai,4.3,500
Flax,"Hubtown Skybay,Breach Candy, South Mumbai", South Mumbai,Mumbai,3.0,900
Sudama,"Hotel Krishna Palace Residency,Grant Road, South Mumbai", South Mumbai,Mumbai,4.3,1500
Malhaar Lunch Home,"Blossom Arcade,Mira Road, North Western", North Western,Mumbai,4.4,800
36 Downtown Restobar,"Kemps Corner, South Mumbai", South Mumbai,Mumbai,4.2,1800
New York Burrito Company,"Fulchand Nivas,Girgaum, South Mumbai", South Mumbai,Mumbai,4.5,600
Shake Me Up,"Mira Road, North Western", North Western,Mumbai,5.0,500
Gulmurg,"The Shalimar Hotel,Kemps Corner, South Mumbai", South Mumbai,Mumbai,4.3,1800
6th Street Yogurt,"Chinoy Mansion,Kemps Corner, South Mumbai", South Mumbai,Mumbai,4.0,300
Khana Khazana,"Charni Road, South Mumbai", South Mumbai,Mumbai,4.7,500
Happiness Deli,"Crescent House,Grant Road, South Mumbai", South Mumbai,Mumbai,3.9,500
Rising Cafe & Diner,"Charni Road, South Mumbai", South Mumbai,Mumbai,4.3,1500
Wowfillss,"Charni Road, South Mumbai", South Mumbai,Mumbai,4.5,500
Ustaadi,"Sitaram Building,Mumbai CST Area, South Mumbai", South Mumbai,Mumbai,4.4,1300
Some Place Nice,"Poonam Sagar Complex,Mira Road, North Western", North Western,Mumbai,2.1,1800
New Food Junxion,"Mira Road, North Western", North Western,Mumbai,4.4,500
Ikka,"Pallavi Avida,Kalamboli, Navi Mumbai", Navi Mumbai,Mumbai,4.2,1000
The Back Bencherz,"Mira Road, North Western", North Western,Mumbai,3.8,1800
Pancharatna Restaurant & Bar,"Surya Kalyani Mansion Building,Marine Lines, South Mumbai", South Mumbai,Mumbai,4.3,1500
Pizza Burst,"Beverly Park,Mira Road, North Western", North Western,Mumbai,4.4,600
GO69 Pizza,"Mira Road East, North Western", North Western,Mumbai,4.5,600
Foo Town,"Nagin Mahal,Churchgate, South Mumbai", South Mumbai,Mumbai,4.7,2000
The Nutcracker,"Modern House,Fort, South Mumbai", South Mumbai,Mumbai,4.6,1200
The Clearing House,"Fort, South Mumbai", South Mumbai,Mumbai,4.5,3000
Social,"Glen Rose Building,Colaba, South Mumbai", South Mumbai,Mumbai,4.4,2000
Express Tadka,"Venkat Presidency Hotel,Panvel, Navi Mumbai", Navi Mumbai,Mumbai,3.6,1500
The Goose and Gridiron,"Fort, South Mumbai", South Mumbai,Mumbai,3.9,1800
Prasad Food Divine,"Dombivli East, Dombivali", Dombivali,Mumbai,4.4,800
Lalit Fine Dine,"Topiwala Building,Goregaon West, North Western", North Western,Mumbai,4.1,1200
99 Pancakes,"Charni Road, South Mumbai", South Mumbai,Mumbai,1.3,500
The Mumbai Masala,"Fort, South Mumbai", South Mumbai,Mumbai,4.5,500
Kokani Katta,"Mira Road, North Western", North Western,Mumbai,3.9,1000
Mocambo Cafe,"Fort, South Mumbai", South Mumbai,Mumbai,4.3,1600
Pratap Lunch Home,"Fort, South Mumbai", South Mumbai,Mumbai,4.5,900
Pritam's Dhaba,"Vasai East, North Western", North Western,Mumbai,4.0,1700
L&S Bistro,"InterContinental,Nariman Point, South Mumbai", South Mumbai,Mumbai,4.5,3000
PizzaExpress,"Dhanraj Mahal,Colaba, South Mumbai", South Mumbai,Mumbai,4.5,1800
The Lantern Bar at Kandeel,"Fort, South Mumbai", South Mumbai,Mumbai,3.9,1500
Bollywood Canteen,"Dombivli East, Dombivali", Dombivali,Mumbai,4.2,800
Desi Curry,"Fort, South Mumbai", South Mumbai,Mumbai,4.3,800
Mitron,"Fort, South Mumbai", South Mumbai,Mumbai,4.1,1500
Zaika Restaurant,"Bhayandar West, North Western", North Western,Mumbai,4.5,800
Spices & Flavours,"Rajabahadur Mansion,Fort, South Mumbai", South Mumbai,Mumbai,4.3,1500
The Bar Terminal,"Rajabahadur Mansion,Fort, South Mumbai", South Mumbai,Mumbai,4.2,1200
Tibbs Frankie,"Surya Mahal,Fort, South Mumbai", South Mumbai,Mumbai,4.5,200
Rue Du Liban,"Fort, South Mumbai", South Mumbai,Mumbai,4.5,3000
Punjab Grill,"Fort, South Mumbai", South Mumbai,Mumbai,4.3,3000
Bake House Cafe,"Ola Bake House,Fort, South Mumbai", South Mumbai,Mumbai,4.5,1500
The Bayview,"Hotel Marine Plaza,Marine Lines, South Mumbai", South Mumbai,Mumbai,4.4,3000
The Oriental Blossom,"Hotel Marine Plaza,Marine Lines, South Mumbai", South Mumbai,Mumbai,4.6,3500
Wowfillss,"Bhayandar West, North Western", North Western,Mumbai,4.1,500
The London Shakes,"Dombivli East, Dombivali", Dombivali,Mumbai,3.3,400
99 Pancakes,"Sukh Sagar Building,Girgaum, South Mumbai", South Mumbai,Mumbai,1.0,500
Effingut,"Dhanraj Mahal,Colaba, South Mumbai", South Mumbai,Mumbai,4.5,1500
Nara,"Colaba, South Mumbai", South Mumbai,Mumbai,4.6,2500
Jia - The Oriental Kitchen,"Dhanraj Mahal,Colaba, South Mumbai", South Mumbai,Mumbai,4.5,2500
Sassy Teaspoon,"Express Towers,Nariman Point, South Mumbai", South Mumbai,Mumbai,4.5,400
All Stir Fry,"The Gordon House Hotel,Colaba, South Mumbai", South Mumbai,Mumbai,4.4,2700
Tibbs Frankie,"CR2 Mall,Nariman Point, South Mumbai", South Mumbai,Mumbai,5.0,300
The Sassy Spoon,"Express Towers,Nariman Point, South Mumbai", South Mumbai,Mumbai,4.3,2000
Tankstelle Bistro,"Dombivli East, Dombivali", Dombivali,Mumbai,3.9,900
99 Pancakes,"Commerce House,Fort, South Mumbai", South Mumbai,Mumbai,2.8,500
Bayview Cafe,"Hotel Harbour View,Colaba, South Mumbai", South Mumbai,Mumbai,4.0,2000
Bayroute,"Minoo Manor Building,Cuffe Parade, South Mumbai", South Mumbai,Mumbai,4.5,3000
Tamarind,"Fariyas Hotel,Colaba, South Mumbai", South Mumbai,Mumbai,4.3,2000
Sizzling China,"Meherzin Building,Colaba, South Mumbai", South Mumbai,Mumbai,4.4,1200
Tibbs Frankie,"Cuffe Parade, South Mumbai", South Mumbai,Mumbai,5.0,500
Easyhuman Cafe,"Park House,Colaba, South Mumbai", South Mumbai,Mumbai,4.0,1200
Hammer & Song,"World Trade Centre,Cuffe Parade, South Mumbai", South Mumbai,Mumbai,4.7,2800
Flamboyante,"World Trade Centre,Cuffe Parade, South Mumbai", South Mumbai,Mumbai,4.6,2000
Sky Dhaba,"Kalyan West, Dombivali", Dombivali,Mumbai,3.3,1100
Wah! Malwan,"Kalyan West, Dombivali", Dombivali,Mumbai,3.3,1200
Prasad Food Divine,"Kalyan East, Dombivali", Dombivali,Mumbai,4.4,800
Farmhouse Sea N Sand,"Vasai West, North Western", North Western,Mumbai,4.1,1200
Farmhouse Garden Family Restaurant & Bar,"Vasai West, North Western", North Western,Mumbai,4.4,1000
Prasad Food Divine,"Vegas Residency,Kalyan West, Dombivali", Dombivali,Mumbai,4.4,800
WOW Cafe,"Kalyan West, Dombivali", Dombivali,Mumbai,4.2,900
Big Little Bombaye,"Vasai West, North Western", North Western,Mumbai,4.6,900
The Post Office Bistro Bar,"Solitaire Castle,Vasai West, North Western", North Western,Mumbai,3.9,1000
Vasai Republic,"Vasai West, North Western", North Western,Mumbai,4.1,1200
Tequila N Spices,"Ulhasnagar, Dombivali", Dombivali,Mumbai,2.5,1000
Bistro Grill,"Kalyan East, Dombivali", Dombivali,Mumbai,3.0,700
Gold Coin Restaurant,"Vasai West, North Western", North Western,Mumbai,4.5,1000
Wings On Fire,"Dattani Square Mall,Vasai West, North Western", North Western,Mumbai,5.0,1000
Kerala Cafe,"Vardan Apartment,Vasai West, North Western", North Western,Mumbai,4.2,800
Farmhouse Global Cuisine Restaurant,"Deep Jyot Building,Vasai West, North Western", North Western,Mumbai,4.5,1000
Dhuri Veg World,"Vasai West, North Western", North Western,Mumbai,4.3,1400
Urban Juice Cafe,"Vasai West, North Western", North Western,Mumbai,4.5,500
Urban Juice Cafe,"Vasai West, North Western", North Western,Mumbai,3.6,600
D Adda,"Ulhasnagar, Dombivali", Dombivali,Mumbai,3.1,1500
The Tandoor Rest-o-Bar,"Rudra Shelter International,Vasai East, North Western", North Western,Mumbai,4.5,1200
Farmhouse Funfiesta,"Nalasopara West, North Western", North Western,Mumbai,4.2,1000
Urban Tadka,"Kalyan West, Dombivali", Dombivali,Mumbai,4.5,1600
Farm View,"Virar West, North Western", North Western,Mumbai,4.0,1200
Fudboy Ocean Bar & Restaurant,"Virar West, North Western", North Western,Mumbai,4.1,1500
ABs - Absolute Barbecues,"Banjara Hills, Central East Hyderabad", Central East Hyderabad,Hyderabad,4.4,1200
Ohri's Jiva,"Begumpet, Secunderabad", Secunderabad,Hyderabad,4.1,1100
ABs - Absolute Barbecues,"Pammasani Complex,Jubilee Hills, Central West Hyderabad", Central West Hyderabad,Hyderabad,4.3,1200
Krishnapatnam,"Shreshta Aura,Jubilee Hills, Central West Hyderabad", Central West Hyderabad,Hyderabad,4.0,1600
Parampara - Flavours of india,"ANR Center,Banjara Hills, Central East Hyderabad", Central East Hyderabad,Hyderabad,4.0,1000
By The Bay - Bar Exchange,"Khairatabad, Central Hyderabad", Central Hyderabad,Hyderabad,4.1,1600
A'La Liberty,"Leela Gopal Towers,Banjara Hills, Central East Hyderabad", Central East Hyderabad,Hyderabad,4.1,800
Amogham - The Lake View Restaurant,"Khairatabad, Central Hyderabad", Central Hyderabad,Hyderabad,3.8,1000
Exotica,"12th Square Building,Banjara Hills, Central East Hyderabad", Central East Hyderabad,Hyderabad,4.4,2800
Headquarters,"Somajiguda, Central East Hyderabad", Central East Hyderabad,Hyderabad,4.2,1600
10 Downing Street,"Lifestyle Building,Begumpet, Secunderabad", Secunderabad,Hyderabad,4.4,2000
Jalpaan,"Oasis Centre,Begumpet, Secunderabad", Secunderabad,Hyderabad,4.1,1200
Pakka Local Signature,"Banjara Hills, Central East Hyderabad", Central East Hyderabad,Hyderabad,4.3,900
Verandah,"The Park,Somajiguda, Central East Hyderabad", Central East Hyderabad,Hyderabad,4.0,3300
The Spicy Venue,"Jubilee Hills, Central West Hyderabad", Central West Hyderabad,Hyderabad,4.2,1100
Bikanervala,"Banjara Hills, Central East Hyderabad", Central East Hyderabad,Hyderabad,4.3,1000
Cream Stone,"The Platinum Hotel,Himayath Nagar, Central Hyderabad", Central Hyderabad,Hyderabad,4.1,400
Aqua,"The Park,Somajiguda, Central East Hyderabad", Central East Hyderabad,Hyderabad,4.1,2800
Kismet,"The Park,Somajiguda, Central East Hyderabad", Central East Hyderabad,Hyderabad,4.1,3300
One Fine Day,"Necklace Road, Secunderabad", Secunderabad,Hyderabad,5.0,300
Ohri's - Gufaa,"Basheerbagh, Central Hyderabad", Central Hyderabad,Hyderabad,4.1,1900
Cream Stone,"Banjara Hills, Central East Hyderabad", Central East Hyderabad,Hyderabad,4.1,400
Aish,"The Park,Somajiguda, Central East Hyderabad", Central East Hyderabad,Hyderabad,4.4,2400
36 Downtown,"Jubilee Hills, Central West Hyderabad", Central West Hyderabad,Hyderabad,4.3,2500
Spice 6 - The Arab Villagio,"Banjara Hills, Central East Hyderabad", Central East Hyderabad,Hyderabad,4.2,1200
Chili’s American Grill and Bar,"Banjara Hills, Central East Hyderabad", Central East Hyderabad,Hyderabad,4.4,1800
Seven Spices,"Somajiguda, Central East Hyderabad", Central East Hyderabad,Hyderabad,4.2,900
Ice n Spice,"Hotel Inner Circle,Somajiguda, Central East Hyderabad", Central East Hyderabad,Hyderabad,4.2,800
Barbeque Nation,"ANR Center,Banjara Hills, Central East Hyderabad", Central East Hyderabad,Hyderabad,4.3,1400
Platform 65,"PNR Empire,Kukatpally, West Hyderabad", West Hyderabad,Hyderabad,4.0,1200
Hashi Izakaya - Asian Bar & Kitchen,"Country Club Complex,Begumpet, Secunderabad", Secunderabad,Hyderabad,4.1,1500
Eagles Pizza,"Ohud Building,Somajiguda, Central East Hyderabad", Central East Hyderabad,Hyderabad,3.9,600
Jewel Of Nizam,"The Golkonda Hotel,Masab Tank, Central East Hyderabad", Central East Hyderabad,Hyderabad,4.1,2600
Rocket Fuel Cafe,"Somajiguda, Central East Hyderabad", Central East Hyderabad,Hyderabad,4.2,800
Cream Stone,"SP Road, Secunderabad", Secunderabad,Hyderabad,4.3,400
ABs - Absolute Barbecues,"Inorbit Mall,Madhapur, West Hyderabad", West Hyderabad,Hyderabad,4.4,1200
Taco Bell,"Next Galleria Mall,Panjagutta, Central East Hyderabad", Central East Hyderabad,Hyderabad,4.4,500
Okra,"Hyderabad Marriott Hotel and Convention Centre,Tank Bund, Central Hyderabad", Central Hyderabad,Hyderabad,4.3,2500
Ohri's Eatmor,"White House,Begumpet, Secunderabad", Secunderabad,Hyderabad,4.2,800
Fonce,"Jubilee Hills, Central West Hyderabad", Central West Hyderabad,Hyderabad,4.4,1000
Hard Rock Cafe,"GVK One Mall,Banjara Hills, Central East Hyderabad", Central East Hyderabad,Hyderabad,4.3,2400
Taco Bell,"L and T Mall,Panjagutta, Central East Hyderabad", Central East Hyderabad,Hyderabad,4.3,500
Chinese Pavilion,"Banjara Hills, Central East Hyderabad", Central East Hyderabad,Hyderabad,4.4,1400
NorFest - The Dhaba,"Next Galleria Mall,Panjagutta, Central East Hyderabad", Central East Hyderabad,Hyderabad,4.3,800
Country Oven,"Ameerpet, Central East Hyderabad", Central East Hyderabad,Hyderabad,5.0,800
IQ Bar,"Mercure Hyderabad KCP,Banjara Hills, Central East Hyderabad", Central East Hyderabad,Hyderabad,4.2,2500
Cream Stone,"Khairatabad, Central Hyderabad", Central Hyderabad,Hyderabad,4.0,400
Rayalaseema Ruchulu,"Lakdi-Ka-Pul, Central Hyderabad", Central Hyderabad,Hyderabad,4.1,1200
Cayenne,"Mercure Hyderabad KCP,Banjara Hills, Central East Hyderabad", Central East Hyderabad,Hyderabad,3.9,2000
Arena,"Taj Deccan Hotel,Banjara Hills, Central East Hyderabad", Central East Hyderabad,Hyderabad,4.1,3000
Ohri's - Eatmor,"Ohri's Cuisine Court,Basheerbagh, Central Hyderabad", Central Hyderabad,Hyderabad,4.2,1100
Bidri,"Hyderabad Marriott Hotel and Convention Centre,Tank Bund, Central Hyderabad", Central Hyderabad,Hyderabad,4.5,3000
Tabla,"Bhaskar Plaza,Banjara Hills, Central East Hyderabad", Central East Hyderabad,Hyderabad,4.1,1800
Saffron Soul,"Marigold Hotel,Begumpet, Secunderabad", Secunderabad,Hyderabad,4.3,1300
Viva,"Vivanta By Taj Hotel,Begumpet, Secunderabad", Secunderabad,Hyderabad,4.1,2300
Almond House,"Sanai Plaza,Begumpet, Secunderabad", Secunderabad,Hyderabad,5.0,500
Manu Bakers Delight,"Begumpet, Secunderabad", Secunderabad,Hyderabad,4.7,400
Up & Above,"SNS Arcade,PG Road, Secunderabad", Secunderabad,Hyderabad,4.0,1300
Masala Republic,"Himayath Nagar, Central Hyderabad", Central Hyderabad,Hyderabad,4.0,1100
Huber and Holly,"Mayfair Building,Begumpet, Secunderabad", Secunderabad,Hyderabad,4.0,1000
Onesta,"ANR Center,Banjara Hills, Central East Hyderabad", Central East Hyderabad,Hyderabad,4.3,900
Fishland Restaurant,"Hotel Savera,Ameerpet, Central East Hyderabad", Central East Hyderabad,Hyderabad,4.1,700
Santosh Family Dhaba,"Kamala Towers,Begumpet, Secunderabad", Secunderabad,Hyderabad,5.0,800
Spice 6 - The Global Dining,"Banjara Hills, Central East Hyderabad", Central East Hyderabad,Hyderabad,4.2,1400
Encounters,"Taj Krishna Hotel,Banjara Hills, Central East Hyderabad", Central East Hyderabad,Hyderabad,4.3,3000
Tortilla's,"Next Galleria Mall,Panjagutta, Central East Hyderabad", Central East Hyderabad,Hyderabad,3.7,400
Tatva,"SP Road, Secunderabad", Secunderabad,Hyderabad,4.3,1500
Indulge Ice Cream,"Sanai Plaza,Begumpet, Secunderabad", Secunderabad,Hyderabad,5.0,300
Gappe Vappe,"Sanai Plaza,Begumpet, Secunderabad", Secunderabad,Hyderabad,5.0,500
Ohri's - Ming's Court,"Ohri's Cuisine Court,Basheerbagh, Central Hyderabad", Central Hyderabad,Hyderabad,4.4,1300
Golden Dragon,"Taj Krishna Hotel,Banjara Hills, Central East Hyderabad", Central East Hyderabad,Hyderabad,4.1,3500
Curry Pot,"PG Road, Secunderabad", Secunderabad,Hyderabad,4.4,700
The Joint Bar & Cafe,"The Joint,Banjara Hills, Central East Hyderabad", Central East Hyderabad,Hyderabad,4.2,700
Vivaha Bhojanambu,"CVK Park square,Kalasiguda, Secunderabad", Secunderabad,Hyderabad,4.1,1000
Aromas of Asia,"City Centre Mall,Banjara Hills, Central East Hyderabad", Central East Hyderabad,Hyderabad,4.3,1500
Saudi Arabian Restaurant,"Ameerpet, Central East Hyderabad", Central East Hyderabad,Hyderabad,4.1,700
Almond House,"Banjara Hills, Central East Hyderabad", Central East Hyderabad,Hyderabad,5.0,500
Firdaus,"Taj Krishna Hotel,Banjara Hills, Central East Hyderabad", Central East Hyderabad,Hyderabad,4.2,3100
Sanjos Donuts,"GVK One Mall,Banjara Hills, Central East Hyderabad", Central East Hyderabad,Hyderabad,3.9,400
Heart Cup Coffee,"Jubilee Hills, Central West Hyderabad", Central West Hyderabad,Hyderabad,4.1,2000
Air Live,"Odyssey Mall,Jubilee Hills, Central West Hyderabad", Central West Hyderabad,Hyderabad,4.0,2100
Indulge Ice Cream,"Banjara Hills, Central East Hyderabad", Central East Hyderabad,Hyderabad,5.0,300
Altitude Lounge Bar,"Hyderabad Marriott Hotel and Convention Centre,Tank Bund, Central Hyderabad", Central Hyderabad,Hyderabad,4.1,3000
Subway,"Mayfair Complex,SP Road, Secunderabad", Secunderabad,Hyderabad,3.8,400
Clove - The Platinum Hotel,"The Platinum Hotel,Himayath Nagar, Central Hyderabad", Central Hyderabad,Hyderabad,4.1,800
Apsara Ice Creams,"Begumpet, Secunderabad", Secunderabad,Hyderabad,4.0,300
Insomnia,"Jaya Chambers,Jubilee Hills, Central West Hyderabad", Central West Hyderabad,Hyderabad,4.1,2300
Cuiscent,"Lakdi-Ka-Pul, Central Hyderabad", Central Hyderabad,Hyderabad,4.0,1000
Express By AB's,"Banjara Hills, Central East Hyderabad", Central East Hyderabad,Hyderabad,3.8,600
Cheesiaano Pizza,"PG Road, Secunderabad", Secunderabad,Hyderabad,4.0,500
"Haiku,The Asian Kitchen","Banjara Hills, Central East Hyderabad", Central East Hyderabad,Hyderabad,4.4,1500
Ohris Eatmor,"Ohri's Banjara,Banjara Hills, Central East Hyderabad", Central East Hyderabad,Hyderabad,4.0,1200
Ocean's Basket,"Banjara Hills, Central East Hyderabad", Central East Hyderabad,Hyderabad,4.4,1600
Sync Restro Bar,"Best Western Ashoka,Lakdi-Ka-Pul, Central Hyderabad", Central Hyderabad,Hyderabad,4.3,1600
Bar 41,"Radisson Blu Plaza Hotel,Banjara Hills, Central East Hyderabad", Central East Hyderabad,Hyderabad,4.6,2400
Touch of Class,"The Central Court Hotel,Lakdi-Ka-Pul, Central Hyderabad", Central Hyderabad,Hyderabad,3.9,1000
Ghrelin Cafe and Patisserie,"Banjara Hills, Central East Hyderabad", Central East Hyderabad,Hyderabad,4.4,600
Huber and Holly,"Himayath Nagar, Central Hyderabad", Central Hyderabad,Hyderabad,4.4,1000
Chill & Terrace,"Radisson Blu Plaza Hotel,Banjara Hills, Central East Hyderabad", Central East Hyderabad,Hyderabad,4.0,2400
Telangana Spice Kitchen,"Jubilee Hills, Central West Hyderabad", Central West Hyderabad,Hyderabad,4.2,1500
High Spirits Bar,"The Central Court Hotel,Lakdi-Ka-Pul, Central Hyderabad", Central Hyderabad,Hyderabad,3.8,1100
Cups & Plates,"Lakdi-Ka-Pul, Central Hyderabad", Central Hyderabad,Hyderabad,3.7,1000
A Bleu Basil,"Far East Plaza,Himayath Nagar, Central Hyderabad", Central Hyderabad,Hyderabad,4.1,1000
Ohri's - Silver Metro,"Ohri's Cuisine Court,Basheerbagh, Central Hyderabad", Central Hyderabad,Hyderabad,4.3,1100
Biryanis And More,"Ameerpet, Central East Hyderabad", Central East Hyderabad,Hyderabad,4.2,1000
ABs - Absolute Barbecues,"Apurupa Silpi,Gachibowli, West Hyderabad", West Hyderabad,Hyderabad,4.4,1200
Level Lounge,"The Central Court Hotel,Lakdi-Ka-Pul, Central Hyderabad", Central Hyderabad,Hyderabad,3.8,1500
Mid Land Bakers & Confectioners,"Ameerpet, Central East Hyderabad", Central East Hyderabad,Hyderabad,3.1,400
Bikanervala,"Basheerbagh, Central Hyderabad", Central Hyderabad,Hyderabad,4.2,1000
Lobby Lounge,"Taj Banjara Hotel,Banjara Hills, Central East Hyderabad", Central East Hyderabad,Hyderabad,4.1,3000
Waterside Cafe,"Taj Banjara Hotel,Banjara Hills, Central East Hyderabad", Central East Hyderabad,Hyderabad,3.8,3000
Cassia,"Hampshire Plaza Hotel,Lakdi-Ka-Pul, Central Hyderabad", Central Hyderabad,Hyderabad,3.5,1000
Eagle Restaurant & Bar,"Shree Venkateshwara Hotel,Lakdi-Ka-Pul, Central Hyderabad", Central Hyderabad,Hyderabad,3.6,1400
Kebab E Bahar,"Taj Banjara Hotel,Banjara Hills, Central East Hyderabad", Central East Hyderabad,Hyderabad,4.0,3200
Amantran,"Himayath Nagar, Central Hyderabad", Central Hyderabad,Hyderabad,3.4,300
So. The Sky Kitchen,"Aryan's Building,Jubilee Hills, Central West Hyderabad", Central West Hyderabad,Hyderabad,4.1,1800
Hydrate - The Bar,"Hampshire Plaza Hotel,Lakdi-Ka-Pul, Central Hyderabad", Central Hyderabad,Hyderabad,3.1,1500
Lazeez Khaana,"Himayath Nagar, Central Hyderabad", Central Hyderabad,Hyderabad,4.4,900
Cream Stone,"Banjara Hills, Central East Hyderabad", Central East Hyderabad,Hyderabad,4.2,400
Dakshina Mandapa,"Taj Tristar Hotel,SD Road, Secunderabad", Secunderabad,Hyderabad,4.0,700
Four Square,"Best Western Ashoka,Lakdi-Ka-Pul, Central Hyderabad", Central Hyderabad,Hyderabad,3.4,1200
Hotel Shadab,"SR Nagar, Central East Hyderabad", Central East Hyderabad,Hyderabad,4.3,900
Southern Mirchi,"Banjara Hills, Central East Hyderabad", Central East Hyderabad,Hyderabad,4.0,1000
Makers Of Milkshakes," Sri Nagar Colony, Central East Hyderabad", Central East Hyderabad,Hyderabad,4.2,400
Hari Dosa,"Ameerpet, Central East Hyderabad", Central East Hyderabad,Hyderabad,3.0,300
Reshmi's Classic Restaurant,"SD Road, Secunderabad", Secunderabad,Hyderabad,4.0,800
Abids Bistro,"Royalton Hotel,Abids, Central Hyderabad", Central Hyderabad,Hyderabad,4.0,600
TOS - Tales Over Spirits,"Banjara Hills, Central East Hyderabad", Central East Hyderabad,Hyderabad,3.9,1500
Ohri's Mehfill,"Hotel Baseraa,SD Road, Secunderabad", Secunderabad,Hyderabad,4.1,1800
WOFL,"Banjara Hills, Central East Hyderabad", Central East Hyderabad,Hyderabad,4.1,600
Almond House,"Lingapur Building,Himayath Nagar, Central Hyderabad", Central Hyderabad,Hyderabad,5.0,500
Holiday Inn Express,"Banjara Hills, Central East Hyderabad", Central East Hyderabad,Hyderabad,1.7,1400
Harley's Fine Baking,"Ameerpet, Central East Hyderabad", Central East Hyderabad,Hyderabad,5.0,500
Vivaha Bhojanambu,"Jubilee Hills, Central West Hyderabad", Central West Hyderabad,Hyderabad,4.1,1000
Shri Santosh Family Dhaba,"Banjara Hills, Central East Hyderabad", Central East Hyderabad,Hyderabad,2.6,600
Rayalaseema Ruchulu,"36 Square,Jubilee Hills, Central West Hyderabad", Central West Hyderabad,Hyderabad,3.9,1200
Platform 65,"Ratna Arcade,Kompally, Secunderabad", Secunderabad,Hyderabad,4.3,1200
Flavours Of TMH,"Taj Tristar Hotel,SD Road, Secunderabad", Secunderabad,Hyderabad,4.2,800
Salt & Pepper,"The Central Court Hotel,Lakdi-Ka-Pul, Central Hyderabad", Central Hyderabad,Hyderabad,2.8,1500
Lazeez Multicuisine Restaurant,"Royal Reve Hotel,SD Road, Secunderabad", Secunderabad,Hyderabad,4.0,1600
Tre-Forni,"Park Hyatt Hotel,Banjara Hills, Central East Hyderabad", Central East Hyderabad,Hyderabad,4.3,3000
The Board Game Cafe,"Himayath Nagar, Central Hyderabad", Central Hyderabad,Hyderabad,4.2,900
Icekraft,"Banjara Hills, Central East Hyderabad", Central East Hyderabad,Hyderabad,3.3,500
Apna Rasoi,"SD Road, Secunderabad", Secunderabad,Hyderabad,3.9,600
Beijing Bites,"OM sri sai towers,Himayath Nagar, Central Hyderabad", Central Hyderabad,Hyderabad,3.9,1100
House Of Dosas,"Banjara Hills, Central East Hyderabad", Central East Hyderabad,Hyderabad,4.3,300
Waffle House,"Banjara Hills, Central East Hyderabad", Central East Hyderabad,Hyderabad,3.4,600
Black Pearl Multi Cuisine Restaurant,"Basheerbagh, Central Hyderabad", Central Hyderabad,Hyderabad,3.8,800
China Express,"Terminal Drive In,Sindhi Colony, Secunderabad", Secunderabad,Hyderabad,2.0,400
Huber and Holly,"Park View Enclave,Banjara Hills, Central East Hyderabad", Central East Hyderabad,Hyderabad,4.3,1000
Ohri's Serengeti,"Ohri's Banjara,Banjara Hills, Central East Hyderabad", Central East Hyderabad,Hyderabad,4.2,1500
Frozen Bottle,"Himayath Nagar, Central Hyderabad", Central Hyderabad,Hyderabad,4.0,300
Eagles Pizza,"Himayath Nagar, Central Hyderabad", Central Hyderabad,Hyderabad,3.8,600
Flechazo,"Sun Towers,Madhapur, West Hyderabad", West Hyderabad,Hyderabad,4.1,1300
Broadway,"Jubilee Hills, Central West Hyderabad", Central West Hyderabad,Hyderabad,4.4,2600
Apsara Ice Creams,"Himayath Nagar, Central Hyderabad", Central Hyderabad,Hyderabad,4.3,300
Barbeque Nation,"Alcazar Mall,Jubilee Hills, Central West Hyderabad", Central West Hyderabad,Hyderabad,4.4,1400
Robo Kitchen,"Alcazar Mall,Jubilee Hills, Central West Hyderabad", Central West Hyderabad,Hyderabad,3.4,1200
Ohri's Uppu,"Ohri's Banjara,Banjara Hills, Central East Hyderabad", Central East Hyderabad,Hyderabad,4.0,1600
The Dining Room,"Park Hyatt Hotel,Banjara Hills, Central East Hyderabad", Central East Hyderabad,Hyderabad,4.2,3000
Rika,"Park Hyatt Hotel,Banjara Hills, Central East Hyderabad", Central East Hyderabad,Hyderabad,4.6,3400
United Kitchens of India,"The Purple Leaf Hotel,Karkhana, Secunderabad", Secunderabad,Hyderabad,4.2,1000
Indian Foodies Hub,"Kimtee Square,Banjara Hills, Central East Hyderabad", Central East Hyderabad,Hyderabad,3.8,1100
Tatva,"Jubilee Hills, Central West Hyderabad", Central West Hyderabad,Hyderabad,4.4,1500
Almond House,"Banjara Hills, Central East Hyderabad", Central East Hyderabad,Hyderabad,5.0,500
Ohri's Far East,"Ohri's Banjara,Banjara Hills, Central East Hyderabad", Central East Hyderabad,Hyderabad,3.8,1400
Medley,"Jubilee Hills, Central West Hyderabad", Central West Hyderabad,Hyderabad,4.3,1000
Southern Spice,"Banjara Hills, Central East Hyderabad", Central East Hyderabad,Hyderabad,3.9,800
TiKi Shack - Rooftop Bar,"Jahnavi Trade Center,Jubilee Hills, Central West Hyderabad", Central West Hyderabad,Hyderabad,4.0,1500
Ohri's Eatmor,"Hotel Baseraa,SD Road, Secunderabad", Secunderabad,Hyderabad,3.8,1000
Bench Cafe & Restaurant,"Abids, Central Hyderabad", Central Hyderabad,Hyderabad,3.9,500
Indulge Ice Cream,"Banjara Hills, Central East Hyderabad", Central East Hyderabad,Hyderabad,5.0,300
Stallion,"Royal Reve Hotel,SD Road, Secunderabad", Secunderabad,Hyderabad,4.2,1600
Almond House,"SD Road, Secunderabad", Secunderabad,Hyderabad,4.7,500
Ohri's - Sahib’s Barbeque,"Cyber Grub,Hitech City, West Hyderabad", West Hyderabad,Hyderabad,4.1,1500
Ohri's - Out Swinger,"Hotel Baseraa,SD Road, Secunderabad", Secunderabad,Hyderabad,3.8,1600
Petoo,"Ameerpet, Central East Hyderabad", Central East Hyderabad,Hyderabad,1.0,600
Cheesiaano Pizza,"Himayath Nagar, Central Hyderabad", Central Hyderabad,Hyderabad,4.2,700
Scotchman,"Royalton Hotel,Abids, Central Hyderabad", Central Hyderabad,Hyderabad,4.2,2500
Spice Garden,"Royal Reve Hotel,SD Road, Secunderabad", Secunderabad,Hyderabad,4.0,700
Amnesia Lounge and Bar,"Jaya Chambers,Jubilee Hills, Central West Hyderabad", Central West Hyderabad,Hyderabad,4.0,1200
Vintage Restaurant And Bar,"Nallakunta, Central Hyderabad", Central Hyderabad,Hyderabad,4.0,1000
The Living Room,"Park Hyatt Hotel,Banjara Hills, Central East Hyderabad", Central East Hyderabad,Hyderabad,4.1,1200
Chubby Cho,"Jubilee Hills, Central West Hyderabad", Central West Hyderabad,Hyderabad,4.5,2500
Hashi,"Jubilee Hills, Central West Hyderabad", Central West Hyderabad,Hyderabad,4.4,1000
Coco's Bar & Grill,"Banjara Hills, Central East Hyderabad", Central East Hyderabad,Hyderabad,4.2,1800
Cream Shakes,"SR Nagar, Central East Hyderabad", Central East Hyderabad,Hyderabad,1.9,300
The Funnel Hill Creamery,"Jubilee Hills, Central West Hyderabad", Central West Hyderabad,Hyderabad,4.0,1000
Skypark Cafe,"Owner's Pride,Banjara Hills, Central East Hyderabad", Central East Hyderabad,Hyderabad,2.5,1000
Theory Cafe & Dessert Bar,"Jubilee Hills, Central West Hyderabad", Central West Hyderabad,Hyderabad,3.9,1200
Fat Pigeon - Bar Hop,"Jubilee Hills, Central West Hyderabad", Central West Hyderabad,Hyderabad,4.5,2600
SodaBottleOpenerWala,"Niharika Jubilee One,Jubilee Hills, Central West Hyderabad", Central West Hyderabad,Hyderabad,4.4,2000
Serefe Bar Bistro & Lounge,"Jubilee Hills, Central West Hyderabad", Central West Hyderabad,Hyderabad,4.1,2600
Sizzling Joe,"Terminal Drive In,Sindhi Colony, Secunderabad", Secunderabad,Hyderabad,1.0,500
Comic Social,"Jubilee Hills, Central West Hyderabad", Central West Hyderabad,Hyderabad,4.5,1000
Flavours Of TMH,"Taj Mahal Hotel,Jubilee Hills, Central West Hyderabad", Central West Hyderabad,Hyderabad,4.4,1200
Absorb - The Boutique Bar,"Jubilee Hills, Central West Hyderabad", Central West Hyderabad,Hyderabad,4.1,1500
Zero40 Brewing,"Zero40,Jubilee Hills, Central West Hyderabad", Central West Hyderabad,Hyderabad,4.4,2700
45th Avenue,"Jubilee Hills, Central West Hyderabad", Central West Hyderabad,Hyderabad,3.9,800
Gappe Vappe,"SD Road, Secunderabad", Secunderabad,Hyderabad,4.0,500
By The Bottle,"Shreshta Aura,Jubilee Hills, Central West Hyderabad", Central West Hyderabad,Hyderabad,4.1,1500
China Bistro,"Niharika Jubilee One,Jubilee Hills, Central West Hyderabad", Central West Hyderabad,Hyderabad,4.3,2000
Oye Pizza,"Abids, Central Hyderabad", Central Hyderabad,Hyderabad,4.1,500
President Dhaba Bar & Kitchen,"Shreshta Aura,Jubilee Hills, Central West Hyderabad", Central West Hyderabad,Hyderabad,4.0,2000
Mahamudra,"Jubilee Hills, Central West Hyderabad", Central West Hyderabad,Hyderabad,4.5,800
The Hole in The Wall Cafe,"Jubilee Hills, Central West Hyderabad", Central West Hyderabad,Hyderabad,4.4,600
Chandra Haveli Star Restaurant,"Jubilee Hills, Central West Hyderabad", Central West Hyderabad,Hyderabad,4.2,800
Mini Punjab,"Abids, Central Hyderabad", Central Hyderabad,Hyderabad,3.3,500
Blue Block Club,"Jubilee Hills, Central West Hyderabad", Central West Hyderabad,Hyderabad,3.6,2000
Grill 9,"SD Road, Secunderabad", Secunderabad,Hyderabad,4.0,600
Gelatissimo,"Jubilee Hills, Central West Hyderabad", Central West Hyderabad,Hyderabad,4.4,400
Sofrehh Persian Bistro,"Jubilee Hills, Central West Hyderabad", Central West Hyderabad,Hyderabad,4.1,600
Autumn Leaf Cafe,"Jubilee Hills, Central West Hyderabad", Central West Hyderabad,Hyderabad,4.4,1000
Ulavacharu,"Jubilee Hills, Central West Hyderabad", Central West Hyderabad,Hyderabad,3.8,1000
Dirty Martini - Kitchen and Cocktail Lounge,"Alcazar Mall,Jubilee Hills, Central West Hyderabad", Central West Hyderabad,Hyderabad,4.2,2300
Eagles Pizza,"Banjara Hills, Central East Hyderabad", Central East Hyderabad,Hyderabad,3.9,600
Oh So Stoned,"The Purple Leaf Hotel,Karkhana, Secunderabad", Secunderabad,Hyderabad,4.0,400
Grill 9,"Karkhana, Secunderabad", Secunderabad,Hyderabad,3.7,400
Makers Of Milkshakes,"Bowenpally, Secunderabad", Secunderabad,Hyderabad,5.0,400
Jamie's Pizzeria By Jamie Oliver,"Jubilee Hills, Central West Hyderabad", Central West Hyderabad,Hyderabad,4.6,1000
Sounds & Spirits,"Madhapur, West Hyderabad", West Hyderabad,Hyderabad,4.1,1500
Makers Of Milkshakes,"Kachiguda, Central Hyderabad", Central Hyderabad,Hyderabad,5.0,400
Kabul Darbar,"Yousuf Tekri Complex,Tolichowki, Central Hyderabad", Central Hyderabad,Hyderabad,4.2,900
Repete Brewery & Kitchen,"Jubilee Hills, Central West Hyderabad", Central West Hyderabad,Hyderabad,4.0,1800
Gismat Arabic Restaurant,"PNR Empire,Kukatpally, West Hyderabad", West Hyderabad,Hyderabad,3.7,800
MOB,"Film Nagar, Central West Hyderabad", Central West Hyderabad,Hyderabad,4.1,3000
Stone Waters,"Aruna Arcade,Jubilee Hills, Central West Hyderabad", Central West Hyderabad,Hyderabad,4.1,2100
The Moonshine Project,"Jubilee Hills, Central West Hyderabad", Central West Hyderabad,Hyderabad,4.3,2200
Smoky Pitara,"Sreshta Aura,Jubilee Hills, Central West Hyderabad", Central West Hyderabad,Hyderabad,3.9,1300
Cream Stone,"Sami Complex,Jubilee Hills, Central West Hyderabad", Central West Hyderabad,Hyderabad,4.4,400
Lassi Hub,"Kachiguda, Central Hyderabad", Central Hyderabad,Hyderabad,4.0,300
Urban Asia-Kitchen and Bar,"Jahnavi Trade Center,Jubilee Hills, Central West Hyderabad", Central West Hyderabad,Hyderabad,4.2,1500
Tarz Creators Studio & Cafe,"Jubilee Hills, Central West Hyderabad", Central West Hyderabad,Hyderabad,4.4,800
Mama's Kitchen,"Jubilee Hills, Central West Hyderabad", Central West Hyderabad,Hyderabad,3.5,700
Exotica,"Business Square,Hitech City, West Hyderabad", West Hyderabad,Hyderabad,4.4,2600
Beyond Coffee,"Jubilee Hills, Central West Hyderabad", Central West Hyderabad,Hyderabad,4.4,900
Captain Egg,"Jubilee Hills, Central West Hyderabad", Central West Hyderabad,Hyderabad,4.2,1000
Moxa Kitchen,"Film Nagar, Central West Hyderabad", Central West Hyderabad,Hyderabad,4.2,1100
Ohri's - Nautanki Gali,"Hitech City, West Hyderabad", West Hyderabad,Hyderabad,3.8,1100
Enchante Cafe And Confectionery,"Jubilee Hills, Central West Hyderabad", Central West Hyderabad,Hyderabad,4.3,800
Buffalo Wild Wings,"Axis Tower,Jubilee Hills, Central West Hyderabad", Central West Hyderabad,Hyderabad,4.4,2500
Aura,"Jubilee Hills, Central West Hyderabad", Central West Hyderabad,Hyderabad,4.3,1500
Zafar's Fine Dine,"Yousuf Tekri Complex,Tolichowki, Central Hyderabad", Central Hyderabad,Hyderabad,4.0,900
4 Seasons,"Yousuf Tekri Complex,Tolichowki, Central Hyderabad", Central Hyderabad,Hyderabad,3.9,1400
N Grand,"Karkhana, Secunderabad", Secunderabad,Hyderabad,3.4,900
Ironhill Cafe,"Jubilee Hills, Central West Hyderabad", Central West Hyderabad,Hyderabad,4.4,900
Filmy Junction,"Banjara Hills, Central East Hyderabad", Central East Hyderabad,Hyderabad,3.8,1000
The ThickShake Factory,"Film Nagar, Central West Hyderabad", Central West Hyderabad,Hyderabad,4.3,400
President Dhaba,"Madhapur, West Hyderabad", West Hyderabad,Hyderabad,3.9,1000
Temptations,"Begum Bazaar, South Hyderabad", South Hyderabad,Hyderabad,4.0,600
Blind Ch3mistry,"Jubilee Hills, Central West Hyderabad", Central West Hyderabad,Hyderabad,4.1,600
Kobe Sizzlers,"Jubilee Hills, Central West Hyderabad", Central West Hyderabad,Hyderabad,4.0,1200
Maguro,"Jubilee Hills, Central West Hyderabad", Central West Hyderabad,Hyderabad,4.4,1400
Chemistry,"Jubilee Hills, Central West Hyderabad", Central West Hyderabad,Hyderabad,4.0,1800
Santosh Dhaba,"Begum Bazaar, South Hyderabad", South Hyderabad,Hyderabad,3.8,600
Istanbul,"Sami Complex,Jubilee Hills, Central West Hyderabad", Central West Hyderabad,Hyderabad,4.4,300
Beijing Bites,"Cuba Food Havana,Film Nagar, Central West Hyderabad", Central West Hyderabad,Hyderabad,4.0,400
Hotel Kass,"Hotel Kass,Kompally, Secunderabad", Secunderabad,Hyderabad,4.3,1200
The Pizza Hub,"Kachiguda, Central Hyderabad", Central Hyderabad,Hyderabad,2.0,600
Cream Stone,"Tolichowki, Central Hyderabad", Central Hyderabad,Hyderabad,3.8,400
Carpe Diem,"Jubilee Hills, Central West Hyderabad", Central West Hyderabad,Hyderabad,4.1,2700
Ironhill Hyderabad,"Kukatpally, West Hyderabad", West Hyderabad,Hyderabad,4.1,1200
Ci Gusta,"Madhapur, West Hyderabad", West Hyderabad,Hyderabad,4.5,1000
Over The Moon,"Hotel Daspalla,Jubilee Hills, Central West Hyderabad", Central West Hyderabad,Hyderabad,4.0,2500
Nasha,"Hotel Kass,Kompally, Secunderabad", Secunderabad,Hyderabad,4.3,1500
Palamuru Grill,"Madhapur, West Hyderabad", West Hyderabad,Hyderabad,4.1,900
Reason's,"Jubilee Hills, Central West Hyderabad", Central West Hyderabad,Hyderabad,4.5,1800
The Chocolate Room,"Attapur, South Hyderabad", South Hyderabad,Hyderabad,4.2,800
Burger Mischief,"Jubilee Hills, Central West Hyderabad", Central West Hyderabad,Hyderabad,4.5,500
Zozoz Pizzeria,"Jubilee Hills, Central West Hyderabad", Central West Hyderabad,Hyderabad,4.2,800
De Cafe Studio,"Malakpet, South Hyderabad", South Hyderabad,Hyderabad,4.2,500
Hut-K Spice Kitchen,"Madhapur, West Hyderabad", West Hyderabad,Hyderabad,4.0,900
Circles,"Hotel Daspalla,Jubilee Hills, Central West Hyderabad", Central West Hyderabad,Hyderabad,4.2,1700
Beans & Brie Bistro,"Jubilee Hills, Central West Hyderabad", Central West Hyderabad,Hyderabad,4.2,1000
Revolt Jubilee Hills,"Jubilee Hills, Central West Hyderabad", Central West Hyderabad,Hyderabad,3.9,2000
Mid Land Bakers & Confectioners,"Ameerpet, Central East Hyderabad", Central East Hyderabad,Hyderabad,1.5,400
Kholani's Dine in Barbeque,"Tolichowki, Central Hyderabad", Central Hyderabad,Hyderabad,3.3,1000
Fusion 9,"Jubilee Hills, Central West Hyderabad", Central West Hyderabad,Hyderabad,4.4,3000
Olive Bistro & Bar,"Jubilee Hills, Central West Hyderabad", Central West Hyderabad,Hyderabad,4.3,1500
The Hoppery,"Jubilee Hills, Central West Hyderabad", Central West Hyderabad,Hyderabad,4.3,1800
F3 Cafe and Bistro,"Sainikpuri, Secunderabad", Secunderabad,Hyderabad,4.3,900
Sacred Earth Cafe,"Madhapur, West Hyderabad", West Hyderabad,Hyderabad,4.8,800
Amnesia Sky Bar,"Inorbit Mall,Madhapur, West Hyderabad", West Hyderabad,Hyderabad,4.0,2100
Coffee Times,"Hotel Daspalla,Jubilee Hills, Central West Hyderabad", Central West Hyderabad,Hyderabad,4.1,800
Palamuru Grill,"Attapur, South Hyderabad", South Hyderabad,Hyderabad,4.1,1100
Ironhill Cafe,"Madhapur, West Hyderabad", West Hyderabad,Hyderabad,4.2,900
Rayalaseema Ruchulu,"Sun Towers,Madhapur, West Hyderabad", West Hyderabad,Hyderabad,3.9,1100
Biggies Burger 'n' More,"Jubilee Hills, Central West Hyderabad", Central West Hyderabad,Hyderabad,4.0,600
10 Downing Street,"Kompally, Secunderabad", Secunderabad,Hyderabad,5.0,1800
MudBrick Kitchen and Bar,"Jubilee Hills, Central West Hyderabad", Central West Hyderabad,Hyderabad,4.3,2500
Makers Of Milkshakes,"Film Nagar, Central West Hyderabad", Central West Hyderabad,Hyderabad,3.0,400
The Grand Trunk Road,"Madhapur, West Hyderabad", West Hyderabad,Hyderabad,4.0,1100
Kesariya's Sweets,"Madhapur, West Hyderabad", West Hyderabad,Hyderabad,4.0,200
CIBO House,"Phoenix Tower A,Hitech City, West Hyderabad", West Hyderabad,Hyderabad,4.3,1500
Fusion 9,"Inorbit Mall,Madhapur, West Hyderabad", West Hyderabad,Hyderabad,4.2,1800
Dildaar,"Madhapur, West Hyderabad", West Hyderabad,Hyderabad,4.3,1000
1989 Pizza & Thick Shake's,"Malakpet, South Hyderabad", South Hyderabad,Hyderabad,5.0,600
Frozen Bottle,"Tolichowki, Central Hyderabad", Central Hyderabad,Hyderabad,3.8,300
Chili’s American Grill and Bar,"Inorbit Mall,Madhapur, West Hyderabad", West Hyderabad,Hyderabad,4.2,1800
Bird Box - Bar & Cafe,"Zen Building,Madhapur, West Hyderabad", West Hyderabad,Hyderabad,4.3,1200
Barbeque Nation,"Forum Sujana Mall,Kukatpally, West Hyderabad", West Hyderabad,Hyderabad,4.3,1400
Cream Stone,"Bullet King Commercial Complex,Hitech City, West Hyderabad", West Hyderabad,Hyderabad,4.3,400
Cafe Lilliput Bar & Restaurant,"Madhapur, West Hyderabad", West Hyderabad,Hyderabad,3.7,1000
T- Grill,"Madhapur, West Hyderabad", West Hyderabad,Hyderabad,3.1,700
Cream Stone,"South India Shopping Mall,Kukatpally, West Hyderabad", West Hyderabad,Hyderabad,4.5,400
Gudgudee - Tickle Your Tastebuds,"Madhapur, West Hyderabad", West Hyderabad,Hyderabad,4.3,1000
ABs - Absolute Barbecues,"Miyapur, West Hyderabad", West Hyderabad,Hyderabad,4.3,1200
Kumbakarnas Restaurant,"Tarnaka, East Hyderabad", East Hyderabad,Hyderabad,4.0,600
Sri Santosh Family Dhaba,"Tarnaka, East Hyderabad", East Hyderabad,Hyderabad,2.9,600
Date - A Middle East Food Affair,"Madhapur, West Hyderabad", West Hyderabad,Hyderabad,3.6,900
The Fort Club,"Ambiance Fort,Attapur, South Hyderabad", South Hyderabad,Hyderabad,3.7,500
The Glass Onion,"Gachibowli, West Hyderabad", West Hyderabad,Hyderabad,4.2,1700
The Big Cup Theory,"Madhapur, West Hyderabad", West Hyderabad,Hyderabad,4.2,1000
Rotis,"Hardhick Crown,Hitech City, West Hyderabad", West Hyderabad,Hyderabad,4.3,1200
Express By AB's,"Pammasani Complex,Jubilee Hills, Central West Hyderabad", Central West Hyderabad,Hyderabad,2.7,600
Hawte,"Madhapur, West Hyderabad", West Hyderabad,Hyderabad,4.3,400
Barbeque Nation,"Kothapet, East Hyderabad", East Hyderabad,Hyderabad,4.2,1400
Punjabi Affair,"Oyster Uptown Building,Madhapur, West Hyderabad", West Hyderabad,Hyderabad,3.9,800
The Coffee Cup,"Sainikpuri, Secunderabad", Secunderabad,Hyderabad,4.3,700
Ankapur Village Hotel,"Madhapur, West Hyderabad", West Hyderabad,Hyderabad,4.0,1100
Over The Moon Brew Company,"Gachibowli, West Hyderabad", West Hyderabad,Hyderabad,4.2,2500
Punjab Bistro,"Inorbit Mall,Madhapur, West Hyderabad", West Hyderabad,Hyderabad,4.2,1500
Taste of India,"Habsiguda, East Hyderabad", East Hyderabad,Hyderabad,3.5,1000
Snort,"Hitech City, West Hyderabad", West Hyderabad,Hyderabad,4.1,2000
Seasonal Tastes,"The Westin Hyderabad Mindspace,Hitech City, West Hyderabad", West Hyderabad,Hyderabad,4.2,2600
The Breezy Bistro,"Hitech City, West Hyderabad", West Hyderabad,Hyderabad,3.6,900
Taco Bell,"Inorbit Mall,Madhapur, West Hyderabad", West Hyderabad,Hyderabad,4.4,500
Nag Restaurant and Banquets,"Alwal, Secunderabad", Secunderabad,Hyderabad,2.1,900
Coco Fit,"Madhapur, West Hyderabad", West Hyderabad,Hyderabad,4.0,300
California Burrito,"Inorbit Mall,Madhapur, West Hyderabad", West Hyderabad,Hyderabad,4.2,800
1989 Milkshakes,"Dilsukh Nagar, East Hyderabad", East Hyderabad,Hyderabad,5.0,600
The Joint Al Mandi,"Madhapur, West Hyderabad", West Hyderabad,Hyderabad,4.5,500
Cream Town,"Malkajgiri, Secunderabad", Secunderabad,Hyderabad,2.8,300
Makers Of Milkshakes,"Habsiguda, East Hyderabad", East Hyderabad,Hyderabad,5.0,400
STR8UP,"Jaysudha Heights,Madhapur, West Hyderabad", West Hyderabad,Hyderabad,3.8,1300
Heart Cup Coffee,"Gachibowli, West Hyderabad", West Hyderabad,Hyderabad,3.9,1700
1989 Pizza & Thick Shakes,"Dilsukh Nagar, East Hyderabad", East Hyderabad,Hyderabad,4.5,600
Shree Santosh Family Dhaba,"Madhapur, West Hyderabad", West Hyderabad,Hyderabad,3.6,500
TGI Friday's,"Forum Sujana Mall,Kukatpally, West Hyderabad", West Hyderabad,Hyderabad,4.1,3400
Tollgate,"Tollgate,Jeedimetla, Secunderabad", Secunderabad,Hyderabad,4.1,800
78 Degrees East,"Habsiguda, East Hyderabad", East Hyderabad,Hyderabad,3.4,1000
T Grill Thali Time,"Hotel Deccan Serai,Hitech City, West Hyderabad", West Hyderabad,Hyderabad,4.0,800
Bar One,"Madhapur, West Hyderabad", West Hyderabad,Hyderabad,4.2,1000
Stikstof Ice-cream Cafe,"Madhapur, West Hyderabad", West Hyderabad,Hyderabad,3.9,500
Dhaba–Estd 1986 Delhi,"Western Pearl Building,Kondapur, West Hyderabad", West Hyderabad,Hyderabad,4.2,1200
Up Cup Cafe,"Madhapur, West Hyderabad", West Hyderabad,Hyderabad,5.0,600
Ohri's - Rubaiyat,"Hitech City, West Hyderabad", West Hyderabad,Hyderabad,4.1,1200
Bake Bar,"Madhapur, West Hyderabad", West Hyderabad,Hyderabad,5.0,400
Ulavacharu,"Fantasy Square Building,Gachibowli, West Hyderabad", West Hyderabad,Hyderabad,3.9,1000
Eagles Pizza,"Habsiguda, East Hyderabad", East Hyderabad,Hyderabad,4.0,600
Kazuza,"Habsiguda, East Hyderabad", East Hyderabad,Hyderabad,3.4,1000
Good Vibes Only Cafe,"Gachibowli, West Hyderabad", West Hyderabad,Hyderabad,4.0,1100
Maryada Ramanna,"Kondapur, West Hyderabad", West Hyderabad,Hyderabad,4.3,800
DOF Cafe,"Prithvi Complex,Habsiguda, East Hyderabad", East Hyderabad,Hyderabad,4.0,500
TMH-Flavours Of Taj Mahal Hotel,"L & T Metro Mall,Madhapur, West Hyderabad", West Hyderabad,Hyderabad,4.3,1000
Barbeque Nation,"A S Rao Nagar, Secunderabad", Secunderabad,Hyderabad,4.4,1400
NorFest - The Dhaba,"Apnaa Nukkad Drive In,Dilsukh Nagar, East Hyderabad", East Hyderabad,Hyderabad,3.7,1000
Kinara Grand,"Malkajgiri, Secunderabad", Secunderabad,Hyderabad,3.0,800
Onesta,"Madhapur, West Hyderabad", West Hyderabad,Hyderabad,4.5,900
W Cafe By Wich Way,"Sainikpuri, Secunderabad", Secunderabad,Hyderabad,4.2,800
Taco Bell,"L & T Metro Mall,Madhapur, West Hyderabad", West Hyderabad,Hyderabad,4.3,500
La La Land,"Cyber Edifice,Gachibowli, West Hyderabad", West Hyderabad,Hyderabad,4.1,1400
Brundavan Bar & Restaurant,"Dilsukh Nagar, East Hyderabad", East Hyderabad,Hyderabad,3.9,1200
Heart Cup Coffee,"Kondapur, West Hyderabad", West Hyderabad,Hyderabad,4.4,1400
Blue Fox,"Huda Techno Enclave,Madhapur, West Hyderabad", West Hyderabad,Hyderabad,3.9,1000
Sandwich Eatery,"Kompally, Secunderabad", Secunderabad,Hyderabad,4.2,500
Minerva Coffee Shop,"Huda Techno Enclave,Madhapur, West Hyderabad", West Hyderabad,Hyderabad,3.9,600
Wings N Pizza,"Suraram, Secunderabad", Secunderabad,Hyderabad,3.5,300
Palamuru Grill,"Kothapet, East Hyderabad", East Hyderabad,Hyderabad,4.0,900
Cloud dining,"Hitech City, West Hyderabad", West Hyderabad,Hyderabad,3.6,5000
Casbah,"The Westin Hyderabad Mindspace,Hitech City, West Hyderabad", West Hyderabad,Hyderabad,4.0,3000
The Chocolate Room Co-working Cafe & Lounge,"Hitech City, West Hyderabad", West Hyderabad,Hyderabad,4.2,1000
Punjabi Affair,"Gachibowli, West Hyderabad", West Hyderabad,Hyderabad,4.4,800
The Lal Street - Bar Stock Exchange,"SLN Terminus,Gachibowli, West Hyderabad", West Hyderabad,Hyderabad,4.1,1600
Mamagoto,"Western Pearl Building,Kondapur, West Hyderabad", West Hyderabad,Hyderabad,4.4,1500
Mid Land Bakers & Confectioners,"Manikonda, West Hyderabad", West Hyderabad,Hyderabad,4.0,400
Kangan,"The Westin Hyderabad Mindspace,Hitech City, West Hyderabad", West Hyderabad,Hyderabad,4.3,2500
Taste of Rajasthan,"Madhapur, West Hyderabad", West Hyderabad,Hyderabad,2.1,400
Teluguness,"Hitech City, West Hyderabad", West Hyderabad,Hyderabad,4.1,1000
Mainland China,"Hitech City, West Hyderabad", West Hyderabad,Hyderabad,4.2,1700
Southern Spice,"Retro Drive In,Madhapur, West Hyderabad", West Hyderabad,Hyderabad,3.6,800
A'La Liberty,"Cyber Grub,Hitech City, West Hyderabad", West Hyderabad,Hyderabad,4.2,1300
Spudato,"Gachibowli, West Hyderabad", West Hyderabad,Hyderabad,3.9,1200
The Tilt Republic Bar,"Fantasy Square Building,Gachibowli, West Hyderabad", West Hyderabad,Hyderabad,4.2,2000
Ala - The Rooftop,"Kompally, Secunderabad", Secunderabad,Hyderabad,3.9,1600
Full Moon Multicuisine Restaurant,"Alwal, Secunderabad", Secunderabad,Hyderabad,4.0,700
Chaitanya Food Court,"Kukatpally, West Hyderabad", West Hyderabad,Hyderabad,4.3,1100
Apsara Ice Creams,"Kukatpally, West Hyderabad", West Hyderabad,Hyderabad,4.4,300
Barbeque Nation,"Kothaguda, West Hyderabad", West Hyderabad,Hyderabad,4.4,1400
10 Downing Street,"SLN Terminus,Gachibowli, West Hyderabad", West Hyderabad,Hyderabad,4.4,2000
Tiki Shack,"Times Square,Gachibowli, West Hyderabad", West Hyderabad,Hyderabad,4.2,1300
Coco Fit,"Madhapur, West Hyderabad", West Hyderabad,Hyderabad,2.7,300
Little Italy,"BK Towers,Hitech City, West Hyderabad", West Hyderabad,Hyderabad,4.2,1800
Aromas@11SIX,"Gachibowli, West Hyderabad", West Hyderabad,Hyderabad,3.8,1200
SKYHY,"Sri Tirumala Towers,Gachibowli, West Hyderabad", West Hyderabad,Hyderabad,3.8,1700
Ninety Six,"Trident Hotel,Hitech City, West Hyderabad", West Hyderabad,Hyderabad,4.4,2500
Nakshatra MutiCuisine Restaurant,"Dilsukh Nagar, East Hyderabad", East Hyderabad,Hyderabad,3.7,700
Akshara Grand,"Vinayaka Plaza,Kothapet, East Hyderabad", East Hyderabad,Hyderabad,4.3,1000
7 sisters Hitex,"Kondapur, West Hyderabad", West Hyderabad,Hyderabad,4.2,500
Chinese Bells,"MNR Complex,Nacharam, East Hyderabad", East Hyderabad,Hyderabad,2.6,700
Drunkyard,"Gachibowli, West Hyderabad", West Hyderabad,Hyderabad,4.0,1500
London Bubble Co.,"Dilsukh Nagar, East Hyderabad", East Hyderabad,Hyderabad,3.5,500
Karachi Cafe,"SBR Pearl,Hitech City, West Hyderabad", West Hyderabad,Hyderabad,4.1,600
Biryanis And More,"Fantasy Square Building,Gachibowli, West Hyderabad", West Hyderabad,Hyderabad,4.1,600
Mexico's Chicken Poppers,"Manikonda, West Hyderabad", West Hyderabad,Hyderabad,4.3,500
Biryanis And More,"BK Towers,Hitech City, West Hyderabad", West Hyderabad,Hyderabad,3.8,600
Almond House,"Kukatpally, West Hyderabad", West Hyderabad,Hyderabad,4.7,500
Buffalo Wild Wings,"Gachibowli, West Hyderabad", West Hyderabad,Hyderabad,4.1,1800
Bikanervala,"Western Pearl Building,Kondapur, West Hyderabad", West Hyderabad,Hyderabad,4.2,1000
Tabla,"Hardhick Crown,Hitech City, West Hyderabad", West Hyderabad,Hyderabad,4.1,1100
Cream Chemistry,"Manikonda, West Hyderabad", West Hyderabad,Hyderabad,4.3,400
Milkshake House,"Kukatpally, West Hyderabad", West Hyderabad,Hyderabad,5.0,400
Spice It,"Ibis Hotel,Hitech City, West Hyderabad", West Hyderabad,Hyderabad,3.4,1400
Haiku,"Gachibowli, West Hyderabad", West Hyderabad,Hyderabad,4.3,1500
Dine O China,"Gachibowli, West Hyderabad", West Hyderabad,Hyderabad,4.3,1100
Sandwich Eatery,"Kukatpally, West Hyderabad", West Hyderabad,Hyderabad,4.6,500
Harley's Fine Baking,"SPG Grand,Kompally, Secunderabad", Secunderabad,Hyderabad,4.3,500
Groove 9,"Sainikpuri, Secunderabad", Secunderabad,Hyderabad,3.9,800
Tabla,"APHB Commercial Complex,Kukatpally, West Hyderabad", West Hyderabad,Hyderabad,4.2,900
Balaji Santosh Family Dhaba,"Neredimet, Secunderabad", Secunderabad,Hyderabad,3.8,600
Jonathan's Kitchen,"Fairfield by Marriott Hyderabad Gachibowli,Gachibowli, West Hyderabad", West Hyderabad,Hyderabad,4.2,1800
Ming Ustad,"Hitech City, West Hyderabad", West Hyderabad,Hyderabad,4.1,1100
Cafe Avail,"Indu Arcade,Sainikpuri, Secunderabad", Secunderabad,Hyderabad,4.3,500
Chinese Pavilion,"Venkata Sai Ganapathi's Gold,Gachibowli, West Hyderabad", West Hyderabad,Hyderabad,4.4,1400
Raju Gari Vantillu,"Gachibowli, West Hyderabad", West Hyderabad,Hyderabad,3.1,1200
Glocal Junction,"Signature Towers,Kondapur, West Hyderabad", West Hyderabad,Hyderabad,4.1,1600
Paranthe Wali Gali,"Sainikpuri, Secunderabad", Secunderabad,Hyderabad,5.0,600
Taco Bell,"DSL VIRTUE MALL,Uppal, East Hyderabad", East Hyderabad,Hyderabad,3.4,500
Malnadu Kitchen - Telangana Cuisine,"Hoysala inn,Kompally, Secunderabad", Secunderabad,Hyderabad,4.2,1800
Thinespo,"Kompally, Secunderabad", Secunderabad,Hyderabad,4.3,900
Grandiose,"Kukatpally, West Hyderabad", West Hyderabad,Hyderabad,3.5,800
Vivaha Bhojanambu,"A S Rao Nagar, Secunderabad", Secunderabad,Hyderabad,3.8,1000
Pind Balluchi,"Forum Sujana Mall,Kukatpally, West Hyderabad", West Hyderabad,Hyderabad,4.1,1000
Cream Stone,"Satyanarayana Arcade,Gachibowli, West Hyderabad", West Hyderabad,Hyderabad,4.3,400
Salaam Namaste,"Hitech City, West Hyderabad", West Hyderabad,Hyderabad,4.1,800
Food Exchange,"Novotel Hyderabad Convention Centre,Hitech City, West Hyderabad", West Hyderabad,Hyderabad,3.9,2300
Hawte,"Kukatpally, West Hyderabad", West Hyderabad,Hyderabad,4.3,400
The Old Madras Baking Company,"Gachibowli, West Hyderabad", West Hyderabad,Hyderabad,3.9,800
Belgian Waffle Factory,"Kukatpally, West Hyderabad", West Hyderabad,Hyderabad,4.2,400
The Punjabis Swag,"Gachibowli, West Hyderabad", West Hyderabad,Hyderabad,4.3,800
Foodies Flavoroso,"Jeedimetla, Secunderabad", Secunderabad,Hyderabad,3.4,600
Mustang Terrace Lounge,"Satyanarayana Arcade,Gachibowli, West Hyderabad", West Hyderabad,Hyderabad,4.1,1700
Eagles Pizza,"Kothapet, East Hyderabad", East Hyderabad,Hyderabad,3.4,600
Milkshake Buffin,"Uppal, East Hyderabad", East Hyderabad,Hyderabad,4.3,300
China Bistro,"Signature Towers,Kondapur, West Hyderabad", West Hyderabad,Hyderabad,4.3,2000
Eagles Pizza,"Saroor Nagar West, East Hyderabad", East Hyderabad,Hyderabad,3.6,600
Makers Of Milkshakes,"Sainikpuri, Secunderabad", Secunderabad,Hyderabad,4.1,400
Pondy Parottas,"Hitech City, West Hyderabad", West Hyderabad,Hyderabad,3.9,600
Indulge Ice Cream,"Gachibowli, West Hyderabad", West Hyderabad,Hyderabad,4.0,300
Palamuru Grill,"Kondapur, West Hyderabad", West Hyderabad,Hyderabad,4.1,900
Hotel Swagath Grand,"Medchal, Secunderabad", Secunderabad,Hyderabad,1.0,900
Tasty Village Multicuisine Restuarant,"Alwal, Secunderabad", Secunderabad,Hyderabad,3.3,500
Frat House,"SLN Terminus,Gachibowli, West Hyderabad", West Hyderabad,Hyderabad,3.6,2200
Sky Garden Rooftop Cafe,"Kompally, Secunderabad", Secunderabad,Hyderabad,3.8,1000
Hotel Mayukha Multicuisine Family Restaurant & Banquet Hall,"Kukatpally, West Hyderabad", West Hyderabad,Hyderabad,3.9,1000
Aaha Emi Ruchi,"Saroor Nagar West, East Hyderabad", East Hyderabad,Hyderabad,4.5,600
Coco Fit,"Kukatpally, West Hyderabad", West Hyderabad,Hyderabad,5.0,300
Chemistry Family Bar,"Sreshta Platinum,Kothapet, East Hyderabad", East Hyderabad,Hyderabad,3.8,1800
The Old Madras Baking Company,"Manikonda, West Hyderabad", West Hyderabad,Hyderabad,3.8,600
32 Country Road Bar & Grill,"Gachibowli, West Hyderabad", West Hyderabad,Hyderabad,3.7,1600
Shree Santosh Family Dhaba,"Kukatpally, West Hyderabad", West Hyderabad,Hyderabad,3.2,700
Masala Republic,"Sreshta Marvel,Gachibowli, West Hyderabad", West Hyderabad,Hyderabad,4.0,1100
Latitude,"Le Meridien Hyderabad,Gachibowli, West Hyderabad", West Hyderabad,Hyderabad,5.0,800
The Coffee Cup Pizzeria,"Sainikpuri, Secunderabad", Secunderabad,Hyderabad,4.4,700
Gappe Vappe,"Kukatpally, West Hyderabad", West Hyderabad,Hyderabad,3.0,500
Pista House,"Kukatpally, West Hyderabad", West Hyderabad,Hyderabad,4.1,900
Artistry,"Novotel,Kothaguda, West Hyderabad", West Hyderabad,Hyderabad,4.1,2000
Caffe Ritazza,"Sarath City Capital Mall,Kondapur, West Hyderabad", West Hyderabad,Hyderabad,4.6,1300
The Bar,"Novotel Hyderabad Convention Centre,Hitech City, West Hyderabad", West Hyderabad,Hyderabad,4.3,2500
Cascade,"Radisson Hyderabad Hitec City,Gachibowli, West Hyderabad", West Hyderabad,Hyderabad,3.9,2300
Moxa Kitchen,"Hitech City, West Hyderabad", West Hyderabad,Hyderabad,3.8,1100
Hotel Tulips Grand,"Tulip Grand,Uppal, East Hyderabad", East Hyderabad,Hyderabad,4.1,900
Barbeque Nation,"Anvi’s ECO Grand,Gachibowli, West Hyderabad", West Hyderabad,Hyderabad,4.4,1400
Harley's Fine Baking,"Nagole, East Hyderabad", East Hyderabad,Hyderabad,4.6,500
The Garage Project,"Sainikpuri, Secunderabad", Secunderabad,Hyderabad,4.5,500
Parathas & More,"Kondapur, West Hyderabad", West Hyderabad,Hyderabad,4.3,600
Pot Belly,"Yapral, Secunderabad", Secunderabad,Hyderabad,4.6,600
Myboli Maharashtrian Kitchen,"Paradigm SSS Square,Kondapur, West Hyderabad", West Hyderabad,Hyderabad,3.8,1000
Punjabi Affair,"Kondapur, West Hyderabad", West Hyderabad,Hyderabad,4.4,800
Taco Bell,"Sarath City Capital Mall,Kondapur, West Hyderabad", West Hyderabad,Hyderabad,4.1,500
Kinara Grand,"A S Rao Nagar, Secunderabad", Secunderabad,Hyderabad,4.1,1000
Cabrito Al Mataam,"Gachibowli, West Hyderabad", West Hyderabad,Hyderabad,4.2,500
Temptations,"Kompally, Secunderabad", Secunderabad,Hyderabad,5.0,600
Biggies Burger 'n' More,"SLN Terminus,Gachibowli, West Hyderabad", West Hyderabad,Hyderabad,4.2,600
La Cantina,"Novotel Hyderabad Convention Centre,Hitech City, West Hyderabad", West Hyderabad,Hyderabad,4.0,2500
Le Café,"Novotel Hyderabad Convention Centre,Hitech City, West Hyderabad", West Hyderabad,Hyderabad,3.9,1000
Pista House,"Kondapur, West Hyderabad", West Hyderabad,Hyderabad,4.0,900
Tabla,"Uppal, East Hyderabad", East Hyderabad,Hyderabad,4.1,1700
Karim's - Original from Jama Masjid Delhi 6,"Times Square,Gachibowli, West Hyderabad", West Hyderabad,Hyderabad,4.0,1000
Coco Cafe,"A S Rao Nagar, Secunderabad", Secunderabad,Hyderabad,3.6,700
Gappe Vappe,"Gachibowli, West Hyderabad", West Hyderabad,Hyderabad,2.5,500
Top of The World Restaurant,"Tirupathi Reddy Plaza,A S Rao Nagar, Secunderabad", Secunderabad,Hyderabad,3.6,1200
Riders Sports Bar,"My Place,L B Nagar, East Hyderabad", East Hyderabad,Hyderabad,4.1,1300
La Prezzo Woodfire Pizza,"Gachibowli, West Hyderabad", West Hyderabad,Hyderabad,4.3,600
Cafika,"Sainikpuri, Secunderabad", Secunderabad,Hyderabad,3.4,600
Aroma Multicusine Restaurant,"Gachibowli, West Hyderabad", West Hyderabad,Hyderabad,3.9,1100
Qube Cafe,"Hotel Siesta,Kondapur, West Hyderabad", West Hyderabad,Hyderabad,3.7,1100
Kumbhakaran Restaurant,"A S Rao Nagar, Secunderabad", Secunderabad,Hyderabad,3.9,900
Beijing Bites,"Sarath City Capital Mall,Kondapur, West Hyderabad", West Hyderabad,Hyderabad,4.0,400
Frozen Bottle,"Gachibowli, West Hyderabad", West Hyderabad,Hyderabad,3.4,300
Palanadu Ruchulu,"Gachibowli, West Hyderabad", West Hyderabad,Hyderabad,3.5,1100
Express By AB's,"Apurupa Silpi,Gachibowli, West Hyderabad", West Hyderabad,Hyderabad,4.5,600
Tulip Elite Bar,"Tulip Grand,Uppal, East Hyderabad", East Hyderabad,Hyderabad,4.2,1500
Sky Lounge,"My Place,L B Nagar, East Hyderabad", East Hyderabad,Hyderabad,4.2,1500
Kobe Sizzlers,"Gachibowli, West Hyderabad", West Hyderabad,Hyderabad,3.9,1200
Turquoise,"Le Meridien Hyderabad,Gachibowli, West Hyderabad", West Hyderabad,Hyderabad,2.9,2000
Fly Rooftop Lounge,"Kapra, Secunderabad", Secunderabad,Hyderabad,4.3,1000
Urban Asia And Eat India Company,"Times Square,Gachibowli, West Hyderabad", West Hyderabad,Hyderabad,4.1,1100
Coffee N Cakes,"Sainikpuri, Secunderabad", Secunderabad,Hyderabad,3.5,600
Musine Garden Restaurant,"Sainikpuri, Secunderabad", Secunderabad,Hyderabad,4.0,800
Raju Gari Vindu,"Kondapur, West Hyderabad", West Hyderabad,Hyderabad,4.2,500
Namak-Pinch Of Delight,"Kondapur, West Hyderabad", West Hyderabad,Hyderabad,3.9,600
Al-Beck Mandi,"A S Rao Nagar, Secunderabad", Secunderabad,Hyderabad,3.6,500
Tabla,"Nagole, East Hyderabad", East Hyderabad,Hyderabad,3.9,1200
Chef Baker's,"Gachibowli, West Hyderabad", West Hyderabad,Hyderabad,4.0,600
The Hyderabad Oven,"Gachibowli, West Hyderabad", West Hyderabad,Hyderabad,4.5,500
Komatose,"Fairfield by Marriott Hyderabad Gachibowli,Gachibowli, West Hyderabad", West Hyderabad,Hyderabad,4.1,1500
House Of Dosas,"Ratna Arcade,Kompally, Secunderabad", Secunderabad,Hyderabad,4.0,300
Palamuru Grill,"PPR Complex,Kompally, Secunderabad", Secunderabad,Hyderabad,4.1,900
PlayStation,"Tulip Grand,Uppal, East Hyderabad", East Hyderabad,Hyderabad,4.3,1100
Saharsh Udupi Grand,"Kothaguda, West Hyderabad", West Hyderabad,Hyderabad,2.3,300
Kulture Sports Bar,"Hoysala inn,Kompally, Secunderabad", Secunderabad,Hyderabad,3.4,1500
New Chaitanya Restaurant,"Nagole, East Hyderabad", East Hyderabad,Hyderabad,3.0,500
Lassi Studio,"ECIL, Secunderabad", Secunderabad,Hyderabad,4.2,200
900 Degree Brick Oven Pizza,"Kondapur, West Hyderabad", West Hyderabad,Hyderabad,4.3,600
Madhura Grand,"Elite Complex,Kukatpally, West Hyderabad", West Hyderabad,Hyderabad,4.4,800
The Arabian Mandi,"A S Rao Nagar, Secunderabad", Secunderabad,Hyderabad,3.3,800
Spice Nation,"Kushaiguda, Secunderabad", Secunderabad,Hyderabad,4.4,500
Amaravathi Family Restaurant,"Pragathi Nagar, West Hyderabad", West Hyderabad,Hyderabad,4.6,800
Cafe Liant,"Gandipet, West Hyderabad", West Hyderabad,Hyderabad,5.0,700
1989 Pizza & Thick Shakes,"Uppal, East Hyderabad", East Hyderabad,Hyderabad,4.7,600
Sandwich Eatery,"Kondapur, West Hyderabad", West Hyderabad,Hyderabad,4.3,500
Code 32,"Gachibowli, West Hyderabad", West Hyderabad,Hyderabad,4.3,1500
1989 Milkshakes,"Uppal, East Hyderabad", East Hyderabad,Hyderabad,4.1,600
Palms Kitchen,"Fairfield by Marriott Hyderabad Gachibowli,Gachibowli, West Hyderabad", West Hyderabad,Hyderabad,3.3,2000
Kesariya's Sweets,"Kondapur, West Hyderabad", West Hyderabad,Hyderabad,1.3,200
Deli 9,"Anvi’s ECO Grand,Gachibowli, West Hyderabad", West Hyderabad,Hyderabad,4.5,1300
Kebab Pavilion,"Ellaa Hotels,Gachibowli, West Hyderabad", West Hyderabad,Hyderabad,3.8,1500
Frozen Bottle,"L B Nagar, East Hyderabad", East Hyderabad,Hyderabad,4.7,300
Indus,"Ellaa Hotels,Gachibowli, West Hyderabad", West Hyderabad,Hyderabad,3.9,1500
Alchemy Lounge,"Ellaa Hotels,Gachibowli, West Hyderabad", West Hyderabad,Hyderabad,4.3,1700
Sandwich Eatery,"Nizampet, West Hyderabad", West Hyderabad,Hyderabad,4.2,500
Zega,"Sheraton Hyderabad Hotel,Gachibowli, West Hyderabad", West Hyderabad,Hyderabad,4.6,2400
Driven Cafe,"Kapil Towers,Gachibowli, West Hyderabad", West Hyderabad,Hyderabad,4.3,600
Collage,"Hyatt Hyderabad,Gachibowli, West Hyderabad", West Hyderabad,Hyderabad,4.1,2000
Dark Stone,"L B Nagar, East Hyderabad", East Hyderabad,Hyderabad,4.0,400
Ahoy Resto,"Kompally, Secunderabad", Secunderabad,Hyderabad,4.3,900
Firewater Restaurant and Banquets,"Miyapur, West Hyderabad", West Hyderabad,Hyderabad,4.3,1500
Cafe 115,"Oakwood Residence Kapil Hyderabad,Gachibowli, West Hyderabad", West Hyderabad,Hyderabad,5.0,500
Feast,"Sheraton Hyderabad Hotel,Gachibowli, West Hyderabad", West Hyderabad,Hyderabad,4.3,2500
Italia,"Ellaa Hotels,Gachibowli, West Hyderabad", West Hyderabad,Hyderabad,3.5,1500
Link,"Sheraton Hyderabad Hotel,Gachibowli, West Hyderabad", West Hyderabad,Hyderabad,4.5,1500
Old Skool,"Kompally, Secunderabad", Secunderabad,Hyderabad,4.1,700
Oakleaf,"Oakwood Residence Kapil Hyderabad,Gachibowli, West Hyderabad", West Hyderabad,Hyderabad,4.0,2000
Sandwich Eatery,"Miyapur, West Hyderabad", West Hyderabad,Hyderabad,4.6,500
CF Fresh 100,"Gachibowli, West Hyderabad", West Hyderabad,Hyderabad,5.0,300
Ankapur Village Hotel,"Vanasthalipuram, East Hyderabad", East Hyderabad,Hyderabad,4.4,1100
Eagles Pizza,"Uppal, East Hyderabad", East Hyderabad,Hyderabad,3.2,600
Cream Stone,"Chanda Nagar, West Hyderabad", West Hyderabad,Hyderabad,4.3,400
Express By AB's,"Maisaiah Yadav Estate,Miyapur, West Hyderabad", West Hyderabad,Hyderabad,4.2,600
Punjabi Affair,"Nanakramguda, West Hyderabad", West Hyderabad,Hyderabad,3.1,800
Eagles Pizza,"Miyapur, West Hyderabad", West Hyderabad,Hyderabad,4.1,600
Chef Baker's,"Hafeezpet, West Hyderabad", West Hyderabad,Hyderabad,2.3,600
The Bake Factory,"Lingampally, West Hyderabad", West Hyderabad,Hyderabad,4.7,700
Milkshake Buffin,"Vanasthalipuram, East Hyderabad", East Hyderabad,Hyderabad,4.2,300
Hotel M Grand,"Vanasthalipuram, East Hyderabad", East Hyderabad,Hyderabad,4.0,1000
Bahar Biryani Cafe,"Hasthinapuram, East Hyderabad", East Hyderabad,Hyderabad,3.1,800
Over The Flow,"Hotel Swagath Grand,Hafeezpet, West Hyderabad", West Hyderabad,Hyderabad,3.9,1200
Little Island,"Hotel Swagath Grand,Hafeezpet, West Hyderabad", West Hyderabad,Hyderabad,4.2,900
Yellow Bamboos,"Hotel Swagath Grand,Hafeezpet, West Hyderabad", West Hyderabad,Hyderabad,4.0,1000
Southern Kitchen,"Hotel Swagath Grand,Hafeezpet, West Hyderabad", West Hyderabad,Hyderabad,3.7,900
The Scam,"Lingampally, West Hyderabad", West Hyderabad,Hyderabad,4.0,1400
Taco Bell,"GSM Mall,Chanda Nagar, West Hyderabad", West Hyderabad,Hyderabad,4.0,500
World of Tortillas,"GSM Mall,Miyapur, West Hyderabad", West Hyderabad,Hyderabad,4.0,600
Nature's Hub,"Gandipet, West Hyderabad", West Hyderabad,Hyderabad,3.9,900
Chinnari's Kitchen,"Gachibowli, West Hyderabad", West Hyderabad,Hyderabad,5.0,1200
Theth Masala,"Lingampally, West Hyderabad", West Hyderabad,Hyderabad,4.2,1200
Santosh Klub,"Lingampally, West Hyderabad", West Hyderabad,Hyderabad,4.6,800
Broccoli Pizza & Pasta,"Lingampally, West Hyderabad", West Hyderabad,Hyderabad,4.1,600
Cafe Gluck,"Lingampally, West Hyderabad", West Hyderabad,Hyderabad,4.6,700
Mid Land Bakers & Confectioners,"Hafeezpet, West Hyderabad", West Hyderabad,Hyderabad,1.0,400
Makers Of Milkshakes,"Lingampally, West Hyderabad", West Hyderabad,Hyderabad,4.5,400
Tandoor Restaurant & Bakers,"Shameerpet, Secunderabad", Secunderabad,Hyderabad,3.2,600
Broskis,"Pocharam, Secunderabad", Secunderabad,Hyderabad,4.2,800
Bikanervala,"Shamshabad, South Hyderabad", South Hyderabad,Hyderabad,4.6,1100
Kenny Rogers Roasters,"Inorbit Mall,Hitech City, West Hyderabad", West Hyderabad,Hyderabad,4.1,1000
The Big Owl Cafe,"Sainikpuri, Secunderabad", Secunderabad,Hyderabad,3.8,1000
Upper Deck,"Swagath De Royal,Kondapur, West Hyderabad", West Hyderabad,Hyderabad,4.2,1000
B&W Restaurant - Swagath De Royal,"Swagath De Royal,Kondapur, West Hyderabad", West Hyderabad,Hyderabad,3.9,1200
Caafe 360 Degree,"Kankurgachhi, East Kolkata", East Kolkata,Kolkata,4.5,1000
Carpe Diem,"Park Street, Central Kolkata", Central Kolkata,Kolkata,4.5,1600
The Loop Cafe,"Kankurgachhi, East Kolkata", East Kolkata,Kolkata,4.4,1000
Pawan Putra,"Kankurgachhi, East Kolkata", East Kolkata,Kolkata,4.2,1000
Fly Kouzina,"Salt Lake, East Kolkata", East Kolkata,Kolkata,4.4,1200
Uno Chicago Bar & Grill,"Kankurgachhi, East Kolkata", East Kolkata,Kolkata,4.4,1500
Zaairah,"Salt Lake, East Kolkata", East Kolkata,Kolkata,4.2,1200
AB's - Absolute Barbecues,"Salt Lake, East Kolkata", East Kolkata,Kolkata,4.3,1200
The Chutney Co.,"Centre Point,B B D Bagh, Central Kolkata", Central Kolkata,Kolkata,4.5,400
Fantastic Food Story,"Hati Bagan, North Kolkata", North Kolkata,Kolkata,4.1,700
The Tunnel,"Kankurgachhi, East Kolkata", East Kolkata,Kolkata,4.3,800
Caafe 360 Degree,"Downtown Mall,Salt Lake, East Kolkata", East Kolkata,Kolkata,4.5,1000
Go Green,"Kankurgachhi, East Kolkata", East Kolkata,Kolkata,4.1,1200
Le Coffee Creme,"Salt Lake, East Kolkata", East Kolkata,Kolkata,4.1,1000
Calcutta 64,"Salt Lake, East Kolkata", East Kolkata,Kolkata,4.4,800
The Sugarr and Spice,"Maniktala, North Kolkata", North Kolkata,Kolkata,3.5,300
Monginis,"Kankurgachhi, East Kolkata", East Kolkata,Kolkata,4.5,200
Krazy For Chocolates,"Kankurgachhi, East Kolkata", East Kolkata,Kolkata,5.0,300
New Paul Dhaba Veggie Hub,"Maniktala, North Kolkata", North Kolkata,Kolkata,4.0,500
@49,"Maniktala, North Kolkata", North Kolkata,Kolkata,5.0,600
Chili's American Grill and Bar,"Quest Mall,Ballygunge, South Kolkata", South Kolkata,Kolkata,4.4,1500
JW Kitchen,"JW Marriott Hotel Kolkata,JBS Haldane Avenue, South Kolkata", South Kolkata,Kolkata,4.4,3000
LA Bar & Kitchen,"Fort Knox Mall,Camac Street, Central Kolkata", Central Kolkata,Kolkata,3.8,1000
Food Station,"College Street, North Kolkata", North Kolkata,Kolkata,4.4,500
K Local,"City Centre 1,Salt Lake, East Kolkata", East Kolkata,Kolkata,4.1,1500
Canteen Pub & Grub,"City Centre 1,Salt Lake, East Kolkata", East Kolkata,Kolkata,4.1,1700
C/o. Bangali,"Hati Bagan, North Kolkata", North Kolkata,Kolkata,4.3,700
The Dugout,"Sarat Bose Road, South Kolkata", South Kolkata,Kolkata,4.5,800
Ganguram & Sons,"Maniktala, North Kolkata", North Kolkata,Kolkata,3.5,200
Flyers Multicuisine Restaurant,"Ultadanga, North Kolkata", North Kolkata,Kolkata,4.2,800
Aminia,"Shyambazar, North Kolkata", North Kolkata,Kolkata,4.1,700
Bake O Cake,"Kankurgachhi, East Kolkata", East Kolkata,Kolkata,4.4,400
New Paul Dhaba,"Maniktala, North Kolkata", North Kolkata,Kolkata,4.3,500
Aqua Java,"Maniktala, North Kolkata", North Kolkata,Kolkata,3.7,1000
The Spirits,"Salt Lake, East Kolkata", East Kolkata,Kolkata,4.2,2300
The London Shakes,"Phool Bagan, North Kolkata", North Kolkata,Kolkata,4.2,500
Trapeze,"Chowringhee, Central Kolkata", Central Kolkata,Kolkata,4.4,1200
Urbans Cafe,"Girish Park, North Kolkata", North Kolkata,Kolkata,4.4,500
Jungle Safari,"Mani Square,Kankurgachhi, East Kolkata", East Kolkata,Kolkata,4.4,1200
Momo I Am,"Salt Lake, East Kolkata", East Kolkata,Kolkata,4.5,800
The Lords and Barons,"Park Street, Central Kolkata", Central Kolkata,Kolkata,4.3,1500
The Bikers Cafe,"Platinum Mall,Elgin Road, South Kolkata", South Kolkata,Kolkata,4.3,1100
Apu's Kitchen,"Kankurgachhi, East Kolkata", East Kolkata,Kolkata,3.8,500
Urban Masala,"Lake Town, East Kolkata", East Kolkata,Kolkata,4.2,800
Kaafila,"City Centre 1,Salt Lake, East Kolkata", East Kolkata,Kolkata,4.4,1500
Monginis,"Girish Park, North Kolkata", North Kolkata,Kolkata,4.3,200
Petuk Kolkata,"Hati Bagan, North Kolkata", North Kolkata,Kolkata,3.9,500
Hoppipola,"Mani Square,Kankurgachhi, East Kolkata", East Kolkata,Kolkata,4.4,1800
Waterside Cafe,"Hyatt Regency,Salt Lake, East Kolkata", East Kolkata,Kolkata,4.3,3200
Wow! Momo,"Girish Park, North Kolkata", North Kolkata,Kolkata,4.1,400
Peter Cat,"Park Street, Central Kolkata", Central Kolkata,Kolkata,4.3,900
Kareem's,"Park Street, Central Kolkata", Central Kolkata,Kolkata,4.4,1300
The Bhoj Company,"B B D Bagh, Central Kolkata", Central Kolkata,Kolkata,4.3,600
Refinery091,"Globsyn Crystals Building,Salt Lake, East Kolkata", East Kolkata,Kolkata,4.4,1700
Wow! Momo,"Ultadanga, North Kolkata", North Kolkata,Kolkata,3.9,400
Wow! Momo,"Sealdah, North Kolkata", North Kolkata,Kolkata,3.7,400
Barbeque Nation,"Park Center Building,Park Street, Central Kolkata", Central Kolkata,Kolkata,4.5,1500
Zaranj,"New Market, Central Kolkata", Central Kolkata,Kolkata,4.3,3400
The 2nd Story Cafe And Lounge,"Salt Lake, East Kolkata", East Kolkata,Kolkata,5.0,1100
Pa Pa Ya,"Park Street, Central Kolkata", Central Kolkata,Kolkata,4.7,2100
Plush 28,"Salt Lake, East Kolkata", East Kolkata,Kolkata,4.3,1400
East India Room,"Kankurgachhi, East Kolkata", East Kolkata,Kolkata,4.2,1100
Kareem's,"PS Srijan Corporate Park,Salt Lake, East Kolkata", East Kolkata,Kolkata,4.4,1400
Icy Fusion,"Salt Lake, East Kolkata", East Kolkata,Kolkata,4.5,300
Soul Cafe,"E.M Bypass, East Kolkata", East Kolkata,Kolkata,4.6,800
Zobet,"Camac Street, Central Kolkata", Central Kolkata,Kolkata,4.3,1000
Ayan Fast Food Center,"B B D Bagh, Central Kolkata", Central Kolkata,Kolkata,5.0,300
Kouzina Marine,"Salt Lake, East Kolkata", East Kolkata,Kolkata,4.4,1300
Level Seven,"Topsia, East Kolkata", East Kolkata,Kolkata,4.1,1800
Kankurgachi Dhaba,"Kankurgachhi, East Kolkata", East Kolkata,Kolkata,2.4,400
Little Roti,"Park Street, Central Kolkata", Central Kolkata,Kolkata,4.1,500
Kouzina Mining Co.,"Salt Lake, East Kolkata", East Kolkata,Kolkata,4.3,1600
C.I.T. Cafe,"Entally, Central Kolkata", Central Kolkata,Kolkata,3.8,1000
Wow! Momo,"Hati Bagan, North Kolkata", North Kolkata,Kolkata,3.4,400
The Orient,"City Centre 1,Salt Lake, East Kolkata", East Kolkata,Kolkata,4.3,2000
Wow! China by Wow! Momo,"Park Street, Central Kolkata", Central Kolkata,Kolkata,4.3,500
Afraa Lounge,"City Centre 1,Salt Lake, East Kolkata", East Kolkata,Kolkata,4.1,1800
"The Swig - Raajkutir, Swabhumi","Kankurgachhi, East Kolkata", East Kolkata,Kolkata,3.7,1200
Calcutta 4,"Shyambazar, North Kolkata", North Kolkata,Kolkata,4.5,200
Smooky Valentino,"Bara Bazar, North Kolkata", North Kolkata,Kolkata,3.0,500
Friday Release,"Salt Lake, East Kolkata", East Kolkata,Kolkata,4.1,1400
Scrapyard,"Camac Street, Central Kolkata", Central Kolkata,Kolkata,4.3,1000
Sonar Tori,"City Centre 1,Salt Lake, East Kolkata", East Kolkata,Kolkata,4.3,1200
Ping's Cafe Orient,"Park Street, Central Kolkata", Central Kolkata,Kolkata,4.4,1500
Mocambo,"Park Street, Central Kolkata", Central Kolkata,Kolkata,4.3,1000
Wow! Momo,"Chinsurah, North Kolkata", North Kolkata,Kolkata,5.0,400
Cafe Stadia,"Beliaghata, East Kolkata", East Kolkata,Kolkata,5.0,700
Wow! Momo,"Salt Lake, East Kolkata", East Kolkata,Kolkata,4.5,400
The Bengal Lounge,"B B D Bagh, Central Kolkata", Central Kolkata,Kolkata,4.3,1200
The Salt House,"Shakespeare Sarani, Central Kolkata", Central Kolkata,Kolkata,4.3,2500
Sareens,"Salt Lake, East Kolkata", East Kolkata,Kolkata,5.0,500
Zero Lounge,"B B D Bagh, Central Kolkata", Central Kolkata,Kolkata,4.4,1500
Please Don't Talk,"Ho Chi Minh Sarani, Central Kolkata", Central Kolkata,Kolkata,4.3,2000
Be Kebabii,"Entally, Central Kolkata", Central Kolkata,Kolkata,4.4,400
Port 15,"Salt Lake, East Kolkata", East Kolkata,Kolkata,4.1,1600
Kwality Restaurant,"Park Street, Central Kolkata", Central Kolkata,Kolkata,4.2,1300
Krazy For Chocolates,"City Centre 1,Salt Lake, East Kolkata", East Kolkata,Kolkata,5.0,300
MANDALA - The Oriental Kitchen,"Salt Lake, East Kolkata", East Kolkata,Kolkata,4.4,1100
Rasam,"The Stadel,Salt Lake, East Kolkata", East Kolkata,Kolkata,4.0,500
Chennai Square,"Broadway Mall,Salt Lake, East Kolkata", East Kolkata,Kolkata,4.4,500
The Yellow Straw,"B B D Bagh, Central Kolkata", Central Kolkata,Kolkata,4.3,300
Sabka Club,"Topsia, East Kolkata", East Kolkata,Kolkata,3.9,1000
First Innings,"The Stadel,Salt Lake, East Kolkata", East Kolkata,Kolkata,4.0,1500
Blue & Beyond,"The Lindsay Kolkata,Dharmatala, Central Kolkata", Central Kolkata,Kolkata,3.9,2000
Monginis,"Tangra, East Kolkata", East Kolkata,Kolkata,4.4,200
Momo I Am,"RDB Boulevard,Salt Lake, East Kolkata", East Kolkata,Kolkata,4.6,800
The Scoop,"City Centre 1,Salt Lake, East Kolkata", East Kolkata,Kolkata,4.3,500
Orko'ss Restaurant & Lounge Bar,"City Centre 1,Salt Lake, East Kolkata", East Kolkata,Kolkata,3.9,1500
Moti Mahal Delux,"Park Center Building,Park Street, Central Kolkata", Central Kolkata,Kolkata,4.4,1200
The Sugarr and Spice,"Salt Lake, East Kolkata", East Kolkata,Kolkata,5.0,300
Wow! Momo,"City Centre 1,Salt Lake, East Kolkata", East Kolkata,Kolkata,4.1,400
Kaidi Kitchen,"Camac Street, Central Kolkata", Central Kolkata,Kolkata,4.4,1600
Billions,"Topsia, East Kolkata", East Kolkata,Kolkata,4.4,2000
Mugs And Shots,"City Centre 1,Salt Lake, East Kolkata", East Kolkata,Kolkata,4.0,1500
Dash of This and Dash of That,"City Centre 1,Salt Lake, East Kolkata", East Kolkata,Kolkata,4.3,2000
Baker's Nest,"Salt Lake, East Kolkata", East Kolkata,Kolkata,4.0,800
Aaheli,"The Peerless Inn,Esplanade, Central Kolkata", Central Kolkata,Kolkata,4.4,2000
Piccadilly Square,"Elgin Road, South Kolkata", South Kolkata,Kolkata,4.4,800
SAZ- American Brasserie,"Fort Knox Mall,Camac Street, Central Kolkata", Central Kolkata,Kolkata,4.2,1800
Shawarma Nation,"Salt Lake, East Kolkata", East Kolkata,Kolkata,3.9,700
Heka The Egyptian Lounge,"The Stadel,Salt Lake, East Kolkata", East Kolkata,Kolkata,3.9,1200
Vintage Asia,"JW Marriott Hotel Kolkata,JBS Haldane Avenue, South Kolkata", South Kolkata,Kolkata,4.5,3100
What's In D Name,"Park Street, Central Kolkata", Central Kolkata,Kolkata,4.2,1700
La Macario Cafe,"Camac Street, Central Kolkata", Central Kolkata,Kolkata,4.4,600
Nawwarah Dine Lounge & Sweets,"Ballygunge, South Kolkata", South Kolkata,Kolkata,4.2,1400
The Sugarr and Spice,"Salt Lake, East Kolkata", East Kolkata,Kolkata,4.0,300
JW Lounge,"JW Marriott Hotel Kolkata,JBS Haldane Avenue, South Kolkata", South Kolkata,Kolkata,4.6,2500
50 Shades,"Park Street, Central Kolkata", Central Kolkata,Kolkata,4.8,800
Krazzy for Waffle,"Salt Lake, East Kolkata", East Kolkata,Kolkata,4.1,400
Subway,"Lake Town, East Kolkata", East Kolkata,Kolkata,4.3,400
Wow! Momo,"Park Street, Central Kolkata", Central Kolkata,Kolkata,4.0,400
Hungry Hippo,"Lake Town, East Kolkata", East Kolkata,Kolkata,5.0,400
Zen,"The Park Hotel,Park Street, Central Kolkata", Central Kolkata,Kolkata,4.6,3500
The Irish House,"Quest Mall,Ballygunge, South Kolkata", South Kolkata,Kolkata,4.4,1900
Bombay Brasserie,"Quest Mall,Ballygunge, South Kolkata", South Kolkata,Kolkata,4.3,1500
Mainland China,"Silver Arcade,JBS Haldane Avenue, South Kolkata", South Kolkata,Kolkata,4.5,2000
Fire And Ice Pizzeria,"Kanak Building,Park Street, Central Kolkata", Central Kolkata,Kolkata,4.4,2000
Oceanic,"The Peerless Inn,Esplanade, Central Kolkata", Central Kolkata,Kolkata,3.3,2500
Kitchen 165,"Tangra, East Kolkata", East Kolkata,Kolkata,4.3,800
The Bhoj Company,"New Market, Central Kolkata", Central Kolkata,Kolkata,3.9,600
Kasturi Restaurant,"New Market, Central Kolkata", Central Kolkata,Kolkata,4.0,700
Aura,"The Sonnet Hotel,Salt Lake, East Kolkata", East Kolkata,Kolkata,3.9,2300
Wow! Momo,"Lake Town, East Kolkata", East Kolkata,Kolkata,4.3,400
Aajisai,"Quest Mall,Ballygunge, South Kolkata", South Kolkata,Kolkata,4.3,1900
Eaterniaa,"Park Street, Central Kolkata", Central Kolkata,Kolkata,4.6,600
Sanjha Chulha,"Park Circus, South Kolkata", South Kolkata,Kolkata,4.0,500
Five Mad Men,"BIPL Omega Building,Salt Lake, East Kolkata", East Kolkata,Kolkata,4.3,2000
The Burger Factory,"Salt Lake, East Kolkata", East Kolkata,Kolkata,5.0,700
Food King,"Park Street, Central Kolkata", Central Kolkata,Kolkata,4.0,300
Chowman,"Salt Lake, East Kolkata", East Kolkata,Kolkata,4.4,900
Since 2016 Cafe,"Salt Lake, East Kolkata", East Kolkata,Kolkata,3.2,900
Awesome,"Salt Lake, East Kolkata", East Kolkata,Kolkata,2.9,600
Wow! Momo,"New Empire Cinema,New Market, Central Kolkata", Central Kolkata,Kolkata,3.9,400
Mugs And Shots,"Taltala, Central Kolkata", Central Kolkata,Kolkata,3.9,1000
Oh! Calcutta,"JBS Haldane Avenue, South Kolkata", South Kolkata,Kolkata,4.6,1800
Unwine,"The Sonnet Hotel,Salt Lake, East Kolkata", East Kolkata,Kolkata,3.7,1800
Don Giovanni's,"Salt Lake, East Kolkata", East Kolkata,Kolkata,4.1,1200
Ego Retro Lounge,"The Peerless Inn,Esplanade, Central Kolkata", Central Kolkata,Kolkata,3.5,1500
Subway,"Park Mansion,Park Street, Central Kolkata", Central Kolkata,Kolkata,4.3,400
7 Days,"Salt Lake, East Kolkata", East Kolkata,Kolkata,4.5,400
Hit Wicket,"Salt Lake, East Kolkata", East Kolkata,Kolkata,3.8,1000
Tanngo Chutney,"Salt Lake, East Kolkata", East Kolkata,Kolkata,4.2,700
Yauatcha,"Quest Mall,Ballygunge, South Kolkata", South Kolkata,Kolkata,4.6,2400
Ozora,"Acropolis Mall,Kasba, South Kolkata", South Kolkata,Kolkata,4.1,2700
Aqua,"The Park Hotel,Park Street, Central Kolkata", Central Kolkata,Kolkata,4.1,3000
The London Nail Art & Cafe,"Lake Town, East Kolkata", East Kolkata,Kolkata,3.9,500
Asia! Asia! Asia! - Street BBQ & Buffet,"Salt Lake, East Kolkata", East Kolkata,Kolkata,4.7,900
Wow! Momo,"B B D Bagh, Central Kolkata", Central Kolkata,Kolkata,3.8,400
Don Giovanni's,"Park Street, Central Kolkata", Central Kolkata,Kolkata,3.9,1200
Ilish Truly Bong Restaurant,"Park Street, Central Kolkata", Central Kolkata,Kolkata,4.2,1200
Serafina,"Quest Mall,Ballygunge, South Kolkata", South Kolkata,Kolkata,4.3,2500
Wafira,"Ho Chi Minh Sarani, Central Kolkata", Central Kolkata,Kolkata,4.2,2000
The Accord,"Park Street, Central Kolkata", Central Kolkata,Kolkata,4.2,700
Wow! Momo,"Esplanade, Central Kolkata", Central Kolkata,Kolkata,2.8,400
Hotel Shivam Restaurant & Bar,"Hotel Shivam,Howrah, Howrah", Howrah,Kolkata,4.8,1000
Kung Pao ,"Salt Lake, East Kolkata", East Kolkata,Kolkata,3.1,800
Monkey Bar,"Fort Knox Mall,Camac Street, Central Kolkata", Central Kolkata,Kolkata,4.4,1800
Hotel Sawood International,"Topsia, East Kolkata", East Kolkata,Kolkata,5.0,800
Moulin Rouge,"Park Street, Central Kolkata", Central Kolkata,Kolkata,4.1,1200
Waldorf,"Park Street, Central Kolkata", Central Kolkata,Kolkata,3.9,1000
Barbeque Nation,"RDB Boulevard,Salt Lake, East Kolkata", East Kolkata,Kolkata,4.6,1500
Someplace Else,"The Park Hotel,Park Street, Central Kolkata", Central Kolkata,Kolkata,4.0,2300
Elahi Luxury Dining,"Park Circus, South Kolkata", South Kolkata,Kolkata,4.3,900
Roll It Out,"Park Street, Central Kolkata", Central Kolkata,Kolkata,4.1,300
WTF! - Where's The Food,"Salt Lake, East Kolkata", East Kolkata,Kolkata,4.6,500
Chai Break,"RDB Boulevard,Salt Lake, East Kolkata", East Kolkata,Kolkata,4.2,1100
Meals 'O' Memories,"Bangur Avenue, 24 Parganas North", 24 Parganas North,Kolkata,4.5,300
The Country House,"Elgin Road, South Kolkata", South Kolkata,Kolkata,4.3,1000
Chowman,"Ho Chi Minh Sarani, Central Kolkata", Central Kolkata,Kolkata,4.6,900
Fumi Villa,"Shakespeare Sarani, Central Kolkata", Central Kolkata,Kolkata,4.7,600
Ralli's,"Camac Street, Central Kolkata", Central Kolkata,Kolkata,5.0,200
Indigo Delicatessen,"Quest Mall,Ballygunge, South Kolkata", South Kolkata,Kolkata,4.6,1800
The Street,"The Park Hotel,Park Street, Central Kolkata", Central Kolkata,Kolkata,3.8,1200
I Love Haldiram,"Russel Street, South Kolkata", South Kolkata,Kolkata,4.3,400
Magnolia,"Park Street, Central Kolkata", Central Kolkata,Kolkata,3.9,1200
The Coffee Bean & Tea Leaf,"Quest Mall,Ballygunge, South Kolkata", South Kolkata,Kolkata,4.2,500
National Hotel & Restaurant,"Howrah, Howrah", Howrah,Kolkata,5.0,500
Chowman,"Sinthi, North Kolkata", North Kolkata,Kolkata,4.1,900
Aatithya,"Lake Town, East Kolkata", East Kolkata,Kolkata,3.7,500
Indies,"Camac Street, Central Kolkata", Central Kolkata,Kolkata,4.3,1000
Q33,"Quest Mall,Ballygunge, South Kolkata", South Kolkata,Kolkata,4.4,800
Casa Kitchen,"Casa Fortuna Hotel,AJC Bose Road, South Kolkata", South Kolkata,Kolkata,4.3,1200
Fast Bite,"Topsia, East Kolkata", East Kolkata,Kolkata,5.0,300
Krazy For Chocolates,"Howrah, Howrah", Howrah,Kolkata,3.9,300
Shisha - Bar Stock Exchange,"Westside Building,Camac Street, Central Kolkata", Central Kolkata,Kolkata,4.3,1500
Unplugged Courtyard,"Park Street, Central Kolkata", Central Kolkata,Kolkata,4.1,2800
Double Down,"Elgin Road, South Kolkata", South Kolkata,Kolkata,4.6,1300
Raj Restaurant,"Howrah, Howrah", Howrah,Kolkata,4.1,300
Amour,"Chowringhee, Central Kolkata", Central Kolkata,Kolkata,4.2,1000
Kusum Rolls,"Karnani Mansion,Park Street, Central Kolkata", Central Kolkata,Kolkata,3.7,200
Riyasat e Hind Dhaba,"Ballygunge, South Kolkata", South Kolkata,Kolkata,4.4,1100
Belgian Waffle Junction,"Arihant Benchmark,Topsia, East Kolkata", East Kolkata,Kolkata,4.2,600
Kung Pao ,"Park Street, Central Kolkata", Central Kolkata,Kolkata,3.7,800
TFO - The Factory Outlet,"Westside Building,Camac Street, Central Kolkata", Central Kolkata,Kolkata,4.3,1500
Mainland China,"Uniworth House,Ballygunge, South Kolkata", South Kolkata,Kolkata,4.5,2000
Wow! Momo,"Howrah, Howrah", Howrah,Kolkata,3.5,400
China Town,"Howrah, Howrah", Howrah,Kolkata,5.0,800
Kebab-e-Que,"The Astor Kolkata,Shakespeare Sarani, Central Kolkata", Central Kolkata,Kolkata,4.3,1800
Aura - Sky Bar & Brewhouse,"Shakespeare Sarani, Central Kolkata", Central Kolkata,Kolkata,3.7,2200
Pub 13,"Chowringhee, Central Kolkata", Central Kolkata,Kolkata,3.8,1100
Scarlet,"Aauris,Shakespeare Sarani, Central Kolkata", Central Kolkata,Kolkata,4.2,1000
Don Giovanni's,"Beliaghata, East Kolkata", East Kolkata,Kolkata,3.7,1200
Rang De Basanti Dhaba,"Salt Lake, East Kolkata", East Kolkata,Kolkata,3.9,800
Skai Restaurant and Lounge,"Quest Mall,Ballygunge, South Kolkata", South Kolkata,Kolkata,4.6,2500
Uddta Punjab Dhaba,"Salt Lake, East Kolkata", East Kolkata,Kolkata,2.9,800
Uddta Punjab Dhaba,"Park Mansion,Park Street, Central Kolkata", Central Kolkata,Kolkata,3.2,800
Terminal 11,"Salt Lake, East Kolkata", East Kolkata,Kolkata,4.3,1000
Mouchak,"Park Circus, South Kolkata", South Kolkata,Kolkata,5.0,200
Arhaam Rasoi,"Hotel Crestwood,Park Circus, South Kolkata", South Kolkata,Kolkata,3.5,600
The Fatty Bao,"Fort Knox Mall,Camac Street, Central Kolkata", Central Kolkata,Kolkata,4.5,2000
Ice Cream Lab,"Shakespeare Sarani, Central Kolkata", Central Kolkata,Kolkata,4.5,600
Mintelaa,"Elgin Road, South Kolkata", South Kolkata,Kolkata,4.6,800
The Shake Factory,"Arihant Benchmark,Topsia, East Kolkata", East Kolkata,Kolkata,4.1,400
Chili's American Grill and Bar,"South City Mall,Jadavpur, South Kolkata", South Kolkata,Kolkata,4.5,1500
Santa's Fantasea,"Salt Lake, East Kolkata", East Kolkata,Kolkata,4.3,700
Cafe Mezzuna,"Forum Mall,Elgin Road, South Kolkata", South Kolkata,Kolkata,4.5,2200
The Hidden Kitchen,"Bangur Avenue, 24 Parganas North", 24 Parganas North,Kolkata,5.0,600
Krazy For Chocolates,"Bangur Avenue, 24 Parganas North", 24 Parganas North,Kolkata,4.4,300
BLU - Bistro & Bar,"Aauris,Shakespeare Sarani, Central Kolkata", Central Kolkata,Kolkata,4.1,1500
Floriana,"Park Street, Central Kolkata", Central Kolkata,Kolkata,3.6,1200
Raasta Cafe,"Howrah, Howrah", Howrah,Kolkata,3.4,300
The Green House,"Salt Lake, East Kolkata", East Kolkata,Kolkata,4.1,1000
Azad Hind Dhaba,"Salt Lake, East Kolkata", East Kolkata,Kolkata,3.7,800
ACS Chinese Flavour,"Wellesley, Central Kolkata", Central Kolkata,Kolkata,2.7,300
Fruitose,"Bangur Avenue, 24 Parganas North", 24 Parganas North,Kolkata,5.0,300
TGI Friday's,"Forum Mall,Elgin Road, South Kolkata", South Kolkata,Kolkata,4.4,2000
Deck 88,"The Astor Kolkata,Shakespeare Sarani, Central Kolkata", Central Kolkata,Kolkata,4.2,1500
One Bottle Down,"Camac Street, Central Kolkata", Central Kolkata,Kolkata,4.0,1500
On The Way,"Topsia, East Kolkata", East Kolkata,Kolkata,4.2,1400
What's Your Flavour?,"Wellesley, Central Kolkata", Central Kolkata,Kolkata,2.8,400
Golden Spoon,"Park Street, Central Kolkata", Central Kolkata,Kolkata,3.4,700
Wow! Momo,"Lake Town, East Kolkata", East Kolkata,Kolkata,4.3,400
Anokha Baghicha,"Park Circus, South Kolkata", South Kolkata,Kolkata,3.5,700
Sam's Pub,"Park Street, Central Kolkata", Central Kolkata,Kolkata,3.4,1300
Taco Bell,"Quest Mall,Ballygunge, South Kolkata", South Kolkata,Kolkata,4.7,500
Fries Before Guys,"Arihant Benchmark,Topsia, East Kolkata", East Kolkata,Kolkata,3.6,300
Ciel Cafe and Diner,"Salt Lake, East Kolkata", East Kolkata,Kolkata,3.9,700
Ganesh Pav Bhaji,"Salt Lake, East Kolkata", East Kolkata,Kolkata,3.8,200
Barbeque Nation,"Diamond Plaza Mall,Jessore Road, 24 Parganas North", 24 Parganas North,Kolkata,4.5,1500
The City Wok,"Camac Street, Central Kolkata", Central Kolkata,Kolkata,4.7,500
The Gupta's,"Shakespeare Sarani, Central Kolkata", Central Kolkata,Kolkata,4.2,500
Krazy For Chocolates,"Minto Park, South Kolkata", South Kolkata,Kolkata,5.0,300
Buddha Bites,"Lake Town, East Kolkata", East Kolkata,Kolkata,3.7,1000
Wow! Momo,"Camac Street, Central Kolkata", Central Kolkata,Kolkata,3.7,400
Junglee Cafe,"AJC Bose Road, South Kolkata", South Kolkata,Kolkata,3.8,500
Pind Punjabi Dhaba,"Bangur Avenue, 24 Parganas North", 24 Parganas North,Kolkata,4.0,700
Pool Cafe,"Howrah, Howrah", Howrah,Kolkata,5.0,600
Rendezvous,"Hotel Monotel,Salt Lake, East Kolkata", East Kolkata,Kolkata,4.1,1300
The Burger Factory,"Park Street, Central Kolkata", Central Kolkata,Kolkata,2.7,700
The Rouge,"AJC Bose Road, South Kolkata", South Kolkata,Kolkata,4.3,400
Arun Tea Stall,"Shakespeare Sarani, Central Kolkata", Central Kolkata,Kolkata,4.0,300
Darao Pathik Bor,"Dumdum, 24 Parganas North", 24 Parganas North,Kolkata,4.3,800
Puffs N Bites,"Regency Building,Shakespeare Sarani, Central Kolkata", Central Kolkata,Kolkata,4.1,1100
Cafe Connect,"Elgin Road, South Kolkata", South Kolkata,Kolkata,4.3,600
Wow! Momo,"Camac Street, Central Kolkata", Central Kolkata,Kolkata,3.4,400
SGF,"Lake Town, East Kolkata", East Kolkata,Kolkata,3.7,500
10 Downing Street,"PS Srijan Corporate Park,Salt Lake, East Kolkata", East Kolkata,Kolkata,4.4,1600
Tram Deepo,"Ballygunge, South Kolkata", South Kolkata,Kolkata,3.8,1400
The Brewhive,"PS Srijan Corporate Park,Salt Lake, East Kolkata", East Kolkata,Kolkata,4.4,1400
Royal China Restaurant & Lounge,"Elgin Road, South Kolkata", South Kolkata,Kolkata,4.8,2000
Uddta Punjab Dhaba,"Tangra, East Kolkata", East Kolkata,Kolkata,2.5,800
Piccadilly Square,"Centre Point,B B D Bagh, Central Kolkata", Central Kolkata,Kolkata,4.3,800
Sai Jalpan Junction,"Lake Town, East Kolkata", East Kolkata,Kolkata,3.0,200
Zucca Lounge,"Southern Avenue, South Kolkata", South Kolkata,Kolkata,4.0,1000
Oh! Calcutta,"Forum Mall,Elgin Road, South Kolkata", South Kolkata,Kolkata,4.4,1800
Mintelaa,"Minto Park, South Kolkata", South Kolkata,Kolkata,4.3,800
Tit Bits,"Chowringhee, Central Kolkata", Central Kolkata,Kolkata,4.9,600
Hoppipola,"Infinity Benchmark,Salt Lake, East Kolkata", East Kolkata,Kolkata,4.6,1800
Sly Fox Gastro Club,"Globsyn Crystals Building,Salt Lake, East Kolkata", East Kolkata,Kolkata,4.4,1500
Wow! Momo,"Salt Lake, East Kolkata", East Kolkata,Kolkata,3.1,400
Rasna Buzz,"Chowringhee, Central Kolkata", Central Kolkata,Kolkata,4.8,300
Koyla Cafe Lounge,"Ballygunge, South Kolkata", South Kolkata,Kolkata,3.7,800
Rajnigandha Bar,"Park Street, Central Kolkata", Central Kolkata,Kolkata,2.1,1000
I Love Haldiram,"Camac Street, Central Kolkata", Central Kolkata,Kolkata,4.0,400
Aminia,"Dumdum, 24 Parganas North", 24 Parganas North,Kolkata,3.8,700
Adil Biryani Restaurant,"Park Circus, South Kolkata", South Kolkata,Kolkata,3.0,400
Deli Cravings,"Minto Park, South Kolkata", South Kolkata,Kolkata,3.7,800
I Love Haldiram,"Ballygunge, South Kolkata", South Kolkata,Kolkata,4.4,400
Red Kitchen and Lounge,"Jessore Road, 24 Parganas North", 24 Parganas North,Kolkata,4.4,900
Cloud Tavern,"Sarat Bose Road, South Kolkata", South Kolkata,Kolkata,5.0,600
Rang De Basanti Dhaba,"Diamond Plaza Mall,Jessore Road, 24 Parganas North", 24 Parganas North,Kolkata,3.9,800
WTF! - Where's The Food,"Dumdum, 24 Parganas North", 24 Parganas North,Kolkata,4.1,500
Chinese Quisine Restaurant,"Lake Town, East Kolkata", East Kolkata,Kolkata,1.6,600
Icy Fusion,"Sarat Bose Road, South Kolkata", South Kolkata,Kolkata,4.5,300
The Bhoj Company,"PS Srijan Corporate Park,Salt Lake, East Kolkata", East Kolkata,Kolkata,4.3,600
Hakka Bakka,"Tiljala, South Kolkata", South Kolkata,Kolkata,5.0,500
The Canister Cafe,"AMP Vaisaakkhi Mall,Salt Lake, East Kolkata", East Kolkata,Kolkata,4.2,200
Chili's American Grill and Bar,"Acropolis Mall,Kasba, South Kolkata", South Kolkata,Kolkata,4.2,1500
Subway,"FMC Fortuna Building,AJC Bose Road, South Kolkata", South Kolkata,Kolkata,4.5,400
Galouti,"Salt Lake, East Kolkata", East Kolkata,Kolkata,1.0,500
Arun Tea Stall,"Park Street, Central Kolkata", Central Kolkata,Kolkata,3.0,300
Kalash,"Hotel Hindusthan International,AJC Bose Road, South Kolkata", South Kolkata,Kolkata,4.1,2600
Cafe Connect,"Ballygunge, South Kolkata", South Kolkata,Kolkata,4.3,600
Wow! Momo,"AJC Bose Road, South Kolkata", South Kolkata,Kolkata,3.9,400
Jaisalmer Sonar Kella,"Globsyn Crystals Building,Salt Lake, East Kolkata", East Kolkata,Kolkata,3.9,1800
Mythh,"Hotel Hindusthan International,AJC Bose Road, South Kolkata", South Kolkata,Kolkata,4.1,3000
Wow! Momo,"SDF Buliding,Salt Lake, East Kolkata", East Kolkata,Kolkata,4.5,400
11 To 11 Tastebusterzz,"Diamond Plaza Mall,Jessore Road, 24 Parganas North", 24 Parganas North,Kolkata,3.9,1200
Raize The Bar,"Godrej Waterside,Salt Lake, East Kolkata", East Kolkata,Kolkata,4.4,2000
To Die For,"Ballygunge, South Kolkata", South Kolkata,Kolkata,3.9,1000
Monginis,"Diamond Plaza Mall,Jessore Road, 24 Parganas North", 24 Parganas North,Kolkata,4.1,200
The Flaming Bowl,"Bhawanipur, South Kolkata", South Kolkata,Kolkata,4.5,1000
Pepper Chino,"The Samilton Hotel,Sarat Bose Road, South Kolkata", South Kolkata,Kolkata,4.3,1600
Hatari,"Rashbehari Avenue, South Kolkata", South Kolkata,Kolkata,4.5,1000
6 Ballygunge Place,"Globsyn Crystals Building,Salt Lake, East Kolkata", East Kolkata,Kolkata,4.1,800
The Shake Factory,"Elgin Road, South Kolkata", South Kolkata,Kolkata,4.8,400
7/12 Fried Ice Cream Parlour,"Forum Rangoli Mall,Howrah, Howrah", Howrah,Kolkata,4.8,400
Red Hot Chilli Pepper,"Ballygunge, South Kolkata", South Kolkata,Kolkata,4.2,2000
Pour House,"Salt Lake, East Kolkata", East Kolkata,Kolkata,4.2,1500
Fung Fa,"Tangra, East Kolkata", East Kolkata,Kolkata,1.9,1000
Red Xpress,"Bengal Intelligent Park Limited ,Salt Lake, East Kolkata", East Kolkata,Kolkata,4.2,1600
Belgian Waffle Junction,"Elgin Road, South Kolkata", South Kolkata,Kolkata,4.6,600
Fries Before Guys,"Elgin Road, South Kolkata", South Kolkata,Kolkata,4.6,300
Eighty8+ Cafe,"Elgin Road, South Kolkata", South Kolkata,Kolkata,4.1,800
Starstruck,"Forum Mall,Elgin Road, South Kolkata", South Kolkata,Kolkata,3.9,1500
Rooftop Top View,"Elgin Road, South Kolkata", South Kolkata,Kolkata,3.6,500
The Sugarr and Spice,"Dumdum, 24 Parganas North", 24 Parganas North,Kolkata,4.0,300
Bakstage,"Insignia Tower,Salt Lake, East Kolkata", East Kolkata,Kolkata,4.1,1700
Ocean Grill,"Infinity Benchmark,Salt Lake, East Kolkata", East Kolkata,Kolkata,3.7,1500
Levels-  The Club,"Salt Lake, East Kolkata", East Kolkata,Kolkata,4.3,1500
Tyre Patty,"Elgin Road, South Kolkata", South Kolkata,Kolkata,4.2,1000
Chowman,"Ballygunge, South Kolkata", South Kolkata,Kolkata,4.5,900
35 Bar N Lounge,"The Samilton Hotel,Sarat Bose Road, South Kolkata", South Kolkata,Kolkata,4.4,1200
Indus Pizza,"Kestopur, 24 Parganas North", 24 Parganas North,Kolkata,3.6,500
Wow! Momo,"Upohar Town Centre,Liluah, Howrah", Howrah,Kolkata,4.3,400
Privy Ultra Lounge,"Forum Mall,Elgin Road, South Kolkata", South Kolkata,Kolkata,3.6,1700
Liquid Kitty,"PS Srijan Corporate Park,Salt Lake, East Kolkata", East Kolkata,Kolkata,4.5,1400
Cafe By The Lane,"Shibpur, Howrah", Howrah,Kolkata,5.0,700
Raasta Cafe,"Shibpur, Howrah", Howrah,Kolkata,3.1,300
Sanjha Chulha,"E M Bypass, South Kolkata", South Kolkata,Kolkata,3.9,500
Wow! Momo,"Jessore Road, 24 Parganas North", 24 Parganas North,Kolkata,3.3,400
Ice O Metry,"Sarat Bose Road, South Kolkata", South Kolkata,Kolkata,5.0,300
Cocoa Bakery,"Ballygunge, South Kolkata", South Kolkata,Kolkata,4.6,500
Buzz,"Bhawanipur, South Kolkata", South Kolkata,Kolkata,5.0,400
Empire Bar,"Chowringhee, Central Kolkata", Central Kolkata,Kolkata,3.5,1000
Arihant Naturals Ice Cream,"Bhawanipur, South Kolkata", South Kolkata,Kolkata,5.0,300
Red Bamboo Shoot,"Ballygunge, South Kolkata", South Kolkata,Kolkata,3.2,800
Shanghai- Flavours Of China Town,"Dumdum, 24 Parganas North", 24 Parganas North,Kolkata,4.3,1000
Roll It Out,"RDB Boulevard,Salt Lake, East Kolkata", East Kolkata,Kolkata,4.0,300
Chowman,"Baguiati, 24 Parganas North", 24 Parganas North,Kolkata,4.6,900
Wow! Momo,"RDB Boulevard,Salt Lake, East Kolkata", East Kolkata,Kolkata,3.3,400
Bistro Y,"Salt Lake, East Kolkata", East Kolkata,Kolkata,4.1,1000
Eat Out,"Topsia, East Kolkata", East Kolkata,Kolkata,3.6,500
Taco Bell,"Avani Riverside Mall,Shibpur, Howrah", Howrah,Kolkata,4.3,500
Azad Hind Dhaba,"Globsyn Crystals Building,Salt Lake, East Kolkata", East Kolkata,Kolkata,3.7,800
Ridhi Sidhi,"Chowringhee, Central Kolkata", Central Kolkata,Kolkata,2.4,700
Club Barocks,"Godrej Waterside,Salt Lake, East Kolkata", East Kolkata,Kolkata,3.9,2500
Kwality Restaurant,"Ballygunge, South Kolkata", South Kolkata,Kolkata,4.0,1200
Sholo Ana Bangali,"Saltee Tech Park,Salt Lake, East Kolkata", East Kolkata,Kolkata,3.4,600
Apna Dhaba,"Bhawanipur, South Kolkata", South Kolkata,Kolkata,3.9,500
Suufiyana,"Kalighat, South Kolkata", South Kolkata,Kolkata,4.3,800
The Sugarr and Spice,"Nagerbazar, 24 Parganas North", 24 Parganas North,Kolkata,4.5,300
Just Fries,"Bhawanipur, South Kolkata", South Kolkata,Kolkata,4.0,300
Haji Shaheb,"Bhawanipur, South Kolkata", South Kolkata,Kolkata,4.7,400
Baccara,"Bhawanipur, South Kolkata", South Kolkata,Kolkata,3.8,1000
My Oven Story,"Liluah, Howrah", Howrah,Kolkata,5.0,200
Chinese Quisine Restaurant,"Salt Lake, East Kolkata", East Kolkata,Kolkata,3.0,600
Happy Cones,"Bhawanipur, South Kolkata", South Kolkata,Kolkata,5.0,300
Toasted N Roasted,"Salt Lake, East Kolkata", East Kolkata,Kolkata,4.4,500
Wow! Momo,"Ballygunge, South Kolkata", South Kolkata,Kolkata,3.7,400
Shimla Biryani,"Kasba, South Kolkata", South Kolkata,Kolkata,4.2,800
BJs Sports Lounge,"Sarat Bose Road, South Kolkata", South Kolkata,Kolkata,4.2,800
Azad Hind Dhaba,"Bhawanipur, South Kolkata", South Kolkata,Kolkata,3.8,800
Azad Hind Dhaba,"Satya Narayanan Apartment,Salt Lake, East Kolkata", East Kolkata,Kolkata,3.9,800
Sharma Dhaba,"Ballygunge, South Kolkata", South Kolkata,Kolkata,2.9,700
Kake D Hatti,"Bhawanipur, South Kolkata", South Kolkata,Kolkata,4.1,400
Momo I Am,"Golpark, South Kolkata", South Kolkata,Kolkata,4.5,800
3 Idiots Dhaba,"Kasba, South Kolkata", South Kolkata,Kolkata,3.0,800
FNP Cakes ‘n’ more,"Elgin Road, South Kolkata", South Kolkata,Kolkata,3.0,500
7/12 Fried Ice Cream Parlour,"Bhawanipur, South Kolkata", South Kolkata,Kolkata,3.7,400
The Sugarr and Spice,"Bhawanipur, South Kolkata", South Kolkata,Kolkata,3.2,300
Kasturi Restaurant,"Ballygunge, South Kolkata", South Kolkata,Kolkata,4.2,700
The Yellow Turtle,"Ballygunge, South Kolkata", South Kolkata,Kolkata,4.7,1000
Wisdom Tree,"Ballygunge, South Kolkata", South Kolkata,Kolkata,4.4,500
Buddha Bites,"Baranagar, 24 Parganas North", 24 Parganas North,Kolkata,3.6,1000
XSpicy,"Indismart Hotel,Salt Lake, East Kolkata", East Kolkata,Kolkata,3.1,1300
Sai Jalpan Junction,"Kestopur, 24 Parganas North", 24 Parganas North,Kolkata,2.5,200
The Yellow Straw,"Salt Lake, East Kolkata", East Kolkata,Kolkata,3.0,300
The Corner Courtyard,"Hazra, South Kolkata", South Kolkata,Kolkata,4.2,1200
Wow! Momo,"Shibpur, Howrah", Howrah,Kolkata,4.3,400
Wabi Sabi,"Southern Avenue, South Kolkata", South Kolkata,Kolkata,4.5,1000
Bombay Kulfi,"Bhawanipur, South Kolkata", South Kolkata,Kolkata,3.1,200
Kasturi Restaurant,"Baguiati, 24 Parganas North", 24 Parganas North,Kolkata,4.0,700
Raviz Indian Cuisine,"Bhawanipur, South Kolkata", South Kolkata,Kolkata,4.0,500
Barbeque Nation,"Lake Mall,Rashbehari Avenue, South Kolkata", South Kolkata,Kolkata,4.4,1500
Brunch Italino,"Bhawanipur, South Kolkata", South Kolkata,Kolkata,4.0,200
Wow! Momo,"Ballygunge, South Kolkata", South Kolkata,Kolkata,3.0,400
Karma Kettle,"Ballygunge, South Kolkata", South Kolkata,Kolkata,3.5,1000
Afterhours - Pub,"Baguiati, 24 Parganas North", 24 Parganas North,Kolkata,4.1,1600
Rang De Basanti Dhaba,"E M Bypass, South Kolkata", South Kolkata,Kolkata,4.1,800
Hotel Swagath,"Hazra, South Kolkata", South Kolkata,Kolkata,4.1,600
Chopstick,"Ballygunge, South Kolkata", South Kolkata,Kolkata,3.4,500
Ekdalia Cocina,"Ballygunge, South Kolkata", South Kolkata,Kolkata,4.2,900
Aminia,"Meena Tower,Rajarhat, 24 Parganas North", 24 Parganas North,Kolkata,4.0,700
La Trio Pizza,"Southern Avenue, South Kolkata", South Kolkata,Kolkata,5.0,600
Raj Restaurant,"Hotel Homely Raj,Hazra, South Kolkata", South Kolkata,Kolkata,4.4,500
Eagle Bites Pizza,"Kasba, South Kolkata", South Kolkata,Kolkata,4.0,700
Wow! Momo,"The Metro Plaza,Ho Chi Minh Sarani, Central Kolkata", Central Kolkata,Kolkata,1.0,400
Allen Kitchen-Saveurs De Calcutta,"Bhawanipur, South Kolkata", South Kolkata,Kolkata,5.0,500
Asia Kitchen by Mainland China,"Acropolis Mall,Kasba, South Kolkata", South Kolkata,Kolkata,4.6,2100
6 Ballygunge Place,"Kasba, South Kolkata", South Kolkata,Kolkata,4.3,800
Hatari,"Atithi Inn,Baguiati, 24 Parganas North", 24 Parganas North,Kolkata,4.6,1000
All-Fresco,"The Meridian Building,Baguiati, 24 Parganas North", 24 Parganas North,Kolkata,4.0,1100
Aminia,"Golpark, South Kolkata", South Kolkata,Kolkata,4.2,700
The Green House,"Gariahat, South Kolkata", South Kolkata,Kolkata,4.6,1000
Momo I Am,"Tarun Alo Apartment,Rajarhat, 24 Parganas North", 24 Parganas North,Kolkata,4.5,800
Kasturi Restaurant,"Gariahat, South Kolkata", South Kolkata,Kolkata,3.8,700
The Burning Coal,"Ballygunge, South Kolkata", South Kolkata,Kolkata,4.4,1000
Utsav Restaurant,"Hazra, South Kolkata", South Kolkata,Kolkata,5.0,800
Hoppipola,"Acropolis Mall,Kasba, South Kolkata", South Kolkata,Kolkata,4.4,1800
Orkos Restaurant & Lounge Bar,"Orko’ss Hotel,Kasba, South Kolkata", South Kolkata,Kolkata,4.1,2200
Hongkong Bistro,"Gariahat, South Kolkata", South Kolkata,Kolkata,4.7,1000
Fusion Fantasea,"Southern Avenue, South Kolkata", South Kolkata,Kolkata,4.4,900
The Rouge,"Hindustan Park, South Kolkata", South Kolkata,Kolkata,4.5,400
Gusto Cafe & Kitchen,"Golpark, South Kolkata", South Kolkata,Kolkata,5.0,700
Hashtag Live,"Rajarhat, 24 Parganas North", 24 Parganas North,Kolkata,4.1,1000
Drunken Monkey on Juice,"Sarat Bose Road, South Kolkata", South Kolkata,Kolkata,4.3,500
Hola,"Southern Avenue, South Kolkata", South Kolkata,Kolkata,4.1,1400
Burnt Garlic,"Kalighat, South Kolkata", South Kolkata,Kolkata,4.4,1200
Bedouin - Sher E Bengal,"Rashbehari Avenue, South Kolkata", South Kolkata,Kolkata,3.8,800
Chiniz Qwizin,"Kidderpore, West Kolkata", West Kolkata,Kolkata,5.0,800
The Chaiwala,"Hindustan Park, South Kolkata", South Kolkata,Kolkata,4.5,600
Friends Of Pho,"Teghoria, 24 Parganas North", 24 Parganas North,Kolkata,4.5,1200
Tamarind,"Kalighat, South Kolkata", South Kolkata,Kolkata,4.3,1000
Wasabee,"Desapriya Park, South Kolkata", South Kolkata,Kolkata,4.0,1500
Plaite,"New Alipore, South Kolkata", South Kolkata,Kolkata,3.4,500
Coffee World,"Acropolis Mall,Kasba, South Kolkata", South Kolkata,Kolkata,4.4,600
THE ORIZZONTE,"Kasba, South Kolkata", South Kolkata,Kolkata,3.5,2200
Wow! Momo,"Kasba, South Kolkata", South Kolkata,Kolkata,3.3,400
Taco Bell,"Acropolis Mall,Kasba, South Kolkata", South Kolkata,Kolkata,4.4,500
Hangoutz - The Boutique Cafe,"Howrah, Howrah", Howrah,Kolkata,4.5,600
Sanjha Chulha,"Southern Avenue, South Kolkata", South Kolkata,Kolkata,4.1,500
Cafe By The Lane,"Southern Avenue, South Kolkata", South Kolkata,Kolkata,4.4,700
Potboiler Coffee House,"Kalighat, South Kolkata", South Kolkata,Kolkata,4.1,700
Cheeni Kum,"Hotel Narayani Enclave,Kasba, South Kolkata", South Kolkata,Kolkata,4.1,2400
Vault,"Desapriya Park, South Kolkata", South Kolkata,Kolkata,4.2,1500
Goofys Chicken Shack,"Howrah, Howrah", Howrah,Kolkata,4.5,400
Steamin Mugs,"Jodhpur Park, South Kolkata", South Kolkata,Kolkata,5.0,600
Red Bamboo Shoot,"Kasba, South Kolkata", South Kolkata,Kolkata,4.2,800
RoadHouzz,"Southern Avenue, South Kolkata", South Kolkata,Kolkata,4.2,1600
Cheeni Kum Lounge & Bar,"Hotel Narayani Enclave,Kasba, South Kolkata", South Kolkata,Kolkata,4.2,1300
Cafe Mezzuna,"South City Mall,Jadavpur, South Kolkata", South Kolkata,Kolkata,4.5,2200
Truly Publik,"Southern Avenue, South Kolkata", South Kolkata,Kolkata,4.3,1200
Aamaze Dhaba,"Kasba, South Kolkata", South Kolkata,Kolkata,5.0,800
Cafe Na-Ru-Meg,"Southern Avenue, South Kolkata", South Kolkata,Kolkata,4.6,500
Barbeque Nation,"City Centre 2, New Town,Rajarhat, 24 Parganas North", 24 Parganas North,Kolkata,4.5,1500
Zold,"Southern Avenue, South Kolkata", South Kolkata,Kolkata,3.6,1000
Oxy Jam,"Baguiati, 24 Parganas North", 24 Parganas North,Kolkata,1.7,399
The Canteen By Asia House,"Southern Avenue, South Kolkata", South Kolkata,Kolkata,4.0,1000
Second House Restaurant,"Southern Avenue, South Kolkata", South Kolkata,Kolkata,4.2,1000
WTF! - Where's The Food,"Rashbehari Avenue, South Kolkata", South Kolkata,Kolkata,4.0,500
The Wall,"Sarat Bose Road, South Kolkata", South Kolkata,Kolkata,4.2,1500
The Food Storey,"Kalighat, South Kolkata", South Kolkata,Kolkata,4.3,1000
Spices & Sauces,"Dhakuria, South Kolkata", South Kolkata,Kolkata,3.6,1000
Captain's Deck Bar and Grill,"Southern Avenue, South Kolkata", South Kolkata,Kolkata,3.8,1500
Overdose,"Desapriya Park, South Kolkata", South Kolkata,Kolkata,3.8,500
Nalin Chandra Das & Sons,"Kalighat, South Kolkata", South Kolkata,Kolkata,4.6,200
Azad Hind Dhaba,"Hindustan Park, South Kolkata", South Kolkata,Kolkata,3.2,800
Shourav's,"Kasba, South Kolkata", South Kolkata,Kolkata,4.3,500
FNP Cakes ‘n’ more,"Golpark, South Kolkata", South Kolkata,Kolkata,3.3,500
Ralli's,"Golpark, South Kolkata", South Kolkata,Kolkata,3.0,200
Khanti Damodaar Seth,"Rashbehari Avenue, South Kolkata", South Kolkata,Kolkata,4.1,700
Hungry Tide,"Hindustan Park, South Kolkata", South Kolkata,Kolkata,3.0,400
The Drunken Monkey,"O2 VIP Hotel,Kaikhali, 24 Parganas North", 24 Parganas North,Kolkata,4.0,1800
Sanmuga Villas,"Rajarhat, 24 Parganas North", 24 Parganas North,Kolkata,5.0,500
Mintelaa,"Southern Avenue, South Kolkata", South Kolkata,Kolkata,4.2,800
Coffee N Mood,"Hindustan Park, South Kolkata", South Kolkata,Kolkata,2.5,400
The Square,"Novotel Kolkata Hotel and Residencies,New Town, 24 Parganas North", 24 Parganas North,Kolkata,4.2,2500
Ecstasea,"Southern Avenue, South Kolkata", South Kolkata,Kolkata,3.7,700
Chilly Culture,"Southern Avenue, South Kolkata", South Kolkata,Kolkata,4.4,800
Azad Hind Dhaba,"Kasba, South Kolkata", South Kolkata,Kolkata,3.4,800
Kiaat Villagio,"Sarat Bose Road, South Kolkata", South Kolkata,Kolkata,3.7,800
Red Kitchen & Lounge,"The Enclave ,Alipore, South Kolkata", South Kolkata,Kolkata,4.2,1800
Diner 49B,"Jodhpur Park, South Kolkata", South Kolkata,Kolkata,4.4,900
Traffic Gastropub,"City Centre 2, New Town,Rajarhat, 24 Parganas North", 24 Parganas North,Kolkata,4.1,1800
Kafe Kolorob,"Rajarhat, 24 Parganas North", 24 Parganas North,Kolkata,4.5,300
Drishti,"Hotel Sudesh Tower,Desapriya Park, South Kolkata", South Kolkata,Kolkata,2.6,600
Chopstick,"Kalighat, South Kolkata", South Kolkata,Kolkata,3.8,700
Balaram Mullick and Radharaman Mullick Sweets,"Kasba, South Kolkata", South Kolkata,Kolkata,3.2,400
Marhaba,"Dhakuria, South Kolkata", South Kolkata,Kolkata,4.4,900
Mintelaa,"Anant Building,Alipore, South Kolkata", South Kolkata,Kolkata,4.4,800
Coffee N Mood,"Southern Avenue, South Kolkata", South Kolkata,Kolkata,3.1,400
Cafe Kathmandu,"Southern Avenue, South Kolkata", South Kolkata,Kolkata,4.7,800
Wokies,"Kalighat, South Kolkata", South Kolkata,Kolkata,4.0,600
The Sugarr and Spice,"Kidderpore, West Kolkata", West Kolkata,Kolkata,3.5,300
Calcutta Bistro,"DLF Galleria,New Town, 24 Parganas North", 24 Parganas North,Kolkata,4.5,1000
Country Roads,"DLF Galleria,New Town, 24 Parganas North", 24 Parganas North,Kolkata,4.4,1600
Wow! Momo,"PS Magnum,Kaikhali, 24 Parganas North", 24 Parganas North,Kolkata,3.8,400
Some Like It Hott,"Jodhpur Park, South Kolkata", South Kolkata,Kolkata,4.4,600
Hungry Tide,"Dhakuria, South Kolkata", South Kolkata,Kolkata,4.6,400
Riwaz,"New Town, 24 Parganas North", 24 Parganas North,Kolkata,4.0,1200
Club 21,"Meena Tower,Rajarhat, 24 Parganas North", 24 Parganas North,Kolkata,3.9,900
Wow! Momo,"Rashbehari Avenue, South Kolkata", South Kolkata,Kolkata,3.5,400
Indus Pizza,"Dumdum, 24 Parganas North", 24 Parganas North,Kolkata,1.0,500
La Komida,"Kalikapur, South Kolkata", South Kolkata,Kolkata,4.9,800
The Steak Factory,"Sarat Bose Road, South Kolkata", South Kolkata,Kolkata,4.1,1000
The Orient,"City Centre 2, New Town,Rajarhat, 24 Parganas North", 24 Parganas North,Kolkata,4.3,2000
Riyasat,"South City Mall,Jadavpur, South Kolkata", South Kolkata,Kolkata,4.6,1700
SurFire The Coastal Cafe,"Kalighat, South Kolkata", South Kolkata,Kolkata,4.6,700
Love Desi Chinese,"Baranagar, 24 Parganas North", 24 Parganas North,Kolkata,4.0,500
The Tibetan Cuisine,"Baguiati, 24 Parganas North", 24 Parganas North,Kolkata,3.0,300
Social Kitchen,"Holiday Inn Kolkata Airport,Rajarhat, 24 Parganas North", 24 Parganas North,Kolkata,3.8,1500
Wasabee,"Kalikapur, South Kolkata", South Kolkata,Kolkata,4.4,1500
Nest,"Howard Johnson Hotel,Rajarhat, 24 Parganas North", 24 Parganas North,Kolkata,3.6,1500
Subway,"City High Building,Prince Anwar Shah Road, South Kolkata", South Kolkata,Kolkata,5.0,400
Blaze Restaurant & Bar,"DLF Galleria,New Town, 24 Parganas North", 24 Parganas North,Kolkata,4.2,800
Raya Bar & Lounge,"Pipal Tree Hotel,New Town, 24 Parganas North", 24 Parganas North,Kolkata,4.2,1500
Wow! Momo,"Dhakuria, South Kolkata", South Kolkata,Kolkata,4.1,400
Monginis,"Baranagar, 24 Parganas North", 24 Parganas North,Kolkata,3.5,200
Spice It,"Rajarhat, 24 Parganas North", 24 Parganas North,Kolkata,3.2,1600
Taco Bell,"South City Mall,Jadavpur, South Kolkata", South Kolkata,Kolkata,4.4,500
Momo I Am,"Lake Gardens, South Kolkata", South Kolkata,Kolkata,4.5,800
Bangaleeana,"Rajarhat, 24 Parganas North", 24 Parganas North,Kolkata,3.3,700
Aaheli Axis,"Axis Mall,Rajarhat, 24 Parganas North", 24 Parganas North,Kolkata,3.7,2500
Calcutta Pi,"Jodhpur Park, South Kolkata", South Kolkata,Kolkata,4.2,1000
Abar Baithak,"Jodhpur Park, South Kolkata", South Kolkata,Kolkata,3.9,800
Urban Kitchen & Bar,"Holiday Inn Kolkata Airport,Rajarhat, 24 Parganas North", 24 Parganas North,Kolkata,3.4,2000
Old Mate's,"Jodhpur Park, South Kolkata", South Kolkata,Kolkata,4.1,400
Wow! Momo,"Kavi Nazrul Metro Station,Kalighat, South Kolkata", South Kolkata,Kolkata,2.0,400
BARishh,"South City Mall,Jadavpur, South Kolkata", South Kolkata,Kolkata,4.1,800
Ubuntu - The Vegan Cafe,"Lake Gardens, South Kolkata", South Kolkata,Kolkata,4.2,400
Mama Mia!,"City Centre 2, New Town,Rajarhat, 24 Parganas North", 24 Parganas North,Kolkata,4.5,500
The Sugarr and Spice,"Hazra, South Kolkata", South Kolkata,Kolkata,1.0,300
Wow! Momo,"Baranagar, 24 Parganas North", 24 Parganas North,Kolkata,3.0,400
Sea Estta inn,"Tollygunge, South Kolkata", South Kolkata,Kolkata,4.2,800
Subway,"New Alipore, South Kolkata", South Kolkata,Kolkata,4.2,400
Wow! China by Wow! Momo,"New Town, 24 Parganas North", 24 Parganas North,Kolkata,4.0,500
Krazzy for Waffle,"Prince Anwar Shah Road, South Kolkata", South Kolkata,Kolkata,4.0,400
Blue Nile,"City Centre 2, New Town,Rajarhat, 24 Parganas North", 24 Parganas North,Kolkata,3.9,1800
Royal Bengal,"Holiday Inn Kolkata Airport,Rajarhat, 24 Parganas North", 24 Parganas North,Kolkata,3.0,500
Blue Nile Lounge,"Rajarhat, 24 Parganas North", 24 Parganas North,Kolkata,4.1,1700
Chai Addaa,"Prince Anwar Shah Road, South Kolkata", South Kolkata,Kolkata,4.0,500
Balaram Mullick and Radharaman Mullick Sweets,"Prince Anwar Shah Road, South Kolkata", South Kolkata,Kolkata,4.3,400
Kava,"Fairfield by Marriott,New Town, 24 Parganas North", 24 Parganas North,Kolkata,3.8,2200
95 Degrees Cafe And Bakery,"New Alipore, South Kolkata", South Kolkata,Kolkata,4.4,600
Wow! Momo,"City Centre 2, New Town,Rajarhat, 24 Parganas North", 24 Parganas North,Kolkata,3.6,400
The Hubb,"Kalikapur, South Kolkata", South Kolkata,Kolkata,3.6,800
Belgian Waffle Junction,"New Alipore, South Kolkata", South Kolkata,Kolkata,4.6,600
Wow! Momo,"Hooghly, North Kolkata", North Kolkata,Kolkata,5.0,400
Krazy For Chocolates,"City Centre 2, New Town,Rajarhat, 24 Parganas North", 24 Parganas North,Kolkata,3.7,300
3 Cheers,"Kalikapur, South Kolkata", South Kolkata,Kolkata,3.5,700
Wow! Momo,"Dumdum, 24 Parganas North", 24 Parganas North,Kolkata,5.0,400
Wow! Momo,"Belgharia, 24 Parganas North", 24 Parganas North,Kolkata,4.3,400
The Sugarr and Spice,"Golpark, South Kolkata", South Kolkata,Kolkata,1.0,300
The Tibetan Flavours,"Rajarhat, 24 Parganas North", 24 Parganas North,Kolkata,5.0,500
Chowman,"Golf Green, South Kolkata", South Kolkata,Kolkata,4.4,900
Purple Turtle,"Prince Anwar Shah Road, South Kolkata", South Kolkata,Kolkata,3.2,700
The Shake Factory,"New Alipore, South Kolkata", South Kolkata,Kolkata,3.9,400
The Wall,"Ecosuite Business Tower,Rajarhat, 24 Parganas North", 24 Parganas North,Kolkata,4.0,1500
Cafe Dreamers,"Tollygunge, South Kolkata", South Kolkata,Kolkata,4.4,400
Krazy For Chocolates,"Acropolis Mall,Kasba, South Kolkata", South Kolkata,Kolkata,1.0,300
Seasonal Tastes,"The Westin Kolkata Rajarhat,New Town, 24 Parganas North", 24 Parganas North,Kolkata,4.4,4200
Fries Before Guys,"New Alipore, South Kolkata", South Kolkata,Kolkata,3.8,300
London Lounge,"Jadavpur, South Kolkata", South Kolkata,Kolkata,5.0,400
Vertex – The Liquid Restaurant,"Fairfield by Marriott,New Town, 24 Parganas North", 24 Parganas North,Kolkata,3.7,1500
Crossroad Cafe,"Tollygunge, South Kolkata", South Kolkata,Kolkata,4.2,800
Wow! Momo,"E.M Bypass, East Kolkata", East Kolkata,Kolkata,5.0,400
Shawarma Nation,"Prince Anwar Shah Road, South Kolkata", South Kolkata,Kolkata,3.3,700
Number 18,"Prince Anwar Shah Road, South Kolkata", South Kolkata,Kolkata,3.0,700
Gokul Shree,"Alipore, South Kolkata", South Kolkata,Kolkata,3.5,100
The Sugarr and Spice,"Rashbehari Avenue, South Kolkata", South Kolkata,Kolkata,1.3,300
Seasonings,"Jadavpur, South Kolkata", South Kolkata,Kolkata,4.3,500
Calcutta Bistro,"Jadavpur, South Kolkata", South Kolkata,Kolkata,4.6,1000
FryDe Cafe,"Belgharia, 24 Parganas North", 24 Parganas North,Kolkata,4.3,500
Krazzy for Waffle,"Kaikhali, 24 Parganas North", 24 Parganas North,Kolkata,2.7,400
Kasturi Restaurant,"Jadavpur, South Kolkata", South Kolkata,Kolkata,3.8,700
Aminia,"Behala, South Kolkata", South Kolkata,Kolkata,4.3,700
The Chef,"Jadavpur, South Kolkata", South Kolkata,Kolkata,4.0,500
24 Ave Pizza,"Tollygunge, South Kolkata", South Kolkata,Kolkata,4.2,400
The Silk Route,"Golf Green, South Kolkata", South Kolkata,Kolkata,3.9,700
Bawarchi Fast Food,"Baghajatin, South Kolkata", South Kolkata,Kolkata,5.0,600
Nalin Chandra Das & Sons,"New Town, 24 Parganas North", 24 Parganas North,Kolkata,4.8,200
Wow! China by Wow! Momo,"Jadavpur, South Kolkata", South Kolkata,Kolkata,4.4,500
The Quince Restaurant cum Bar Club,"Behala, South Kolkata", South Kolkata,Kolkata,4.2,1000
Ming Dimsum and Pouchong Asian Products,"Kasba, South Kolkata", South Kolkata,Kolkata,1.0,200
Bazaar,"Zone by The Park,New Town, 24 Parganas North", 24 Parganas North,Kolkata,5.0,1300
King's Cafe,"Shibpur, Howrah", Howrah,Kolkata,1.0,400
Biriyani Bar,"New Town, 24 Parganas North", 24 Parganas North,Kolkata,1.0,500
Wow! Momo,"Jadavpur, South Kolkata", South Kolkata,Kolkata,3.9,400
Turkisyano,"Lake Gardens, South Kolkata", South Kolkata,Kolkata,2.5,300
Wow! Momo,"Tollygunge, South Kolkata", South Kolkata,Kolkata,5.0,400
Nori,"The Westin Kolkata Rajarhat,New Town, 24 Parganas North", 24 Parganas North,Kolkata,4.5,3300
Wow! Momo,"E M Bypass, South Kolkata", South Kolkata,Kolkata,3.8,400
The Royal Bengal Tiger Cafe,"Tollygunge, South Kolkata", South Kolkata,Kolkata,4.1,600
Friends Cafeteria,"Golf Green, South Kolkata", South Kolkata,Kolkata,4.1,900
Sholo Ana Bangali,"Techno Tower,Prince Anwar Shah Road, South Kolkata", South Kolkata,Kolkata,2.1,600
Wow! Momo,"Santoshpur, South Kolkata", South Kolkata,Kolkata,3.4,400
Emoji,"New Town, 24 Parganas North", 24 Parganas North,Kolkata,4.4,500
Damn! Yumm!,"Dumdum, 24 Parganas North", 24 Parganas North,Kolkata,2.0,500
Tezpata Restaurant,"New Town, 24 Parganas North", 24 Parganas North,Kolkata,5.0,500
Wow! Momo,"Tollygunge, South Kolkata", South Kolkata,Kolkata,4.1,400
Rath,"Belgharia, 24 Parganas North", 24 Parganas North,Kolkata,2.5,400
Blue Tokai Coffee Roasters,"Novotel Kolkata Hotel and Residencies,New Town, 24 Parganas North", 24 Parganas North,Kolkata,1.0,800
Haji Ali,"Santoshpur, South Kolkata", South Kolkata,Kolkata,4.0,600
L'Instant Cafe,"Tollygunge, South Kolkata", South Kolkata,Kolkata,4.4,800
The Chaiwala,"Tollygunge, South Kolkata", South Kolkata,Kolkata,4.1,600
Raajbarir Khawa,"Santoshpur, South Kolkata", South Kolkata,Kolkata,3.1,600
The Yellow Straw,"Pecon Tower,Rajarhat, 24 Parganas North", 24 Parganas North,Kolkata,4.8,300
Buddha Bites,"Ajoy Nagar, South Kolkata", South Kolkata,Kolkata,3.1,1000
West Light Vally Restaurant Cum Bar,"Calcutta Greens Commercial Complex,Santoshpur, South Kolkata", South Kolkata,Kolkata,4.0,1500
The Sugarr and Spice,"Baghajatin, South Kolkata", South Kolkata,Kolkata,5.0,300
The Sugarr and Spice,"Behala, South Kolkata", South Kolkata,Kolkata,5.0,300
Sonamati Restaurant,"Behala, South Kolkata", South Kolkata,Kolkata,3.9,700
The Sugarr and Spice,"Prince Anwar Shah Road, South Kolkata", South Kolkata,Kolkata,1.0,300
Eatelicious,"Behala, South Kolkata", South Kolkata,Kolkata,3.9,600
Chai Addaa,"Golf Green, South Kolkata", South Kolkata,Kolkata,3.0,500
Wokaholic,"Jadavpur, South Kolkata", South Kolkata,Kolkata,3.8,500
Hao Chi,"Behala, South Kolkata", South Kolkata,Kolkata,4.1,500
Azad Hind Dhaba,"Pecon Tower,Rajarhat, 24 Parganas North", 24 Parganas North,Kolkata,3.7,800
Hotel Coco In,"Naktala, South Kolkata", South Kolkata,Kolkata,3.5,700
Azad Hind,"Garia, South Kolkata", South Kolkata,Kolkata,3.8,800
Khanti Damodaar Seth,"Behala, South Kolkata", South Kolkata,Kolkata,4.3,700
Xebra - The Sports Lounge,"Club Eco Vista,Rajarhat, 24 Parganas North", 24 Parganas North,Kolkata,4.5,1600
Wow! China by Wow! Momo,"Metropolis Mall,Santoshpur, South Kolkata", South Kolkata,Kolkata,3.6,500
All Is Well,"Belgharia, 24 Parganas North", 24 Parganas North,Kolkata,1.0,500
The Sugarr and Spice,"Behala, South Kolkata", South Kolkata,Kolkata,4.0,300
Monginis,"Jadavpur, South Kolkata", South Kolkata,Kolkata,2.3,200
Hatari,"Behala, South Kolkata", South Kolkata,Kolkata,4.3,1000
Wow! Momo,"Behala, South Kolkata", South Kolkata,Kolkata,3.7,400
Food O Holic,"Rajarhat, 24 Parganas North", 24 Parganas North,Kolkata,1.0,500
Beans N Barrels,"New Town, 24 Parganas North", 24 Parganas North,Kolkata,4.2,1000
Bake Club,"Jadavpur, South Kolkata", South Kolkata,Kolkata,1.0,100
Zodiac,"Fortune Park Panchwati,Kona Expressway, Howrah", Howrah,Kolkata,4.1,900
Hotel Royal Height,"Behala, South Kolkata", South Kolkata,Kolkata,4.2,1200
The Sugarr and Spice,"Garia, South Kolkata", South Kolkata,Kolkata,1.0,300
Chowman,"Behala, South Kolkata", South Kolkata,Kolkata,4.2,900
The Village,"Club Eco Vista,Rajarhat, 24 Parganas North", 24 Parganas North,Kolkata,4.0,1100
The Yellow Straw,"New Town, 24 Parganas North", 24 Parganas North,Kolkata,4.3,300
The Sugarr and Spice,"Naktala, South Kolkata", South Kolkata,Kolkata,5.0,300
Monginis,"Behala, South Kolkata", South Kolkata,Kolkata,3.8,200
Curry Pot,"Jadavpur, South Kolkata", South Kolkata,Kolkata,3.0,300
Subway,"Rosedale Plaza,New Town, 24 Parganas North", 24 Parganas North,Kolkata,4.5,400
Chowman,"Garia, South Kolkata", South Kolkata,Kolkata,4.3,900
Sholo Ana Bangali,"Behala, South Kolkata", South Kolkata,Kolkata,3.9,600
Yuan,"Garia, South Kolkata", South Kolkata,Kolkata,4.1,1000
Wow! Momo,"Ecospace Business Tower,Rajarhat, 24 Parganas North", 24 Parganas North,Kolkata,3.8,400
Wow! Momo,"Behala, South Kolkata", South Kolkata,Kolkata,4.6,400
Neptune,"Howrah, Howrah", Howrah,Kolkata,3.2,1300
Cafe Latte,"Behala, South Kolkata", South Kolkata,Kolkata,4.3,900
Aafter 9,"Garia, South Kolkata", South Kolkata,Kolkata,4.3,1500
Krazzy for Waffle,"Garia, South Kolkata", South Kolkata,Kolkata,4.4,400
Monginis,"Ajoy Nagar, South Kolkata", South Kolkata,Kolkata,1.0,200
Wow! China by Wow! Momo,"Behala, South Kolkata", South Kolkata,Kolkata,4.0,400
Azad Hind Dhaba,"Tollygunge, South Kolkata", South Kolkata,Kolkata,3.1,800
Igloo Cafe & Ice Cream Parlour,"Behala, South Kolkata", South Kolkata,Kolkata,3.0,500
Sholo Ana Bangali,"Garia, South Kolkata", South Kolkata,Kolkata,3.8,600
Red Bamboo Shoot,"Garia, South Kolkata", South Kolkata,Kolkata,4.0,800
Arhaam Rasoi,"Uniworld Downtown Mall,New Town, 24 Parganas North", 24 Parganas North,Kolkata,3.9,800
Wow! Momo,"Garia, South Kolkata", South Kolkata,Kolkata,5.0,400
Wow! Momo,"Garia, South Kolkata", South Kolkata,Kolkata,3.8,400
Chowman,"Sodepur, 24 Parganas North", 24 Parganas North,Kolkata,4.1,900
The Sugarr and Spice,"Naktala, South Kolkata", South Kolkata,Kolkata,4.0,300
Babumashai  (The Last Metro),"Garia, South Kolkata", South Kolkata,Kolkata,4.3,900
Momo And Adda,"Garia, South Kolkata", South Kolkata,Kolkata,3.9,300
7/12 Fried Ice Cream Parlour,"Uniworld Downtown Mall,New Town, 24 Parganas North", 24 Parganas North,Kolkata,3.6,400
Baraf - The Last Metro,"Garia, South Kolkata", South Kolkata,Kolkata,4.3,1000
Wow! Momo,"Garia, South Kolkata", South Kolkata,Kolkata,3.0,400
The Chennai Dhaba,"Baghajatin, South Kolkata", South Kolkata,Kolkata,1.0,300
Olive Grill,"Garia, South Kolkata", South Kolkata,Kolkata,5.0,300
The Chennai Dhaba,"Baghajatin, South Kolkata", South Kolkata,Kolkata,1.0,300
Jadu Kadai,"Behala, South Kolkata", South Kolkata,Kolkata,3.4,500
Aminia,"Garia, South Kolkata", South Kolkata,Kolkata,3.8,700
Sweet Chilliz,"Garia, South Kolkata", South Kolkata,Kolkata,5.0,300
Noodle Oodle,"Garia, South Kolkata", South Kolkata,Kolkata,3.4,600
Puchkaman,"Garia, South Kolkata", South Kolkata,Kolkata,3.4,500
Chowman,"Garia, South Kolkata", South Kolkata,Kolkata,4.4,900
Wow! Momo,"Sodepur, 24 Parganas North", 24 Parganas North,Kolkata,4.4,400
Wow! Momo,"New Town, 24 Parganas North", 24 Parganas North,Kolkata,1.0,400
Hatari,"Garia, South Kolkata", South Kolkata,Kolkata,3.9,1000
Wow! China by Wow! Momo,"Sodepur, 24 Parganas North", 24 Parganas North,Kolkata,4.1,500
Azad Hind Dhaba,"Behala, South Kolkata", South Kolkata,Kolkata,3.6,800
Wow! Momo,"Sodepur, 24 Parganas North", 24 Parganas North,Kolkata,3.6,400
Benjamin Bangalee,"Thakurpukur, South Kolkata", South Kolkata,Kolkata,4.4,600
Wow! Momo,"Narendrapur, 24 Parganas South", 24 Parganas South,Mumbai,3.1,400
The Flavours,"Narendrapur, 24 Parganas South", 24 Parganas South,Mumbai,4.8,900
Wow! Momo,"Madhyamgram, 24 Parganas North", 24 Parganas North,Kolkata,3.9,400
Monginis,"Hooghly, North Kolkata", North Kolkata,Kolkata,2.5,200
7/12 Fried Ice Cream Parlour,"Narendrapur, 24 Parganas South", 24 Parganas South,Mumbai,3.0,400
Wow! Momo,"Hooghly, North Kolkata", North Kolkata,Kolkata,1.0,400
Monginis,"Thakurpukur, South Kolkata", South Kolkata,Kolkata,1.0,200
Buddha Bites,"Thakurpukur, South Kolkata", South Kolkata,Kolkata,2.8,1000
7/12 Fried Ice Cream Parlour,"Star Mall,Madhyamgram, 24 Parganas North", 24 Parganas North,Kolkata,3.8,400
Aminia,"Srerampore, West Kolkata", West Kolkata,Kolkata,3.9,700
Monginis,"Barasat, 24 Parganas North", 24 Parganas North,Kolkata,4.5,200
Wow! Momo,"Barasat, 24 Parganas North", 24 Parganas North,Kolkata,4.3,400
Aminia,"Barrackpore, 24 Parganas North", 24 Parganas North,Kolkata,4.3,700
Punjab Restaurant And Madras Tiffin,"Barrackpore, 24 Parganas North", 24 Parganas North,Kolkata,5.0,500
Wow! Momo,"Barrackpore, 24 Parganas North", 24 Parganas North,Kolkata,4.0,400
Kasturi Restaurant,"Barrackpore, 24 Parganas North", 24 Parganas North,Kolkata,4.2,700
Wow! Momo,"Shyamnagar, 24 Parganas North", 24 Parganas North,Kolkata,1.0,400
Wow! Momo,"Chandannagar, North Kolkata", North Kolkata,Kolkata,4.0,400
Azad Hind Dhaba,"Howrah, Howrah", Howrah,Kolkata,4.1,800
Monginis,"Hooghly, North Kolkata", North Kolkata,Kolkata,4.1,200
Toasted N Roasted,"Kalyani, North Kolkata", North Kolkata,Kolkata,4.4,500
Azad Hind Dhaba,"Hooghly, North Kolkata", North Kolkata,Kolkata,4.5,800
